EVENT_ID,TIME,UPDATED_TIME,LATITUDE,LONGITUDE,DEPTH,MAGNITUDE,MAG_TYPE,NUM_OF_STATION(NST),MAG_NST,GAP,MIN_DIS,RMS(ROOT MEAN SQUARE ERROR),TYPE,PLACE,MAG_ERROR,HORIZONTAL_ERROR,DEPTH_ERROR
us6000tlnz,2026-08-18 14:10:03.059000+00:00,2026-08-18T15:31:40.040Z,32.5029,76.6142,45.866,4.3,mb,46.0,32.0,122.0,3.033,0.65,earthquake,"39 km WSW of Kyelang, India",0.097,3.48,7.617
us6000tk1m,2026-08-11 19:55:41.169000+00:00,2026-08-24T21:01:28.040Z,10.5368,93.5204,110.71,4.8,mb,127.0,91.0,35.0,6.271,0.73,earthquake,"150 km SE of Port Blair, India",0.059,8.55,5.102
us6000tjh9,2026-08-09 19:51:32.899000+00:00,2026-08-22T15:08:05.624Z,30.8712,78.3266,10.0,4.3,mb,46.0,36.0,99.0,5.102,0.51,earthquake,"13 km ENE of Barkot, India",0.089,11.6,1.9
us6000tigl,2026-08-06 00:15:17.634000+00:00,2026-08-06T02:09:26.479Z,29.0283,94.6765,10.0,4.8,mb,56.0,72.0,91.0,7.792,1.0,earthquake,"62 km NNE of Shi Yomi, India",0.065,9.89,1.873
us6000ti9w,2026-08-05 10:06:09.955000+00:00,2026-08-05T13:59:21.452Z,29.0027,94.681,10.0,5.0,mb,68.0,90.0,59.0,7.766,0.8,earthquake,"60 km NNE of Shi Yomi, India",0.06,9.21,1.866
us6000tgck,2026-07-28 11:24:21.714000+00:00,2026-08-20T07:58:05.040Z,13.1762,91.9508,10.0,4.6,mb,62.0,44.0,90.0,8.4,0.47,earthquake,"183 km NNW of Bamboo Flat, India",0.083,8.99,1.886
us7000t3di,2026-07-25 23:09:26.701000+00:00,2026-08-14T01:52:13.040Z,25.9839,95.2638,69.714,4.5,mb,45.0,36.0,94.0,4.767,0.69,earthquake,"54 km SE of Tuensang, India",0.09,11.8,7.797
us7000t2ak,2026-07-21 18:55:57.736000+00:00,2026-08-06T14:33:09.040Z,28.1539,92.5278,10.0,4.2,mb,43.0,26.0,106.0,10.107,0.71,earthquake,"87 km NE of Tawang, India",0.103,10.9,1.899
us7000t20r,2026-07-20 19:37:40.866000+00:00,2026-08-06T17:10:09.040Z,11.8801,93.2348,62.115,4.5,mb,28.0,15.0,157.0,6.255,0.65,earthquake,"58 km ENE of Port Blair, India",0.14,9.42,6.711
us7000t1cw,2026-07-13 06:14:16.521000+00:00,2026-08-07T12:04:21.040Z,7.7688,91.7704,10.0,4.5,mb,27.0,15.0,95.0,5.729,0.5,earthquake,"Nicobar Islands, India region",0.14,9.25,1.907
us7000sztw,2026-07-12 06:30:39.304000+00:00,2026-07-25T12:18:01.040Z,25.5816,90.6477,10.0,4.3,mb,34.0,29.0,166.0,5.86,0.87,earthquake,"45 km E of Tura, India",0.099,6.94,1.933
us7000szsn,2026-07-11 23:35:45.358000+00:00,2026-07-24T05:14:18.432Z,16.4893,84.5578,10.0,4.5,mb,27.0,16.0,73.0,8.947,0.84,earthquake,"188 km SE of Yarada, India",0.136,11.7,1.904
us7000t10t,2026-07-10 20:07:14.308000+00:00,2026-08-05T17:26:50.040Z,12.8446,93.4161,74.16,4.2,mb,14.0,8.0,158.0,5.756,1.09,earthquake,"147 km NNE of Bamboo Flat, India",0.199,11.91,10.233
us7000t0qg,2026-07-08 21:53:10.648000+00:00,2026-08-04T22:23:42.352Z,19.6124,77.5148,10.0,4.1,mb,20.0,13.0,150.0,11.529,0.51,earthquake,"18 km W of Umarkhed, India",0.144,13.66,1.889
us7000sz2t,2026-07-08 20:07:24.758000+00:00,2026-08-13T13:39:04.040Z,19.1253,76.8385,10.0,4.2,mb,33.0,22.0,55.0,11.254,1.04,earthquake,"17 km SSE of Parbhani, India",0.113,13.06,1.898
us6000tagw,2026-06-28 15:51:10.086000+00:00,2026-07-30T20:57:30.040Z,12.1573,93.5587,101.356,4.2,mb,22.0,10.0,142.0,6.1,0.57,earthquake,"103 km ENE of Port Blair, India",0.166,13.38,5.431
us6000t8gl,2026-06-21 02:24:55.135000+00:00,2026-07-09T04:36:57.040Z,27.4893,92.2066,10.0,4.2,mb,30.0,22.0,138.0,6.725,1.0,earthquake,"29 km ESE of Tawang, India",0.113,14.22,1.899
us6000t8gh,2026-06-21 00:53:20.793000+00:00,2026-07-23T21:34:22.040Z,27.5061,92.1189,10.0,4.3,mb,43.0,31.0,118.0,6.771,0.75,earthquake,"20 km ESE of Tawang, India",0.095,10.11,1.721
us6000t8gi,2026-06-21 00:52:54.610000+00:00,2026-07-05T05:11:55.040Z,27.4598,92.0424,10.0,4.3,mb,40.0,26.0,129.0,9.759,0.97,earthquake,"17 km SE of Tawang, India",0.105,12.41,1.929
us7000suse,2026-06-20 04:33:10.698000+00:00,2026-07-10T02:58:54.040Z,24.6492,94.7654,109.992,4.5,mb,40.0,27.0,106.0,3.43,0.81,earthquake,"71 km E of Wangjing, India",0.104,11.52,6.465
us7000suc2,2026-06-18 15:29:24.907000+00:00,2026-06-28T18:49:51.040Z,24.3478,94.0847,52.125,4.5,mb,42.0,38.0,131.0,3.22,0.9,earthquake,"19 km SSE of Kakching, India",0.088,11.55,7.646
us7000ssem,2026-06-11 15:40:35.593000+00:00,2026-06-26T15:10:56.791Z,24.9682,93.0641,48.154,4.4,mb,54.0,40.0,123.0,4.115,0.69,earthquake,"20 km NNE of Lakhipur, India",0.085,11.39,6.306
us7000srnl,2026-06-09 02:52:49.039000+00:00,2026-08-15T17:27:08.040Z,24.6389,95.3182,133.672,4.2,mb,31.0,21.0,123.0,3.437,0.51,earthquake,"127 km E of Wangjing, India",0.115,15.24,10.338
us7000sqxa,2026-06-05 16:34:36.164000+00:00,2026-08-15T17:26:58.040Z,32.405,76.5913,10.0,4.9,mb,58.0,106.0,98.0,6.781,0.96,earthquake,"32 km N of Palampur, India",0.055,9.23,1.886
us7000sri5,2026-06-02 02:13:16.466000+00:00,2026-08-11T13:34:10.040Z,13.8636,92.8447,10.0,4.5,mb,48.0,39.0,103.0,6.112,0.67,earthquake,"239 km N of Bamboo Flat, India",0.087,10.22,1.862
us7000spp6,2026-05-31 15:03:32.086000+00:00,2026-08-11T13:34:03.040Z,7.5739,91.812,10.0,4.5,mb,32.0,17.0,96.0,5.61,0.74,earthquake,"Nicobar Islands, India region",0.135,8.74,1.786
us7000sp9a,2026-05-29 12:22:53.455000+00:00,2026-08-11T13:34:00.040Z,23.5653,93.6978,51.183,4.2,mb,38.0,22.0,123.0,2.605,0.74,earthquake,"61 km ENE of Khawhai, India",0.113,10.41,4.051
us6000syd2,2026-05-17 09:38:20.742000+00:00,2026-07-25T22:12:50.040Z,11.0619,95.1269,10.0,4.6,mb,53.0,39.0,130.0,4.779,0.52,earthquake,"268 km ESE of Port Blair, India",0.087,8.57,1.882
us6000sy9z,2026-05-16 21:16:16.654000+00:00,2026-07-25T22:12:50.040Z,13.0167,93.7021,96.882,4.7,mb,72.0,80.0,51.0,5.967,0.75,earthquake,"180 km NE of Bamboo Flat, India",0.062,8.97,5.923
us6000sx36,2026-05-12 05:18:57.354000+00:00,2026-07-18T18:23:23.040Z,6.9852,92.3567,10.0,4.9,mb,69.0,68.0,65.0,4.886,0.73,earthquake,"Nicobar Islands, India region",0.068,9.77,1.864
us6000swg5,2026-05-09 09:10:05.675000+00:00,2026-07-18T18:23:18.040Z,26.0613,89.8969,10.0,4.4,mb,40.0,31.0,161.0,3.788,1.07,earthquake,"6 km WSW of Gauripur, India",0.096,13.19,1.937
us6000sw5i,2026-05-08 03:53:33.205000+00:00,2026-07-18T18:23:17.040Z,10.1728,91.4911,10.0,4.6,mb,61.0,47.0,83.0,8.155,0.55,earthquake,"214 km SW of Port Blair, India",0.08,9.8,1.886
us6000svp7,2026-05-06 15:17:33.655000+00:00,2026-07-15T15:25:57.040Z,28.8263,95.9696,10.0,4.6,mb,90.0,65.0,58.0,4.32,0.74,earthquake,"100 km NW of Hayuliang, India",0.067,8.0,1.864
us6000sx5v,2026-05-03 10:33:34.042000+00:00,2026-07-15T15:25:48.040Z,8.1018,91.9353,10.0,4.2,mb,17.0,10.0,102.0,11.163,0.65,earthquake,"Nicobar Islands, India region",0.167,14.02,1.92
us7000shgu,2026-05-01 03:12:50.564000+00:00,2026-07-15T15:25:42.040Z,8.076,91.8795,10.0,4.8,mb,67.0,49.0,102.0,5.774,0.46,earthquake,"Nicobar Islands, India region",0.082,9.56,1.872
us6000srqj,2026-04-21 00:29:35.307000+00:00,2026-07-03T01:38:38.040Z,24.6319,94.6985,95.116,5.0,mb,98.0,164.0,20.0,3.416,0.71,earthquake,"64 km E of Wangjing, India",0.044,9.52,5.153
us6000sqr4,2026-04-17 08:53:37.462000+00:00,2026-07-03T01:38:00.040Z,26.4175,96.0185,112.016,4.3,mb,47.0,32.0,106.0,5.285,0.88,earthquake,"80 km SE of Khonsa, India",0.094,8.47,6.128
us6000sq30,2026-04-14 21:04:50.603000+00:00,2026-06-24T16:34:38.040Z,27.3137,92.0096,10.0,4.0,mb,25.0,20.0,147.0,2.504,0.51,earthquake,"30 km SSE of Tawang, India",0.116,9.4,1.94
us6000ss01,2026-04-12 03:51:59.593000+00:00,2026-06-24T16:34:41.040Z,24.9223,92.5761,10.0,4.3,mb,44.0,34.0,155.0,4.281,0.78,earthquake,"6 km NNW of Badarpur, India",0.091,13.27,1.933
us6000spdm,2026-04-11 22:52:27.066000+00:00,2026-06-24T16:34:32.040Z,33.0628,76.2039,10.0,4.6,mb,62.0,82.0,78.0,6.049,1.06,earthquake,"46 km ENE of Bhadarwah, India",0.06,10.3,1.864
us6000sp95,2026-04-11 03:15:24.100000+00:00,2026-06-24T16:34:31.040Z,19.4358,77.2433,10.0,4.5,mb,56.0,45.0,68.0,11.43,0.73,earthquake,"14 km NE of Basmat, India",0.081,11.69,1.864
us6000srl9,2026-04-10 03:36:01.376000+00:00,2026-06-24T16:34:40.040Z,9.0424,94.003,10.0,4.3,mb,24.0,16.0,105.0,5.551,0.5,earthquake,"Nicobar Islands, India region",0.137,10.99,1.9
us6000snr8,2026-04-09 20:02:23.844000+00:00,2026-06-24T16:34:29.040Z,25.1876,95.136,113.502,4.2,mb,57.0,39.0,114.0,3.968,0.6,earthquake,"83 km SE of Phek, India",0.085,7.2,8.161
us6000snkz,2026-04-08 22:13:51.268000+00:00,2026-06-20T17:05:19.040Z,10.4649,93.722,10.0,4.6,mb,58.0,43.0,64.0,6.089,0.62,earthquake,"170 km SE of Port Blair, India",0.083,10.33,1.864
us6000sn6y,2026-04-07 08:48:27.692000+00:00,2026-06-20T17:05:19.040Z,24.768,92.8187,10.0,4.9,mb,52.0,73.0,59.0,4.038,0.78,earthquake,"6 km SSE of Silchar, India",0.065,8.86,1.862
us6000sn31,2026-04-06 19:23:40.151000+00:00,2026-06-20T17:05:18.040Z,24.2348,93.9187,77.353,4.4,mb,52.0,38.0,93.0,3.152,0.65,earthquake,"27 km ESE of Churachandpur, India",0.087,4.91,7.972
us6000sqcj,2026-04-05 00:05:48.007000+00:00,2026-06-20T17:05:26.040Z,6.2934,92.4536,10.0,4.0,mb,14.0,7.0,148.0,4.594,0.57,earthquake,"Nicobar Islands, India region",0.196,13.09,1.961
us7000s8h7,2026-03-29 03:14:38.812000+00:00,2026-06-10T15:14:55.040Z,27.1414,88.1012,10.0,4.5,mb,48.0,45.0,160.0,3.69,0.68,earthquake,"13 km W of Naya Bazar, India",0.08,9.68,1.905
us7000sb6g,2026-03-28 20:31:04.261000+00:00,2026-06-10T15:15:03.040Z,6.874,92.4639,10.0,4.3,mb,24.0,19.0,189.0,4.748,0.89,earthquake,"Nicobar Islands, India region",0.122,14.91,1.959
us7000s8fi,2026-03-28 11:52:23.542000+00:00,2026-06-10T15:14:55.040Z,10.2798,93.7211,10.0,4.6,mb,38.0,29.0,77.0,6.038,0.99,earthquake,"186 km SE of Port Blair, India",0.102,11.86,1.885
us7000s8cy,2026-03-28 11:25:26.231000+00:00,2026-06-10T15:14:54.040Z,24.8868,95.2287,125.752,4.3,mb,22.0,11.0,155.0,3.675,0.56,earthquake,"113 km SE of Phek, India",0.16,13.59,3.666
us7000s73v,2026-03-23 17:27:41.787000+00:00,2026-06-04T18:38:02.040Z,25.1048,95.0874,118.403,4.2,mb,50.0,36.0,78.0,3.884,0.61,earthquake,"85 km SE of Phek, India",0.088,10.99,7.908
us7000s83u,2026-03-18 04:22:59.987000+00:00,2026-05-26T19:17:09.040Z,24.8382,94.6026,74.267,4.2,mb,14.0,8.0,130.0,3.627,0.35,earthquake,"58 km ENE of Yairipok, India",0.186,11.77,11.323
us6000sgsp,2026-03-17 06:38:51.141000+00:00,2026-05-26T19:17:01.040Z,24.7196,94.344,84.57,4.4,mb,71.0,57.0,73.0,3.537,0.72,earthquake,"30 km E of Yairipok, India",0.071,9.67,7.179
us7000s7s2,2026-03-15 11:03:04.783000+00:00,2026-05-26T19:17:08.040Z,24.4297,95.169,124.231,4.4,mb,27.0,13.0,122.0,3.217,0.49,earthquake,"113 km E of Wangjing, India",0.149,11.93,10.458
us7000s3c2,2026-03-10 06:16:59.995000+00:00,2026-05-22T21:58:43.040Z,35.7749,77.1749,10.0,4.3,mb,50.0,34.0,158.0,5.571,0.81,earthquake,"100 km NNE of Thang, India",0.091,11.01,1.966
us7000s13v,2026-02-28 19:55:55.897000+00:00,2026-05-15T22:02:33.040Z,32.9741,76.1687,10.0,4.4,mb,61.0,45.0,66.0,6.112,1.0,earthquake,"42 km E of Bhadarwah, India",0.08,10.13,1.883
us7000s0fm,2026-02-26 11:52:12.168000+00:00,2026-05-15T22:02:27.040Z,27.3076,88.107,10.0,4.3,mb,47.0,35.0,161.0,3.572,0.86,earthquake,"15 km W of Gyalshing, India",0.09,10.42,1.907
us7000s0ec,2026-02-26 06:04:05.847000+00:00,2026-05-15T22:02:27.040Z,27.2253,88.1573,10.0,4.8,mb,62.0,63.0,98.0,3.596,0.63,earthquake,"12 km SW of Gyalshing, India",0.07,10.46,1.872
us7000s2lm,2026-02-23 10:11:51.805000+00:00,2026-05-12T17:28:10.040Z,10.6835,93.9644,128.06,4.3,mb,36.0,22.0,83.0,5.933,0.83,earthquake,"171 km SE of Port Blair, India",0.119,9.11,8.143
us6000sayu,2026-02-23 05:02:10.879000+00:00,2026-05-12T17:28:09.040Z,11.642,91.7328,10.0,4.8,mb,69.0,46.0,64.0,7.702,0.32,earthquake,"107 km W of Bamboo Flat, India",0.082,8.68,1.867
us6000s757,2026-02-07 13:05:24.212000+00:00,2026-05-01T14:35:44.040Z,27.381,88.1413,10.0,4.6,mb,64.0,65.0,66.0,3.5,0.76,earthquake,"15 km NW of Gyalshing, India",0.068,7.99,1.864
us6000sagi,2026-02-06 21:31:47.076000+00:00,2026-05-01T14:35:53.040Z,24.6303,94.8153,108.952,4.1,mb,22.0,14.0,110.0,3.41,0.93,earthquake,"76 km E of Wangjing, India",0.145,11.27,8.581
us6000s6t5,2026-02-05 20:50:42.049000+00:00,2026-05-01T14:35:43.040Z,27.0951,88.1766,10.0,4.4,mb,48.0,37.0,157.0,3.675,0.65,earthquake,"7 km WSW of Naya Bazar, India",0.088,10.64,1.91
us6000s6si,2026-02-05 19:39:28.253000+00:00,2026-05-01T14:35:42.040Z,27.2775,88.1055,10.0,4.6,mb,73.0,64.0,73.0,3.594,0.87,earthquake,"15 km W of Gyalshing, India",0.068,7.57,1.478
us6000s6h9,2026-02-04 18:39:44.492000+00:00,2026-04-23T20:43:23.040Z,24.7625,95.2248,132.44,4.5,mb,66.0,49.0,70.0,3.551,0.78,earthquake,"119 km E of Wangjing, India",0.077,11.79,6.958
us6000sa88,2026-02-04 03:27:33.826000+00:00,2026-04-23T20:43:26.040Z,26.6797,92.1913,41.32,4.2,mb,30.0,19.0,142.0,3.155,0.72,earthquake,"12 km SE of Udalguri, India",0.121,12.49,8.46
us6000s5we,2026-02-02 00:05:53.083000+00:00,2026-04-23T20:43:19.040Z,33.9389,74.6227,10.0,4.8,mb,54.0,58.0,84.0,4.583,0.58,earthquake,"15 km WNW of Tsrar Sharif, India",0.073,9.93,1.816
us7000rrtz,2026-01-24 16:38:52.515000+00:00,2026-04-21T16:28:02.040Z,25.964,90.6263,10.0,4.2,mb,39.0,29.0,156.0,3.751,0.86,earthquake,"23 km S of Goalpara, India",0.098,9.7,1.905
us7000rr7m,2026-01-21 21:43:05.761000+00:00,2026-04-18T14:47:43.040Z,27.3134,96.9254,29.916,5.2,mb,187.0,163.0,29.0,5.629,0.61,earthquake,"92 km SSE of Hayuliang, India",0.045,8.3,3.784
us6000s6mc,2026-01-20 17:58:33.446000+00:00,2026-04-18T14:46:37.040Z,35.4911,78.4072,10.0,4.5,mb,61.0,45.0,176.0,5.518,0.67,earthquake,"159 km ENE of Thang, India",0.081,7.77,1.923
us7000rp2s,2026-01-11 20:15:40.359000+00:00,2026-04-10T15:20:44.040Z,24.8059,95.2947,128.873,4.4,mb,88.0,71.0,55.0,3.6,0.56,earthquake,"124 km SE of Phek, India",0.064,8.73,6.977
us6000s4jg,2026-01-06 13:30:04.484000+00:00,2026-04-07T22:11:46.040Z,10.4383,92.1484,10.0,4.3,mb,21.0,15.0,179.0,7.027,1.04,earthquake,"150 km SSW of Port Blair, India",0.154,8.95,1.918
us7000rmhe,2026-01-04 22:47:52.226000+00:00,2026-04-07T22:11:54.040Z,26.326,92.3084,35.0,4.9,mww,75.0,8.0,96.0,3.523,0.56,earthquake,"9 km NNW of Morigaon, India",0.11,9.22,1.844
us7000rmhd,2026-01-04 22:47:39.427000+00:00,2026-04-07T22:11:54.040Z,26.3621,92.3991,41.098,5.2,mb,114.0,207.0,27.0,3.513,0.41,earthquake,"13 km NNE of Morigaon, India",0.04,9.02,4.951
us7000rqw2,2025-12-29 15:30:29.804000+00:00,2026-04-01T22:49:04.040Z,26.0392,97.0716,10.0,4.2,mb,28.0,13.0,117.0,5.201,0.98,earthquake,"32 km SE of Sarupathar, India",0.147,6.96,1.92
us7000rl21,2025-12-27 12:42:49.553000+00:00,2026-04-01T22:48:20.040Z,26.7466,92.3604,41.698,4.5,mb,41.0,35.0,148.0,3.14,0.66,earthquake,"12 km WNW of Dhekiajuli, India",0.091,10.6,8.117
us7000rkwm,2025-12-26 16:10:19.195000+00:00,2026-04-01T22:48:16.040Z,23.3943,82.5615,10.0,4.2,mb,28.0,21.0,159.0,9.911,1.15,earthquake,"14 km N of Baikunthpur, India",0.115,12.41,1.936
us7000rktm,2025-12-25 23:00:05.553000+00:00,2026-04-01T22:48:11.040Z,23.7096,70.4196,10.0,4.6,mb,61.0,74.0,75.0,13.02,0.69,earthquake,"27 km WNW of Rapar, India",0.063,7.38,1.854
us7000rkiw,2025-12-24 04:09:47.901000+00:00,2026-04-01T22:48:00.040Z,12.6319,92.7492,35.0,4.8,mb,46.0,41.0,64.0,6.44,1.07,earthquake,"103 km N of Bamboo Flat, India",0.087,12.1,1.911
us6000rvkv,2025-12-18 00:34:32.270000+00:00,2026-03-19T13:56:01.040Z,26.1352,97.1858,10.0,4.6,mb,81.0,64.0,91.0,5.306,0.52,earthquake,"38 km ESE of Sarupathar, India",0.068,9.87,1.878
us6000rwg8,2025-12-13 06:18:09.957000+00:00,2026-03-10T22:18:45.040Z,10.9166,93.7806,167.634,4.2,mb,21.0,15.0,80.0,9.006,0.57,earthquake,"140 km SE of Port Blair, India",0.137,15.46,9.262
us6000rst2,2025-12-05 18:06:37.924000+00:00,2026-03-04T18:41:48.040Z,32.8569,76.0845,18.813,4.0,mb,21.0,12.0,295.0,6.183,0.77,earthquake,"33 km N of Chamba, India",0.155,15.87,9.083
us7000rffd,2025-12-04 00:21:31.583000+00:00,2026-03-04T18:44:24.040Z,35.2286,76.6052,10.0,4.2,mb,21.0,11.0,171.0,4.518,0.69,earthquake,"37 km NNW of Thang, India",0.159,8.87,1.974
us6000rvhu,2025-11-30 04:57:07.984000+00:00,2026-02-25T16:18:39.040Z,30.2518,79.4611,25.331,4.3,mb,22.0,15.0,177.0,9.893,0.78,earthquake,"19 km S of Pipalkoti, India",0.138,12.89,6.51
us6000rnmh,2025-11-16 19:56:07.660000+00:00,2026-02-10T15:55:11.040Z,35.7267,76.9374,10.0,4.5,mb,64.0,49.0,96.0,4.399,0.49,earthquake,"89 km N of Thang, India",0.078,9.04,1.905
us6000rmnf,2025-11-10 20:16:45.573000+00:00,2026-01-29T22:05:34.040Z,8.0905,91.8312,10.0,4.5,mb,40.0,28.0,171.0,5.822,0.94,earthquake,"Nicobar Islands, India region",0.102,10.74,1.914
us6000rmdj,2025-11-09 06:38:31.475000+00:00,2026-01-29T22:05:30.040Z,12.4989,93.7511,132.652,5.4,mww,103.0,39.0,50.0,4.923,0.78,earthquake,"143 km NE of Port Blair, India",0.05,8.62,5.589
us6000rl3w,2025-11-03 01:33:01.974000+00:00,2026-01-27T17:59:06.040Z,25.0088,95.3102,117.957,4.6,mb,94.0,70.0,52.0,3.803,0.52,earthquake,"109 km SE of Phek, India",0.065,8.09,7.087
us6000rhnm,2025-10-16 22:10:23.971000+00:00,2026-01-09T15:38:38.040Z,13.3577,92.5564,15.163,5.0,mb,89.0,105.0,65.0,4.921,0.85,earthquake,"184 km N of Bamboo Flat, India",0.056,9.59,4.409
us6000rhhd,2025-10-16 06:57:54.913000+00:00,2026-01-09T15:38:37.040Z,24.7905,95.4782,191.422,4.8,mb,77.0,65.0,53.0,3.605,0.57,earthquake,"138 km SE of Phek, India",0.069,8.16,6.283
us6000rlfx,2025-10-14 14:00:07.728000+00:00,2026-01-01T23:11:18.040Z,30.9115,77.3908,15.386,4.4,mb,39.0,25.0,119.0,7.829,0.82,earthquake,"10 km NE of Rajgarh, India",0.108,14.28,4.824
us6000rj7d,2025-10-04 20:31:03.053000+00:00,2025-12-19T22:50:44.040Z,10.575,92.8178,58.539,4.5,mb,26.0,16.0,89.0,9.825,0.7,earthquake,"120 km S of Port Blair, India",0.14,13.3,5.629
us6000rdpe,2025-09-30 00:40:03.656000+00:00,2025-12-11T21:40:39.040Z,24.6798,94.7389,93.408,4.9,mb,80.0,110.0,49.0,5.602,0.94,earthquake,"69 km E of Wangjing, India",0.054,8.61,5.744
us6000rhln,2025-09-24 08:53:34.946000+00:00,2025-12-11T21:40:37.040Z,36.0682,76.9003,10.0,4.3,mb,27.0,8.0,117.0,4.177,1.15,earthquake,"126 km N of Thang, India",0.202,7.98,1.967
us6000rhcg,2025-09-22 19:44:22.102000+00:00,2025-12-06T16:00:16.040Z,36.1436,76.9652,10.0,4.1,mb,32.0,17.0,151.0,4.18,0.61,earthquake,"135 km N of Thang, India",0.126,9.53,1.935
us6000rc5n,2025-09-22 19:43:32.444000+00:00,2025-12-06T16:00:08.040Z,36.3077,77.0619,10.0,4.4,mb,37.0,23.0,115.0,3.084,0.89,earthquake,"155 km N of Thang, India",0.112,9.14,1.916
us7000qwyi,2025-09-18 12:41:52.979000+00:00,2025-12-06T16:00:19.040Z,12.2024,95.3077,10.0,4.8,mb,46.0,31.0,69.0,4.391,0.84,earthquake,"285 km ENE of Port Blair, India",0.1,7.47,1.624
us6000rfty,2025-09-16 00:37:45.488000+00:00,2025-12-03T03:58:42.040Z,27.3684,96.9813,10.0,4.1,mb,12.0,7.0,164.0,5.65,0.26,earthquake,"89 km SSE of Hayuliang, India",0.198,14.85,1.955
us7000qw56,2025-09-14 11:11:51.373000+00:00,2025-12-03T03:58:30.040Z,26.7097,92.2103,29.0,5.5,mww,215.0,9.0,20.0,3.132,0.81,earthquake,"11 km ESE of Udalguri, India",0.103,7.83,1.8
us6000rfds,2025-09-14 02:54:00.585000+00:00,2025-12-03T03:58:27.040Z,34.37,75.2787,10.0,4.1,mb,27.0,10.0,117.0,3.999,0.6,earthquake,"39 km N of Pahlgam, India",0.165,10.96,1.979
us6000rf3n,2025-09-13 05:39:47.108000+00:00,2025-12-03T03:58:18.040Z,25.9678,96.9455,10.0,4.5,mb,23.0,12.0,133.0,5.253,0.74,earthquake,"29 km SSE of Sarupathar, India",0.156,10.86,1.924
us6000rd5j,2025-09-03 13:52:50.487000+00:00,2025-11-30T23:39:37.040Z,9.7118,93.6542,10.0,4.4,mb,46.0,28.0,121.0,5.522,0.42,earthquake,"237 km SSE of Port Blair, India",0.102,8.8,1.911
us6000r287,2025-08-20 02:48:20.778000+00:00,2025-11-12T16:25:33.040Z,32.9099,76.2043,35.0,4.1,mb,26.0,9.0,269.0,5.611,1.33,earthquake,"39 km N of Chamba, India",0.174,14.03,2.006
us6000r1wg,2025-08-18 15:58:32.250000+00:00,2025-11-04T16:43:57.040Z,32.3157,76.638,10.0,4.1,mb,47.0,26.0,163.0,6.289,0.94,earthquake,"23 km NNE of Palampur, India",0.103,9.93,1.92
us7000qvhh,2025-08-18 06:39:32.542000+00:00,2025-11-04T16:44:22.040Z,26.3136,92.7974,35.0,4.3,mb,43.0,27.0,146.0,3.685,0.64,earthquake,"29 km ENE of Raha, India",0.103,9.54,1.94
us7000qtuw,2025-08-10 18:44:01.242000+00:00,2025-10-25T13:40:38.040Z,9.0228,93.9177,10.0,4.4,mb,45.0,35.0,152.0,4.821,0.45,earthquake,"Nicobar Islands, India region",0.091,9.66,1.431
us6000qzlg,2025-08-10 06:32:32.923000+00:00,2025-10-25T13:40:37.040Z,13.6724,92.7915,10.0,4.7,mb,46.0,35.0,68.0,6.925,0.59,earthquake,"218 km N of Bamboo Flat, India",0.093,7.19,1.868
us7000qttd,2025-08-10 06:18:24.040000+00:00,2025-10-25T13:40:37.040Z,9.2891,93.8494,10.0,4.4,mb,36.0,28.0,118.0,5.725,0.68,earthquake,"289 km SSE of Port Blair, India",0.103,12.65,1.9
us7000qrdu,2025-08-04 21:38:27.704000+00:00,2025-10-17T22:51:42.040Z,13.9342,92.3481,10.0,4.2,mb,14.0,6.0,214.0,6.585,0.53,earthquake,"250 km N of Bamboo Flat, India",0.215,8.19,1.963
us6000r1fa,2025-07-30 17:21:03.426000+00:00,2025-10-17T22:51:42.040Z,9.3633,93.9614,40.127,5.0,mb,54.0,38.0,69.0,5.064,0.91,earthquake,"287 km SSE of Port Blair, India",0.091,10.29,5.366
us6000r0pn,2025-07-29 19:20:20.198000+00:00,2025-10-11T20:57:55.040Z,9.1076,93.8628,10.0,4.3,mb,26.0,16.0,199.0,5.694,0.65,earthquake,"Nicobar Islands, India region",0.133,13.63,1.962
us6000qw13,2025-07-29 17:14:14.026000+00:00,2025-10-11T20:57:33.040Z,9.3982,94.0014,10.0,4.5,mb,69.0,52.0,36.0,5.069,0.65,earthquake,"286 km SSE of Port Blair, India",0.075,9.39,1.859
us6000qw0e,2025-07-29 16:24:24.857000+00:00,2025-10-11T20:57:32.040Z,9.3593,93.9247,10.0,4.9,mb,105.0,99.0,45.0,2.56,0.68,earthquake,"285 km SSE of Port Blair, India",0.056,7.38,1.853
us6000r0ph,2025-07-29 16:23:41.867000+00:00,2025-10-11T20:57:54.040Z,9.2521,93.9445,10.0,4.0,mb,15.0,7.0,118.0,5.627,0.53,earthquake,"297 km SSE of Port Blair, India",0.233,10.59,1.93
us6000qw06,2025-07-29 16:11:34.441000+00:00,2025-10-11T20:57:32.040Z,9.357,93.9629,10.0,5.0,mb,156.0,137.0,19.0,2.58,0.56,earthquake,"288 km SSE of Port Blair, India",0.05,6.47,1.739
us6000qw00,2025-07-29 15:47:23.825000+00:00,2025-10-11T20:57:32.040Z,9.4782,93.9663,10.0,4.8,mww,121.0,9.0,45.0,2.475,0.56,earthquake,"276 km SSE of Port Blair, India",0.103,7.67,1.85
us6000qz4u,2025-07-27 09:13:10.017000+00:00,2025-10-11T20:57:47.040Z,33.8262,79.4981,10.0,4.3,mb,47.0,27.0,124.0,6.24,0.94,earthquake,"180 km ESE of Leh, India",0.103,10.96,1.928
us6000qvis,2025-07-26 10:56:39.805000+00:00,2025-10-11T20:57:23.040Z,9.2305,93.9309,10.0,4.5,mb,44.0,35.0,101.0,5.638,0.57,earthquake,"298 km SSE of Port Blair, India",0.091,12.54,1.892
us6000qv9f,2025-07-26 04:00:07.669000+00:00,2025-10-11T20:57:16.040Z,32.9053,76.1506,10.0,4.2,mb,29.0,14.0,171.0,5.602,0.44,earthquake,"38 km N of Chamba, India",0.141,8.73,1.94
us6000qv40,2025-07-25 12:57:20.082000+00:00,2025-10-11T20:57:14.040Z,9.2266,93.6356,132.895,4.9,mb,102.0,109.0,64.0,2.568,0.83,earthquake,"286 km SSE of Port Blair, India",0.054,7.85,6.14
us6000qtz9,2025-07-21 18:00:56.801000+00:00,2025-10-03T18:41:23.040Z,11.0639,93.0478,92.727,4.5,mb,40.0,26.0,69.0,0.659,0.94,earthquake,"74 km SSE of Port Blair, India",0.106,5.94,6.84
us6000qwlu,2025-07-18 06:31:54.638000+00:00,2025-10-03T18:41:41.040Z,9.5752,93.5098,107.569,4.2,mb,32.0,17.0,88.0,5.501,0.73,earthquake,"245 km SSE of Port Blair, India",0.128,11.31,9.002
us6000qwk4,2025-07-17 00:19:45.825000+00:00,2025-10-03T18:41:39.040Z,9.2857,94.2457,10.0,4.3,mb,23.0,14.0,137.0,5.336,0.74,earthquake,"Nicobar Islands, India region",0.142,8.1,1.87
us6000qvzb,2025-07-16 23:13:53.515000+00:00,2025-10-03T18:41:39.040Z,9.4441,93.9067,10.0,4.2,mb,28.0,21.0,120.0,5.16,0.76,earthquake,"276 km SSE of Port Blair, India",0.124,11.7,1.911
us7000qcym,2025-07-16 07:27:47.015000+00:00,2025-10-03T18:42:20.040Z,9.3115,94.1776,10.0,4.4,mb,31.0,21.0,118.0,5.406,0.65,earthquake,"Nicobar Islands, India region",0.117,12.39,1.903
us6000qvpl,2025-07-15 06:48:31.462000+00:00,2025-11-28T21:18:25.105Z,9.4361,94.1008,10.0,4.3,mb,22.0,15.0,177.0,5.497,0.63,earthquake,"287 km SSE of Port Blair, India",0.138,12.43,1.814
us6000quq1,2025-07-13 19:14:45.334000+00:00,2025-11-28T21:07:57.843Z,9.3592,93.5887,10.0,4.4,mb,32.0,21.0,162.0,5.285,0.67,earthquake,"271 km SSE of Port Blair, India",0.117,11.88,1.936
us7000qcet,2025-07-13 13:14:40.966000+00:00,2025-11-28T21:06:19.552Z,9.3388,93.8813,10.771,5.2,mww,110.0,8.0,29.0,5.699,0.73,earthquake,"285 km SSE of Port Blair, India",0.11,9.11,2.087
us7000qc7n,2025-07-11 14:19:44.229000+00:00,2025-11-28T20:53:29.946Z,28.9429,76.8282,10.0,4.1,mb,28.0,14.0,279.0,9.568,0.57,earthquake,"10 km NW of Kharkhauda, India",0.139,11.04,1.998
us7000qby2,2025-07-11 00:26:07.414000+00:00,2025-11-28T20:46:21.190Z,25.5376,95.3851,121.537,4.3,mb,35.0,26.0,112.0,4.333,0.68,earthquake,"90 km E of Phek, India",0.108,7.59,7.434
us7000qbqu,2025-07-10 03:34:48.870000+00:00,2025-11-28T20:00:21.090Z,28.6735,76.6889,10.0,4.5,mb,75.0,62.0,101.0,7.627,0.77,earthquake,"8 km NNE of Jhajjar, India",0.069,9.86,1.894
us7000qba0,2025-07-08 03:52:14.019000+00:00,2025-09-12T16:23:11.040Z,26.5812,93.2884,10.0,4.2,mb,40.0,28.0,94.0,3.649,1.2,earthquake,"31 km WSW of Bokakhat, India",0.1,10.89,1.926
us7000qdg0,2025-07-07 10:50:22.116000+00:00,2025-09-12T16:23:11.040Z,9.0575,93.7358,10.0,4.3,mb,23.0,13.0,179.0,5.815,1.09,earthquake,"Nicobar Islands, India region",0.154,9.03,1.868
us7000qdfw,2025-07-07 10:28:09.829000+00:00,2025-09-12T16:23:11.040Z,9.2376,93.7811,10.0,4.4,mb,18.0,11.0,200.0,5.786,1.07,earthquake,"291 km SSE of Port Blair, India",0.17,13.87,1.96
us7000qb4a,2025-07-07 10:16:02.145000+00:00,2025-09-12T16:23:10.040Z,9.3716,93.9749,10.0,5.1,mb,93.0,79.0,28.0,5.612,0.99,earthquake,"287 km SSE of Port Blair, India",0.064,8.72,1.81
us7000qb45,2025-07-07 09:42:36.270000+00:00,2025-09-12T16:23:10.040Z,9.3132,93.8317,10.0,4.9,mb,72.0,53.0,107.0,5.745,1.35,earthquake,"286 km SSE of Port Blair, India",0.077,8.03,1.87
us7000qb38,2025-07-07 05:10:21.865000+00:00,2025-09-12T16:23:10.040Z,24.6278,94.8742,109.15,4.4,mb,53.0,40.0,126.0,3.406,0.76,earthquake,"82 km E of Wangjing, India",0.085,9.67,8.81
us7000qakc,2025-07-04 02:11:16.427000+00:00,2025-09-12T16:23:07.040Z,9.4541,93.9272,10.0,4.6,mb,47.0,45.0,110.0,5.67,0.69,earthquake,"276 km SSE of Port Blair, India",0.081,10.86,1.9
us7000qaev,2025-07-03 11:44:12.005000+00:00,2025-09-12T16:23:06.040Z,9.236,93.841,10.0,4.7,mb,61.0,63.0,70.0,5.034,0.66,earthquake,"294 km SSE of Port Blair, India",0.069,9.0,1.884
us7000qc2v,2025-07-02 01:52:48.929000+00:00,2025-09-12T16:23:04.040Z,9.3798,93.9613,10.0,4.6,mb,21.0,13.0,81.0,5.626,0.74,earthquake,"285 km SSE of Port Blair, India",0.151,12.16,1.9
us7000qc28,2025-07-01 21:29:15.203000+00:00,2025-09-04T20:40:07.040Z,28.3833,97.3521,10.0,4.5,mb,21.0,14.0,137.0,9.265,0.45,earthquake,"86 km ENE of Hayuliang, India",0.145,7.98,1.913
us7000qc1g,2025-07-01 02:44:17.016000+00:00,2025-09-04T20:40:07.040Z,24.8414,95.4771,163.794,4.2,mb,41.0,30.0,109.0,3.655,0.55,earthquake,"134 km SE of Phek, India",0.096,6.95,8.635
us7000qc1d,2025-07-01 00:06:55.616000+00:00,2025-09-04T20:40:07.040Z,9.167,94.0027,10.0,4.6,mb,19.0,11.0,177.0,5.562,0.84,earthquake,"Nicobar Islands, India region",0.165,11.92,1.956
us7000qbvc,2025-06-30 23:22:35.152000+00:00,2025-09-04T20:40:07.040Z,9.5382,94.0096,10.0,4.5,mb,27.0,18.0,135.0,5.602,0.78,earthquake,"272 km SSE of Port Blair, India",0.128,11.06,1.94
us7000qbut,2025-06-30 06:38:19.635000+00:00,2025-09-04T20:40:06.040Z,9.1818,93.7574,10.0,4.6,mb,72.0,52.0,94.0,5.043,0.66,earthquake,"296 km SSE of Port Blair, India",0.076,8.53,1.88
us7000q9pb,2025-06-30 06:36:20.640000+00:00,2025-09-04T20:40:02.040Z,9.2662,93.8911,10.0,4.9,mb,101.0,102.0,49.0,5.028,0.47,earthquake,"293 km SSE of Port Blair, India",0.056,8.14,1.847
us7000q9p6,2025-06-30 05:52:21.272000+00:00,2025-09-04T20:40:02.040Z,9.3928,93.9439,10.0,5.0,mb,101.0,132.0,43.0,5.097,0.56,earthquake,"283 km SSE of Port Blair, India",0.049,8.1,1.848
us7000q9nl,2025-06-30 04:39:02.408000+00:00,2025-09-04T20:40:02.040Z,9.4501,93.9908,12.217,4.9,mww,175.0,14.0,36.0,5.117,0.47,earthquake,"280 km SSE of Port Blair, India",0.083,8.41,3.741
us7000qbtk,2025-06-29 07:16:33.240000+00:00,2025-09-04T20:40:06.040Z,9.2583,94.0122,10.0,4.3,mb,27.0,19.0,93.0,4.95,1.04,earthquake,"Nicobar Islands, India region",0.122,10.46,1.895
us7000qbtd,2025-06-29 01:37:29.007000+00:00,2025-09-04T20:40:06.040Z,9.3226,93.9973,10.0,4.6,mb,28.0,21.0,89.0,5.584,1.06,earthquake,"293 km SSE of Port Blair, India",0.12,11.36,1.909
us7000q9fu,2025-06-29 01:28:19.481000+00:00,2025-09-04T20:40:01.040Z,9.3119,93.8715,10.0,4.5,mb,33.0,24.0,131.0,5.706,0.92,earthquake,"288 km SSE of Port Blair, India",0.11,9.31,1.922
us7000q9fa,2025-06-28 23:34:58.208000+00:00,2025-09-04T20:40:01.040Z,9.3592,93.818,10.0,4.5,mb,36.0,24.0,94.0,5.764,0.95,earthquake,"280 km SSE of Port Blair, India",0.11,10.49,1.903
us7000q938,2025-06-27 14:58:12.410000+00:00,2025-09-04T20:40:00.040Z,9.5357,93.8546,10.0,5.1,mww,103.0,13.0,36.0,5.264,1.17,earthquake,"265 km SSE of Port Blair, India",0.086,8.73,1.764
us7000q936,2025-06-27 14:47:19.720000+00:00,2025-09-04T20:40:00.040Z,9.0956,93.9539,10.0,4.5,mb,51.0,37.0,120.0,4.855,0.81,earthquake,"Nicobar Islands, India region",0.089,10.79,1.885
us7000qbde,2025-06-27 14:32:45.056000+00:00,2025-09-04T20:40:05.040Z,9.2343,93.9758,10.0,4.3,mb,17.0,10.0,187.0,5.595,0.23,earthquake,"Nicobar Islands, India region",0.168,12.44,1.949
us7000qbd5,2025-06-27 07:55:47.330000+00:00,2025-09-04T20:40:05.040Z,9.3113,93.9417,10.0,4.3,mb,25.0,18.0,190.0,5.637,0.46,earthquake,"291 km SSE of Port Blair, India",0.125,14.74,1.958
us7000qb73,2025-06-26 19:11:52.422000+00:00,2025-09-04T20:40:05.040Z,9.4621,94.0031,10.0,4.3,mb,28.0,20.0,181.0,5.12,0.33,earthquake,"279 km SSE of Port Blair, India",0.119,7.78,1.925
us7000qb6y,2025-06-26 12:09:29.101000+00:00,2025-09-04T20:40:05.040Z,9.149,93.9022,10.0,4.3,mb,25.0,10.0,120.0,4.929,0.81,earthquake,"Nicobar Islands, India region",0.168,10.31,1.913
us7000q8wt,2025-06-26 11:52:17.398000+00:00,2025-09-04T20:39:59.040Z,9.3312,94.0146,14.446,4.5,mb,48.0,36.0,64.0,5.568,0.89,earthquake,"293 km SSE of Port Blair, India",0.09,10.38,4.525
us7000qb6n,2025-06-26 11:42:09.230000+00:00,2025-09-04T20:40:05.040Z,9.1134,93.8217,10.0,4.1,mb,27.0,12.0,126.0,4.951,0.78,earthquake,"Nicobar Islands, India region",0.166,9.96,1.902
us7000qb1a,2025-06-25 20:00:24.372000+00:00,2025-09-04T20:40:04.040Z,9.2405,93.7565,10.0,4.3,mb,21.0,12.0,213.0,5.811,0.56,earthquake,"290 km SSE of Port Blair, India",0.154,9.36,1.93
us7000q8ry,2025-06-25 17:37:25.441000+00:00,2025-09-04T20:39:58.040Z,9.2161,93.7176,10.0,4.6,mb,63.0,49.0,137.0,5.847,1.04,earthquake,"291 km SSE of Port Blair, India",0.078,11.56,1.908
us7000qb18,2025-06-25 16:13:43.675000+00:00,2025-09-04T20:40:04.040Z,9.2702,94.3342,10.0,4.1,mb,15.0,8.0,183.0,4.779,1.16,earthquake,"Nicobar Islands, India region",0.185,10.26,1.94
us7000q8n8,2025-06-25 09:59:44.205000+00:00,2025-09-04T20:39:58.040Z,9.3263,93.9061,10.0,4.9,mb,47.0,37.0,149.0,5.066,0.37,earthquake,"288 km SSE of Port Blair, India",0.092,11.52,1.912
us7000qb11,2025-06-25 07:08:06.981000+00:00,2025-09-04T20:40:04.040Z,9.5898,94.207,10.0,4.4,mb,15.0,7.0,134.0,5.419,1.09,earthquake,"279 km SE of Port Blair, India",0.218,12.2,1.927
us7000q8lp,2025-06-25 04:08:34.990000+00:00,2025-09-04T20:39:57.040Z,9.4548,93.9818,10.0,4.5,mb,59.0,47.0,70.0,5.126,0.83,earthquake,"279 km SSE of Port Blair, India",0.079,9.0,1.884
us7000qb0w,2025-06-25 01:39:34.110000+00:00,2025-09-04T20:40:04.040Z,9.3808,93.9854,10.0,4.7,mb,55.0,41.0,50.0,5.064,0.9,earthquake,"286 km SSE of Port Blair, India",0.086,10.31,1.869
us7000q8l7,2025-06-25 01:33:28.230000+00:00,2025-09-04T20:39:57.040Z,9.4363,93.8934,10.0,5.4,mww,150.0,14.0,45.0,5.162,0.94,earthquake,"276 km SSE of Port Blair, India",0.083,8.45,1.844
us7000qax0,2025-06-24 23:53:44.051000+00:00,2025-09-02T21:23:47.040Z,9.3411,93.8007,10.0,4.5,mb,31.0,22.0,118.0,10.344,0.74,earthquake,"281 km SSE of Port Blair, India",0.115,11.85,1.898
us7000q8kt,2025-06-24 23:51:41.383000+00:00,2025-09-02T21:23:44.040Z,9.5066,94.0004,10.0,4.8,mb,106.0,89.0,62.0,5.158,0.62,earthquake,"275 km SSE of Port Blair, India",0.059,8.96,1.864
us7000q8if,2025-06-24 20:13:47.224000+00:00,2025-09-02T21:23:43.040Z,9.2948,93.9639,10.0,4.6,mb,84.0,66.0,49.0,5.007,0.53,earthquake,"294 km SSE of Port Blair, India",0.067,9.67,1.856
us7000qawv,2025-06-24 19:02:28.626000+00:00,2025-09-02T21:23:47.040Z,9.5367,94.1242,10.0,4.2,mb,12.0,6.0,184.0,5.49,0.76,earthquake,"279 km SSE of Port Blair, India",0.216,14.34,1.957
us7000qawq,2025-06-24 16:09:13.134000+00:00,2025-09-02T21:23:47.040Z,9.3701,93.9935,10.0,4.3,mb,15.0,7.0,190.0,5.593,0.28,earthquake,"288 km SSE of Port Blair, India",0.217,6.73,1.966
us7000qawm,2025-06-24 15:31:33.388000+00:00,2025-09-02T21:23:47.040Z,9.3326,93.9986,10.0,4.5,mb,28.0,21.0,178.0,5.584,0.67,earthquake,"292 km SSE of Port Blair, India",0.118,12.24,1.936
us7000qawl,2025-06-24 15:29:25.410000+00:00,2025-09-02T21:23:47.040Z,9.2566,93.9113,10.0,4.1,mb,19.0,13.0,198.0,5.661,0.33,earthquake,"295 km SSE of Port Blair, India",0.151,6.25,1.954
us7000qawt,2025-06-24 14:54:10.447000+00:00,2025-09-02T21:23:47.040Z,9.3075,93.7511,10.0,4.2,mb,27.0,18.0,179.0,5.823,0.57,earthquake,"283 km SSE of Port Blair, India",0.128,13.83,1.943
us7000q8fp,2025-06-24 13:50:16.539000+00:00,2025-09-02T21:23:43.040Z,9.5091,94.0036,10.0,4.6,mb,68.0,58.0,88.0,5.603,0.67,earthquake,"275 km SSE of Port Blair, India",0.072,6.83,1.759
us7000q8f3,2025-06-24 13:12:22.844000+00:00,2025-09-02T21:23:43.040Z,9.3664,94.0616,10.0,4.9,mb,144.0,151.0,38.0,5.009,0.74,earthquake,"292 km SSE of Port Blair, India",0.046,6.97,1.54
us7000q8f1,2025-06-24 12:53:19.256000+00:00,2025-09-02T21:23:43.040Z,9.3798,93.87,10.0,4.6,mb,60.0,42.0,123.0,5.13,0.35,earthquake,"281 km SSE of Port Blair, India",0.084,9.32,1.902
us7000qax4,2025-06-24 12:23:23.875000+00:00,2025-09-02T21:23:47.040Z,9.5365,93.7405,10.0,4.6,mb,57.0,43.0,94.0,5.331,0.63,earthquake,"259 km SSE of Port Blair, India",0.083,9.25,1.892
us7000qawe,2025-06-24 12:22:47.025000+00:00,2025-09-02T21:23:47.040Z,9.2684,93.9307,10.0,4.5,mb,45.0,36.0,72.0,5.006,0.4,earthquake,"295 km SSE of Port Blair, India",0.09,10.61,1.866
us7000q8ea,2025-06-24 10:16:58.345000+00:00,2025-09-02T21:23:43.040Z,9.3465,93.8265,10.0,4.9,mww,172.0,14.0,43.0,5.13,0.37,earthquake,"282 km SSE of Port Blair, India",0.083,8.53,1.835
us7000qawb,2025-06-24 10:03:44.892000+00:00,2025-09-02T21:23:47.040Z,9.5201,93.4167,10.0,4.5,mb,31.0,20.0,118.0,6.177,0.53,earthquake,"248 km SSE of Port Blair, India",0.121,7.82,1.772
us7000qawc,2025-06-24 09:59:56.958000+00:00,2025-09-02T21:23:47.040Z,9.745,93.931,10.0,4.1,mb,16.0,8.0,92.0,5.714,0.76,earthquake,"248 km SSE of Port Blair, India",0.186,11.27,1.93
us7000q8e5,2025-06-24 09:34:07.987000+00:00,2025-09-02T21:23:43.040Z,9.2217,93.8561,10.0,4.6,mb,85.0,67.0,58.0,5.014,0.69,earthquake,"296 km SSE of Port Blair, India",0.067,9.36,1.854
us7000q8dz,2025-06-24 09:04:15.157000+00:00,2025-09-02T21:23:43.040Z,9.1574,93.9195,10.0,4.6,mb,82.0,79.0,49.0,4.925,0.3,earthquake,"Nicobar Islands, India region",0.062,8.67,1.842
us7000qaw3,2025-06-24 05:08:35.146000+00:00,2025-09-02T21:23:47.040Z,9.6069,93.9175,10.0,4.4,mb,21.0,15.0,166.0,5.703,1.1,earthquake,"261 km SSE of Port Blair, India",0.138,12.67,1.923
us6000qkjz,2025-06-16 09:14:03.334000+00:00,2025-08-22T20:26:02.040Z,10.8873,93.5681,124.708,4.8,mb,96.0,144.0,64.0,1.112,0.88,earthquake,"124 km SE of Port Blair, India",0.046,7.95,6.125
us7000q8qh,2025-06-10 09:26:51.988000+00:00,2025-08-20T16:09:02.040Z,8.9743,93.9458,10.0,4.3,mb,23.0,15.0,94.0,5.603,0.56,earthquake,"Nicobar Islands, India region",0.138,8.27,5.26
us6000qj94,2025-06-09 23:31:14.893000+00:00,2025-08-20T16:08:59.040Z,26.4733,96.8381,10.0,4.2,mb,27.0,18.0,121.0,5.531,0.85,earthquake,"29 km N of Sarupathar, India",0.124,13.62,1.945
us6000qi2j,2025-06-05 04:45:14.189000+00:00,2025-08-20T16:08:55.040Z,26.5336,96.7158,109.239,4.3,mb,65.0,51.0,130.0,5.858,0.53,earthquake,"37 km NNW of Sarupathar, India",0.075,12.37,8.844
us6000qju8,2025-05-28 04:53:53.928000+00:00,2025-08-16T21:54:17.040Z,24.2883,94.3996,35.0,4.2,mb,25.0,20.0,149.0,3.105,0.68,earthquake,"47 km SE of Wangjing, India",0.121,14.81,1.975
us6000qg9r,2025-05-27 20:24:28.119000+00:00,2025-08-13T15:14:25.040Z,24.4467,93.8427,49.996,5.1,mww,111.0,18.0,27.0,5.768,0.82,earthquake,"8 km SE of Moirang, India",0.073,8.05,5.034
us7000q0jb,2025-05-21 14:21:16.769000+00:00,2025-08-13T15:14:29.040Z,8.9268,93.8553,10.0,4.7,mb,47.0,42.0,77.0,4.786,0.62,earthquake,"Nicobar Islands, India region",0.085,10.05,1.876
us6000qgly,2025-05-14 10:30:41.591000+00:00,2025-07-25T17:06:12.040Z,24.6729,94.8973,10.0,4.4,mb,31.0,20.0,124.0,3.451,0.6,earthquake,"84 km E of Wangjing, India",0.12,10.25,1.914
us7000pyzr,2025-05-13 16:48:40.737000+00:00,2025-07-24T21:30:16.040Z,6.9072,92.3559,10.0,4.1,mb,46.0,37.0,100.0,4.86,0.62,earthquake,"Nicobar Islands, India region",0.091,9.35,1.899
us7000pzmx,2025-05-02 18:26:02.824000+00:00,2025-07-12T16:30:49.040Z,34.2004,78.4979,10.0,4.3,mb,25.0,14.0,141.0,5.407,0.94,earthquake,"84 km E of Leh, India",0.142,8.08,1.956
us7000pvhl,2025-04-28 03:39:25.294000+00:00,2025-07-11T15:46:22.040Z,13.0733,92.5283,10.0,4.6,mb,73.0,61.0,62.0,6.54,0.46,earthquake,"153 km N of Bamboo Flat, India",0.07,9.06,1.859
us6000q5cs,2025-04-11 10:52:56.066000+00:00,2025-06-14T18:26:40.040Z,24.043,91.3615,10.0,4.1,mb,22.0,18.0,92.0,4.331,0.96,earthquake,"23 km N of Ranir Bazar, India",0.123,10.14,1.944
us6000q548,2025-04-10 13:35:18.852000+00:00,2025-06-14T18:26:39.040Z,35.9736,78.0063,85.564,4.4,mb,47.0,39.0,126.0,3.891,0.94,earthquake,"159 km NE of Thang, India",0.086,10.73,6.239
us7000pp84,2025-04-01 12:08:32.333000+00:00,2025-06-06T21:12:29.040Z,35.1682,77.1309,10.0,4.4,mb,41.0,26.0,122.0,5.993,0.36,earthquake,"40 km NE of Thang, India",0.105,9.85,1.909
us6000q5eb,2025-04-01 09:34:44.713000+00:00,2025-06-06T21:12:23.040Z,6.8308,92.4856,10.0,4.1,mb,16.0,6.0,144.0,4.714,0.32,earthquake,"Nicobar Islands, India region",0.212,11.13,1.949
us6000q55w,2025-03-31 06:13:59.156000+00:00,2025-06-06T21:12:22.040Z,6.627,92.4936,10.0,4.2,mb,26.0,17.0,123.0,4.642,0.33,earthquake,"Nicobar Islands, India region",0.128,10.2,1.933
us6000q56x,2025-03-31 03:54:01.091000+00:00,2025-06-06T21:12:23.040Z,10.2401,94.02,10.0,4.2,mb,19.0,11.0,197.0,5.745,0.39,earthquake,"210 km SE of Port Blair, India",0.16,15.17,1.976
us6000q4rz,2025-03-29 06:25:04.470000+00:00,2025-06-06T21:12:22.040Z,27.2366,96.9662,10.0,4.4,mb,21.0,15.0,137.0,5.696,0.77,earthquake,"101 km SSE of Hayuliang, India",0.138,5.56,1.954
us7000pnbt,2025-03-28 11:16:52.146000+00:00,2025-06-06T21:12:26.040Z,22.5255,95.739,10.0,4.4,mb,57.0,44.0,158.0,4.886,0.78,earthquake,Burma,0.081,7.68,1.787
us7000pnbe,2025-03-28 07:57:00.138000+00:00,2025-06-06T21:12:26.040Z,22.4361,95.838,10.0,4.5,mb,34.0,26.0,163.0,4.764,0.84,earthquake,Burma,0.106,15.7,1.958
us7000pnba,2025-03-28 07:36:58.799000+00:00,2025-06-06T21:12:26.040Z,22.7673,95.8531,10.0,4.6,mb,81.0,74.0,68.0,4.908,0.62,earthquake,Burma,0.063,10.82,1.902
us6000q3r8,2025-03-25 13:55:57.476000+00:00,2025-05-29T17:36:25.040Z,6.6472,92.451,10.0,4.4,mb,29.0,21.0,109.0,4.689,0.66,earthquake,"Nicobar Islands, India region",0.12,9.51,1.89
us7000pmhv,2025-03-25 13:25:11.777000+00:00,2025-05-29T17:36:32.040Z,6.7697,92.569,10.0,4.9,mww,203.0,11.0,23.0,4.615,0.6,earthquake,"Nicobar Islands, India region",0.093,6.89,1.736
us7000pm6h,2025-03-24 07:19:55.884000+00:00,2025-05-29T17:36:30.040Z,10.3688,93.9709,10.0,4.7,mb,87.0,71.0,157.0,1.757,0.37,earthquake,"196 km SE of Port Blair, India",0.065,7.66,1.871
us6000q3ny,2025-03-24 04:43:00.743000+00:00,2025-05-29T17:36:25.040Z,29.2119,93.8789,10.0,4.1,mb,19.0,14.0,122.0,2.449,1.2,earthquake,"89 km NNW of Shi Yomi, India",0.14,14.04,1.906
us6000q3p6,2025-03-24 04:38:32.700000+00:00,2025-05-29T17:36:25.040Z,29.1888,93.7471,10.0,4.2,mb,36.0,20.0,101.0,2.341,0.73,earthquake,"95 km NW of Shi Yomi, India",0.117,8.66,1.917
us7000pm5l,2025-03-24 04:36:05.252000+00:00,2025-05-29T17:36:30.040Z,9.9009,93.6477,10.0,4.7,mb,42.0,30.0,94.0,1.957,0.74,earthquake,"218 km SSE of Port Blair, India",0.101,6.5,1.882
us7000pm5g,2025-03-24 04:29:29.100000+00:00,2025-05-29T17:36:30.040Z,10.1202,93.7118,10.0,5.1,mww,154.0,13.0,35.0,1.798,0.62,earthquake,"200 km SSE of Port Blair, India",0.086,7.45,1.755
us7000pn3v,2025-03-19 03:38:19.177000+00:00,2025-05-29T17:36:34.040Z,13.2595,93.5415,83.064,4.3,mb,21.0,11.0,102.0,1.774,0.55,earthquake,"194 km NNE of Bamboo Flat, India",0.161,6.52,9.14
us6000pzix,2025-03-18 07:49:00.454000+00:00,2025-05-17T19:20:00.040Z,24.3088,94.8302,118.337,5.1,mww,106.0,11.0,24.0,3.09,0.64,earthquake,"83 km ESE of Wangjing, India",0.093,7.59,4.109
us6000pzed,2025-03-17 19:37:18.228000+00:00,2025-05-17T19:20:00.040Z,24.4394,93.449,49.533,4.2,mb,51.0,37.0,139.0,3.492,0.55,earthquake,"25 km WNW of Churachandpur, India",0.087,8.3,4.689
us6000pyqh,2025-03-14 00:31:26.002000+00:00,2025-05-17T19:19:57.040Z,27.145,92.2691,10.0,4.2,mb,42.0,39.0,143.0,2.74,0.95,earthquake,"20 km SW of Bomdila, India",0.085,7.53,1.917
us6000pyp3,2025-03-13 21:20:05.314000+00:00,2025-05-17T19:19:57.040Z,33.0503,76.6596,10.0,5.1,mww,107.0,6.0,44.0,5.607,0.56,earthquake,"50 km SSW of Padam, India",0.127,7.35,1.811
us6000pybb,2025-03-12 14:01:45.151000+00:00,2025-05-17T19:19:56.040Z,24.6021,94.6563,84.222,4.2,mb,44.0,34.0,112.0,3.389,0.42,earthquake,"60 km E of Wangjing, India",0.09,10.16,7.598
us6000pyak,2025-03-12 10:02:21.672000+00:00,2025-05-17T19:19:56.040Z,6.9012,92.4701,10.0,4.8,mb,63.0,50.0,139.0,4.732,0.67,earthquake,"Nicobar Islands, India region",0.078,6.68,1.834
us6000py97,2025-03-12 05:42:11.676000+00:00,2025-05-17T19:19:56.040Z,6.9701,92.5548,23.0,6.0,mww,139.0,25.0,41.0,4.659,1.0,earthquake,"Nicobar Islands, India region",0.062,7.33,1.798
us6000pxru,2025-03-09 07:55:14.441000+00:00,2025-05-16T17:30:03.040Z,24.9377,95.3301,133.124,4.3,mb,40.0,31.0,138.0,3.734,0.91,earthquake,"116 km SE of Phek, India",0.095,11.06,8.143
us6000pwzr,2025-03-05 06:50:41.588000+00:00,2025-05-16T17:30:01.040Z,24.5601,94.6184,78.769,4.3,mb,55.0,37.0,101.0,3.35,0.57,earthquake,"56 km E of Wangjing, India",0.087,10.3,7.342
us6000pwz6,2025-03-05 05:36:35.568000+00:00,2025-05-16T17:30:01.040Z,24.5491,94.6954,88.157,5.4,mww,133.0,19.0,43.0,3.334,0.7,earthquake,"64 km E of Wangjing, India",0.071,6.73,4.711
us6000pyem,2025-03-03 04:45:58.185000+00:00,2025-05-08T19:24:48.040Z,24.9209,95.5418,144.457,4.1,mb,42.0,29.0,113.0,3.742,0.58,earthquake,"133 km SE of Phek, India",0.097,10.51,8.516
us6000pw15,2025-02-28 10:05:45.867000+00:00,2025-05-08T19:24:42.040Z,27.4538,92.6469,49.904,4.4,mb,60.0,52.0,95.0,2.609,0.54,earthquake,"30 km NE of Bomdila, India",0.075,7.99,6.961
us6000pvpc,2025-02-26 20:55:36.821000+00:00,2025-05-08T19:24:41.040Z,26.3002,92.3408,10.0,5.3,mb,117.0,284.0,71.0,3.556,0.66,earthquake,"5 km N of Morigaon, India",0.034,9.24,1.771
us6000pv8n,2025-02-25 00:40:20.779000+00:00,2025-11-21T05:07:32.284Z,19.2977,88.4613,10.0,5.1,mww,130.0,10.0,95.0,6.35,0.85,earthquake,"224 km ESE of Paradip Garh, India",0.098,10.7,1.902
us6000pwme,2025-02-22 20:25:23.131000+00:00,2025-05-06T21:39:14.040Z,13.2754,91.4476,10.0,4.4,mb,26.0,12.0,94.0,2.048,0.73,earthquake,"222 km NW of Bamboo Flat, India",0.156,7.85,1.899
us7000pewd,2025-02-20 06:02:58.563000+00:00,2025-05-06T21:39:16.040Z,25.7977,90.6738,10.0,4.3,mb,34.0,25.0,154.0,3.911,0.99,earthquake,"42 km S of Goalpara, India",0.106,7.77,1.852
us7000pe5z,2025-02-17 00:06:52.349000+00:00,2025-07-22T14:18:57.743Z,28.5887,77.1025,10.0,4.2,mb,32.0,17.0,204.0,7.258,0.61,earthquake,"10 km SSE of Nangloi Jat, India",0.128,7.96,1.946
us7000pcnh,2025-02-10 15:45:17.514000+00:00,2025-04-26T14:47:06.040Z,34.0791,77.9906,10.0,4.4,mb,36.0,21.0,142.0,7.342,0.48,earthquake,"38 km ESE of Leh, India",0.117,6.26,1.927
us7000pc5t,2025-02-01 12:46:34.402000+00:00,2025-04-15T20:55:33.040Z,23.757,93.6375,62.526,4.1,mb,19.0,8.0,167.0,2.801,0.97,earthquake,"63 km S of Churachandpur, India",0.184,8.11,10.944
us7000pc5s,2025-02-01 12:41:00.066000+00:00,2025-04-15T20:55:33.040Z,23.9786,93.7854,58.87,4.5,mb,27.0,17.0,157.0,2.951,0.65,earthquake,"41 km SSE of Churachandpur, India",0.131,13.11,9.315
us7000pc3s,2025-01-31 09:40:38.181000+00:00,2025-04-15T20:55:33.040Z,30.0361,94.1474,10.0,4.4,mb,48.0,36.0,60.0,2.644,0.69,earthquake,"168 km N of Shi Yomi, India",0.089,5.93,1.877
us6000plzm,2025-01-24 05:59:17.789000+00:00,2025-04-08T22:00:59.040Z,28.8632,87.5218,10.0,4.6,mb,67.0,66.0,97.0,2.243,0.52,earthquake,Southern Tibetan Plateau,0.067,9.84,1.865
us6000plwf,2025-01-23 19:23:36.273000+00:00,2025-04-08T22:00:58.040Z,24.6223,95.093,117.542,5.0,mb,127.0,243.0,25.0,3.404,0.59,earthquake,"104 km E of Wangjing, India",0.036,7.82,6.114
us6000plmk,2025-01-22 17:12:37.363000+00:00,2025-04-08T22:00:57.040Z,33.4365,75.8244,10.0,4.2,mb,30.0,12.0,165.0,5.016,0.61,earthquake,"14 km NNE of Kishtwar, India",0.153,10.96,1.936
us6000pll1,2025-01-22 15:27:46.576000+00:00,2025-04-08T22:00:57.040Z,24.6742,93.1241,35.0,4.4,mb,57.0,42.0,85.0,3.827,0.51,earthquake,"17 km SE of Lakhipur, India",0.083,10.18,1.933
us6000plkg,2025-01-22 11:30:24.705000+00:00,2025-04-08T22:00:57.040Z,28.6745,87.6268,10.0,4.2,mb,42.0,32.0,113.0,2.247,0.51,earthquake,Southern Tibetan Plateau,0.093,5.54,1.888
us6000plds,2025-01-21 07:04:00.391000+00:00,2025-03-29T22:12:45.040Z,25.2695,91.2966,10.0,4.4,mb,54.0,40.0,97.0,4.419,0.86,earthquake,"27 km S of Nongstoin, India",0.085,8.83,1.882
us6000plca,2025-01-21 00:14:17.923000+00:00,2025-03-29T22:12:45.040Z,28.3525,87.488,10.0,4.8,mb,66.0,119.0,74.0,2.028,0.66,earthquake,Southern Tibetan Plateau,0.051,8.27,1.847
us6000plbf,2025-01-20 21:03:11.864000+00:00,2025-03-29T22:12:45.040Z,28.3855,87.5651,10.0,5.0,mb,95.0,194.0,39.0,2.102,0.7,earthquake,Southern Tibetan Plateau,0.041,8.6,1.799
us6000plaw,2025-01-20 18:39:46.595000+00:00,2025-03-29T22:12:44.040Z,34.0562,78.5487,10.0,4.3,mb,49.0,29.0,95.0,5.544,0.71,earthquake,"89 km E of Leh, India",0.099,8.5,1.866
us6000pl7i,2025-01-20 11:34:22.857000+00:00,2025-03-29T22:12:44.040Z,7.3869,91.5233,10.0,4.3,mb,22.0,12.0,197.0,8.538,0.36,earthquake,"Nicobar Islands, India region",0.161,12.78,1.956
us6000pl7f,2025-01-20 11:20:36.839000+00:00,2025-03-29T22:12:44.040Z,7.4323,91.5683,10.0,5.3,mww,109.0,11.0,33.0,5.777,0.63,earthquake,"Nicobar Islands, India region",0.093,6.85,1.731
us6000pl6c,2025-01-20 05:57:10.327000+00:00,2025-03-29T22:12:44.040Z,10.0412,91.6307,10.0,5.0,mb,114.0,93.0,85.0,7.114,0.46,earthquake,"217 km SW of Port Blair, India",0.058,9.09,1.863
us6000pl3u,2025-01-19 17:56:44.997000+00:00,2025-03-29T22:12:44.040Z,28.3527,87.5481,10.0,4.5,mb,77.0,71.0,106.0,2.079,0.67,earthquake,Southern Tibetan Plateau,0.064,5.36,1.822
us6000pkzi,2025-01-18 20:01:47.716000+00:00,2025-03-29T22:12:43.040Z,24.4445,95.1109,128.424,4.5,mb,59.0,42.0,52.0,3.229,0.68,earthquake,"107 km E of Wangjing, India",0.084,9.53,7.598
us6000pkyi,2025-01-18 16:26:31.499000+00:00,2025-03-29T22:12:42.040Z,28.6435,87.4691,10.0,4.6,mb,91.0,115.0,43.0,2.107,0.59,earthquake,Southern Tibetan Plateau,0.053,7.71,1.848
us6000pky9,2025-01-18 15:36:54.487000+00:00,2025-03-29T22:12:42.040Z,28.4323,87.6046,10.0,4.8,mb,139.0,171.0,39.0,2.149,0.48,earthquake,Southern Tibetan Plateau,0.044,7.3,1.83
us6000pkch,2025-01-16 05:18:46.581000+00:00,2025-03-29T22:12:40.040Z,29.1529,87.5413,10.0,4.0,mb,23.0,16.0,103.0,2.405,0.76,earthquake,Southern Tibetan Plateau,0.13,9.82,1.928
us6000pkc3,2025-01-16 03:20:02.464000+00:00,2025-03-29T22:12:40.040Z,28.7777,87.4095,10.0,4.9,mb,100.0,95.0,84.0,2.116,0.83,earthquake,Southern Tibetan Plateau,0.058,9.28,1.902
us6000pkbz,2025-01-16 02:57:22.808000+00:00,2025-03-29T22:12:40.040Z,29.1378,87.4391,10.0,4.1,mb,34.0,26.0,98.0,2.322,1.07,earthquake,Southern Tibetan Plateau,0.103,9.08,1.918
us6000pk9g,2025-01-15 20:50:52.766000+00:00,2025-03-29T22:12:40.040Z,29.0382,87.4195,10.0,4.4,mb,91.0,73.0,100.0,2.253,0.75,earthquake,Southern Tibetan Plateau,0.063,9.2,1.85
us6000pjq9,2025-01-13 15:44:42.737000+00:00,2025-03-20T20:55:22.040Z,28.4247,87.169,10.0,4.6,mb,82.0,84.0,130.0,3.692,0.81,earthquake,Southern Tibetan Plateau,0.06,9.38,1.815
us6000pjq4,2025-01-13 15:19:08.303000+00:00,2025-03-20T20:55:22.040Z,28.4558,87.2761,10.0,4.3,mb,67.0,51.0,107.0,3.593,0.6,earthquake,Southern Tibetan Plateau,0.075,8.76,1.834
us6000pjpb,2025-01-13 12:58:22.257000+00:00,2025-03-20T20:55:21.040Z,28.4815,87.4058,10.0,5.1,mb,90.0,63.0,39.0,3.477,1.01,earthquake,Southern Tibetan Plateau,0.072,4.03,1.766
us6000pjp9,2025-01-13 12:57:37.995000+00:00,2025-03-20T20:55:21.040Z,28.405,87.3079,10.0,5.0,mb,115.0,113.0,35.0,3.585,1.11,earthquake,Southern Tibetan Plateau,0.053,8.04,1.772
us6000pjjb,2025-01-12 09:54:01.572000+00:00,2025-03-20T20:55:13.040Z,28.6622,87.4427,10.0,4.5,mb,58.0,58.0,132.0,3.385,0.53,earthquake,Southern Tibetan Plateau,0.071,10.37,1.892
us6000pizl,2025-01-09 17:56:20.765000+00:00,2025-03-20T20:54:56.040Z,28.5908,87.2468,10.0,4.4,mb,53.0,51.0,95.0,3.571,0.54,earthquake,Southern Tibetan Plateau,0.075,10.46,1.884
us6000pis4,2025-01-09 00:34:16.830000+00:00,2025-03-20T20:54:51.040Z,32.6731,88.3629,10.0,4.4,mb,43.0,41.0,142.0,12.341,0.53,earthquake,Tibetan Plateau,0.084,13.17,1.924
us6000pla1,2025-01-08 18:48:22.198000+00:00,2025-03-20T20:55:32.040Z,28.5155,87.1736,10.0,4.0,mb,21.0,15.0,174.0,3.657,0.96,earthquake,Southern Tibetan Plateau,0.134,13.43,1.953
us6000pil5,2025-01-08 15:54:26.628000+00:00,2025-03-20T20:54:49.040Z,28.5177,87.2838,10.0,4.2,mb,30.0,27.0,97.0,3.565,0.84,earthquake,Southern Tibetan Plateau,0.101,8.14,1.926
us6000pl9t,2025-01-08 11:04:44.590000+00:00,2025-03-20T20:55:32.040Z,28.1006,87.2618,10.0,4.2,mb,39.0,31.0,159.0,3.746,0.97,earthquake,Southern Tibetan Plateau,0.095,10.6,1.929
us6000pij8,2025-01-08 07:08:53.950000+00:00,2025-03-20T20:54:47.040Z,28.9617,87.4953,10.0,4.2,mb,36.0,25.0,155.0,3.256,0.89,earthquake,Southern Tibetan Plateau,0.106,10.86,1.909
us6000piij,2025-01-08 03:51:21.676000+00:00,2025-03-20T20:54:46.040Z,28.4359,87.3648,10.0,5.0,mb,133.0,127.0,39.0,3.527,0.81,earthquake,Southern Tibetan Plateau,0.05,8.4,1.839
us6000piia,2025-01-08 01:43:42.281000+00:00,2025-03-20T20:54:45.040Z,28.3995,87.2967,10.0,4.2,mb,39.0,40.0,101.0,3.597,0.98,earthquake,Southern Tibetan Plateau,0.083,6.83,1.801
us6000pihp,2025-01-08 00:08:19.912000+00:00,2025-03-20T20:54:44.040Z,28.753,87.234,10.0,4.1,mb,28.0,27.0,158.0,3.532,0.71,earthquake,Southern Tibetan Plateau,0.101,6.4,1.895
us6000pigg,2025-01-07 19:52:52.207000+00:00,2025-03-17T21:35:13.040Z,28.7108,87.3437,10.0,4.5,mb,78.0,66.0,129.0,3.452,0.98,earthquake,Southern Tibetan Plateau ,0.067,9.88,1.85
us6000pkrg,2025-01-07 17:36:01.453000+00:00,2025-03-17T21:35:12.040Z,28.6137,87.2674,10.0,4.3,mb,32.0,23.0,160.0,3.546,0.99,earthquake,Southern Tibetan Plateau,0.111,10.78,1.892
us6000pif3,2025-01-07 14:04:11.394000+00:00,2025-03-17T21:35:10.040Z,28.5578,87.335,10.0,4.3,mb,61.0,65.0,152.0,3.509,0.49,earthquake,Southern Tibetan Plateau,0.068,9.71,1.84
us6000pif0,2025-01-07 13:29:35.125000+00:00,2025-03-17T21:35:10.040Z,28.5993,87.2148,10.0,4.6,mb,126.0,125.0,49.0,3.595,0.52,earthquake,Southern Tibetan Plateau ,0.049,8.42,1.626
us6000piey,2025-01-07 13:07:39.770000+00:00,2025-03-17T21:35:09.040Z,28.7491,87.5188,10.0,4.1,mb,41.0,47.0,155.0,3.294,0.83,earthquake,Southern Tibetan Plateau,0.076,9.26,1.911
us6000piev,2025-01-07 12:22:15.965000+00:00,2025-03-17T21:35:09.040Z,28.2839,87.2233,10.0,4.2,mb,37.0,44.0,104.0,3.701,0.61,earthquake,Southern Tibetan Plateau,0.08,8.91,1.584
us6000pid2,2025-01-07 07:54:10.361000+00:00,2025-03-17T21:35:07.040Z,28.5853,87.4505,10.0,4.4,mb,57.0,43.0,91.0,3.404,1.14,earthquake,Southern Tibetan Plateau,0.082,9.74,1.902
us6000pick,2025-01-07 05:57:16.316000+00:00,2025-03-17T21:35:06.040Z,28.8918,87.5814,10.0,4.6,mb,80.0,63.0,87.0,3.201,1.09,earthquake,Southern Tibetan Plateau,0.069,9.04,1.818
us6000pkqa,2025-01-07 04:59:31.942000+00:00,2025-03-17T21:35:06.040Z,28.1957,87.1543,10.0,4.1,mb,19.0,13.0,175.0,3.792,1.04,earthquake,Southern Tibetan Plateau,0.145,15.05,1.951
us6000pkqb,2025-01-07 04:58:52.838000+00:00,2025-03-17T21:35:06.040Z,28.635,87.1452,10.0,4.1,mb,11.0,9.0,178.0,3.642,0.25,earthquake,Southern Tibetan Plateau,0.174,10.59,1.925
us6000pkq6,2025-01-07 04:34:18.602000+00:00,2025-03-17T21:35:06.040Z,28.7006,87.3172,10.0,4.0,mb,14.0,11.0,184.0,3.478,0.54,earthquake,Southern Tibetan Plateau,0.156,7.42,1.955
us6000pkq2,2025-01-07 03:57:59.624000+00:00,2025-03-17T21:35:05.040Z,28.6419,87.2925,10.0,4.2,mb,22.0,14.0,169.0,3.516,0.73,earthquake,Southern Tibetan Plateau,0.141,13.85,1.942
us6000pkq3,2025-01-07 03:52:43.923000+00:00,2025-03-17T21:35:05.040Z,28.9296,87.5006,10.0,4.2,mb,38.0,27.0,163.0,3.26,0.51,earthquake,Southern Tibetan Plateau,0.102,7.98,1.924
us6000pic2,2025-01-07 03:45:54.911000+00:00,2025-03-17T21:35:05.040Z,28.6558,87.3207,10.0,4.5,mb,93.0,91.0,46.0,3.489,0.45,earthquake,Southern Tibetan Plateau,0.057,9.54,1.859
us6000pic1,2025-01-07 03:41:11.608000+00:00,2025-03-17T21:35:05.040Z,28.908,87.4268,10.0,4.4,mb,56.0,51.0,142.0,3.328,0.49,earthquake,Southern Tibetan Plateau,0.075,10.52,1.897
us6000pibw,2025-01-07 03:27:31.787000+00:00,2025-03-17T21:35:05.040Z,29.0441,87.3622,10.0,4.4,mb,50.0,52.0,153.0,3.351,0.75,earthquake,Southern Tibetan Plateau,0.075,11.25,1.912
us6000pibs,2025-01-07 03:19:33.899000+00:00,2025-03-17T21:35:04.040Z,28.7212,87.2266,10.0,4.3,mb,35.0,34.0,159.0,3.548,0.73,earthquake,Southern Tibetan Plateau,0.091,11.35,1.936
us6000pibj,2025-01-07 02:34:51.074000+00:00,2025-03-17T21:35:04.040Z,28.5677,87.3881,10.0,4.4,mb,46.0,43.0,97.0,3.461,0.57,earthquake,Southern Tibetan Plateau,0.082,10.06,1.909
us6000pibd,2025-01-07 02:22:44.323000+00:00,2025-03-17T21:35:03.040Z,28.6661,87.2813,10.0,4.3,mb,48.0,46.0,150.0,3.518,0.71,earthquake,Southern Tibetan Plateau,0.078,11.5,1.896
us6000piba,2025-01-07 02:14:28.496000+00:00,2025-03-17T21:35:03.040Z,33.4365,87.154,10.975,4.9,mb,91.0,84.0,81.0,5.034,0.54,earthquake,Tibetan Plateau,0.061,8.63,4.151
us6000pib7,2025-01-07 01:59:48.239000+00:00,2025-03-17T21:35:02.040Z,28.779,87.3465,10.0,4.6,mb,75.0,80.0,97.0,3.43,0.77,earthquake,Southern Tibetan Plateau,0.061,9.96,1.888
us6000piav,2025-01-07 01:43:49.062000+00:00,2025-03-17T21:35:02.040Z,28.3885,87.2633,10.0,4.9,mb,96.0,94.0,93.0,3.628,0.72,earthquake,Southern Tibetan Plateau,0.058,6.38,1.869
us6000piar,2025-01-07 01:37:13.647000+00:00,2025-03-17T21:35:02.040Z,28.7969,87.2321,10.0,5.0,mb,88.0,82.0,44.0,3.522,0.68,earthquake,Southern Tibetan Plateau,0.062,9.31,1.802
us6000piap,2025-01-07 01:31:59.676000+00:00,2025-03-17T21:35:01.040Z,28.8053,87.608,10.0,4.9,mb,91.0,82.0,96.0,3.203,0.53,earthquake,Southern Tibetan Plateau,0.062,9.49,1.796
us6000piak,2025-01-07 01:24:25.911000+00:00,2025-03-17T21:35:01.040Z,28.4845,87.4575,10.0,5.0,mb,110.0,106.0,88.0,3.434,0.51,earthquake,Southern Tibetan Plateau,0.056,9.47,1.852
us6000pia7,2025-01-07 01:13:27.197000+00:00,2025-03-17T21:35:00.040Z,28.4421,87.4659,10.0,5.2,mb,72.0,63.0,82.0,3.443,0.6,earthquake,Southern Tibetan Plateau,0.072,9.27,1.856
us6000pi9w,2025-01-07 01:05:16.734000+00:00,2025-08-11T06:50:22.632Z,28.6036,87.3781,10.0,7.1,mww,315.0,63.0,17.0,3.458,0.56,earthquake,2025 Southern Tibetan Plateau Earthquake,0.039,8.15,1.74
us6000pi9m,2025-01-07 00:11:50.965000+00:00,2025-03-17T21:35:00.040Z,28.9374,87.2187,10.0,4.2,mb,30.0,29.0,218.0,3.498,0.89,earthquake,Southern Tibetan Plateau,0.098,14.03,1.999
us6000pi67,2025-01-06 15:26:46.849000+00:00,2025-03-17T21:34:56.040Z,33.4298,87.0306,10.0,5.2,mb,124.0,157.0,36.0,5.101,0.75,earthquake,Tibetan Plateau,0.046,8.33,1.777
us6000pkn9,2025-01-06 07:34:21.777000+00:00,2025-03-17T21:34:53.040Z,26.7009,96.9229,10.0,4.5,mb,100.0,81.0,40.0,5.77,0.56,earthquake,"55 km NNE of Sarupathar, India",0.06,8.43,1.863
us6000phdf,2025-01-03 04:32:38.138000+00:00,2025-03-17T21:34:23.040Z,24.9577,95.5118,154.635,5.0,mb,84.0,68.0,63.0,3.775,0.69,earthquake,"128 km SE of Phek, India",0.069,7.39,6.46
us6000ph03,2025-01-02 04:25:53.887000+00:00,2025-03-17T21:34:13.040Z,8.4787,93.6311,10.0,4.4,mb,20.0,11.0,116.0,7.243,0.88,earthquake,"Nicobar Islands, India region",0.162,13.3,1.955
us6000piwf,2024-12-28 07:02:12.064000+00:00,2025-03-08T22:39:16.040Z,28.3716,86.7157,10.0,4.0,mb,13.0,7.0,188.0,4.084,0.42,earthquake,Southern Tibetan Plateau,0.196,12.46,1.851
us6000piwc,2024-12-28 06:05:48.771000+00:00,2025-03-08T22:39:16.040Z,28.2962,87.0514,10.0,4.2,mb,21.0,16.0,237.0,3.836,0.59,earthquake,Southern Tibetan Plateau,0.132,14.03,2.006
us6000pfxt,2024-12-27 15:37:04.335000+00:00,2025-03-08T22:39:11.040Z,34.5055,74.1714,64.259,4.3,mb,23.0,15.0,132.0,4.159,0.77,earthquake,"36 km NNW of Baramula, India",0.138,3.24,7.343
us7000p0t5,2024-12-22 22:37:37.577000+00:00,2025-02-27T17:30:55.040Z,29.1852,95.1793,10.0,4.0,mb,19.0,16.0,166.0,3.571,0.89,earthquake,"107 km NE of Shi Yomi, India",0.13,13.41,1.947
us7000p0cq,2024-12-20 15:42:43.959000+00:00,2025-02-27T17:30:53.040Z,10.8051,95.5221,10.0,4.5,mb,18.0,19.0,89.0,4.5,0.83,earthquake,"Andaman Islands, India region",0.139,7.51,1.869
us7000nzs7,2024-12-18 10:53:06.485000+00:00,2025-02-27T17:30:52.040Z,34.2703,78.7475,10.0,4.4,mb,36.0,26.0,106.0,4.595,0.69,earthquake,"107 km E of Leh, India",0.106,10.13,1.906
us7000nz9t,2024-12-16 14:10:33.722000+00:00,2025-02-27T17:30:50.040Z,25.6193,90.5843,10.0,4.3,mb,32.0,22.0,158.0,4.097,0.79,earthquake,"40 km ENE of Tura, India",0.114,6.76,1.752
us7000nyrk,2024-12-14 01:05:29.137000+00:00,2025-02-18T20:02:58.040Z,25.9364,96.5936,10.0,4.4,mb,40.0,28.0,111.0,4.954,0.46,earthquake,"36 km SW of Sarupathar, India",0.101,7.37,1.906
us6000ph1n,2024-12-11 00:38:28.651000+00:00,2025-02-18T20:02:54.040Z,12.2024,92.228,10.0,4.4,mb,25.0,17.0,112.0,7.055,0.63,earthquake,"76 km NW of Bamboo Flat, India",0.13,9.87,1.869
us7000nwya,2024-12-07 22:07:48.222000+00:00,2025-02-15T18:30:52.040Z,29.4107,94.8752,37.112,4.5,mb,58.0,39.0,81.0,3.278,0.85,earthquake,"109 km NNE of Shi Yomi, India",0.087,7.9,8.05
us7000nwwm,2024-12-07 17:08:36.129000+00:00,2025-02-15T18:30:47.040Z,30.2844,80.3295,35.0,4.0,mb,38.0,28.0,118.0,4.99,0.88,earthquake,"51 km NNW of Dharchula, India",0.102,8.65,1.94
us7000nzth,2024-12-05 07:58:38.172000+00:00,2025-02-15T18:31:33.040Z,12.3831,92.1816,10.0,4.4,mb,15.0,5.0,74.0,7.042,0.42,earthquake,"95 km NW of Bamboo Flat, India",0.241,10.36,1.952
us7000nztg,2024-12-05 04:30:48.822000+00:00,2025-02-15T18:31:33.040Z,11.1885,93.2077,81.873,4.3,mb,21.0,12.0,183.0,6.572,0.52,earthquake,"72 km SE of Port Blair, India",0.154,7.27,9.391
us7000nvs3,2024-12-04 01:56:58.775000+00:00,2025-02-15T18:29:21.040Z,18.4471,80.3296,10.0,5.0,mb,108.0,92.0,51.0,9.992,0.65,earthquake,"49 km NE of Mulugu, India",0.059,7.19,1.862
us7000numd,2024-11-28 01:52:59.710000+00:00,2025-02-02T00:52:53.040Z,25.3723,94.8209,105.396,4.3,mb,35.0,22.0,109.0,4.148,0.66,earthquake,"45 km SE of Phek, India",0.114,9.32,7.472
us7000nuhz,2024-11-27 12:50:07.302000+00:00,2025-02-02T00:52:31.040Z,24.6737,93.5219,57.065,4.3,mb,36.0,24.0,75.0,3.683,0.55,earthquake,"32 km NW of Moirang, India",0.109,9.84,5.834
us6000p7ad,2024-11-23 17:35:06.040000+00:00,2025-01-30T17:00:33.040Z,25.0441,92.7769,59.18,4.2,mb,47.0,39.0,111.0,4.298,0.86,earthquake,"24 km N of Silchar, India",0.089,11.2,6.792
us7000nw5n,2024-11-20 04:21:33.100000+00:00,2025-01-30T17:00:36.040Z,12.4768,93.1336,74.037,4.7,mb,24.0,19.0,136.0,6.129,0.57,earthquake,"97 km NNE of Bamboo Flat, India",0.126,13.7,8.209
us7000nvux,2024-11-18 06:27:31.689000+00:00,2025-01-30T17:00:35.040Z,26.3299,96.0,123.626,4.0,mb,33.0,22.0,113.0,5.196,0.78,earthquake,"82 km W of Sarupathar, India",0.113,12.55,6.881
us7000nsb1,2024-11-17 19:00:06.698000+00:00,2025-01-26T16:30:40.040Z,35.9951,77.0783,10.0,4.2,mb,30.0,12.0,237.0,5.176,0.74,earthquake,"121 km NNE of Thang, India",0.152,12.52,1.999
us7000nsad,2024-11-15 16:45:36.582000+00:00,2025-01-26T16:30:38.040Z,23.6308,72.0385,10.0,4.1,mb,30.0,23.0,162.0,15.179,0.81,earthquake,"11 km SW of Chanasma, India",0.109,11.69,1.917
us7000nuy3,2024-11-14 09:37:05.117000+00:00,2025-01-26T16:31:01.040Z,11.9804,92.8301,56.21,4.6,mb,26.0,16.0,96.0,6.58,0.27,earthquake,"33 km NNE of Bamboo Flat, India",0.14,11.52,8.713
us7000nus8,2024-11-12 10:42:41.806000+00:00,2025-01-26T16:30:51.040Z,10.4607,92.691,35.0,4.4,mb,28.0,22.0,120.0,6.692,0.46,earthquake,"133 km S of Port Blair, India",0.13,10.61,1.946
us7000nrbv,2024-11-12 08:30:35.294000+00:00,2025-01-26T16:29:22.040Z,27.4254,88.33,10.0,4.4,mb,50.0,35.0,143.0,2.733,0.79,earthquake,"16 km NNE of Gyalshing, India",0.09,9.58,1.871
us7000np67,2024-10-31 12:05:18.580000+00:00,2025-01-16T18:45:45.040Z,11.0836,93.7859,160.976,4.2,mb,27.0,14.0,107.0,6.041,0.49,earthquake,"130 km ESE of Port Blair, India",0.146,11.62,8.566
us7000ns0n,2024-10-29 03:52:27.771000+00:00,2025-01-16T18:48:25.040Z,11.1211,88.4428,10.0,4.3,mb,18.0,10.0,115.0,8.243,0.77,earthquake,Bay of Bengal,0.168,5.12,1.929
us7000nnml,2024-10-28 13:08:36.561000+00:00,2025-01-16T18:44:24.040Z,27.8841,94.0163,10.0,4.7,mb,57.0,52.0,98.0,6.699,0.61,earthquake,"36 km NNE of Ziro, India",0.076,9.78,1.891
us7000nqmm,2024-10-20 10:00:01.194000+00:00,2024-12-26T23:03:53.040Z,13.8634,92.8425,17.641,4.7,mb,24.0,14.0,102.0,6.114,1.06,earthquake,"239 km N of Bamboo Flat, India",0.147,9.86,4.143
us6000nyde,2024-10-13 02:17:29.478000+00:00,2025-01-24T02:12:44.006Z,26.7107,92.2692,10.0,4.4,mb,35.0,34.0,74.0,6.316,0.62,earthquake,"17 km ESE of Udalguri, India",0.092,12.45,1.929
us6000nxqc,2024-10-10 01:10:38.951000+00:00,2024-12-23T15:46:28.040Z,12.2283,93.8736,156.02,4.2,mb,34.0,19.0,91.0,1.243,1.03,earthquake,"137 km ENE of Port Blair, India",0.121,8.41,8.508
us7000nn60,2024-10-07 03:12:19.394000+00:00,2024-12-23T15:47:37.040Z,9.257,93.9723,9.961,4.2,mb,13.0,8.0,257.0,6.549,0.26,earthquake,"298 km SSE of Port Blair, India",0.187,19.72,8.448
us7000nmmz,2024-10-02 09:12:03.300000+00:00,2024-12-14T14:51:15.040Z,24.4783,94.5004,111.078,4.4,mb,26.0,22.0,94.0,3.28,0.5,earthquake,"45 km ESE of Wangjing, India",0.114,8.68,9.114
us7000nmfx,2024-10-01 19:05:28.054000+00:00,2024-12-14T14:51:10.040Z,11.348,93.901,177.767,4.1,mb,24.0,14.0,85.0,5.874,0.54,earthquake,"130 km ESE of Port Blair, India",0.14,12.16,5.435
us7000nmel,2024-09-30 08:06:58.239000+00:00,2024-12-14T14:51:04.040Z,21.343,77.2016,10.0,4.4,mb,44.0,32.0,118.0,9.762,0.41,earthquake,"22 km NNW of Anjangaon, India",0.098,11.38,1.918
us6000p02u,2024-09-29 08:39:06.984000+00:00,2024-12-06T19:30:14.040Z,10.1076,92.9732,78.618,4.3,mb,24.0,18.0,145.0,1.555,0.57,earthquake,"174 km S of Port Blair, India",0.126,13.02,8.111
us7000ngj5,2024-09-26 11:00:47.109000+00:00,2025-09-14T11:32:14.211Z,25.9261,92.5119,10.0,4.3,mb,31.0,25.0,146.0,5.191,1.2,earthquake,"34 km S of Raha, India",0.107,13.69,1.914
us6000nu1i,2024-09-24 09:24:24.060000+00:00,2024-12-06T19:30:13.040Z,12.6154,93.5592,86.076,4.6,mb,75.0,60.0,67.0,5.691,0.36,earthquake,"136 km NE of Bamboo Flat, India",0.071,10.11,6.557
us7000nguk,2024-09-23 19:03:59.562000+00:00,2024-12-06T19:30:17.040Z,20.7407,89.4934,10.0,4.2,mb,29.0,19.0,171.0,8.009,0.83,earthquake,"173 km SSE of Gosaba, India",0.121,8.87,1.785
us7000ngu7,2024-09-23 02:50:11.148000+00:00,2024-12-06T19:30:17.040Z,10.6333,91.5652,10.0,4.6,mb,29.0,9.0,58.0,8.267,0.47,earthquake,"172 km SW of Port Blair, India",0.182,9.58,1.82
us6000ntin,2024-09-21 18:42:21.342000+00:00,2024-11-23T23:26:38.040Z,10.4981,91.6346,10.0,4.3,mb,37.0,21.0,107.0,8.233,0.6,earthquake,"177 km SW of Port Blair, India",0.132,9.23,1.892
us6000nti2,2024-09-21 16:41:36.445000+00:00,2024-11-23T23:26:36.040Z,10.5828,91.6213,10.0,4.9,mb,130.0,114.0,35.0,7.49,0.66,earthquake,"171 km SW of Port Blair, India",0.054,8.52,1.747
us6000nszv,2024-09-19 05:20:57.102000+00:00,2024-11-23T23:25:59.040Z,10.461,91.6084,10.0,5.2,mww,170.0,19.0,45.0,7.415,0.49,earthquake,"182 km SW of Port Blair, India",0.071,7.6,1.829
us6000nt2t,2024-09-17 20:02:04.835000+00:00,2024-11-23T23:26:08.040Z,12.3234,92.4484,10.0,4.3,mb,20.0,8.0,164.0,6.812,0.9,earthquake,"74 km NNW of Bamboo Flat, India",0.188,12.38,1.915
us6000nt2g,2024-09-17 04:22:57.909000+00:00,2024-11-23T23:26:06.040Z,8.8806,90.5829,10.0,4.6,mb,35.0,15.0,103.0,9.729,0.72,earthquake,"Nicobar Islands, India region",0.145,8.0,1.844
us7000nds7,2024-09-14 10:56:45.207000+00:00,2024-11-21T22:58:57.040Z,6.185,92.1763,10.0,4.9,mb,67.0,69.0,74.0,4.841,0.79,earthquake,"Nicobar Islands, India region",0.067,9.34,1.863
us6000nytj,2024-09-13 13:55:31.930000+00:00,2024-11-21T22:58:53.040Z,11.7376,95.1008,10.0,4.2,mb,12.0,7.0,168.0,4.647,0.25,earthquake,"256 km E of Port Blair, India",0.199,12.88,1.953
us7000ndh5,2024-09-13 09:22:52.460000+00:00,2024-11-21T22:58:56.040Z,11.6903,95.0031,10.0,4.7,mb,74.0,58.0,43.0,2.213,0.47,earthquake,"246 km E of Port Blair, India",0.073,7.01,1.841
us6000nnzf,2024-09-01 03:42:49.557000+00:00,2024-11-09T21:18:59.040Z,8.1965,91.7229,10.0,5.2,mww,113.0,20.0,62.0,5.967,0.9,earthquake,"Nicobar Islands, India region",0.069,6.83,1.68
us6000nn5y,2024-08-28 03:55:42.946000+00:00,2024-11-09T21:18:33.040Z,8.7146,93.8405,87.199,4.6,mb,38.0,27.0,64.0,3.115,0.95,earthquake,"Nicobar Islands, India region",0.105,6.85,7.528
us7000n9ak,2024-08-25 09:21:25.503000+00:00,2024-11-02T21:29:03.040Z,10.2045,93.8221,10.0,4.7,mb,25.0,12.0,164.0,6.274,0.69,earthquake,"199 km SE of Port Blair, India",0.159,11.64,1.915
us7000ndjh,2024-08-21 16:45:24.944000+00:00,2024-11-02T21:29:26.040Z,13.3206,93.1216,27.18,4.5,mb,40.0,26.0,53.0,5.924,0.99,earthquake,"184 km NNE of Bamboo Flat, India",0.107,9.32,5.572
us7000ndja,2024-08-21 13:16:15.518000+00:00,2024-11-02T21:29:24.040Z,11.3998,93.7376,117.226,4.3,mb,31.0,18.0,85.0,8.632,0.81,earthquake,"112 km ESE of Port Blair, India",0.126,8.87,8.218
us7000n826,2024-08-20 01:22:26.354000+00:00,2025-03-13T21:31:34.843Z,34.1873,74.2881,13.738,4.5,mwr,97.0,24.0,42.0,1.003,0.54,earthquake,"5 km WSW of Baramula, India",0.063,7.13,3.315
us7000n823,2024-08-20 01:15:55.090000+00:00,2024-11-02T21:28:28.040Z,34.1613,74.2677,14.076,5.1,mb,112.0,209.0,33.0,0.975,0.64,earthquake,"8 km SW of Baramula, India",0.039,6.04,1.842
us7000n729,2024-08-14 23:06:45.518000+00:00,2024-10-26T15:48:34.040Z,25.1793,94.6614,10.0,4.2,mb,47.0,30.0,101.0,3.719,0.65,earthquake,"56 km SSE of Phek, India",0.096,9.84,1.901
us6000nj06,2024-08-09 01:27:10.980000+00:00,2024-10-24T17:57:38.040Z,27.1586,88.1937,35.0,4.5,mb,68.0,108.0,77.0,2.667,0.88,earthquake,"5 km NW of Naya Bazar, India",0.053,8.52,1.557
us7000n76l,2024-07-30 01:33:35.216000+00:00,2024-10-11T19:39:11.040Z,13.2054,93.5461,47.094,4.5,mb,26.0,16.0,132.0,5.543,0.56,earthquake,"189 km NNE of Bamboo Flat, India",0.135,11.33,7.69
us6000njna,2024-07-27 15:24:26.026000+00:00,2024-10-08T21:49:15.005Z,9.1069,92.742,36.503,4.4,mb,14.0,5.0,218.0,7.692,0.51,earthquake,"283 km S of Port Blair, India",0.241,8.48,10.105
us7000n0gq,2024-07-20 12:04:59.754000+00:00,2024-09-28T22:42:42.040Z,33.456,76.6373,43.578,4.1,mb,25.0,12.0,144.0,2.82,0.31,earthquake,"23 km W of Padam, India",0.15,10.65,8.969
us7000mysm,2024-07-12 06:56:22.699000+00:00,2024-09-20T16:00:54.040Z,34.1455,74.3501,13.68,4.4,mb,31.0,32.0,122.0,1.026,0.79,earthquake,"7 km S of Baramula, India",0.095,9.78,5.402
us7000my69,2024-07-10 01:44:52.060000+00:00,2024-09-20T16:00:53.040Z,19.4402,77.2915,10.0,4.4,mb,46.0,28.0,144.0,11.079,0.59,earthquake,"18 km NE of Basmat, India",0.102,10.94,1.891
us7000mxba,2024-07-05 17:14:36.604000+00:00,2024-09-12T21:52:29.040Z,24.997,95.2533,130.497,4.4,mb,65.0,60.0,63.0,6.187,0.41,earthquake,"106 km SE of Phek, India",0.073,5.35,6.621
us7000mx4s,2024-07-04 21:12:27.022000+00:00,2024-09-12T21:52:28.040Z,24.3726,92.6936,35.0,4.4,mb,60.0,38.0,88.0,1.944,0.68,earthquake,"16 km N of Kolasib, India",0.087,5.94,1.901
us7000mx9u,2024-06-30 07:10:58.147000+00:00,2024-09-04T21:57:45.040Z,10.2616,93.7841,10.0,4.4,mb,22.0,14.0,136.0,6.288,0.74,earthquake,"192 km SE of Port Blair, India",0.143,8.75,1.888
us6000n8zg,2024-06-28 17:16:45.100000+00:00,2024-09-04T21:57:43.040Z,10.1256,93.6765,10.0,5.0,mb,119.0,103.0,43.0,5.845,0.63,earthquake,"198 km SSE of Port Blair, India",0.058,8.87,1.793
us6000n89d,2024-06-26 13:39:33.305000+00:00,2025-05-29T05:48:49.301Z,24.3949,93.8041,57.577,4.6,mb,104.0,86.0,66.0,2.619,0.52,earthquake,"11 km SSE of Moirang, India",0.059,8.7,6.656
us6000n877,2024-06-26 01:24:13.616000+00:00,2024-09-04T21:57:41.040Z,8.0633,90.4103,10.0,5.6,mww,124.0,22.0,35.0,7.077,0.51,earthquake,"Nicobar Islands, India region",0.066,4.75,1.706
us6000n874,2024-06-26 00:56:22.555000+00:00,2024-09-04T21:57:41.040Z,10.2337,93.8875,10.0,4.5,mb,44.0,25.0,137.0,6.203,0.62,earthquake,"196 km SE of Port Blair, India",0.108,10.53,1.896
us6000n9w7,2024-06-25 02:39:50.640000+00:00,2024-09-04T21:57:40.040Z,10.0181,93.737,10.0,4.3,mb,26.0,12.0,92.0,6.422,0.61,earthquake,"212 km SSE of Port Blair, India",0.154,5.53,1.895
us7000mrgb,2024-06-10 10:10:36.968000+00:00,2024-08-23T18:03:07.040Z,7.3748,92.0633,10.0,4.7,mb,53.0,29.0,100.0,8.264,0.9,earthquake,"Nicobar Islands, India region",0.102,9.5,1.852
us7000mrac,2024-06-09 04:35:09.641000+00:00,2024-08-16T21:59:17.040Z,27.4645,93.088,39.251,4.3,mb,29.0,16.0,126.0,2.819,1.15,earthquake,"66 km NW of Itanagar, India",0.137,10.55,8.674
us7000mr80,2024-06-08 18:17:19.165000+00:00,2024-08-16T21:59:23.040Z,27.8429,75.3219,10.714,4.0,mb,12.0,10.0,184.0,6.052,1.1,earthquake,"4 km ESE of Nawalgarh, India",0.164,12.82,5.448
us7000mqqy,2024-05-31 02:20:09.465000+00:00,2024-08-06T20:32:51.040Z,25.7318,91.0047,41.021,4.1,mb,16.0,7.0,124.0,3.096,1.12,earthquake,"35 km NW of Nongstoin, India",0.197,7.0,10.081
us7000mq2i,2024-05-27 15:26:45.212000+00:00,2024-08-06T20:32:51.040Z,6.3587,70.4316,10.0,4.6,mb,38.0,25.0,137.0,2.764,0.9,earthquake,"293 km W of Kulhudhuffushi, Maldives",0.11,9.01,1.933
us6000mwva,2024-05-07 01:40:29.325000+00:00,2024-07-20T22:20:01.040Z,24.3778,94.8016,113.981,4.4,mb,45.0,37.0,117.0,3.357,0.98,earthquake,"78 km ESE of Wangjing, India",0.088,9.73,7.804
us6000myil,2024-05-07 00:17:49.295000+00:00,2024-07-20T22:20:01.040Z,13.2783,92.7568,21.301,4.3,mb,18.0,9.0,72.0,6.28,0.66,earthquake,"174 km N of Bamboo Flat, India",0.178,9.09,6.073
us6000mx9p,2024-05-01 15:21:40.576000+00:00,2024-07-15T03:58:36.040Z,26.4249,96.4223,103.088,4.3,mb,43.0,24.0,73.0,5.375,1.04,earthquake,"45 km WNW of Sarupathar, India",0.109,9.08,8.189
us6000mwzs,2024-04-29 13:55:48.298000+00:00,2024-07-15T03:58:55.040Z,28.1382,92.6067,10.0,4.0,mb,27.0,17.0,165.0,2.028,0.84,earthquake,"91 km NE of Tawang, India",0.134,8.15,1.93
us6000mts6,2024-04-18 21:33:57.064000+00:00,2024-06-25T21:02:29.040Z,10.5366,92.3326,10.0,4.4,mb,20.0,9.0,87.0,6.978,0.34,earthquake,"132 km SSW of Port Blair, India",0.179,6.22,1.861
us7000mcxf,2024-04-18 15:22:37.399000+00:00,2024-06-25T21:03:01.040Z,33.1489,76.8257,45.414,4.3,mb,36.0,19.0,57.0,3.017,0.75,earthquake,"35 km S of Padam, India",0.122,6.98,7.564
us7000mcjj,2024-04-16 23:01:24.137000+00:00,2024-06-25T21:02:52.040Z,11.3815,92.9599,57.532,5.0,mww,168.0,11.0,34.0,6.712,0.69,earthquake,"39 km SE of Port Blair, India",0.093,8.29,5.486
us7000mcym,2024-04-10 18:45:49.997000+00:00,2024-06-17T02:15:05.040Z,10.0467,72.9404,10.0,4.6,mb,29.0,15.0,74.0,3.261,0.7,earthquake,"66 km SSE of Kavaratti, India",0.141,10.45,1.897
us7000mcn5,2024-04-08 01:20:12.604000+00:00,2024-06-17T02:14:48.040Z,10.7532,91.5769,10.0,4.2,mb,29.0,15.0,57.0,7.641,0.54,earthquake,"162 km SW of Bamboo Flat, India",0.136,8.86,1.89
us7000mcfx,2024-04-07 10:38:07.914000+00:00,2024-06-12T21:52:00.040Z,9.1927,94.0283,10.748,4.4,mb,13.0,7.0,183.0,4.888,0.68,earthquake,"Nicobar Islands, India region",0.203,10.84,4.716
us7000maf3,2024-04-06 09:23:21.002000+00:00,2024-06-12T21:51:55.040Z,33.1643,76.8223,10.0,4.4,mb,40.0,29.0,152.0,3.012,0.57,earthquake,"34 km S of Padam, India",0.1,8.95,1.896
us7000ma59,2024-04-05 12:45:38.655000+00:00,2024-06-12T21:51:54.040Z,26.4924,96.9139,69.136,5.7,mb,157.0,379.0,22.0,5.571,0.71,earthquake,"33 km NNE of Sarupathar, India",0.031,8.38,6.269
us7000mbq5,2024-04-05 11:50:44.688000+00:00,2024-06-12T21:51:59.040Z,33.2454,76.9224,28.17,4.2,mb,25.0,11.0,150.0,3.081,0.39,earthquake,"24 km S of Padam, India",0.158,8.42,6.591
us7000m9w5,2024-04-04 16:04:32.601000+00:00,2024-06-12T21:51:54.040Z,33.1698,76.816,32.436,5.0,mww,88.0,16.0,53.0,3.005,0.78,earthquake,"33 km S of Padam, India",0.078,4.56,4.205
us7000ma7x,2024-03-31 07:56:33.664000+00:00,2024-06-01T21:55:52.040Z,28.6316,95.9137,10.0,4.5,mb,24.0,13.0,103.0,4.32,1.04,earthquake,"82 km NNW of Tezu, India",0.15,4.71,1.903
us6000mk51,2024-03-21 00:38:31.223000+00:00,2024-05-27T14:19:20.040Z,19.4899,77.2545,10.0,4.6,mb,68.0,53.0,75.0,11.064,0.52,earthquake,"20 km NNE of Basmat, India",0.075,6.69,1.784
us6000mk21,2024-03-15 19:26:08.490000+00:00,2024-05-18T21:24:12.040Z,13.7525,92.896,22.068,4.4,mb,38.0,26.0,97.0,6.074,0.87,earthquake,"227 km N of Bamboo Flat, India",0.115,9.72,4.053
us6000misc,2024-03-14 06:13:01.910000+00:00,2024-05-18T21:22:48.040Z,11.2699,95.1326,10.0,4.8,mb,51.0,38.0,96.0,4.716,0.55,earthquake,"264 km E of Port Blair, India",0.09,9.19,1.886
us6000mjm1,2024-03-12 18:02:09.118000+00:00,2024-05-18T21:23:47.040Z,11.2654,94.7931,10.0,4.2,mb,19.0,8.0,178.0,5.039,0.32,earthquake,"227 km ESE of Port Blair, India",0.186,7.56,1.945
us7000m4tz,2024-03-12 08:57:52.678000+00:00,2024-05-18T21:24:40.040Z,25.7414,90.2866,10.0,4.4,mb,59.0,44.0,78.0,3.292,0.79,earthquake,"26 km NNE of Tura, India",0.081,8.18,1.845
us6000mj44,2024-03-11 17:07:19.912000+00:00,2024-05-18T21:23:10.040Z,9.5188,93.5747,10.0,4.4,mb,60.0,43.0,95.0,5.417,0.48,earthquake,"254 km SSE of Port Blair, India",0.082,5.62,1.882
us7000m42z,2024-03-08 07:37:33.068000+00:00,2024-05-15T17:35:02.040Z,10.504,93.8051,165.285,4.4,mb,36.0,25.0,64.0,6.095,0.55,earthquake,"172 km SE of Port Blair, India",0.107,10.27,6.585
us7000m45t,2024-03-04 03:50:17.216000+00:00,2024-05-15T17:35:07.040Z,10.6366,91.3969,10.0,4.0,mb,14.0,9.0,109.0,7.685,0.56,earthquake,"186 km SW of Bamboo Flat, India",0.196,5.11,1.927
us7000m0vv,2024-02-22 17:05:55.410000+00:00,2024-05-02T15:50:12.040Z,33.1787,76.8103,10.0,4.3,mb,51.0,29.0,113.0,2.999,0.57,earthquake,"32 km SSW of Padam, India",0.099,4.32,1.902
us7000m09y,2024-02-20 01:05:59.441000+00:00,2024-05-02T15:50:11.040Z,33.1565,76.8759,10.0,4.3,mb,49.0,31.0,96.0,3.057,0.47,earthquake,"34 km S of Padam, India",0.095,6.15,1.858
us7000lz6j,2024-02-09 06:51:55.718000+00:00,2024-04-20T19:34:29.040Z,24.6542,94.86,105.99,4.0,mb,27.0,20.0,112.0,3.433,0.84,earthquake,"80 km E of Wangjing, India",0.116,10.57,9.034
us7000lwzl,2024-02-04 22:43:12.502000+00:00,2024-04-13T19:37:59.040Z,12.0638,93.6037,123.195,4.7,mb,120.0,89.0,35.0,5.851,0.57,earthquake,"103 km ENE of Port Blair, India",0.058,8.85,5.525
us7000lwi2,2024-02-02 19:27:58.362000+00:00,2024-04-13T19:35:19.040Z,24.3685,94.6019,99.291,4.5,mb,113.0,107.0,45.0,3.161,0.55,earthquake,"59 km ESE of Wangjing, India",0.054,7.94,5.116
us7000lxjp,2024-02-02 05:56:41.722000+00:00,2024-04-13T19:34:36.040Z,6.6914,92.5268,10.0,4.6,mb,34.0,23.0,80.0,7.51,0.56,earthquake,"Nicobar Islands, India region",0.114,9.26,1.896
us7000lwaw,2024-01-28 11:52:30.667000+00:00,2024-03-30T22:35:25.040Z,9.1856,93.8962,10.0,4.3,mb,29.0,16.0,137.0,6.649,0.44,earthquake,"Nicobar Islands, India region",0.133,13.7,5.241
us7000ltu7,2024-01-25 21:58:08.234000+00:00,2024-03-30T22:33:37.040Z,22.1702,93.1736,41.343,4.4,mb,57.0,35.0,55.0,1.504,0.7,earthquake,"40 km SSE of Saiha, India",0.091,6.07,8.141
us7000lu4x,2024-01-23 13:21:45.341000+00:00,2024-03-30T22:34:12.040Z,9.4331,93.989,10.0,4.6,mb,68.0,40.0,50.0,5.104,0.64,earthquake,"281 km SSE of Port Blair, India",0.092,8.54,1.81
us7000lu4w,2024-01-23 13:07:54.804000+00:00,2024-03-30T22:34:11.040Z,9.5148,93.9579,10.0,4.5,mb,29.0,19.0,137.0,6.438,0.52,earthquake,"272 km SSE of Port Blair, India",0.131,10.2,1.902
us7000lu4g,2024-01-23 05:12:00.608000+00:00,2024-03-30T22:34:07.040Z,9.2344,93.901,10.0,4.3,mb,29.0,16.0,179.0,6.621,0.69,earthquake,"297 km SSE of Port Blair, India",0.133,8.14,1.924
us7000lu32,2024-01-22 20:07:23.967000+00:00,2024-03-30T22:33:58.040Z,9.322,93.9969,10.0,4.4,mb,31.0,20.0,118.0,5.01,0.4,earthquake,"293 km SSE of Port Blair, India",0.12,9.64,1.905
us7000lu0l,2024-01-21 04:06:23.723000+00:00,2024-03-29T17:37:57.040Z,9.3399,93.9475,10.0,4.5,mb,31.0,14.0,166.0,5.053,0.82,earthquake,"288 km SSE of Port Blair, India",0.145,10.09,1.908
us7000lu0k,2024-01-21 00:22:24.977000+00:00,2024-03-29T17:37:57.040Z,8.793,94.0472,10.0,4.4,mb,19.0,7.0,128.0,4.563,0.25,earthquake,"Nicobar Islands, India region",0.202,9.94,1.92
us6000m4vw,2024-01-20 01:36:11.203000+00:00,2024-03-29T17:37:54.040Z,9.4409,94.0987,10.0,5.0,mb,59.0,56.0,69.0,5.049,1.0,earthquake,"287 km SSE of Port Blair, India",0.077,4.14,1.832
us6000m4nk,2024-01-19 13:40:10.115000+00:00,2024-03-29T17:37:54.040Z,9.7925,93.8927,10.0,4.3,mb,32.0,20.0,115.0,6.373,1.21,earthquake,"242 km SSE of Port Blair, India",0.119,9.93,1.914
us6000m4mj,2024-01-19 08:19:50.553000+00:00,2024-03-29T17:37:53.040Z,9.4803,93.8839,10.0,4.7,mb,43.0,30.0,118.0,6.519,0.67,earthquake,"271 km SSE of Port Blair, India",0.101,6.73,1.743
us6000m3vl,2024-01-16 03:23:53.611000+00:00,2024-03-29T17:37:51.040Z,33.1245,76.7306,10.0,4.1,mb,25.0,13.0,135.0,2.943,0.61,earthquake,"40 km SSW of Padam, India",0.145,7.79,1.86
us7000lsyb,2024-01-15 13:42:34.566000+00:00,2024-03-29T17:37:55.040Z,25.6032,93.2892,10.0,4.1,mb,22.0,13.0,96.0,3.278,0.65,earthquake,"20 km SE of Lumding Railway Colony, India",0.151,8.33,1.727
us6000m3lx,2024-01-14 13:21:40.369000+00:00,2024-03-16T19:00:39.040Z,24.2812,94.5378,92.954,4.0,mb,31.0,22.0,112.0,3.081,0.93,earthquake,"58 km SE of Wangjing, India",0.111,11.01,7.2
us6000m2ux,2024-01-10 02:23:44.173000+00:00,2024-03-16T19:00:11.040Z,11.7494,93.2401,85.164,4.5,mb,64.0,37.0,48.0,6.304,0.55,earthquake,"54 km E of Port Blair, India",0.089,7.69,3.637
us6000m2f9,2024-01-08 05:05:30.301000+00:00,2024-03-16T18:59:59.040Z,11.7568,92.6708,35.31,4.6,mb,70.0,53.0,136.0,6.809,0.63,earthquake,"8 km NW of Bamboo Flat, India",0.081,9.33,7.147
us6000m1i0,2024-01-03 19:08:16.618000+00:00,2024-03-09T21:39:06.040Z,33.2551,76.7872,17.945,4.5,mb,58.0,31.0,96.0,2.968,0.73,earthquake,"25 km SSW of Padam, India",0.097,7.49,4.138
us6000m11n,2024-01-01 21:45:52.330000+00:00,2024-03-09T21:38:33.040Z,26.0489,95.4358,82.85,4.5,mb,77.0,55.0,90.0,4.82,0.46,earthquake,"65 km ESE of Tuensang, India",0.073,8.56,7.318
us7000llf2,2023-12-25 23:03:56.507000+00:00,2024-03-02T21:39:40.040Z,34.7111,76.7782,34.705,4.6,mb,100.0,85.0,79.0,3.096,0.4,earthquake,"24 km S of Thang, India",0.059,5.88,5.172
us7000lju0,2023-12-18 10:31:29.554000+00:00,2024-02-27T22:57:00.040Z,33.1609,76.6962,10.0,4.8,mww,92.0,10.0,51.0,6.514,0.73,earthquake,"38 km SSW of Padam, India",0.098,7.42,1.799
us6000m14v,2023-12-18 10:27:11.437000+00:00,2024-02-27T22:56:56.040Z,33.1492,76.6507,10.0,4.3,mb,34.0,14.0,152.0,2.873,0.82,earthquake,"41 km SSW of Padam, India",0.142,9.29,1.924
us7000ljty,2023-12-18 10:18:52.984000+00:00,2024-02-27T22:57:00.040Z,33.1836,76.8401,10.0,5.1,mww,119.0,15.0,32.0,3.023,0.97,earthquake,"31 km S of Padam, India",0.08,2.84,1.76
us7000lk32,2023-12-13 16:22:04.474000+00:00,2024-02-17T22:43:13.040Z,8.2884,91.1737,10.0,4.2,mb,12.0,6.0,135.0,9.442,0.56,earthquake,"Nicobar Islands, India region",0.216,10.07,1.915
us7000lh84,2023-12-08 03:16:57.576000+00:00,2024-02-10T23:47:41.040Z,25.2901,91.786,46.386,4.2,mb,37.0,21.0,111.0,2.605,0.66,earthquake,"9 km E of Cherrapunji, India",0.115,7.71,5.262
us7000lgf0,2023-12-05 14:45:03.410000+00:00,2024-02-10T23:47:35.040Z,9.3573,93.9828,10.0,4.8,mb,75.0,52.0,47.0,5.047,0.77,earthquake,"289 km SSE of Port Blair, India",0.077,8.36,1.805
us7000lg75,2023-12-04 19:04:15.283000+00:00,2024-02-10T23:47:31.040Z,27.8117,87.8388,70.467,4.4,mb,46.0,45.0,111.0,3.447,0.69,earthquake,"71 km NW of Gyalshing, India",0.08,10.51,2.233
us7000les7,2023-11-30 13:42:32.361000+00:00,2024-02-06T21:53:55.040Z,25.0005,95.5436,166.34,4.6,mb,42.0,39.0,110.0,3.821,0.82,earthquake,"128 km SE of Phek, India",0.087,6.91,8.677
us7000lei7,2023-11-29 08:12:24.794000+00:00,2024-02-06T21:53:54.040Z,12.1737,95.2346,10.0,4.8,mb,56.0,45.0,89.0,4.381,0.5,earthquake,"276 km ENE of Port Blair, India",0.086,9.79,1.879
us7000lg65,2023-11-29 01:41:52.476000+00:00,2024-02-06T21:53:59.040Z,24.4108,94.4578,73.909,4.2,mb,24.0,17.0,132.0,3.218,0.52,earthquake,"44 km ESE of Wangjing, India",0.128,6.79,11.724
us7000leay,2023-11-28 12:11:50.049000+00:00,2024-02-06T21:53:54.040Z,25.1849,95.4219,10.0,4.6,mb,64.0,46.0,48.0,3.988,0.47,earthquake,"107 km ESE of Phek, India",0.085,8.3,1.871
us6000lqwy,2023-11-26 19:24:22.473000+00:00,2024-02-06T21:53:52.040Z,12.6576,95.2787,10.0,4.5,mb,34.0,23.0,152.0,4.117,0.47,earthquake,"296 km ENE of Port Blair, India",0.113,8.39,1.922
us7000lewb,2023-11-26 18:16:26.401000+00:00,2024-02-06T21:53:55.040Z,12.6444,95.2808,10.0,4.3,mb,20.0,9.0,225.0,4.121,0.74,earthquake,"296 km ENE of Port Blair, India",0.177,11.48,1.979
us6000lpnk,2023-11-20 20:01:32.421000+00:00,2024-02-01T15:13:41.040Z,9.1066,93.993,10.81,4.3,mb,35.0,19.0,168.0,6.607,0.9,earthquake,"Nicobar Islands, India region",0.122,5.71,4.916
us6000lpkj,2023-11-20 08:17:56.844000+00:00,2024-02-01T15:13:41.040Z,27.257,96.995,10.0,4.7,mb,40.0,18.0,37.0,5.711,0.38,earthquake,"100 km SSE of Hayuliang, India",0.102,9.82,1.875
us6000lqbm,2023-11-19 13:06:41.083000+00:00,2024-02-01T15:13:43.040Z,9.4841,93.8259,100.6,4.3,mb,28.0,20.0,87.0,5.24,0.47,earthquake,"268 km SSE of Port Blair, India",0.119,13.63,7.529
us6000lnrg,2023-11-16 04:04:18.591000+00:00,2024-01-26T16:37:44.040Z,33.0154,76.2091,16.68,4.2,mb,52.0,23.0,157.0,2.542,1.23,earthquake,"46 km E of Bhadarwah, India",0.121,8.31,4.993
us6000lnub,2023-11-11 14:37:18.293000+00:00,2024-01-13T23:09:49.040Z,9.3023,94.0048,10.0,4.4,mb,22.0,15.0,64.0,4.99,0.76,earthquake,"295 km SSE of Port Blair, India",0.138,11.12,1.907
us7000la3q,2023-11-10 15:49:15.815000+00:00,2024-01-13T23:11:12.040Z,12.5428,91.7107,10.0,4.4,mb,26.0,23.0,143.0,7.44,0.68,earthquake,"143 km NW of Bamboo Flat, India",0.112,6.79,1.919
us6000lndi,2023-11-09 20:55:05.871000+00:00,2024-01-13T23:09:35.040Z,9.4971,94.0862,10.0,4.4,mb,23.0,15.0,91.0,5.102,0.75,earthquake,"281 km SSE of Port Blair, India",0.139,11.47,1.917
us7000laqx,2023-11-08 23:21:32.691000+00:00,2024-01-13T23:11:49.040Z,13.4736,92.909,18.383,4.5,mb,30.0,20.0,93.0,6.101,0.53,earthquake,"197 km N of Bamboo Flat, India",0.122,12.95,4.826
us7000l995,2023-11-07 00:02:12.657000+00:00,2024-01-18T21:16:21.636Z,7.3119,91.6874,10.0,4.6,mb,61.0,43.0,61.0,5.623,0.31,earthquake,"Nicobar Islands, India region",0.083,8.45,1.846
us7000l8qp,2023-11-03 19:39:09.153000+00:00,2024-01-18T21:13:23.509Z,26.4186,96.6025,118.316,4.2,mb,38.0,20.0,109.0,5.414,0.92,earthquake,"31 km NW of Sarupathar, India",0.132,12.01,8.618
us7000l828,2023-11-01 12:51:15.409000+00:00,2024-01-10T06:01:33.040Z,10.9291,93.063,93.275,4.9,mww,160.0,10.0,49.0,6.768,0.65,earthquake,"88 km SSE of Port Blair, India",0.098,9.18,6.471
us7000l76c,2023-10-28 11:09:16.291000+00:00,2024-01-04T04:22:37.040Z,6.5874,88.2129,10.014,4.7,mb,67.0,55.0,131.0,7.487,0.4,earthquake,Bay of Bengal,0.074,5.25,4.316
us7000l70z,2023-10-27 23:23:47.733000+00:00,2024-01-04T04:22:29.040Z,26.2481,95.5087,79.962,4.8,mb,112.0,100.0,60.0,5.005,0.57,earthquake,"68 km E of Tuensang, India",0.056,7.87,4.061
us7000l6lg,2023-10-26 18:29:02.059000+00:00,2024-01-04T04:22:19.040Z,26.7385,96.8669,52.637,4.3,mb,61.0,34.0,55.0,5.789,0.58,earthquake,"59 km N of Sarupathar, India",0.091,7.77,4.325
us7000l66u,2023-10-20 00:20:08.653000+00:00,2023-12-26T21:24:59.040Z,13.9893,92.8694,15.998,4.4,mb,29.0,15.0,107.0,6.077,0.83,earthquake,"253 km N of Bamboo Flat, India",0.138,9.75,2.378
us6000lhic,2023-10-18 13:25:10.787000+00:00,2023-12-26T21:24:56.040Z,9.4496,93.9888,10.0,4.4,mb,34.0,21.0,123.0,6.442,0.63,earthquake,"280 km SSE of Port Blair, India",0.117,4.78,1.894
us6000lgxp,2023-10-16 23:13:31.567000+00:00,2023-12-26T21:24:46.040Z,9.3696,94.0097,10.254,4.5,mb,48.0,28.0,55.0,6.462,0.69,earthquake,"289 km SSE of Port Blair, India",0.102,9.57,4.292
us6000lflt,2023-10-14 21:53:08.277000+00:00,2023-12-16T22:13:09.040Z,31.8115,79.3974,10.0,4.3,mb,43.0,19.0,154.0,5.481,0.6,earthquake,"140 km N of Joshimath, India",0.122,5.54,1.864
us6000le17,2023-10-08 13:37:04.576000+00:00,2023-12-16T22:13:05.040Z,31.7268,79.3465,10.0,4.5,mb,34.0,17.0,161.0,5.471,0.99,earthquake,"131 km N of Joshimath, India",0.131,8.96,1.91
us6000lf3p,2023-10-08 08:10:48.987000+00:00,2023-12-16T22:13:07.040Z,11.8926,92.3616,22.675,4.4,mb,16.0,12.0,174.0,7.038,0.89,earthquake,"44 km WNW of Bamboo Flat, India",0.155,12.85,6.772
us6000lf3b,2023-10-08 00:04:56.398000+00:00,2023-12-16T22:13:07.040Z,8.5748,94.2956,10.0,4.2,mb,19.0,7.0,169.0,4.24,0.45,earthquake,"Nicobar Islands, India region",0.199,11.27,1.944
us6000lf3c,2023-10-08 00:03:03.557000+00:00,2023-12-16T22:13:07.040Z,8.7033,94.2213,10.369,4.4,mb,20.0,7.0,196.0,6.635,0.66,earthquake,"Nicobar Islands, India region",0.202,7.91,5.958
us6000lev0,2023-10-07 23:57:26.766000+00:00,2023-12-14T21:26:57.040Z,9.2935,93.8804,10.0,4.5,mb,30.0,15.0,150.0,5.056,0.82,earthquake,"290 km SSE of Port Blair, India",0.139,12.19,1.934
us6000ldwk,2023-10-07 21:49:41.275000+00:00,2023-12-14T21:26:56.040Z,9.2548,93.8582,10.0,4.6,mb,54.0,30.0,55.0,5.039,0.43,earthquake,"293 km SSE of Port Blair, India",0.1,7.39,1.802
us6000lc9d,2023-10-02 14:29:30.012000+00:00,2023-12-14T21:26:51.040Z,26.0535,97.0376,10.0,4.4,mb,35.0,18.0,93.0,5.203,0.65,earthquake,"28 km SE of Sarupathar, India",0.134,9.02,1.891
us6000lc8t,2023-10-02 12:45:15.979000+00:00,2023-12-14T21:26:51.040Z,25.9206,90.5798,10.0,4.9,mww,119.0,10.0,36.0,3.799,0.6,earthquake,"28 km S of Goalpara, India",0.098,7.21,1.834
us6000lcjr,2023-09-28 07:28:10.958000+00:00,2023-12-09T22:00:42.040Z,9.3063,94.1254,10.0,4.3,mb,20.0,12.0,177.0,6.394,0.64,earthquake,"Nicobar Islands, India region",0.153,11.43,1.957
us6000lcge,2023-09-27 23:46:44.280000+00:00,2023-12-09T22:00:42.040Z,29.7208,94.6666,10.0,4.0,mb,25.0,17.0,115.0,3.079,0.98,earthquake,"135 km NNE of Shi Yomi, India",0.125,8.6,1.973
us6000lbpm,2023-09-25 04:07:55.232000+00:00,2023-12-09T22:00:41.040Z,7.6226,88.5466,10.0,4.4,mb,25.0,11.0,141.0,7.787,0.74,earthquake,Bay of Bengal,0.161,8.53,1.84
us7000kx4x,2023-09-17 06:37:58.353000+00:00,2023-12-02T23:01:09.040Z,24.5796,94.7033,10.119,4.2,mb,32.0,20.0,77.0,3.364,0.35,earthquake,"64 km E of Wangjing, India",0.118,8.14,4.832
us7000kw66,2023-09-16 11:23:56.315000+00:00,2023-11-18T22:29:35.040Z,30.5044,94.8956,10.0,4.0,mb,18.0,13.0,116.0,3.362,0.57,earthquake,"224 km NNE of Shi Yomi, India",0.143,9.67,1.972
us7000kv42,2023-09-11 17:32:00.809000+00:00,2023-11-18T22:29:33.040Z,24.3645,94.8511,110.242,5.0,mww,126.0,12.0,29.0,3.39,0.87,earthquake,"83 km ESE of Wangjing, India",0.089,7.72,5.096
us7000kuqr,2023-09-10 04:01:10.909000+00:00,2023-11-18T22:29:32.040Z,30.3231,94.7822,10.0,4.4,mb,55.0,38.0,86.0,3.23,0.77,earthquake,"202 km NNE of Shi Yomi, India",0.087,7.22,1.764
us7000kupj,2023-09-10 00:10:51.381000+00:00,2023-11-18T22:29:32.040Z,30.4554,94.829,10.0,4.6,mb,65.0,46.0,81.0,3.295,0.78,earthquake,"217 km NNE of Shi Yomi, India",0.08,5.72,1.769
us7000kuka,2023-09-09 10:18:30.146000+00:00,2023-11-17T19:47:51.040Z,24.6464,92.7849,47.764,4.8,mb,115.0,165.0,36.0,5.249,0.5,earthquake,"19 km ENE of Lala, India",0.043,7.91,5.251
us7000kudj,2023-09-08 19:33:41.473000+00:00,2023-11-17T19:47:51.040Z,30.3347,94.8244,34.851,4.8,mb,74.0,113.0,69.0,3.268,0.58,earthquake,"204 km NNE of Shi Yomi, India",0.052,7.42,4.537
us7000kt05,2023-09-03 09:59:03.213000+00:00,2023-11-17T19:47:48.040Z,9.2199,93.8879,10.0,4.7,mb,59.0,47.0,106.0,6.64,0.51,earthquake,"298 km SSE of Port Blair, India",0.08,9.18,1.867
us7000ktxm,2023-09-01 05:27:51.913000+00:00,2024-01-18T20:48:57.118Z,9.4069,93.8627,10.0,4.2,mb,17.0,9.0,111.0,6.572,0.61,earthquake,"278 km SSE of Port Blair, India",0.175,7.36,1.858
us7000ksnc,2023-08-28 22:20:12.739000+00:00,2023-11-04T21:36:13.040Z,11.1246,93.6704,125.227,4.3,mb,56.0,39.0,165.0,6.142,0.52,earthquake,"117 km ESE of Port Blair, India",0.086,12.44,7.897
us7000ks2f,2023-08-23 13:24:21.524000+00:00,2024-01-18T20:45:48.460Z,9.1639,93.8846,10.0,4.2,mb,24.0,12.0,168.0,4.951,0.44,earthquake,"Nicobar Islands, India region",0.167,5.47,1.917
us7000ks2g,2023-08-23 13:13:33.336000+00:00,2023-10-28T19:15:35.040Z,9.0904,93.8083,10.0,4.4,mb,34.0,18.0,83.0,4.941,0.44,earthquake,"Nicobar Islands, India region",0.131,6.67,1.861
us7000kq64,2023-08-22 18:46:54.966000+00:00,2023-10-28T19:15:34.040Z,30.3642,94.8494,31.914,4.9,mb,161.0,216.0,40.0,3.294,0.61,earthquake,"208 km NNE of Shi Yomi, India",0.038,7.48,4.53
us7000kpiu,2023-08-19 23:06:55.832000+00:00,2023-10-27T21:39:04.040Z,30.2806,94.9315,10.0,4.6,mb,72.0,44.0,76.0,3.35,0.61,earthquake,"201 km NNE of Shi Yomi, India",0.083,6.13,1.861
us7000kpgy,2023-08-19 15:20:35.313000+00:00,2024-05-29T13:27:55.290Z,26.3499,92.845,35.0,4.8,mb,47.0,89.0,70.0,3.669,0.76,earthquake,"31 km S of Tezpur, India",0.059,9.29,1.898
us7000kpgp,2023-08-19 14:46:08.434000+00:00,2023-10-27T21:39:04.040Z,30.3522,94.7507,10.0,5.0,mb,56.0,140.0,47.0,3.208,0.92,earthquake,"205 km N of Shi Yomi, India",0.048,9.08,1.857
us7000kp6i,2023-08-18 07:32:38.219000+00:00,2023-10-27T21:39:03.040Z,9.1561,93.9692,10.0,4.7,mb,61.0,41.0,71.0,4.894,0.69,earthquake,"Nicobar Islands, India region",0.086,9.03,1.88
us7000kp6j,2023-08-18 06:40:50.838000+00:00,2023-10-27T21:39:03.040Z,9.0272,93.9337,10.0,4.6,mb,44.0,28.0,96.0,4.815,0.52,earthquake,"Nicobar Islands, India region",0.104,7.39,1.796
us7000kp6n,2023-08-18 06:37:33.342000+00:00,2023-10-27T21:39:03.040Z,9.5714,93.9359,10.0,4.7,mb,53.0,38.0,70.0,5.247,0.75,earthquake,"265 km SSE of Port Blair, India",0.089,9.47,0.892
us6000kzvl,2023-08-14 14:49:48.667000+00:00,2023-12-02T03:54:13.016Z,24.9796,92.2481,36.648,5.3,mww,153.0,11.0,16.0,2.358,0.75,earthquake,"16 km NW of Karimganj, India",0.093,6.48,4.095
us6000kzuh,2023-08-14 11:12:21.187000+00:00,2023-10-27T21:39:01.040Z,9.254,93.9135,10.0,4.8,mb,71.0,77.0,77.0,5.005,0.65,earthquake,"295 km SSE of Port Blair, India",0.063,10.14,1.857
us7000kqfc,2023-08-14 10:33:27.596000+00:00,2023-10-27T21:39:05.040Z,11.2401,91.8215,18.719,4.6,mb,52.0,35.0,109.0,9.941,0.56,earthquake,"110 km WSW of Bamboo Flat, India",0.092,9.35,4.608
us6000kz58,2023-08-10 21:25:57.660000+00:00,2023-10-17T22:01:29.040Z,9.5521,93.8372,10.0,4.5,mb,27.0,15.0,105.0,7.972,0.43,earthquake,"Nicobar Islands, India region",0.139,6.9,1.901
us7000kp1g,2023-08-10 18:13:36.311000+00:00,2023-10-17T22:01:29.040Z,10.4485,93.4368,116.866,4.1,mb,23.0,13.0,130.0,9.581,0.7,earthquake,"154 km SSE of Port Blair, India",0.158,14.97,9.839
us6000kywl,2023-08-09 17:44:20.929000+00:00,2023-10-17T22:01:29.040Z,32.5435,78.602,14.338,4.7,mb,81.0,101.0,87.0,7.466,0.53,earthquake,"137 km NE of Sarahan, India",0.055,8.28,4.099
us6000kyqe,2023-08-08 19:29:05.114000+00:00,2023-10-17T22:01:28.040Z,9.0073,93.9087,10.0,4.5,mb,55.0,36.0,62.0,4.815,0.58,earthquake,"Nicobar Islands, India region",0.097,8.39,1.856
us7000knms,2023-08-07 07:26:45.464000+00:00,2023-10-17T22:01:26.040Z,9.1429,93.6252,10.0,4.5,mb,31.0,24.0,110.0,7.95,0.51,earthquake,"295 km SSE of Port Blair, India",0.116,11.12,1.898
us6000kye0,2023-08-07 07:23:21.808000+00:00,2023-10-17T22:01:26.040Z,9.1915,93.7124,10.0,5.0,mww,79.0,13.0,70.0,5.079,0.45,earthquake,"293 km SSE of Port Blair, India",0.086,7.63,1.775
us6000l036,2023-08-06 09:45:46.310000+00:00,2023-10-17T22:01:25.040Z,9.1768,93.8337,10.0,4.4,mb,28.0,16.0,121.0,4.993,0.69,earthquake,"299 km SSE of Port Blair, India",0.134,8.97,1.937
us6000ky2x,2023-08-05 09:09:25.957000+00:00,2023-10-07T21:38:59.040Z,11.8507,92.0472,10.0,4.8,mb,64.0,77.0,77.0,9.35,0.53,earthquake,"74 km WNW of Bamboo Flat, India",0.064,9.55,1.827
us6000kxif,2023-08-03 11:39:02.737000+00:00,2023-10-07T21:38:57.040Z,9.0897,93.5963,10.0,4.8,mb,47.0,28.0,89.0,7.95,0.87,earthquake,"Nicobar Islands, India region",0.105,6.18,1.825
us6000kzcf,2023-08-02 22:47:31.055000+00:00,2023-10-07T21:39:01.040Z,8.4732,92.8663,51.605,4.2,mb,14.0,8.0,115.0,5.177,0.72,earthquake,"Nicobar Islands, India region",0.186,13.5,6.858
us6000kx7s,2023-08-02 01:07:17.066000+00:00,2023-10-07T21:38:56.040Z,9.5163,94.0695,10.0,5.2,mww,80.0,14.0,86.0,7.758,0.56,earthquake,"278 km SSE of Port Blair, India",0.083,4.66,1.773
us6000kx7b,2023-08-02 00:10:11.622000+00:00,2023-10-07T21:38:56.040Z,9.3458,93.9282,10.0,5.3,mww,159.0,17.0,45.0,5.069,0.89,earthquake,"287 km SSE of Port Blair, India",0.075,3.32,1.746
us6000kzbn,2023-08-01 23:07:34.572000+00:00,2023-10-07T21:39:00.040Z,9.5049,93.7127,10.0,4.3,mb,36.0,19.0,118.0,8.052,0.93,earthquake,"261 km SSE of Port Blair, India",0.122,9.75,1.913
us6000kzbd,2023-08-01 13:38:51.353000+00:00,2023-10-07T21:39:00.040Z,9.2693,93.9045,10.0,4.5,mb,38.0,18.0,107.0,7.77,0.67,earthquake,"293 km SSE of Port Blair, India",0.127,11.92,1.908
us6000kwqs,2023-07-30 18:33:44.613000+00:00,2023-10-07T21:38:55.040Z,30.3618,94.8769,10.0,4.8,mb,105.0,118.0,85.0,3.317,0.57,earthquake,"208 km NNE of Shi Yomi, India",0.051,7.99,1.837
us6000kwm4,2023-07-30 04:15:11.184000+00:00,2023-10-07T21:38:54.040Z,30.3856,94.8507,10.0,4.9,mb,69.0,148.0,70.0,3.299,0.74,earthquake,"210 km NNE of Shi Yomi, India",0.046,5.27,1.721
us6000kwam,2023-07-28 19:23:46.487000+00:00,2023-09-30T21:36:33.040Z,10.5368,93.5418,88.891,5.9,mww,261.0,44.0,17.0,6.26,0.88,earthquake,"152 km SE of Port Blair, India",0.047,7.42,1.35
us6000kw25,2023-07-28 03:20:30.294000+00:00,2023-09-30T21:36:32.040Z,30.2874,94.7327,10.0,4.6,mb,50.0,64.0,77.0,3.182,1.0,earthquake,"197 km N of Shi Yomi, India",0.068,8.98,1.864
us6000kxue,2023-07-27 22:16:52.885000+00:00,2023-09-30T21:36:37.040Z,30.4008,94.4266,10.0,4.4,mb,22.0,13.0,97.0,2.944,0.95,earthquake,"207 km N of Shi Yomi, India",0.149,8.23,1.962
us6000kw0u,2023-07-27 22:13:55.178000+00:00,2023-09-30T21:36:32.040Z,30.35,94.8318,10.0,5.0,mb,102.0,148.0,63.0,3.277,0.45,earthquake,"206 km NNE of Shi Yomi, India",0.046,7.77,1.816
us7000khhf,2023-07-21 20:05:46.184000+00:00,2023-09-28T21:34:05.040Z,25.1642,95.008,86.88,4.0,mb,45.0,30.0,83.0,3.951,0.56,earthquake,"75 km SE of Phek, India",0.1,6.94,6.875
us7000kh99,2023-07-20 22:39:44.949000+00:00,2024-06-08T19:58:22.813Z,26.8685,75.8906,10.0,4.3,mb,37.0,18.0,199.0,7.129,0.44,earthquake,"11 km ESE of Jaipur, India",0.125,9.9,1.99
us7000kgdh,2023-07-17 16:37:23.404000+00:00,2023-09-28T21:33:39.040Z,33.1046,76.0979,10.0,4.2,mb,34.0,20.0,94.0,2.429,1.07,earthquake,"38 km ENE of Bhadarwah, India",0.121,4.36,1.896
us7000kg5v,2023-07-16 14:23:32.031000+00:00,2023-09-28T21:33:30.040Z,25.722,91.3559,10.0,4.3,mb,39.0,28.0,94.0,3.971,0.76,earthquake,"24 km NNE of Nongstoin, India",0.101,4.1,1.874
us7000kh4e,2023-07-13 05:02:32.249000+00:00,2023-09-16T19:16:23.040Z,13.792,94.1092,39.377,4.5,mb,36.0,27.0,109.0,6.564,0.48,earthquake,"276 km NNE of Bamboo Flat, India",0.106,11.75,7.683
us7000kh27,2023-07-12 12:26:47.093000+00:00,2023-09-16T19:16:22.040Z,25.0831,95.4345,9.904,4.3,mb,21.0,11.0,128.0,4.54,0.52,earthquake,"114 km SE of Phek, India",0.16,10.41,4.073
us7000kgk7,2023-07-10 00:13:43.298000+00:00,2023-09-16T19:16:20.040Z,33.2711,75.8514,25.38,4.2,mb,30.0,16.0,107.0,2.192,0.48,earthquake,"9 km ESE of Kishtwar, India",0.132,5.51,6.812
us6000kr8m,2023-07-10 00:08:53.217000+00:00,2023-12-04T20:35:02.957Z,33.2332,75.9099,27.461,4.9,mb,138.0,117.0,44.0,2.247,0.66,earthquake,"15 km SE of Kishtwar, India",0.052,8.01,4.458
us7000kgk5,2023-07-10 00:01:47.570000+00:00,2023-09-16T19:16:20.040Z,13.1442,93.2891,35.0,4.2,mb,21.0,9.0,269.0,7.583,0.4,earthquake,"171 km NNE of Bamboo Flat, India",0.176,15.74,1.995
us6000kqna,2023-07-07 05:20:53.879000+00:00,2023-09-09T21:54:54.040Z,31.536,78.3517,10.0,4.3,mb,29.0,13.0,123.0,4.78,0.82,earthquake,"53 km E of Sarahan, India",0.147,8.02,1.857
us6000kpzu,2023-07-04 07:25:32.260000+00:00,2023-09-09T21:54:45.040Z,26.5274,96.3583,89.642,4.6,mb,75.0,105.0,59.0,5.599,0.68,earthquake,"57 km NW of Sarupathar, India",0.053,8.46,5.346
us6000kp19,2023-06-30 05:44:02.011000+00:00,2023-09-08T14:18:29.040Z,26.9851,96.6035,10.0,4.4,mb,34.0,21.0,132.0,5.534,0.64,earthquake,"88 km NNW of Sarupathar, India",0.12,9.51,1.919
us6000kq95,2023-06-26 18:05:37.303000+00:00,2023-09-08T14:18:35.040Z,9.3365,93.7769,10.0,4.6,mb,42.0,29.0,95.0,5.152,0.78,earthquake,"281 km SSE of Port Blair, India",0.101,4.19,1.882
us7000kb4v,2023-06-26 13:32:03.058000+00:00,2023-09-08T14:18:42.040Z,9.2868,93.5555,10.0,4.9,mb,86.0,61.0,62.0,5.251,0.59,earthquake,"277 km SSE of Port Blair, India",0.072,4.17,1.802
us7000kb4r,2023-06-26 12:52:59.977000+00:00,2023-09-08T14:18:42.040Z,13.7408,92.7235,10.0,4.7,mb,53.0,56.0,92.0,7.597,0.43,earthquake,"225 km N of Bamboo Flat, India",0.073,9.43,1.863
us6000kq8r,2023-06-26 11:32:02.555000+00:00,2023-09-08T14:18:34.040Z,8.7087,93.955,10.0,4.3,mb,30.0,20.0,171.0,4.558,0.42,earthquake,"Nicobar Islands, India region",0.119,6.71,1.912
us6000kp4j,2023-06-21 02:10:42.233000+00:00,2023-08-26T20:54:19.040Z,9.1371,93.367,10.0,4.5,mb,22.0,10.0,111.0,8.455,0.89,earthquake,"287 km SSE of Port Blair, India",0.171,11.11,1.92
us7000k99b,2023-06-17 22:20:24.254000+00:00,2023-08-21T04:19:22.040Z,33.0208,75.9599,10.0,4.3,mb,58.0,31.0,99.0,2.339,0.44,earthquake,"23 km ENE of Bhadarwah, India",0.096,7.97,1.877
us7000k986,2023-06-17 16:25:33.967000+00:00,2023-08-21T04:19:20.040Z,33.2377,75.9002,10.0,4.3,mb,32.0,18.0,153.0,2.238,1.08,earthquake,"14 km SE of Kishtwar, India",0.125,7.83,1.663
us7000k89b,2023-06-13 20:50:56.444000+00:00,2023-08-21T04:18:50.040Z,33.0446,75.948,14.274,4.6,mb,145.0,138.0,46.0,2.323,0.87,earthquake,"22 km ENE of Bhadarwah, India",0.048,8.05,3.773
us7000k850,2023-06-13 08:03:40.348000+00:00,2023-08-21T04:18:46.040Z,33.1191,75.9074,10.0,5.2,mww,121.0,20.0,23.0,2.271,0.79,earthquake,"23 km NE of Bhadarwah, India",0.069,7.16,1.72
us7000k82d,2023-06-12 21:23:08.724000+00:00,2023-08-21T04:18:45.040Z,26.1093,95.2775,77.469,4.3,mb,32.0,15.0,134.0,5.129,0.69,earthquake,"48 km ESE of Tuensang, India",0.138,7.95,8.954
us7000k6bt,2023-06-05 02:09:45.778000+00:00,2023-08-12T17:15:02.040Z,12.8765,95.4751,10.0,4.6,mb,43.0,32.0,69.0,3.853,0.96,earthquake,"Andaman Islands, India region",0.096,9.92,1.888
us7000k72v,2023-06-01 03:30:53.257000+00:00,2024-01-18T20:03:25.089Z,26.0736,95.1588,31.912,4.2,mb,17.0,5.0,137.0,5.554,0.9,earthquake,"39 km ESE of Tuensang, India",0.236,12.83,7.948
us7000k4q0,2023-05-29 02:33:31.480000+00:00,2023-08-14T15:18:58.836Z,26.7587,92.4485,10.0,4.9,mb,143.0,122.0,80.0,3.157,0.74,earthquake,"6 km NNW of Dhekiajuli, India",0.051,8.19,1.808
us7000k4px,2023-05-29 02:18:17.682000+00:00,2023-08-05T22:07:38.040Z,13.407,94.1485,10.0,4.6,mb,73.0,52.0,70.0,4.928,0.41,earthquake,"244 km NE of Bamboo Flat, India",0.075,7.46,1.733
us7000k4iq,2023-05-27 21:36:33.057000+00:00,2023-07-29T22:00:44.040Z,27.0688,92.6797,10.0,4.5,mb,26.0,11.0,116.0,2.96,0.64,earthquake,"25 km N of Rangapara, India",0.163,7.59,1.597
us6000kdsy,2023-05-22 02:45:35.828000+00:00,2023-07-29T22:00:27.040Z,26.8674,97.023,10.0,5.0,mb,159.0,125.0,35.0,5.916,0.52,earthquake,"76 km NNE of Sarupathar, India",0.05,7.84,1.741
us6000kcwe,2023-05-14 21:43:49.463000+00:00,2023-07-24T01:16:54.040Z,9.7587,93.5283,9.846,4.0,mb,20.0,7.0,183.0,6.107,0.6,earthquake,"227 km SSE of Port Blair, India",0.196,13.05,5.543
us6000kb7z,2023-05-11 20:44:56.551000+00:00,2023-07-22T19:16:53.040Z,21.6539,93.1376,51.123,4.5,mb,69.0,63.0,54.0,1.72,0.98,earthquake,"94 km S of Saiha, India",0.068,7.61,6.093
us6000kalp,2023-05-09 13:42:18.282000+00:00,2023-07-22T19:16:30.040Z,10.972,92.0333,10.0,5.1,mb,110.0,99.0,64.0,0.973,1.01,earthquake,"109 km SW of Port Blair, India",0.057,5.93,1.623
us6000kau8,2023-05-04 04:20:30.480000+00:00,2023-07-15T22:10:22.040Z,30.5173,79.0377,27.66,4.2,mb,18.0,4.0,166.0,6.092,0.57,earthquake,"Uttaranchal, India",0.264,12.55,5.644
us6000k9cr,2023-05-03 23:48:53.606000+00:00,2023-07-15T22:09:33.040Z,27.3244,97.0318,10.0,4.6,mb,104.0,67.0,60.0,6.448,0.59,earthquake,"95 km SSE of Hayuliang, India",0.067,7.47,1.813
us6000k6r8,2023-04-24 10:58:31.943000+00:00,2023-07-11T01:44:41.040Z,9.3625,93.8685,10.0,5.0,mb,68.0,53.0,36.0,5.118,0.82,earthquake,"Nicobar Islands, India region",0.078,6.79,1.77
us6000k3z1,2023-04-13 03:21:19.466000+00:00,2023-06-17T21:36:50.040Z,8.9297,93.8956,10.0,4.9,mww,61.0,13.0,66.0,4.763,0.64,earthquake,"Nicobar Islands, India region",0.086,8.48,1.799
us6000k3eg,2023-04-11 02:08:29.426000+00:00,2024-01-18T19:45:44.410Z,9.1853,93.979,10.0,4.5,mb,52.0,21.0,58.0,2.739,0.66,earthquake,"Nicobar Islands, India region",0.118,8.46,1.804
us6000k53g,2023-04-10 17:12:17.347000+00:00,2024-01-18T19:45:32.636Z,8.9365,93.6767,9.968,4.9,mb,52.0,28.0,62.0,2.854,0.77,earthquake,"Nicobar Islands, India region",0.106,8.45,4.439
us6000k3b7,2023-04-10 17:11:50.820000+00:00,2023-06-17T21:36:44.040Z,9.0663,93.9297,13.852,4.8,mb,58.0,51.0,72.0,2.825,0.8,earthquake,"Nicobar Islands, India region",0.078,7.97,3.654
us6000k53b,2023-04-10 16:47:16.451000+00:00,2023-06-17T21:36:58.040Z,8.897,93.7742,9.626,4.3,mb,28.0,16.0,191.0,2.923,0.63,earthquake,"Nicobar Islands, India region",0.134,12.66,4.216
us6000k39m,2023-04-10 11:21:22.777000+00:00,2023-06-17T21:36:43.040Z,8.9611,93.7674,10.028,4.5,mb,38.0,20.0,107.0,2.861,0.41,earthquake,"Nicobar Islands, India region",0.121,6.84,4.615
us6000k52k,2023-04-10 00:54:56.108000+00:00,2023-06-17T21:36:57.040Z,9.1564,93.8198,10.0,4.6,mb,33.0,13.0,104.0,2.7,0.76,earthquake,"Nicobar Islands, India region",0.152,7.31,1.729
us6000k52j,2023-04-10 00:51:40.435000+00:00,2023-06-17T21:36:57.040Z,8.9215,93.5922,10.0,4.2,mb,26.0,5.0,63.0,2.842,0.73,earthquake,"Nicobar Islands, India region",0.235,9.74,1.878
us6000k4h6,2023-04-09 23:55:02.324000+00:00,2023-06-17T21:36:54.040Z,8.9923,93.8476,10.0,4.1,mb,22.0,9.0,116.0,2.861,0.49,earthquake,"Nicobar Islands, India region",0.174,10.67,1.906
us6000k4h4,2023-04-09 21:07:10.709000+00:00,2023-06-17T21:36:53.040Z,8.5816,93.9431,10.0,4.2,mb,16.0,5.0,161.0,3.275,0.3,earthquake,"Nicobar Islands, India region",0.237,4.95,1.948
us6000k4h1,2023-04-09 21:00:08.812000+00:00,2023-06-17T21:36:53.040Z,9.3723,93.8096,10.0,4.1,mb,24.0,14.0,84.0,5.774,0.61,earthquake,"279 km SSE of Port Blair, India",0.158,7.78,1.717
us6000k34r,2023-04-09 20:55:58.001000+00:00,2023-06-17T21:36:41.040Z,9.0116,93.9224,10.0,5.2,mww,136.0,11.0,37.0,2.872,0.74,earthquake,"Nicobar Islands, India region",0.093,4.17,1.664
us6000k347,2023-04-09 19:37:44.546000+00:00,2023-06-17T21:36:41.040Z,13.2395,93.1777,43.596,4.3,mb,63.0,37.0,58.0,1.63,0.67,earthquake,"Andaman Islands, India region",0.087,7.43,7.077
us6000k31k,2023-04-09 12:47:52.279000+00:00,2023-06-17T21:36:40.040Z,8.9466,93.9623,10.41,4.4,mb,39.0,23.0,107.0,2.947,0.37,earthquake,"Nicobar Islands, India region",0.112,7.59,3.673
us6000k4gt,2023-04-09 12:27:39.153000+00:00,2023-06-17T21:36:53.040Z,8.9733,93.8322,10.0,4.3,mb,31.0,16.0,97.0,4.837,0.51,earthquake,"Nicobar Islands, India region",0.134,10.58,1.906
us6000k4gn,2023-04-09 12:24:01.576000+00:00,2023-06-17T21:36:53.040Z,9.1656,94.1407,10.0,4.2,mb,29.0,15.0,106.0,5.426,0.43,earthquake,"Nicobar Islands, India region",0.137,6.66,1.855
us6000k314,2023-04-09 12:17:33.607000+00:00,2023-06-17T21:36:40.040Z,8.966,93.9695,10.0,5.7,mww,115.0,19.0,40.0,4.745,0.7,earthquake,"Nicobar Islands, India region",0.071,7.64,1.836
us6000k4gm,2023-04-09 11:44:44.984000+00:00,2024-01-18T19:45:13.567Z,9.0971,93.7971,10.0,4.4,mb,31.0,16.0,96.0,2.746,0.48,earthquake,"Nicobar Islands, India region",0.134,5.9,1.899
us6000k4gk,2023-04-09 10:44:50.822000+00:00,2023-06-17T21:36:53.040Z,9.1044,93.9484,10.287,4.4,mb,49.0,34.0,65.0,2.799,0.45,earthquake,"Nicobar Islands, India region",0.092,8.92,4.322
us6000k4gl,2023-04-09 10:38:58.795000+00:00,2023-06-17T21:36:53.040Z,9.0886,93.9474,10.0,4.9,mb,68.0,86.0,45.0,2.812,0.4,earthquake,"Nicobar Islands, India region",0.061,6.77,1.819
us6000k2zy,2023-04-09 10:31:20.479000+00:00,2024-01-18T19:45:12.009Z,8.9326,93.9552,10.0,5.5,mww,120.0,34.0,45.0,2.957,0.66,earthquake,"Nicobar Islands, India region",0.053,7.04,1.828
us6000k2zp,2023-04-09 09:29:47.096000+00:00,2023-06-17T21:36:40.040Z,9.0979,93.9434,10.438,4.6,mb,54.0,49.0,69.0,2.802,0.44,earthquake,"Nicobar Islands, India region",0.078,8.24,4.347
us6000k2zr,2023-04-09 09:25:52.959000+00:00,2024-01-18T19:45:08.539Z,9.3635,93.9687,10.0,4.3,mb,25.0,13.0,106.0,2.577,0.42,earthquake,"287 km SSE of Port Blair, India",0.147,7.64,1.897
us6000k4gg,2023-04-09 08:14:50.840000+00:00,2024-01-18T19:45:06.815Z,8.9963,93.8953,10.0,4.5,mb,30.0,21.0,77.0,6.896,0.35,earthquake,"Nicobar Islands, India region",0.128,11.48,1.887
us6000k2z6,2023-04-09 07:46:14.580000+00:00,2023-06-17T21:36:40.040Z,9.096,94.0003,10.0,5.3,mww,160.0,30.0,43.0,4.828,0.48,earthquake,"Nicobar Islands, India region",0.057,7.65,1.836
us6000k4ga,2023-04-09 06:52:06.387000+00:00,2023-06-17T21:36:53.040Z,9.1594,93.6124,10.0,4.3,mb,22.0,9.0,128.0,5.118,0.51,earthquake,"293 km SSE of Port Blair, India",0.218,9.47,1.892
us6000k4f1,2023-04-08 15:47:41.359000+00:00,2023-06-13T03:12:22.040Z,9.1198,94.0206,10.0,4.4,mb,28.0,15.0,92.0,2.816,0.79,earthquake,"Nicobar Islands, India region",0.143,8.0,1.889
us6000k4et,2023-04-08 11:24:20.245000+00:00,2024-01-18T19:44:54.317Z,8.9628,94.0271,10.204,4.3,mb,30.0,16.0,97.0,2.959,0.28,earthquake,"Nicobar Islands, India region",0.132,9.35,2.627
us6000k4es,2023-04-08 11:13:30.394000+00:00,2023-06-13T03:12:24.040Z,9.1421,93.9949,11.543,4.3,mb,34.0,19.0,76.0,2.785,0.33,earthquake,"Nicobar Islands, India region",0.143,9.0,4.478
us6000k2uv,2023-04-08 11:06:11.514000+00:00,2024-01-18T19:44:49.252Z,9.1273,93.9306,8.194,4.6,mb,99.0,74.0,38.0,2.771,0.58,earthquake,"Nicobar Islands, India region",0.068,6.06,2.718
us6000k1zc,2023-04-04 17:17:42.936000+00:00,2023-06-13T03:13:01.040Z,9.058,93.9052,9.989,5.0,mww,123.0,10.0,44.0,2.823,0.68,earthquake,"Nicobar Islands, India region",0.098,7.62,3.362
us6000k2fw,2023-04-03 08:22:04.572000+00:00,2023-06-13T03:13:16.040Z,25.8896,90.446,10.0,4.4,mb,59.0,41.0,85.0,4.993,0.31,earthquake,"20 km SE of Lakhipur, India",0.084,5.95,1.78
us6000k16v,2023-03-31 18:26:41.006000+00:00,2023-06-03T22:06:14.040Z,11.8777,93.7469,126.636,4.2,mb,41.0,26.0,87.0,1.007,0.47,earthquake,"111 km ENE of Port Blair, India",0.115,9.73,7.42
us6000k0lk,2023-03-24 03:22:42.572000+00:00,2023-05-26T21:54:02.040Z,24.1675,93.794,78.995,4.4,mb,32.0,12.0,73.0,2.471,0.52,earthquake,"Manipur, India region",0.155,9.67,8.197
us7000jlgi,2023-03-15 04:52:02.152000+00:00,2023-05-20T23:20:39.040Z,9.6093,93.7038,114.367,4.0,mb,22.0,9.0,99.0,10.157,0.62,earthquake,"250 km SSE of Port Blair, India",0.172,14.27,6.832
us7000jkv8,2023-03-13 13:44:29.010000+00:00,2023-05-20T23:20:33.040Z,11.0773,91.7251,36.766,4.4,mb,28.0,11.0,113.0,7.776,0.84,earthquake,"128 km WSW of Bamboo Flat, India",0.161,10.04,8.744
us7000jjbm,2023-03-12 11:43:43.297000+00:00,2023-05-20T23:20:17.040Z,24.276,94.7151,113.11,4.6,mb,77.0,83.0,48.0,4.097,0.43,earthquake,"74 km ESE of Wangjing, India",0.06,2.94,6.734
us7000jhvh,2023-03-07 11:11:46.454000+00:00,2023-05-15T02:50:20.040Z,13.3077,92.4291,10.0,4.9,mb,98.0,71.0,82.0,6.589,0.5,earthquake,"180 km N of Bamboo Flat, India",0.067,6.36,1.85
us7000jhj3,2023-03-05 23:37:11.420000+00:00,2023-05-15T02:50:33.040Z,7.6244,91.7592,10.0,5.1,mww,82.0,13.0,65.0,5.678,0.54,earthquake,"Nicobar Islands, India region",0.086,8.29,1.808
us7000jgyk,2023-03-03 01:13:47.387000+00:00,2023-05-08T02:00:30.040Z,29.8612,94.9521,10.0,4.2,mb,39.0,21.0,110.0,7.746,0.86,earthquake,"157 km NNE of Shi Yomi, India",0.118,7.97,1.906
us7000jhnb,2023-02-26 04:19:53.486000+00:00,2024-01-18T19:24:07.089Z,25.6554,90.4081,10.0,4.3,mb,21.0,11.0,163.0,5.059,0.8,earthquake,"25 km NE of Tura, India",0.161,9.05,1.929
us7000jh1x,2023-02-24 07:03:16.393000+00:00,2023-04-29T21:57:32.040Z,9.7878,92.6004,35.0,4.3,mb,19.0,10.0,180.0,7.013,0.86,earthquake,"208 km S of Port Blair, India",0.169,12.66,1.937
us7000jgtv,2023-02-22 09:31:56.373000+00:00,2023-04-29T21:57:25.040Z,9.2648,93.945,11.02,4.5,mb,37.0,20.0,136.0,5.629,0.68,earthquake,"296 km SSE of Port Blair, India",0.122,10.59,5.132
us6000jpaj,2023-02-16 03:56:28.218000+00:00,2023-04-22T21:33:12.040Z,25.1917,91.8394,57.099,4.3,mb,39.0,18.0,111.0,2.51,1.02,earthquake,"18 km SE of Cherrapunji, India",0.129,3.6,8.331
us6000jni5,2023-02-12 22:45:05.505000+00:00,2023-04-22T21:33:03.040Z,27.986,88.0003,60.903,4.0,mb,40.0,26.0,66.0,2.416,0.81,earthquake,"73 km NW of Mangan, India",0.102,9.32,9.377
us6000jngh,2023-02-12 10:48:14.855000+00:00,2023-04-22T21:33:02.040Z,26.3749,92.9259,10.0,4.2,mb,20.0,9.0,128.0,5.67,0.47,earthquake,"31 km SSE of Tezpur, India",0.176,10.21,1.952
us6000jkh1,2023-01-31 04:49:06.032000+00:00,2023-04-13T21:53:12.040Z,24.5866,94.459,69.006,4.6,mb,76.0,105.0,75.0,3.207,0.8,earthquake,"40 km E of W?ngjing, India",0.053,7.54,5.868
us6000jkdx,2023-01-30 18:45:37.506000+00:00,2023-04-13T21:53:11.040Z,12.1363,93.5873,107.401,5.0,mb,93.0,89.0,48.0,5.837,0.69,earthquake,"105 km ENE of Port Blair, India",0.061,6.09,4.575
us6000jjrt,2023-01-27 15:34:13.818000+00:00,2024-01-18T19:16:16.203Z,7.7778,93.1089,70.612,4.4,mb,22.0,10.0,92.0,3.87,1.0,earthquake,"Nicobar Islands, India region",0.17,9.74,3.824
us6000jltv,2023-01-26 01:59:58.723000+00:00,2023-04-11T18:51:41.040Z,25.7328,90.4362,36.679,4.0,mb,16.0,12.0,162.0,5.049,0.68,earthquake,"33 km NE of Tura, India",0.15,11.33,10.031
us7000j6c8,2023-01-23 13:42:02.771000+00:00,2023-04-11T18:51:54.040Z,24.8836,93.079,10.0,5.1,mb,110.0,184.0,42.0,2.561,0.91,earthquake,"12 km NE of Lakhipur, India",0.042,6.02,1.551
us6000jjhd,2023-01-19 11:34:03.747000+00:00,2023-03-31T19:43:37.040Z,10.0936,93.5847,10.0,4.8,mb,33.0,12.0,76.0,5.871,0.82,earthquake,"Andaman Islands, India region",0.184,9.61,1.819
us6000jjgr,2023-01-19 01:17:56.519000+00:00,2023-03-31T19:43:32.040Z,12.1121,94.4701,10.0,4.4,mb,17.0,8.0,74.0,5.215,0.93,earthquake,"194 km ENE of Port Blair, India",0.267,11.26,1.907
us6000jjdm,2023-01-18 01:46:55.643000+00:00,2023-03-31T19:43:21.040Z,11.5023,95.1809,10.0,4.4,mb,26.0,11.0,81.0,2.393,0.54,earthquake,"Andaman Islands, India region",0.162,6.04,1.796
us7000j5k6,2023-01-10 23:00:07.145000+00:00,2023-03-20T06:03:54.040Z,11.2892,91.8207,20.942,4.1,mb,14.0,5.0,120.0,0.976,0.63,earthquake,"107 km WSW of Bamboo Flat, India",0.235,8.15,6.375
us7000j3bs,2023-01-10 01:42:57.492000+00:00,2023-03-20T06:03:10.040Z,26.705,96.5576,10.0,4.6,mb,66.0,42.0,95.0,6.905,0.65,earthquake,"60 km NNW of Sarupathar, India",0.085,6.92,1.738
us7000j2v1,2023-01-07 21:18:36.723000+00:00,2023-03-11T22:51:45.040Z,11.9253,92.6851,40.216,4.2,mb,42.0,13.0,81.0,0.274,0.68,earthquake,"25 km N of Bamboo Flat, India",0.146,4.37,6.627
us7000j455,2023-01-03 01:05:36.386000+00:00,2023-03-11T22:51:48.040Z,10.7847,95.0957,10.0,4.3,mb,20.0,6.0,135.0,2.464,0.47,earthquake,"274 km ESE of Port Blair, India",0.217,5.93,1.92
us7000j453,2023-01-03 00:22:01.686000+00:00,2023-03-11T22:51:48.040Z,10.8475,95.1111,10.0,4.1,mb,16.0,6.0,176.0,4.862,0.37,earthquake,"Andaman Islands, India region",0.214,12.78,1.951
us7000j1nn,2023-01-02 20:11:27.547000+00:00,2023-03-11T22:51:33.040Z,10.8119,91.5945,10.0,4.4,mb,40.0,21.0,71.0,1.405,0.59,earthquake,"157 km SW of Bamboo Flat, India",0.117,6.5,1.86
us7000j1f2,2023-01-01 13:02:57.452000+00:00,2023-03-11T22:51:30.040Z,36.691,76.9958,98.403,4.3,mb,46.0,25.0,97.0,4.303,0.86,earthquake,Kashmir-Xinjiang border region,0.106,7.99,7.916
us7000j1aj,2022-12-31 19:49:41.613000+00:00,2025-07-10T03:56:56.629Z,28.7191,76.6286,10.0,4.1,mb,21.0,13.0,179.0,5.696,0.57,earthquake,"Haryana, India",0.158,9.35,1.929
us7000j359,2022-12-27 02:29:38.069000+00:00,2023-03-07T19:00:06.040Z,11.4848,95.0,10.0,4.1,mb,19.0,7.0,176.0,4.791,0.29,earthquake,"246 km E of Port Blair, India",0.197,11.58,1.953
us7000j2l9,2022-12-26 22:50:52.340000+00:00,2024-01-18T19:06:04.814Z,9.0067,93.8779,10.011,4.3,mb,16.0,5.0,81.0,2.859,0.53,earthquake,"Nicobar Islands, India region",0.239,10.18,5.351
us6000j9ij,2022-12-15 17:12:53.035000+00:00,2023-02-18T22:04:14.040Z,24.8414,95.0837,101.752,4.4,mb,101.0,80.0,55.0,4.435,0.49,earthquake,"106 km E of Yairipok, India",0.062,9.2,5.162
us6000j8qb,2022-12-12 07:18:46.401000+00:00,2023-02-18T22:04:05.040Z,12.736,93.633,85.927,4.5,mb,53.0,29.0,61.0,1.381,0.41,earthquake,"151 km NE of Bamboo Flat, India",0.1,7.83,2.206
us6000j6yh,2022-12-05 03:02:58.006000+00:00,2024-01-18T17:32:00.932Z,19.1042,89.8755,45.293,4.9,mww,186.0,10.0,54.0,5.947,0.48,earthquake,Bay of Bengal,0.098,8.67,5.186
us6000j733,2022-11-30 14:39:32.589000+00:00,2023-02-05T23:25:34.040Z,12.4347,93.9585,135.727,4.0,mb,17.0,6.0,104.0,1.418,0.73,earthquake,"156 km ENE of Port Blair, India",0.231,10.18,10.735
us7000iq4z,2022-11-16 16:02:53.870000+00:00,2023-01-28T19:58:19.040Z,31.8986,76.9792,10.0,4.4,mb,46.0,28.0,87.0,3.581,0.56,earthquake,"13 km WSW of Kulu, India",0.102,3.67,1.816
us7000inqd,2022-11-10 05:01:05.611000+00:00,2023-01-21T19:27:18.040Z,28.3835,94.4118,15.0,5.5,mww,182.0,12.0,35.0,6.722,0.5,earthquake,"16 km SSE of Shi Yomi, India",0.089,8.34,1.843
us7000inn2,2022-11-09 20:59:12.045000+00:00,2023-01-21T19:27:17.040Z,7.3617,94.2277,9.31,4.7,mb,73.0,52.0,77.0,3.435,0.61,earthquake,"Nicobar Islands, India region",0.076,4.0,3.626
us7000ine2,2022-11-09 00:57:14.321000+00:00,2023-01-21T19:27:15.040Z,29.9803,80.2903,22.974,4.4,mb,22.0,21.0,166.0,4.884,0.63,earthquake,"26 km WNW of Dh?rchula, India",0.117,9.97,6.418
us7000imxk,2022-11-06 16:28:40.298000+00:00,2023-01-21T19:27:10.040Z,27.9764,88.2153,10.0,4.0,mb,27.0,13.0,66.0,1.242,0.52,earthquake,"59 km NNW of Mangan, India",0.143,9.6,1.911
us7000imtm,2022-11-06 03:03:03.944000+00:00,2023-01-21T19:27:09.040Z,30.7102,78.5669,22.322,4.6,mb,53.0,31.0,100.0,5.364,0.75,earthquake,"Uttaranchal, India",0.098,8.67,1.881
us7000imin,2022-11-01 03:13:53.303000+00:00,2023-01-12T23:11:30.040Z,23.0012,80.1303,10.0,4.3,mb,15.0,8.0,125.0,6.67,0.86,earthquake,"13 km SE of Barela, India",0.188,8.08,1.821
us7000ilef,2022-10-31 00:45:56.922000+00:00,2023-01-12T23:10:43.040Z,26.6099,96.5205,10.0,4.6,mb,62.0,33.0,73.0,5.834,0.53,earthquake,"53 km NNW of Sarupathar, India",0.095,9.42,1.788
us7000ildw,2022-10-30 23:02:28.181000+00:00,2023-01-12T23:10:42.040Z,13.5414,94.2712,10.0,4.5,mb,23.0,8.0,89.0,2.395,0.75,earthquake,"264 km NE of Bamboo Flat, India",0.191,8.65,1.891
us7000ilc3,2022-10-30 14:45:06.392000+00:00,2023-01-12T23:10:39.040Z,25.1215,92.205,10.0,4.2,mb,28.0,14.0,157.0,5.596,0.77,earthquake,"31 km NNW of Kar?mganj, India",0.152,6.84,1.913
us6000iv38,2022-10-20 06:46:55.511000+00:00,2022-12-31T23:03:40.040Z,11.5884,93.1518,90.086,5.1,mb,101.0,100.0,45.0,6.556,0.62,earthquake,"45 km E of Port Blair, India",0.057,8.24,6.45
us6000iuid,2022-10-18 12:09:45.297000+00:00,2022-12-31T23:03:38.040Z,32.3641,78.6637,10.0,4.5,mb,77.0,50.0,88.0,4.711,0.61,earthquake,"125 km NE of Sar?han, India",0.077,7.79,1.842
us6000itm8,2022-10-14 13:19:13.983000+00:00,2022-12-17T22:54:08.040Z,9.1283,94.0138,10.0,4.5,mb,33.0,17.0,81.0,2.805,0.57,earthquake,"Nicobar Islands, India region",0.144,4.17,1.891
us6000itig,2022-10-13 23:58:22.572000+00:00,2022-12-17T22:54:04.040Z,23.3661,82.4336,10.0,4.9,mb,102.0,137.0,42.0,5.108,0.75,earthquake,"17 km NW of Baikunthpur, India",0.048,8.49,1.812
us6000iubs,2022-10-11 01:35:49.776000+00:00,2022-12-17T22:54:14.040Z,9.9577,93.911,10.0,4.1,mb,27.0,11.0,119.0,2.04,0.39,earthquake,"227 km SE of Port Blair, India",0.157,8.06,1.891
us6000irv4,2022-10-03 15:44:49.369000+00:00,2022-12-10T22:53:53.040Z,8.3607,91.1987,10.0,4.1,mb,21.0,12.0,77.0,3.611,0.44,earthquake,"Nicobar Islands, India region",0.151,10.49,1.925
us6000iphx,2022-09-30 02:23:15.751000+00:00,2022-12-03T22:02:43.040Z,24.7823,94.9256,10.0,4.6,mb,33.0,11.0,112.0,0.792,1.05,earthquake,"89 km E of Yairipok, India",0.182,6.57,1.889
us6000iqru,2022-09-28 12:13:36.124000+00:00,2024-01-18T16:55:38.278Z,14.4837,92.9479,10.0,4.6,mb,30.0,15.0,59.0,2.818,0.55,earthquake,"Andaman Islands, India region",0.141,7.78,1.822
us7000i9cp,2022-09-19 19:37:15.598000+00:00,2022-11-26T20:57:43.040Z,34.6823,80.1396,10.0,4.3,mb,32.0,8.0,80.0,5.788,0.66,earthquake,"241 km ENE of Leh, India",0.188,7.56,1.478
us7000i9bf,2022-09-19 16:28:27.802000+00:00,2022-11-26T20:57:42.040Z,34.6729,80.1671,10.0,4.7,mb,77.0,89.0,68.0,5.809,0.54,earthquake,"244 km ENE of Leh, India",0.059,3.18,1.826
us7000i93n,2022-09-18 15:06:41.302000+00:00,2022-11-26T20:57:39.040Z,35.9282,77.9225,10.0,4.1,mb,44.0,16.0,100.0,4.453,0.83,earthquake,"151 km NE of Thang, India",0.139,6.07,1.881
us7000i935,2022-09-18 12:57:55.916000+00:00,2022-11-26T20:57:39.040Z,28.8975,95.861,10.0,4.5,mb,54.0,34.0,92.0,8.163,0.51,earthquake,"105 km NNE of P?sigh?t, India",0.092,10.13,1.885
us7000i8xq,2022-09-17 23:33:29.809000+00:00,2022-11-26T20:57:35.040Z,26.368,96.6018,122.703,4.3,mb,59.0,34.0,69.0,5.588,0.51,earthquake,"27 km NW of Sarupathar, India",0.091,10.78,6.286
us7000iaey,2022-09-17 02:15:17.988000+00:00,2022-11-26T20:57:56.040Z,7.7191,91.4602,10.0,4.5,mb,20.0,6.0,88.0,4.111,0.93,earthquake,"Nicobar Islands, India region",0.221,8.64,1.875
us7000i8e9,2022-09-15 22:49:37.729000+00:00,2022-11-19T23:03:21.040Z,35.907,77.7506,10.0,4.9,mww,108.0,10.0,47.0,4.321,0.63,earthquake,"139 km NE of Thang, India",0.098,7.16,1.815
us7000i7sb,2022-09-13 21:35:13.787000+00:00,2022-11-19T23:03:02.040Z,26.6232,96.133,10.0,4.4,mb,36.0,26.0,110.0,5.886,0.59,earthquake,"71 km SE of Khonsa, India",0.105,13.13,1.896
us6000ii8r,2022-09-08 18:56:51.416000+00:00,2024-01-18T16:48:38.479Z,35.9625,77.7205,10.0,4.0,mb,31.0,8.0,105.0,4.328,0.84,earthquake,"142 km NE of Thang, India",0.184,5.15,1.91
us6000ii12,2022-09-08 01:50:50.946000+00:00,2022-11-15T19:05:47.040Z,35.9009,77.8306,10.0,4.4,mb,55.0,20.0,85.0,4.374,0.42,earthquake,"143 km NE of Thang, India",0.12,8.2,1.881
us7000i4kj,2022-09-02 07:13:05.499000+00:00,2022-11-06T04:36:03.040Z,13.9359,93.6367,55.814,5.0,mww,123.0,14.0,45.0,5.339,0.74,earthquake,"Andaman Islands, India region",0.083,8.49,6.619
us7000i5q7,2022-08-29 12:54:02.976000+00:00,2022-11-06T04:38:03.040Z,29.024,96.1153,10.0,4.2,mb,24.0,11.0,112.0,8.262,0.32,earthquake,"113 km NNW of Hayuliang, India",0.16,11.25,1.933
us7000i5ec,2022-08-28 03:16:16.963000+00:00,2022-11-06T04:39:04.040Z,10.3923,93.8489,10.0,4.6,mb,22.0,10.0,94.0,1.659,1.38,earthquake,"185 km SE of Port Blair, India",0.173,9.13,1.916
us7000i2i8,2022-08-26 04:52:25.244000+00:00,2022-11-01T15:14:14.040Z,25.0099,95.2338,91.384,4.6,mb,45.0,32.0,53.0,2.792,0.67,earthquake,"103 km SE of Phek, India",0.1,10.18,9.25
us7000i23w,2022-08-24 17:34:21.884000+00:00,2022-11-01T15:14:03.040Z,33.1509,75.7219,10.0,4.2,mb,42.0,19.0,156.0,2.112,0.68,earthquake,"16 km E of Doda, India",0.121,8.01,1.838
us6000icvq,2022-08-22 20:50:28.977000+00:00,2022-11-01T15:12:53.040Z,33.2367,75.8439,10.0,4.0,mb,33.0,13.0,153.0,2.192,1.01,earthquake,"11 km SE of Kishtw?r, India",0.144,8.14,1.881
us6000ic7w,2022-08-19 19:42:42.048000+00:00,2022-10-28T02:27:12.040Z,28.0619,81.1968,10.0,4.9,mb,114.0,103.0,80.0,3.621,0.73,earthquake,"12 km NE of Dhaurahra, India",0.057,8.51,1.804
us6000i8wu,2022-08-07 15:44:30.673000+00:00,2022-10-21T23:18:51.040Z,10.2856,93.8306,10.349,4.6,mb,49.0,30.0,73.0,1.73,0.53,earthquake,"193 km SE of Port Blair, India",0.105,5.73,3.75
us6000i69p,2022-07-28 19:26:46.105000+00:00,2022-10-01T22:09:27.040Z,23.3819,82.5056,9.957,4.7,mb,66.0,111.0,92.0,5.062,0.69,earthquake,"14 km NNW of Baikunthpur, India",0.056,9.74,4.111
us7000htji,2022-07-26 15:13:43.440000+00:00,2022-10-01T22:09:55.040Z,23.5693,93.2709,42.7,4.6,mb,72.0,57.0,56.0,1.742,0.57,earthquake,"25 km NE of Khawhai, India",0.074,7.89,6.553
us7000htgq,2022-07-26 03:12:07.119000+00:00,2022-10-01T22:09:52.040Z,34.644,80.2097,10.0,4.2,mb,46.0,18.0,92.0,7.322,0.7,earthquake,"247 km ENE of Leh, India",0.124,5.63,1.849
us6000i7rv,2022-07-24 07:06:54.744000+00:00,2022-10-01T22:09:32.040Z,30.7594,78.396,20.888,4.0,mb,23.0,9.0,169.0,5.215,0.58,earthquake,"5 km NW of Uttark?shi, India",0.184,10.63,3.548
us6000i32w,2022-07-16 18:12:48.028000+00:00,2022-09-27T16:56:54.040Z,24.1883,94.4481,76.459,4.5,mb,79.0,59.0,57.0,2.984,0.89,earthquake,"58 km SE of Kakching, India",0.075,7.63,6.042
us7000hsnu,2022-07-14 01:36:40.836000+00:00,2022-09-24T21:25:42.040Z,10.3022,94.1785,10.0,4.4,mb,21.0,10.0,178.0,1.947,0.67,earthquake,"217 km SE of Port Blair, India",0.17,8.8,1.9
us6000i21t,2022-07-13 07:48:10.883000+00:00,2022-09-24T21:25:46.040Z,7.0288,85.9923,10.0,4.8,mb,55.0,37.0,65.0,5.569,0.67,earthquake,Bay of Bengal,0.092,9.11,1.81
us6000i1hw,2022-07-11 02:40:01.281000+00:00,2022-09-24T21:25:58.040Z,23.3845,82.4802,10.0,4.6,mb,69.0,56.0,85.0,5.071,0.62,earthquake,"15 km NNW of Baikunthpur, India",0.073,10.19,1.863
us6000i13p,2022-07-09 00:52:02.519000+00:00,2022-09-24T21:26:10.040Z,16.9254,75.7188,10.0,4.5,mb,66.0,50.0,77.0,9.694,0.57,earthquake,"Karnataka, India",0.077,10.91,1.841
us6000i11i,2022-07-08 21:34:33.544000+00:00,2022-09-13T06:25:42.040Z,10.3187,94.1649,10.0,4.5,mb,41.0,27.0,105.0,1.926,0.63,earthquake,"215 km SE of Port Blair, India",0.108,8.0,1.4
us6000i2pp,2022-07-08 21:23:56.176000+00:00,2022-09-13T06:26:29.040Z,9.921,94.2657,10.0,4.1,mb,18.0,5.0,160.0,2.281,0.31,earthquake,"Nicobar Islands, India region",0.234,7.5,2.0
us6000i117,2022-07-08 21:04:40.152000+00:00,2022-09-13T06:25:40.040Z,10.4818,94.1885,10.0,5.2,mww,78.0,11.0,61.0,1.836,0.65,earthquake,"Andaman Islands, India region",0.093,7.7,1.7
us6000i2pd,2022-07-08 19:36:45.401000+00:00,2022-09-13T06:26:23.040Z,10.3507,94.0642,10.0,4.2,mb,36.0,17.0,170.0,6.369,0.58,earthquake,"204 km SE of Port Blair, India",0.136,9.94,1.904
us6000i10d,2022-07-08 19:16:14.912000+00:00,2024-01-18T16:39:33.162Z,10.4109,94.2296,10.0,4.8,mb,95.0,65.0,85.0,1.913,0.73,earthquake,"213 km SE of Port Blair, India",0.074,1.98,1.838
us6000i0zv,2022-07-08 19:15:46.921000+00:00,2024-01-18T16:39:31.435Z,10.3602,94.1827,10.0,4.5,mb,64.0,38.0,85.0,1.911,0.7,earthquake,"213 km SE of Port Blair, India",0.094,7.37,1.857
us6000i2nr,2022-07-08 04:30:25.912000+00:00,2022-09-13T06:26:17.040Z,27.8815,94.1134,10.0,4.3,mb,23.0,11.0,108.0,5.237,0.65,earthquake,"41 km NE of Ziro, India",0.169,8.4,1.7
us6000i238,2022-07-07 01:02:12.039000+00:00,2022-09-13T06:26:02.040Z,10.4157,94.0481,10.0,4.3,mb,18.0,9.0,94.0,9.292,0.51,earthquake,"198 km SE of Port Blair, India",0.178,6.4,1.9
us6000i0cv,2022-07-06 19:51:51.066000+00:00,2022-09-13T06:23:12.040Z,10.3391,94.2494,10.0,4.6,mb,52.0,25.0,82.0,1.974,0.61,earthquake,"220 km SE of Port Blair, India",0.11,7.5,1.8
us6000i0bz,2022-07-06 18:31:23.829000+00:00,2024-01-18T16:39:15.176Z,10.4174,94.1129,10.0,4.5,mb,52.0,28.0,83.0,1.822,0.71,earthquake,"203 km SE of Port Blair, India",0.102,8.2,1.9
us6000i0bw,2022-07-06 17:52:00.412000+00:00,2022-09-13T06:23:10.040Z,10.4009,94.3816,10.0,4.5,mb,46.0,29.0,143.0,5.453,0.92,earthquake,"226 km SE of Port Blair, India",0.1,8.7,1.9
us6000i09u,2022-07-06 15:16:27.036000+00:00,2022-09-13T06:23:07.040Z,10.3877,94.0749,10.0,4.5,mb,44.0,28.0,160.0,1.815,0.63,earthquake,"202 km SE of Port Blair, India",0.102,3.83,1.882
us6000i07w,2022-07-06 08:01:06.482000+00:00,2022-09-13T06:22:58.040Z,10.368,94.2181,10.0,4.9,mb,78.0,103.0,58.0,1.932,0.69,earthquake,"215 km SE of Port Blair, India",0.055,6.98,1.17
us6000i1tz,2022-07-06 00:32:44.303000+00:00,2022-09-13T06:25:52.040Z,10.3261,94.1081,10.0,4.0,mb,16.0,6.0,183.0,1.881,0.71,earthquake,"Andaman Islands, India region",0.212,11.2,2.0
us6000i05y,2022-07-06 00:26:14.626000+00:00,2022-09-13T06:22:53.040Z,10.4628,94.1034,10.0,4.9,mb,90.0,69.0,85.0,1.785,0.48,earthquake,"199 km SE of Port Blair, India",0.068,7.7,1.847
us6000i008,2022-07-05 14:50:19.975000+00:00,2022-09-13T06:22:40.040Z,10.553,94.1619,10.0,4.9,mb,50.0,48.0,80.0,1.771,1.01,earthquake,"197 km SE of Port Blair, India",0.083,7.9,1.8
us6000i0y2,2022-07-05 13:16:44.407000+00:00,2022-09-13T06:25:22.040Z,10.3995,94.1516,10.0,4.2,mb,20.0,9.0,178.0,5.667,0.5,earthquake,"207 km SE of Port Blair, India",0.176,12.0,1.9
us6000i0xz,2022-07-05 11:12:51.217000+00:00,2022-09-13T06:25:19.040Z,10.3821,94.2379,10.0,4.0,mb,25.0,10.0,178.0,1.937,0.53,earthquake,"Andaman Islands, India region",0.173,6.57,1.922
us6000i0xu,2022-07-05 10:24:13.165000+00:00,2022-09-13T06:25:10.040Z,10.4254,94.1424,10.0,4.2,mb,26.0,8.0,158.0,1.838,0.21,earthquake,"205 km SE of Port Blair, India",0.187,7.71,1.911
us6000hzyw,2022-07-05 09:44:02.616000+00:00,2022-09-13T06:22:33.040Z,10.2992,94.3324,10.0,4.7,mb,60.0,45.0,84.0,2.062,0.41,earthquake,"230 km SE of Port Blair, India",0.082,4.14,1.864
us6000i0xk,2022-07-05 08:19:07.720000+00:00,2022-09-13T06:25:01.040Z,10.3821,94.0983,10.0,4.3,mb,20.0,6.0,178.0,1.835,0.28,earthquake,"204 km SE of Port Blair, India",0.217,8.9,1.9
us6000hzy9,2022-07-05 07:48:33.145000+00:00,2022-09-13T06:22:30.040Z,10.2608,94.1562,10.0,4.8,mb,99.0,96.0,57.0,1.961,0.61,earthquake,"218 km SE of Port Blair, India",0.057,7.38,1.758
us6000i0xd,2022-07-05 06:46:45.203000+00:00,2022-09-13T06:24:59.040Z,10.3286,94.1991,10.0,4.3,mb,26.0,12.0,178.0,1.944,0.41,earthquake,"217 km SE of Port Blair, India",0.153,6.8,1.9
us6000hzxm,2022-07-05 06:06:13.690000+00:00,2022-09-13T06:22:27.040Z,10.2666,94.2833,10.0,5.0,mww,93.0,11.0,69.0,2.047,0.49,earthquake,"228 km SE of Port Blair, India",0.093,7.6,1.9
us6000i0xm,2022-07-05 03:21:57.190000+00:00,2022-09-13T06:25:02.040Z,10.4449,93.87,10.0,4.3,mb,20.0,8.0,141.0,1.634,0.62,earthquake,"182 km SE of Port Blair, India",0.189,6.1,1.8
us6000hzwp,2022-07-05 02:34:57.675000+00:00,2022-09-13T06:22:22.040Z,10.3288,94.0598,10.0,4.9,mb,74.0,73.0,57.0,1.846,0.87,earthquake,"206 km SE of Port Blair, India",0.065,7.5,1.8
us6000i0x4,2022-07-05 01:10:46.372000+00:00,2022-09-13T06:24:55.040Z,10.2316,94.0501,10.0,4.2,mb,21.0,13.0,88.0,1.91,0.68,earthquake,"213 km SE of Port Blair, India",0.176,5.6,1.9
us6000hzwa,2022-07-05 00:26:56.477000+00:00,2023-07-28T22:06:30.430Z,10.3277,94.2534,10.0,5.4,mww,68.0,21.0,85.0,1.985,0.74,earthquake,"Andaman Islands, India region",0.068,6.32,1.836
us6000i0x3,2022-07-05 00:10:04.562000+00:00,2022-09-13T06:24:55.040Z,10.2778,93.8421,10.0,4.5,mb,32.0,18.0,118.0,1.743,0.62,earthquake,"194 km SE of Port Blair, India",0.127,6.6,1.8
us6000i0wg,2022-07-04 23:38:46.553000+00:00,2022-09-13T06:24:51.040Z,10.4198,94.0743,10.0,4.5,mb,34.0,15.0,92.0,1.792,0.39,earthquake,"200 km SE of Port Blair, India",0.139,7.7,1.9
us6000hzw2,2022-07-04 23:15:13.225000+00:00,2022-09-13T06:22:17.040Z,10.2329,94.2382,10.0,4.6,mb,59.0,43.0,107.0,2.037,0.55,earthquake,"227 km SE of Port Blair, India",0.083,8.5,1.9
us6000i0w9,2022-07-04 21:59:01.988000+00:00,2022-09-13T06:24:49.040Z,10.4627,94.1965,10.0,4.2,mb,15.0,5.0,194.0,5.645,0.47,earthquake,"206 km SE of Port Blair, India",0.237,10.1,1.9
us6000hzv5,2022-07-04 21:24:41.456000+00:00,2022-09-13T06:22:15.040Z,10.3032,94.1408,10.0,4.9,mb,95.0,68.0,61.0,1.92,0.64,earthquake,"214 km SE of Port Blair, India",0.068,7.8,1.8
us6000hzv3,2022-07-04 21:18:26.125000+00:00,2022-09-13T06:22:15.040Z,10.4048,94.2584,10.0,4.4,mb,42.0,25.0,146.0,1.938,0.44,earthquake,"216 km SE of Port Blair, India",0.108,6.7,1.6
us6000hzuu,2022-07-04 21:03:56.176000+00:00,2022-09-13T06:22:13.040Z,10.3526,94.2481,10.0,4.9,mww,112.0,13.0,47.0,1.964,0.67,earthquake,"219 km SE of Port Blair, India",0.086,6.99,1.784
us6000hzus,2022-07-04 20:43:48.593000+00:00,2022-09-13T06:22:13.040Z,10.4204,94.2649,10.0,4.9,mb,72.0,75.0,89.0,5.568,0.93,earthquake,"Andaman Islands, India region",0.065,8.7,1.8
us6000hzup,2022-07-04 20:18:13.150000+00:00,2022-09-13T06:22:12.040Z,10.5545,94.1795,10.0,4.9,mb,70.0,52.0,101.0,1.784,0.85,earthquake,"Andaman Islands, India region",0.078,6.8,1.8
us6000i0x2,2022-07-04 20:02:48.649000+00:00,2022-09-13T06:24:54.040Z,10.2384,94.0024,10.0,4.5,mb,28.0,14.0,177.0,9.468,0.86,earthquake,"Andaman Islands, India region",0.145,12.9,1.9
us6000hzuk,2022-07-04 20:00:39.497000+00:00,2022-09-13T06:22:11.040Z,10.4646,94.4605,10.0,4.6,mb,27.0,27.0,155.0,2.059,0.67,earthquake,"229 km SE of Port Blair, India",0.105,6.1,1.8
us6000hzue,2022-07-04 19:36:57+00:00,2022-09-13T06:22:10.040Z,10.2638,93.9224,10.0,5.0,mb,53.0,50.0,67.0,1.803,0.92,earthquake,"201 km SE of Port Blair, India",0.08,8.3,1.9
us6000hzua,2022-07-04 19:16:36.014000+00:00,2022-09-13T06:22:09.040Z,10.3725,93.6866,10.0,4.6,mb,29.0,26.0,153.0,1.576,0.9,earthquake,"176 km SE of Port Blair, India",0.107,7.53,1.911
us6000i0vx,2022-07-04 18:33:26.316000+00:00,2022-09-13T06:24:45.040Z,10.1636,94.1024,10.0,4.2,mb,23.0,11.0,178.0,1.995,1.0,earthquake,"222 km SE of Port Blair, India",0.159,9.17,1.956
us6000hzu3,2022-07-04 18:07:44.228000+00:00,2022-09-13T06:22:08.040Z,10.4137,94.2287,10.0,4.7,mb,61.0,39.0,89.0,1.91,0.77,earthquake,"213 km SE of Port Blair, India",0.088,6.7,1.8
us6000i0w4,2022-07-04 18:04:26.023000+00:00,2022-09-13T06:24:47.040Z,10.2429,94.1027,10.0,4.8,mb,57.0,36.0,107.0,1.936,0.71,earthquake,"Andaman Islands, India region",0.092,4.4,1.8
us6000i0x1,2022-07-04 18:03:50.250000+00:00,2022-09-13T06:24:54.040Z,10.4139,94.2442,10.0,4.1,mb,19.0,9.0,167.0,1.921,0.7,earthquake,"214 km SE of Port Blair, India",0.185,6.4,1.9
us6000hztp,2022-07-04 17:31:21.363000+00:00,2022-09-13T06:22:06.040Z,10.4304,94.2504,10.0,4.9,mb,63.0,86.0,101.0,1.915,0.87,earthquake,"213 km SE of Port Blair, India",0.06,7.8,1.8
us6000i0vv,2022-07-04 15:13:07.749000+00:00,2022-09-13T06:24:44.040Z,10.3736,94.244,10.0,4.2,mb,23.0,9.0,179.0,1.947,0.8,earthquake,"217 km SE of Port Blair, India",0.176,9.3,1.7
us6000i0vp,2022-07-04 15:03:43.220000+00:00,2022-09-13T06:24:42.040Z,10.3123,94.1286,10.0,4.4,mb,30.0,16.0,167.0,1.905,0.32,earthquake,"212 km SE of Port Blair, India",0.143,9.3,1.9
us6000hzsh,2022-07-04 14:19:39.150000+00:00,2022-09-13T06:22:02.040Z,9.9627,94.1363,10.0,4.5,mb,38.0,22.0,206.0,2.168,0.76,earthquake,"242 km SE of Port Blair, India",0.116,10.2,1.9
us6000hzri,2022-07-04 14:16:07.734000+00:00,2022-09-13T06:21:59.040Z,10.3479,94.0109,10.0,4.5,mb,38.0,20.0,70.0,1.799,0.28,earthquake,"Andaman Islands, India region",0.121,6.6,1.7
us6000i0vj,2022-07-04 13:48:36.387000+00:00,2022-09-13T06:24:40.040Z,10.3415,94.1421,10.0,4.2,mb,21.0,11.0,265.0,1.894,0.52,earthquake,"Andaman Islands, India region",0.159,11.9,2.0
us6000i0ve,2022-07-04 12:56:53.028000+00:00,2022-09-13T06:24:38.040Z,10.4368,94.1791,10.0,4.3,mb,25.0,13.0,179.0,1.858,0.4,earthquake,"207 km SE of Port Blair, India",0.148,9.6,1.8
us6000hzr6,2022-07-04 12:51:33.584000+00:00,2022-09-13T06:21:58.040Z,10.2341,94.2256,10.0,4.5,mb,41.0,26.0,158.0,2.028,0.45,earthquake,"226 km SE of Port Blair, India",0.106,7.9,1.9
us6000hzr2,2022-07-04 12:20:35.476000+00:00,2022-09-13T06:21:56.040Z,10.1412,94.2325,10.0,4.6,mb,53.0,40.0,78.0,5.516,0.5,earthquake,"234 km SE of Port Blair, India",0.086,7.3,1.8
us6000hzqu,2022-07-04 11:48:11.309000+00:00,2022-09-13T06:21:55.040Z,10.3944,94.2851,10.0,5.0,mb,87.0,122.0,85.0,5.54,0.64,earthquake,"219 km SE of Port Blair, India",0.051,8.4,1.9
us6000i0vr,2022-07-04 11:15:37.887000+00:00,2022-09-13T06:24:43.040Z,10.4407,94.2815,10.0,4.1,mb,23.0,11.0,178.0,5.558,0.28,earthquake,"215 km SE of Port Blair, India",0.158,12.0,1.6
us6000hzqc,2022-07-04 10:09:05.632000+00:00,2022-09-13T06:21:54.040Z,10.4709,94.1822,10.0,4.5,mb,35.0,29.0,161.0,1.838,0.89,earthquake,"Andaman Islands, India region",0.101,8.58,1.895
us6000hzq5,2022-07-04 09:55:18.979000+00:00,2022-09-13T06:21:53.040Z,10.3591,94.1964,10.0,5.0,mww,72.0,13.0,58.0,1.922,0.5,earthquake,"Andaman Islands, India region",0.086,5.42,1.772
us6000i0v5,2022-07-04 09:46:49.717000+00:00,2022-09-13T06:24:38.040Z,10.4254,94.2342,10.0,4.5,mb,32.0,22.0,175.0,1.906,0.62,earthquake,"212 km SE of Port Blair, India",0.128,4.9,1.9
us6000hzq2,2022-07-04 09:32:33.341000+00:00,2022-09-13T06:21:53.040Z,10.3642,94.1744,10.0,4.7,mb,46.0,29.0,87.0,1.903,0.61,earthquake,"212 km SE of Port Blair, India",0.102,7.82,1.439
us6000i0vm,2022-07-04 09:11:06.457000+00:00,2022-09-13T06:24:41.040Z,10.2576,93.8591,10.0,4.3,mb,25.0,10.0,118.0,1.769,0.95,earthquake,"197 km SE of Port Blair, India",0.202,7.0,1.9
us6000hzpu,2022-07-04 09:07:03.697000+00:00,2022-09-13T06:21:51.040Z,10.3072,94.1437,10.0,5.0,mww,77.0,13.0,57.0,1.92,1.0,earthquake,"214 km SE of Port Blair, India",0.086,7.09,1.772
us6000i0v3,2022-07-04 08:54:19.874000+00:00,2022-09-13T06:24:36.040Z,10.5491,93.9883,10.0,4.2,mb,19.0,7.0,178.0,1.644,0.42,earthquake,"183 km SE of Port Blair, India",0.199,6.71,1.941
us6000i0uy,2022-07-04 08:53:26.096000+00:00,2022-09-13T06:24:34.040Z,10.3254,94.0101,10.0,4.3,mb,21.0,7.0,159.0,1.815,0.32,earthquake,"202 km SE of Port Blair, India",0.201,6.17,1.891
us6000i0ux,2022-07-04 08:46:51.549000+00:00,2022-09-13T06:24:33.040Z,10.1855,94.0655,10.0,4.3,mb,32.0,12.0,87.0,1.954,0.52,earthquake,"218 km SE of Port Blair, India",0.154,5.17,1.752
us6000i0v1,2022-07-04 08:40:50.995000+00:00,2022-09-13T06:24:35.040Z,10.298,94.1393,10.0,4.1,mb,21.0,8.0,178.0,1.923,0.26,earthquake,"214 km SE of Port Blair, India",0.185,9.3,1.88
us6000hzpp,2022-07-04 08:36:19.007000+00:00,2022-09-13T06:21:50.040Z,10.4305,94.1413,10.0,5.1,mb,116.0,164.0,69.0,1.834,0.5,earthquake,"204 km SE of Port Blair, India",0.044,6.1,1.781
us6000i0uv,2022-07-04 08:31:12.958000+00:00,2022-09-13T06:24:32.040Z,10.3129,94.1035,10.0,4.5,mb,52.0,29.0,100.0,1.888,0.46,earthquake,"210 km SE of Port Blair, India",0.101,7.87,1.876
us6000hzpl,2022-07-04 08:25:27.023000+00:00,2022-09-13T06:21:49.040Z,10.2936,94.2046,10.0,4.4,mb,46.0,24.0,85.0,1.972,0.43,earthquake,"220 km SE of Port Blair, India",0.109,3.12,1.88
us6000hzpi,2022-07-04 08:02:38.928000+00:00,2022-09-13T06:21:49.040Z,10.3181,94.033,10.0,4.8,mb,97.0,74.0,64.0,5.823,0.54,earthquake,"204 km SE of Port Blair, India",0.066,6.64,1.841
us6000i0us,2022-07-04 08:01:24.837000+00:00,2022-09-13T06:24:31.040Z,10.3636,93.9764,10.0,4.2,mb,28.0,19.0,170.0,5.821,0.61,earthquake,"197 km SE of Port Blair, India",0.121,8.2,1.938
us6000i0un,2022-07-04 07:29:30.021000+00:00,2022-09-13T06:24:31.040Z,10.4776,94.1576,10.0,4.3,mb,22.0,9.0,158.0,1.815,0.94,earthquake,"202 km SE of Port Blair, India",0.177,8.6,1.9
us6000i0vf,2022-07-04 07:21:12.801000+00:00,2022-09-13T06:24:39.040Z,10.4084,94.175,10.0,4.3,mb,32.0,14.0,131.0,5.648,0.29,earthquake,"209 km SE of Port Blair, India",0.142,7.0,1.742
us6000i0v4,2022-07-04 06:17:45.344000+00:00,2022-09-13T06:24:37.040Z,10.5715,94.5486,10.0,4.2,mb,15.0,8.0,168.0,2.073,0.32,earthquake,"231 km ESE of Port Blair, India",0.2,10.7,1.956
us6000i0ul,2022-07-04 05:59:26.188000+00:00,2022-09-13T06:24:30.040Z,10.266,94.0759,10.0,4.3,mb,30.0,13.0,175.0,1.902,0.19,earthquake,"Andaman Islands, India region",0.148,9.23,1.925
us6000hznv,2022-07-04 05:35:51.743000+00:00,2022-09-13T06:21:47.040Z,10.3658,94.0742,10.0,4.7,mb,75.0,56.0,102.0,1.83,0.38,earthquake,"204 km SE of Port Blair, India",0.074,5.46,1.763
us6000i0uh,2022-07-04 05:04:49.855000+00:00,2022-09-13T06:24:30.040Z,10.3683,94.071,10.0,4.1,mb,25.0,12.0,159.0,5.733,0.39,earthquake,"203 km SE of Port Blair, India",0.151,11.72,1.926
us7000hjal,2022-06-22 14:25:32.357000+00:00,2022-08-28T03:20:14.040Z,10.5852,91.6122,10.0,4.6,mb,83.0,52.0,46.0,1.538,0.32,earthquake,"172 km SW of Port Blair, India",0.076,6.2,1.8
us7000hjyn,2022-06-21 01:45:48.714000+00:00,2022-08-28T03:19:29.040Z,10.576,91.58,10.0,4.2,mb,26.0,10.0,126.0,1.567,0.45,earthquake,"175 km SW of Port Blair, India",0.166,7.5,1.8
us7000hfvg,2022-06-08 09:25:29.205000+00:00,2022-08-13T21:51:41.040Z,35.9367,77.9967,10.0,4.4,mb,27.0,8.0,117.0,4.509,0.6,earthquake,"156 km NE of Thang, India",0.189,7.6,1.9
us7000hfug,2022-06-08 06:52:24.266000+00:00,2022-08-13T21:51:40.040Z,35.9196,77.8975,10.0,4.9,mb,110.0,192.0,51.0,4.43,0.73,earthquake,Kashmir-Xinjiang border region,0.041,7.0,1.8
us7000hf4j,2022-06-05 09:11:46.078000+00:00,2022-08-13T21:52:19.040Z,8.9674,93.6949,73.24,5.0,mb,84.0,127.0,54.0,4.92,0.58,earthquake,"Nicobar Islands, India region",0.05,9.68,5.707
us7000hdq8,2022-05-31 04:39:39.616000+00:00,2022-08-06T22:13:08.040Z,26.3635,95.6051,95.69,4.3,mb,23.0,10.0,90.0,4.13,0.95,earthquake,"68 km SE of Mon, India",0.169,9.7,7.2
us7000hedv,2022-05-29 10:52:56.176000+00:00,2022-08-06T22:13:18.040Z,7.7406,91.7514,10.0,4.3,mb,22.0,10.0,137.0,4.011,0.43,earthquake,"Nicobar Islands, India region",0.169,6.0,1.9
us7000hcwe,2022-05-27 02:20:15.367000+00:00,2022-08-02T19:50:56.040Z,12.9434,93.4548,77.17,4.5,mb,49.0,65.0,64.0,1.456,0.8,earthquake,"159 km NNE of Bamboo Flat, India",0.068,9.0,6.0
us6000hld3,2022-05-15 16:17:04.821000+00:00,2022-07-24T02:38:53.040Z,26.3342,92.3725,10.0,4.1,mb,35.0,17.0,94.0,3.701,0.72,earthquake,"9 km NNE of Morigaon, India",0.127,8.4,1.9
us6000hksn,2022-05-13 07:09:28.657000+00:00,2022-07-22T18:30:53.040Z,25.7111,96.8176,10.0,4.4,mb,37.0,20.0,72.0,4.239,0.51,earthquake,"54 km S of Sarupathar, India",0.123,6.2,1.7
us6000hkse,2022-05-13 06:13:55.734000+00:00,2022-07-22T18:30:52.040Z,25.6938,96.8329,10.0,4.3,mb,21.0,8.0,173.0,4.236,0.7,earthquake,"56 km S of Sarupathar, India",0.188,10.9,2.0
us6000hmcp,2022-05-13 02:16:42.668000+00:00,2022-07-22T18:31:00.040Z,32.7165,76.2415,10.0,4.6,mb,19.0,11.0,169.0,2.661,0.8,earthquake,"20 km NNE of Chamba, India",0.173,8.2,2.0
us7000h8ii,2022-05-11 04:33:11.628000+00:00,2022-07-22T18:31:12.040Z,29.9682,80.4219,33.06,4.9,mb,59.0,163.0,100.0,4.775,0.4,earthquake,"16 km NW of Dh?rchula, India",0.044,8.2,3.9
us6000hli3,2022-05-09 22:08:05.153000+00:00,2022-07-22T18:30:57.040Z,10.179,93.8413,10.0,4.6,mb,31.0,15.0,58.0,1.82,1.04,earthquake,"203 km SE of Port Blair, India",0.141,5.6,1.7
us6000hli4,2022-05-09 22:06:30.273000+00:00,2022-07-22T18:30:57.040Z,9.7019,93.498,10.0,4.5,mb,24.0,13.0,197.0,2.078,0.79,earthquake,"232 km SSE of Port Blair, India",0.15,8.1,1.9
us7000h85q,2022-05-09 17:16:16.683000+00:00,2022-07-22T18:31:09.040Z,13.4647,94.0795,10.0,4.2,mb,28.0,11.0,92.0,2.221,1.02,earthquake,"245 km NE of Bamboo Flat, India",0.158,4.1,1.9
us6000hlht,2022-05-09 16:10:23.667000+00:00,2022-07-22T18:30:57.040Z,10.3663,94.152,10.0,4.3,mb,34.0,18.0,174.0,1.885,0.54,earthquake,"210 km SE of Port Blair, India",0.126,9.1,1.9
us7000h8mi,2022-05-04 20:36:17.083000+00:00,2022-07-09T21:39:59.040Z,10.3401,92.4602,30.51,4.6,mb,26.0,11.0,93.0,1.336,0.62,earthquake,"149 km SSW of Port Blair, India",0.164,9.0,6.1
us7000h67m,2022-05-01 13:52:59.667000+00:00,2022-07-09T21:39:46.040Z,35.9168,77.9188,10.0,4.4,mb,52.0,24.0,105.0,5.804,0.48,earthquake,"149 km NE of Thang, India",0.114,8.1,1.9
us7000h63j,2022-04-30 17:34:05.382000+00:00,2022-07-09T21:39:44.040Z,13.1672,93.0378,42.04,4.5,mb,66.0,53.0,47.0,1.529,0.88,earthquake,"166 km NNE of Bamboo Flat, India",0.082,7.6,6.9
us6000hfgp,2022-04-22 03:51:27.747000+00:00,2022-08-09T06:27:02.187Z,13.9992,92.9511,10.0,4.9,mb,,54.0,82.0,5.996,0.81,earthquake,"255 km N of Bamboo Flat, India",0.077,9.0,1.8
us6000hfkv,2022-04-17 22:31:39.157000+00:00,2022-06-26T01:19:02.040Z,25.9974,95.9133,79.64,4.3,mb,,14.0,134.0,5.305,0.61,earthquake,"92 km WSW of Sarupathar, India",0.142,12.8,9.5
us7000h0w1,2022-04-09 11:22:33.744000+00:00,2022-06-20T22:07:34.040Z,30.9544,78.2383,10.0,4.3,mb,,20.0,167.0,4.992,0.39,earthquake,"16 km N of Barkot, India",0.119,5.4,1.9
us7000gydj,2022-03-30 10:14:41.835000+00:00,2022-06-04T20:42:24.040Z,35.9287,78.0076,10.0,4.3,mb,,14.0,100.0,4.513,0.82,earthquake,"156 km NE of Thang, India",0.148,8.6,1.9
us7000gxzr,2022-03-29 01:59:33.433000+00:00,2022-06-04T20:42:16.040Z,35.9605,77.9296,10.0,4.3,mb,,12.0,100.0,4.473,0.96,earthquake,"154 km NE of Thang, India",0.154,7.4,1.9
us7000gxy0,2022-03-28 21:22:33.266000+00:00,2022-06-04T20:42:15.040Z,14.6269,93.0229,10.0,4.7,mb,,83.0,49.0,5.91,0.81,earthquake,"Andaman Islands, India region",0.061,6.8,1.8
us7000gyh7,2022-03-25 17:58:26.461000+00:00,2022-05-28T18:35:43.040Z,12.8771,92.9804,26.21,4.2,mb,,7.0,168.0,6.157,0.88,earthquake,"133 km NNE of Bamboo Flat, India",0.215,10.4,7.1
us6000h6se,2022-03-22 20:11:39.450000+00:00,2022-05-28T18:35:25.040Z,35.6142,74.9006,46.47,4.1,mb,,19.0,96.0,2.376,1.19,earthquake,northwestern Kashmir,0.124,7.9,5.0
us6000h6c6,2022-03-21 06:36:03.776000+00:00,2022-05-28T18:35:22.040Z,24.1944,94.4865,82.38,4.5,mb,,107.0,54.0,3.017,0.55,earthquake,"61 km SE of W?ngjing, India",0.053,6.9,6.8
us7000gwys,2022-03-20 21:54:49.023000+00:00,2022-05-28T18:35:34.040Z,14.5923,93.0222,10.0,4.1,mb,,9.0,51.0,2.931,0.6,earthquake,"Andaman Islands, India region",0.175,7.8,1.9
us7000gwn4,2022-03-18 05:40:18.475000+00:00,2022-05-27T14:55:45.040Z,24.8691,93.6502,40.97,4.4,mb,,7.0,97.0,2.217,0.6,earthquake,"30 km WNW of Imph?l, India",0.219,11.0,8.9
us6000h5hl,2022-03-17 17:35:00.416000+00:00,2022-05-27T14:55:34.040Z,35.9368,77.9458,10.0,4.1,mb,,20.0,111.0,4.473,1.03,earthquake,"153 km NE of Thang, India",0.117,9.2,1.9
us6000h5el,2022-03-17 13:41:18.468000+00:00,2022-05-27T14:55:32.040Z,35.9998,77.9099,10.0,5.1,mww,,11.0,33.0,4.479,0.88,earthquake,"156 km NE of Thang, India",0.093,7.2,1.8
us6000h4z9,2022-03-16 06:10:12.001000+00:00,2022-05-27T14:55:28.040Z,35.9335,77.9888,10.0,4.3,mb,,8.0,100.0,4.502,1.21,earthquake,"155 km NE of Thang, India",0.187,7.6,1.9
us6000h4yj,2022-03-16 03:41:25.723000+00:00,2022-05-27T14:55:28.040Z,35.9093,77.9477,10.0,4.1,mb,,10.0,113.0,4.461,0.7,earthquake,"151 km NE of Thang, India",0.184,7.7,1.8
us6000h4ll,2022-03-15 02:51:06.411000+00:00,2024-01-17T22:28:35.601Z,29.9999,95.07,35.0,4.1,mb,,16.0,88.0,8.857,0.66,earthquake,"176 km NNE of Shi Yomi, India",0.13,11.9,2.0
us6000h4d6,2022-03-14 06:46:59.632000+00:00,2022-05-27T14:55:23.040Z,35.9455,76.8204,10.0,4.2,mb,,40.0,48.0,3.712,0.4,earthquake,"112 km N of Thang, India",0.085,7.4,1.9
us6000h3mr,2022-03-10 19:28:51.759000+00:00,2022-05-14T21:52:30.040Z,35.8865,77.8078,10.0,4.5,mb,,12.0,101.0,4.351,0.85,earthquake,"140 km NE of Thang, India",0.156,8.2,1.9
us6000h1p1,2022-03-03 08:47:06.403000+00:00,2022-05-07T21:32:45.040Z,29.9082,95.0011,10.0,4.4,mb,,43.0,39.0,5.69,0.45,earthquake,"164 km NNE of Shi Yomi, India",0.082,8.2,1.9
us6000h1nw,2022-03-03 08:19:05.856000+00:00,2022-05-07T21:32:45.040Z,29.9171,94.9732,10.0,4.1,mb,,24.0,68.0,5.696,0.36,earthquake,"164 km NNE of Shi Yomi, India",0.111,9.0,1.9
us7000gn46,2022-02-23 04:28:24.354000+00:00,2022-05-04T13:39:58.040Z,31.4596,77.8709,10.0,4.2,mb,,13.0,130.0,4.457,0.8,earthquake,"9 km SE of Sar?han, India",0.146,7.1,1.9
us7000gmew,2022-02-20 11:43:42.215000+00:00,2022-05-04T13:38:54.040Z,10.8986,94.8857,10.0,4.3,mb,,11.0,156.0,2.231,0.62,earthquake,"248 km ESE of Port Blair, India",0.161,8.0,1.9
us7000gleq,2022-02-16 19:16:24.141000+00:00,2022-04-30T14:18:20.040Z,8.0859,91.9122,10.0,4.7,mb,,52.0,100.0,3.64,1.05,earthquake,"Nicobar Islands, India region",0.077,7.8,1.8
us7000gk3y,2022-02-11 19:16:50.015000+00:00,2022-04-19T17:40:12.040Z,26.0883,96.4951,10.0,4.8,mb,,155.0,38.0,5.318,0.67,earthquake,"34 km WSW of Sarupathar, India",0.047,6.9,1.8
us7000gk1q,2022-02-08 07:49:43.255000+00:00,2022-04-19T17:40:03.040Z,10.7745,92.8626,33.09,4.5,mb,,7.0,179.0,7.089,1.04,earthquake,"99 km S of Port Blair, India",0.204,8.7,5.8
us7000gidp,2022-02-06 05:57:32.293000+00:00,2022-04-19T17:38:43.040Z,31.5122,78.0555,10.0,4.2,mb,,21.0,137.0,4.568,0.56,earthquake,"24 km E of Sar?han, India",0.118,9.1,1.9
us7000ghvq,2022-01-29 23:46:31.813000+00:00,2022-04-15T17:57:20.040Z,10.5863,94.3334,10.0,4.4,mb,,6.0,173.0,1.887,0.39,earthquake,"210 km SE of Port Blair, India",0.22,4.1,1.9
us7000gen0,2022-01-24 19:38:59.306000+00:00,2022-04-09T20:18:59.040Z,29.9803,80.3548,10.0,4.0,mb,,24.0,129.0,4.833,0.81,earthquake,"21 km NW of Dh?rchula, India",0.106,9.5,1.9
us7000ggnd,2022-01-23 15:50:16.399000+00:00,2022-04-09T20:18:54.040Z,10.7625,91.4855,10.0,4.6,mb,,15.0,103.0,1.52,0.58,earthquake,"169 km SW of Bamboo Flat, India",0.151,9.6,1.9
us7000ggnc,2022-01-23 15:21:50.341000+00:00,2022-04-09T20:18:54.040Z,10.6973,91.5003,10.0,4.5,mb,,13.0,118.0,1.548,0.47,earthquake,"173 km SW of Bamboo Flat, India",0.164,4.8,1.9
us7000gfxf,2022-01-22 08:46:23.113000+00:00,2022-04-09T20:18:48.040Z,17.562,84.9267,10.0,4.2,mb,,8.0,120.0,10.06,0.89,earthquake,"132 km SE of Narasannapeta, India",0.187,8.5,2.0
us7000ge0w,2022-01-21 21:23:38.467000+00:00,2022-04-01T17:40:27.040Z,33.2225,75.9072,10.0,4.1,mb,,20.0,87.0,2.247,0.94,earthquake,"16 km SE of Kishtw?r, India",0.117,7.6,1.9
us7000gcs1,2022-01-18 02:22:15.803000+00:00,2022-04-01T17:40:15.040Z,24.0361,93.5196,60.79,4.5,mb,,27.0,69.0,2.192,0.48,earthquake,"36 km SSW of Chur?ch?ndpur, India",0.104,8.1,8.0
us7000gcr6,2022-01-17 22:59:23.843000+00:00,2022-04-01T17:40:15.040Z,29.2819,94.1513,10.0,5.1,mb,,155.0,48.0,6.953,1.24,earthquake,"86 km NNW of Shi Yomi, India",0.046,7.2,1.8
us7000gez7,2022-01-16 21:09:22.262000+00:00,2022-04-01T17:40:30.040Z,25.2468,93.8695,10.0,4.6,mb,,10.0,64.0,3.27,0.96,earthquake,"49 km N of Imph?l, India",0.173,4.1,1.9
us7000gdwl,2022-01-13 19:03:30.121000+00:00,2022-03-19T22:07:59.040Z,25.0326,95.0765,94.89,4.1,mb,,8.0,120.0,2.963,0.89,earthquake,"91 km SE of Phek, India",0.185,9.5,6.8
us7000gbfz,2022-01-12 20:46:57.971000+00:00,2022-03-19T22:07:54.040Z,25.22,94.1077,13.28,4.5,mb,,24.0,107.0,2.065,0.81,earthquake,"48 km NNE of Imph?l, India",0.11,7.0,4.2
us7000ga4l,2022-01-08 05:42:01.889000+00:00,2022-03-19T22:07:27.040Z,11.0371,93.2253,88.26,4.3,mb,,16.0,90.0,0.775,0.75,earthquake,"87 km SE of Port Blair, India",0.133,8.8,6.9
us7000g9pj,2022-01-06 18:29:13.484000+00:00,2022-03-12T22:19:13.040Z,27.8305,82.8074,10.0,4.4,mb,,28.0,105.0,2.189,1.08,earthquake,"38 km NNE of Pachperwa, India",0.101,7.8,2.0
us7000g8yg,2022-01-04 17:15:52.331000+00:00,2022-03-12T22:19:07.040Z,33.0339,76.074,40.06,4.3,mb,,38.0,105.0,2.427,0.77,earthquake,Kashmir-India border region,0.09,7.9,7.5
us7000g8xx,2022-01-04 15:02:42.007000+00:00,2022-03-12T22:19:07.040Z,11.9077,93.6061,131.6,4.6,mb,,39.0,53.0,5.913,0.61,earthquake,"97 km ENE of Port Blair, India",0.089,9.2,5.7
us7000gbng,2022-01-04 01:14:27.164000+00:00,2022-03-12T22:19:20.040Z,13.0711,93.0237,35.0,4.7,mb,,6.0,109.0,1.433,0.55,earthquake,"155 km NNE of Bamboo Flat, India",0.224,8.7,2.0
us7000gakz,2021-12-29 19:08:19.232000+00:00,2022-03-05T23:11:09.040Z,29.9056,80.3449,10.0,4.5,mb,,30.0,152.0,4.809,0.65,earthquake,"18 km WNW of Dh?rchula, India",0.098,9.0,1.9
us6000gfza,2021-12-29 00:01:00.663000+00:00,2022-03-05T23:10:50.040Z,9.8601,93.4354,92.37,5.0,mb,,89.0,56.0,1.909,0.97,earthquake,"213 km SSE of Port Blair, India",0.06,5.6,4.9
us6000gft3,2021-12-28 07:06:17.904000+00:00,2022-03-05T23:10:47.040Z,8.3999,93.9416,32.62,4.7,mb,,33.0,48.0,3.443,1.09,earthquake,"Nicobar Islands, India region",0.096,5.3,4.5
us6000gexl,2021-12-23 22:39:06.686000+00:00,2022-03-01T16:40:00.040Z,7.1248,92.5432,10.0,4.9,mww,,16.0,82.0,4.506,0.73,earthquake,"Nicobar Islands, India region",0.078,7.7,1.8
us6000ge9v,2021-12-21 21:08:33.831000+00:00,2022-03-01T16:39:02.040Z,10.2993,94.0416,10.0,5.0,mb,,75.0,43.0,5.741,0.84,earthquake,"Andaman Islands, India region",0.065,7.6,1.8
us6000ge34,2021-12-21 05:04:14.782000+00:00,2022-03-01T16:38:47.040Z,27.6752,96.9853,43.61,4.5,mb,,30.0,44.0,4.196,0.53,earthquake,"61 km SE of Hayuliang, India",0.099,4.5,8.6
us6000gdim,2021-12-19 03:19:46.151000+00:00,2025-12-22T22:23:11.222Z,13.7358,92.7495,10.0,5.1,mww,,10.0,54.0,2.067,0.85,earthquake,"225 km N of Bamboo Flat, India",0.098,6.7,1.8
us6000gb2m,2021-12-10 04:14:54.431000+00:00,2022-02-24T20:59:33.040Z,25.5067,95.4612,65.73,4.2,mb,,12.0,109.0,1.651,1.0,earthquake,"98 km E of Phek, India",0.153,10.5,16.5
us6000gawq,2021-12-05 13:39:30.450000+00:00,2022-02-12T23:07:18.040Z,13.9216,92.4294,10.0,4.3,mb,,12.0,84.0,6.508,0.48,earthquake,"247 km N of Bamboo Flat, India",0.153,8.0,1.9
us7000fxsg,2021-11-28 17:21:20.764000+00:00,2022-02-05T23:04:28.040Z,24.2296,94.5821,71.92,4.4,mb,,25.0,74.0,4.123,1.17,earthquake,"65 km SE of W?ngjing, India",0.108,9.5,7.5
us7000fxsb,2021-11-28 17:02:20.837000+00:00,2022-02-05T23:04:28.040Z,27.0354,96.5311,10.0,4.4,mb,,26.0,73.0,6.255,1.15,earthquake,"89 km ESE of Margherita, India",0.105,8.5,1.9
us7000fxlf,2021-11-28 01:32:51.010000+00:00,2022-02-05T23:04:23.040Z,27.0398,96.3025,10.0,4.6,mb,,28.0,44.0,6.064,1.24,earthquake,"68 km ESE of Margherita, India",0.103,3.8,1.9
us7000fwgt,2021-11-23 16:31:58.690000+00:00,2022-01-29T22:55:33.040Z,31.3163,77.1736,10.0,4.3,mb,,19.0,97.0,4.038,0.6,earthquake,"9 km NNE of Seoni, India",0.122,9.3,1.9
us7000fvq9,2021-11-20 11:12:18.811000+00:00,2022-01-29T22:55:08.040Z,24.637,95.1196,128.95,4.6,mb,,73.0,52.0,0.849,0.69,earthquake,"107 km E of W?ngjing, India",0.064,7.6,5.5
us7000fvpf,2021-11-20 07:42:09.082000+00:00,2022-01-29T22:55:07.040Z,25.9374,91.4838,10.0,4.2,mb,,17.0,153.0,3.068,0.64,earthquake,"21 km SSW of Pal?sb?ri, India",0.132,10.3,1.9
us7000fvkc,2021-11-19 20:56:16.978000+00:00,2022-01-29T22:55:03.040Z,25.1721,72.5323,10.0,4.4,mb,,55.0,68.0,8.473,0.79,earthquake,"20 km SSW of Jalor, India",0.075,9.4,1.9
us7000fsnw,2021-11-09 10:57:27.886000+00:00,2022-01-15T20:51:42.040Z,31.9939,78.5517,10.0,4.6,mb,,69.0,84.0,4.744,0.41,earthquake,"89 km NE of Sar?han, India",0.066,6.7,1.8
us7000fsk5,2021-11-09 04:17:23.043000+00:00,2022-01-15T20:51:42.040Z,25.3783,94.9456,76.61,4.2,mb,,11.0,104.0,1.285,0.84,earthquake,"55 km SE of Phek, India",0.16,9.3,8.1
us7000fsb1,2021-11-08 02:18:33.714000+00:00,2022-01-15T20:51:39.040Z,24.7068,95.1714,120.86,4.5,mb,,66.0,96.0,2.51,0.88,earthquake,"112 km E of W?ngjing, India",0.067,2.7,4.9
us7000fsah,2021-11-07 23:58:24.676000+00:00,2022-01-15T20:51:39.040Z,9.8651,93.6735,10.0,4.9,mb,,97.0,47.0,5.634,0.97,earthquake,"223 km SSE of Port Blair, India",0.057,7.2,1.8
us7000fs8a,2021-11-07 16:20:46.399000+00:00,2022-01-15T20:51:38.040Z,27.271,88.7826,10.0,4.6,mb,,89.0,76.0,1.878,0.66,earthquake,"17 km ESE of Gangtok, India",0.059,6.7,1.8
us7000fsqj,2021-11-04 04:49:04.009000+00:00,2022-01-14T17:59:07.040Z,26.7969,92.5824,10.0,4.4,mb,,14.0,76.0,1.388,0.56,earthquake,"9 km WSW of Rang?p?ra, India",0.144,7.1,1.6
us7000fqu2,2021-11-02 13:29:31.927000+00:00,2025-12-22T22:19:22.130Z,26.6453,96.7986,10.0,4.8,mb,,91.0,39.0,3.299,0.48,earthquake,"48 km N of Sarupathar, India",0.061,7.9,1.8
us7000frgl,2021-10-31 07:38:04.425000+00:00,2022-01-14T17:59:01.040Z,10.9014,91.8348,10.0,4.4,mb,,12.0,83.0,7.913,0.64,earthquake,"130 km SW of Port Blair, India",0.17,11.5,1.9
us7000fq4k,2021-10-30 16:29:09.837000+00:00,2022-01-14T17:58:45.040Z,33.2438,76.7582,10.0,4.2,mb,,23.0,80.0,2.945,1.08,earthquake,"27 km SSW of Padam, India",0.11,7.9,1.9
us6000fxih,2021-10-26 00:32:08.893000+00:00,2022-01-08T17:42:34.040Z,33.2123,76.8049,10.0,4.6,mb,,89.0,53.0,2.989,0.77,earthquake,"29 km SSW of Padam, India",0.058,7.4,1.9
us7000fprf,2021-10-24 05:48:39.663000+00:00,2022-01-08T17:43:38.040Z,12.9223,92.488,10.0,4.3,mb,,15.0,183.0,30.252,0.56,earthquake,"137 km N of Bamboo Flat, India",0.161,6.8,1.9
us6000fwrl,2021-10-19 00:44:09.237000+00:00,2021-12-25T22:58:59.040Z,22.5257,92.7906,35.0,4.8,mb,,10.0,121.0,0.756,0.73,earthquake,"19 km W of Saiha, India",0.175,3.2,2.0
us6000fw6m,2021-10-16 01:46:25.233000+00:00,2021-12-25T22:58:53.040Z,24.3171,93.8462,45.78,4.0,mb,,4.0,121.0,0.423,0.74,earthquake,"17 km E of Chur?ch?ndpur, India",0.258,4.1,9.3
us6000ftxr,2021-10-12 00:31:54.076000+00:00,2021-12-18T19:58:56.040Z,30.405,94.6879,10.0,4.6,mb,,43.0,44.0,5.431,0.56,earthquake,"210 km N of Shi Yomi, India",0.083,6.1,1.9
us6000fuwm,2021-10-11 16:24:38.865000+00:00,2021-12-18T19:58:54.040Z,17.1543,77.0051,10.0,4.3,mb,,16.0,74.0,10.463,0.62,earthquake,"7 km ENE of Sh?h?b?d, India",0.147,14.4,1.9
us6000ftj2,2021-10-10 16:29:40.747000+00:00,2021-12-18T19:58:48.040Z,30.3872,94.7873,10.0,4.7,mb,,31.0,73.0,5.456,0.47,earthquake,"209 km N of Shi Yomi, India",0.11,10.5,1.9
us6000ftez,2021-10-10 01:48:54.750000+00:00,2021-12-18T19:58:45.040Z,30.4182,94.8392,10.0,4.7,mb,,31.0,90.0,5.505,0.74,earthquake,"214 km NNE of Shi Yomi, India",0.102,8.8,1.8
us6000ft7k,2021-10-09 05:36:53.906000+00:00,2021-12-18T19:58:41.040Z,30.3972,94.8221,10.0,4.9,mb,,38.0,111.0,5.48,0.49,earthquake,"211 km NNE of Shi Yomi, India",0.091,12.1,1.9
us6000fs51,2021-10-05 23:27:58.849000+00:00,2021-12-10T21:14:12.040Z,30.367,94.804,31.38,4.4,mb,,28.0,115.0,5.446,0.91,earthquake,"207 km NNE of Shi Yomi, India",0.102,9.6,4.7
us6000frs4,2021-10-05 02:38:20.956000+00:00,2021-12-10T21:14:10.040Z,30.3349,94.7625,34.15,4.7,mb,,45.0,90.0,6.095,0.52,earthquake,"203 km N of Shi Yomi, India",0.082,8.3,5.5
us6000frr8,2021-10-05 01:12:16.228000+00:00,2021-12-10T21:14:09.040Z,13.7634,93.7206,62.81,4.9,mb,,16.0,74.0,5.277,0.59,earthquake,"252 km NNE of Bamboo Flat, India",0.141,11.5,7.2
us6000frfq,2021-10-04 03:24:23.509000+00:00,2025-12-22T22:17:24.157Z,30.3231,94.8038,35.16,4.8,mb,,78.0,72.0,6.086,0.78,earthquake,"203 km NNE of Shi Yomi, India",0.063,7.8,7.3
us6000fsm2,2021-10-02 05:36:42.142000+00:00,2021-12-10T21:14:18.040Z,30.3949,94.5447,34.42,4.1,mb,,6.0,135.0,5.365,0.36,earthquake,"207 km N of Shi Yomi, India",0.214,15.2,8.8
us6000fqzr,2021-10-02 04:45:25.042000+00:00,2021-12-10T21:14:02.040Z,30.351,94.8618,35.41,4.8,mb,,37.0,74.0,6.118,0.74,earthquake,"207 km NNE of Shi Yomi, India",0.096,9.2,7.5
us6000fqqc,2021-10-01 13:02:01.112000+00:00,2021-12-10T21:14:01.040Z,30.3464,94.7981,30.01,4.5,mb,,30.0,98.0,5.425,0.69,earthquake,"205 km NNE of Shi Yomi, India",0.099,11.7,6.6
us6000fqnb,2021-10-01 04:57:33.206000+00:00,2021-12-10T21:14:01.040Z,25.4614,95.3035,102.96,4.4,mb,,10.0,64.0,1.528,0.91,earthquake,"83 km ESE of Phek, India",0.203,6.9,7.1
us6000fqn3,2021-10-01 03:49:28.961000+00:00,2025-12-22T22:17:18.325Z,30.3214,94.8247,31.64,5.0,mb,,70.0,73.0,5.415,0.64,earthquake,"203 km NNE of Shi Yomi, India",0.069,7.9,2.5
us6000fqf0,2021-09-30 13:05:36.409000+00:00,2021-12-04T14:28:22.040Z,11.7507,95.2935,24.04,4.4,mb,,18.0,186.0,4.458,0.66,earthquake,"277 km E of Port Blair, India",0.139,8.0,6.2
us6000fqhg,2021-09-26 06:28:43.349000+00:00,2021-12-04T14:28:33.040Z,23.4064,93.4982,9.31,4.2,mb,,7.0,130.0,0.766,0.28,earthquake,"37 km E of Khawhai, India",0.2,4.6,5.9
us6000fqga,2021-09-25 09:24:34.850000+00:00,2021-12-04T14:28:27.040Z,30.2615,94.8136,34.18,4.4,mb,,31.0,76.0,5.358,0.53,earthquake,"196 km NNE of Shi Yomi, India",0.096,10.8,6.2
us7000feaa,2021-09-25 04:41:07.930000+00:00,2025-12-22T22:17:00.442Z,30.3557,94.7747,31.65,5.0,mb,,123.0,81.0,5.424,0.83,earthquake,"206 km N of Shi Yomi, India",0.052,8.2,3.3
us7000fe2z,2021-09-24 15:04:15.273000+00:00,2025-12-22T22:16:59.344Z,8.6251,94.1834,10.0,5.4,mww,,33.0,37.0,4.348,1.17,earthquake,"Nicobar Islands, India region",0.054,8.1,1.8
us7000fd7f,2021-09-21 18:14:55.220000+00:00,2021-12-03T15:01:43.040Z,9.7592,93.6952,32.78,4.7,mb,,48.0,45.0,5.536,0.85,earthquake,"235 km SSE of Port Blair, India",0.084,8.0,4.9
us7000fcq5,2021-09-19 19:24:04.697000+00:00,2021-12-03T15:01:34.040Z,25.2256,94.8803,80.05,5.0,mb,,185.0,48.0,1.123,0.68,earthquake,"62 km SE of Phek, India",0.041,7.8,6.6
us7000fcme,2021-09-19 09:36:30.254000+00:00,2021-12-03T15:01:32.040Z,28.7353,96.4223,10.0,4.7,mb,,95.0,72.0,4.873,0.5,earthquake,"74 km N of Hayuliang, India",0.056,7.5,1.9
us7000fbf3,2021-09-15 13:29:41.879000+00:00,2021-11-23T15:12:33.040Z,23.4599,93.4042,10.0,4.6,mb,,50.0,68.0,0.833,0.38,earthquake,"29 km ENE of Khawhai, India",0.078,4.7,1.6
us7000fb56,2021-09-14 18:47:12.873000+00:00,2021-11-23T15:12:02.040Z,10.4507,93.2806,87.8,4.4,mb,,44.0,91.0,1.308,0.58,earthquake,"146 km SSE of Port Blair, India",0.086,8.3,6.8
us7000fanp,2021-09-13 03:46:47.551000+00:00,2021-11-23T15:11:04.040Z,33.7409,76.4233,10.0,4.3,mb,,21.0,141.0,2.631,0.99,earthquake,"52 km NW of Padam, India",0.117,7.2,1.8
us7000fa7j,2021-09-11 03:20:17.235000+00:00,2021-11-23T15:09:34.040Z,14.1061,92.9896,10.0,5.2,mb,,162.0,31.0,2.447,0.9,earthquake,"267 km N of Bamboo Flat, India",0.046,4.8,1.7
us7000fa6y,2021-09-11 00:28:30.709000+00:00,2021-11-23T15:09:30.040Z,30.4791,79.282,10.0,4.7,mb,,95.0,81.0,6.003,0.49,earthquake,"15 km WNW of P?palkoti, India",0.057,9.1,1.9
us7000fbhx,2021-09-09 03:52:36.295000+00:00,2021-11-17T17:30:14.040Z,10.3157,93.729,10.0,4.5,mb,,18.0,105.0,6.04,0.63,earthquake,"183 km SE of Port Blair, India",0.128,8.9,1.9
us7000fbia,2021-09-09 03:44:28.824000+00:00,2021-11-17T17:30:11.040Z,10.263,93.728,10.0,4.8,mb,,14.0,68.0,6.027,0.72,earthquake,"188 km SE of Port Blair, India",0.148,8.1,1.9
us7000f9ji,2021-09-09 03:02:19.261000+00:00,2021-11-17T17:30:00.040Z,10.1311,93.8015,10.0,4.7,mb,,26.0,113.0,6.32,0.76,earthquake,"205 km SE of Port Blair, India",0.108,12.7,1.9
us7000fa1e,2021-09-04 12:53:31.787000+00:00,2021-11-17T17:21:03.040Z,10.1164,91.5131,10.0,4.4,mb,,18.0,119.0,8.124,0.82,earthquake,"218 km SW of Port Blair, India",0.127,6.6,1.9
us7000fa1d,2021-09-04 12:10:24.174000+00:00,2021-11-17T17:21:02.040Z,10.1169,91.4548,10.0,4.2,mb,,13.0,128.0,8.506,0.59,earthquake,"222 km SW of Port Blair, India",0.176,6.9,1.9
us7000f7wc,2021-09-04 12:05:15.767000+00:00,2021-11-17T17:21:01.040Z,26.5115,96.5587,97.98,4.5,mb,,65.0,69.0,3.055,0.46,earthquake,"42 km NW of Sarupathar, India",0.067,9.2,3.9
us7000fa1b,2021-09-04 10:07:22.328000+00:00,2021-11-17T17:20:52.040Z,13.6444,93.5461,35.0,4.2,mb,,10.0,184.0,5.462,0.39,earthquake,"233 km NNE of Bamboo Flat, India",0.167,7.0,2.0
us7000f9rj,2021-09-02 03:21:59.692000+00:00,2021-11-06T20:28:30.040Z,10.2773,93.9046,10.0,4.2,mb,,14.0,158.0,5.864,0.68,earthquake,"199 km SE of Port Blair, India",0.141,7.3,1.9
us7000f9dk,2021-08-31 16:05:14.317000+00:00,2021-11-06T20:28:37.040Z,10.9134,91.5518,10.0,4.3,mb,,10.0,119.0,8.156,0.48,earthquake,"154 km SW of Bamboo Flat, India",0.177,12.1,1.9
us7000f5u3,2021-08-30 18:54:41.219000+00:00,2021-11-06T20:28:44.040Z,10.1828,93.6781,10.0,4.6,mb,,24.0,93.0,6.054,1.05,earthquake,"193 km SSE of Port Blair, India",0.111,9.0,1.9
us7000f3a5,2021-08-24 16:48:13.463000+00:00,2021-11-02T14:54:59.040Z,32.0551,78.7955,10.0,4.7,mb,,72.0,46.0,4.915,0.58,earthquake,"112 km ENE of Sar?han, India",0.067,8.9,1.8
us7000f2x8,2021-08-24 07:05:53.043000+00:00,2021-12-02T01:09:45.327Z,14.4654,83.0456,10.0,5.1,mb,,122.0,50.0,13.581,0.71,earthquake,"257 km SSE of R?zole, India",0.051,10.0,1.7
us6000f9ya,2021-08-23 05:16:52.648000+00:00,2021-11-02T14:54:36.040Z,10.5565,92.1981,10.0,4.7,mb,,55.0,55.0,7.557,0.47,earthquake,"136 km SSW of Port Blair, India",0.075,8.2,1.8
us7000f6ry,2021-08-22 07:57:01.741000+00:00,2021-11-02T14:55:57.040Z,10.7582,94.4328,10.0,4.1,mb,,9.0,122.0,5.521,0.54,earthquake,"209 km ESE of Port Blair, India",0.198,6.7,1.9
us7000f6a9,2021-08-20 00:27:34.875000+00:00,2021-11-02T14:55:34.040Z,14.0695,92.8419,10.0,4.6,mb,,21.0,103.0,6.097,0.73,earthquake,"262 km N of Bamboo Flat, India",0.119,10.8,1.9
us6000f7jj,2021-08-17 15:32:24.925000+00:00,2021-10-29T14:46:25.040Z,24.6509,94.4519,63.33,4.9,mb,,108.0,33.0,0.441,1.19,earthquake,"39 km E of W?ngjing, India",0.056,6.2,4.9
us6000f6aw,2021-08-14 19:50:17.185000+00:00,2021-10-29T14:46:14.040Z,12.3093,95.038,10.0,4.7,mb,,35.0,80.0,2.336,0.43,earthquake,"259 km ENE of Port Blair, India",0.093,6.6,1.9
us6000f8dd,2021-08-10 01:34:00.703000+00:00,2021-10-23T15:46:51.040Z,8.7263,93.9675,10.0,4.3,mb,,8.0,118.0,5.572,0.53,earthquake,"Nicobar Islands, India region",0.189,14.4,1.9
us6000f7z6,2021-08-09 13:06:44.772000+00:00,2021-10-23T15:46:48.040Z,29.7653,94.5571,10.0,4.2,mb,,9.0,126.0,7.145,0.79,earthquake,"138 km N of Shi Yomi, India",0.2,10.7,1.9
us6000f5mb,2021-08-06 09:20:42.643000+00:00,2021-10-23T15:46:44.040Z,8.6882,93.7196,10.0,4.1,mb,,8.0,204.0,5.817,0.65,earthquake,"Nicobar Islands, India region",0.185,13.3,2.0
us6000f2p9,2021-08-06 08:19:04.794000+00:00,2021-10-23T15:45:43.040Z,8.7641,93.9557,10.0,5.1,mb,,57.0,48.0,4.599,0.8,earthquake,"Nicobar Islands, India region",0.075,8.0,1.9
us6000f5m6,2021-08-06 03:49:24.434000+00:00,2021-10-23T15:46:44.040Z,8.8991,94.1059,10.0,4.6,mb,,14.0,145.0,5.441,1.03,earthquake,"Nicobar Islands, India region",0.158,13.8,1.9
us6000f5jg,2021-08-05 13:43:19.813000+00:00,2021-10-14T01:10:22.040Z,8.7361,93.9754,10.0,4.4,mb,,6.0,180.0,4.565,0.7,earthquake,"Nicobar Islands, India region",0.22,12.6,1.9
us6000f2f5,2021-08-05 12:46:01.077000+00:00,2025-12-22T22:13:12.992Z,8.814,94.0044,20.27,5.1,mww,,16.0,37.0,4.606,0.97,earthquake,"Nicobar Islands, India region",0.078,7.2,2.9
us6000f5jc,2021-08-05 11:14:09.038000+00:00,2021-10-14T01:10:21.040Z,8.6993,94.0674,11.44,4.5,mb,,14.0,81.0,5.473,0.6,earthquake,"Nicobar Islands, India region",0.172,13.0,5.2
us6000f2a5,2021-08-04 22:10:02.477000+00:00,2021-10-14T01:07:19.040Z,25.0993,94.9275,99.59,4.4,mb,,24.0,75.0,1.037,0.91,earthquake,"76 km SE of Phek, India",0.11,9.2,9.3
us6000f4jm,2021-08-04 18:00:53.188000+00:00,2021-10-14T01:09:37.040Z,8.8466,94.1924,10.0,4.6,mb,,11.0,199.0,5.353,1.19,earthquake,"Nicobar Islands, India region",0.165,12.4,2.0
us6000f27x,2021-08-04 17:57:39.892000+00:00,2025-12-22T22:13:11.244Z,8.7966,94.0775,8.82,5.5,mww,,31.0,44.0,4.547,0.82,earthquake,"Nicobar Islands, India region",0.056,7.3,2.9
us6000f4ih,2021-08-04 04:09:22.378000+00:00,2021-10-14T01:09:25.040Z,8.726,93.2725,10.0,4.6,mb,,12.0,170.0,6.259,0.39,earthquake,"Nicobar Islands, India region",0.157,9.3,1.9
us6000f4ic,2021-08-04 01:56:10.241000+00:00,2021-10-14T01:09:22.040Z,9.0695,94.2481,10.0,4.4,mb,,12.0,94.0,5.312,0.59,earthquake,"Nicobar Islands, India region",0.155,9.1,1.9
us6000f4ia,2021-08-04 01:04:47.616000+00:00,2021-10-14T01:09:21.040Z,8.864,94.0364,10.0,4.6,mb,,21.0,143.0,5.508,0.74,earthquake,"Nicobar Islands, India region",0.119,12.8,1.9
us6000f46w,2021-08-03 08:30:02.583000+00:00,2021-10-14T01:09:08.040Z,8.9911,94.0466,10.0,4.3,mb,,7.0,183.0,5.505,1.4,earthquake,"Nicobar Islands, India region",0.202,14.0,2.0
us6000f1tb,2021-08-03 07:39:35.407000+00:00,2021-10-14T01:06:14.040Z,9.0302,93.9133,10.0,4.7,mb,,23.0,96.0,4.829,0.36,earthquake,"Nicobar Islands, India region",0.115,8.7,1.9
us6000f46l,2021-08-03 04:16:30.055000+00:00,2021-10-14T01:09:04.040Z,8.5437,93.8915,10.0,4.6,mb,,7.0,127.0,4.477,0.49,earthquake,"Nicobar Islands, India region",0.206,10.3,1.9
us6000f46k,2021-08-03 03:54:54.102000+00:00,2021-10-14T01:09:03.040Z,8.9515,94.1539,10.0,4.3,mb,,9.0,103.0,5.396,0.92,earthquake,"Nicobar Islands, India region",0.178,8.5,1.9
us6000f1r6,2021-08-03 03:43:53.638000+00:00,2025-12-22T22:13:05.604Z,9.0017,94.158,10.0,5.8,mb,,67.0,45.0,4.659,0.84,earthquake,"Nicobar Islands, India region",0.074,4.8,1.8
us6000f1r4,2021-08-03 03:42:38.345000+00:00,2025-12-22T22:13:55.945Z,8.8809,94.0192,10.0,6.1,mww,,20.0,50.0,4.648,0.95,earthquake,"Nicobar Islands, India region",0.069,7.7,1.8
us6000f1r3,2021-08-03 03:42:07.890000+00:00,2025-12-22T22:13:04.964Z,8.8628,94.0564,10.0,5.3,mb,,205.0,36.0,4.611,0.62,earthquake,"Nicobar Islands, India region",0.041,7.6,1.7
us6000f1qs,2021-08-03 01:51:14.508000+00:00,2025-12-22T22:13:04.271Z,9.0127,94.1198,10.0,5.3,mww,,19.0,36.0,4.69,0.87,earthquake,"Nicobar Islands, India region",0.071,7.8,1.8
us6000f1qk,2021-08-03 00:57:10.938000+00:00,2021-10-14T01:05:58.040Z,8.6742,94.1347,10.0,4.6,mb,,34.0,97.0,4.417,0.72,earthquake,"Nicobar Islands, India region",0.094,7.3,1.7
us6000ez3j,2021-07-26 05:03:30.783000+00:00,2021-10-03T05:22:07.040Z,24.5824,94.4421,66.82,4.9,mb,,197.0,28.0,0.374,0.51,earthquake,"38 km E of W?ngjing, India",0.04,6.6,4.4
us6000eyy4,2021-07-25 15:09:21.630000+00:00,2021-11-07T16:36:56.248Z,27.3429,88.3092,10.0,4.5,mb,,65.0,79.0,3.417,0.69,earthquake,"7 km NE of Gyalshing, India",0.068,4.9,1.9
us6000ezhw,2021-07-21 04:01:45.956000+00:00,2021-09-25T21:08:24.040Z,34.0777,78.4395,10.0,4.3,mb,,8.0,171.0,4.323,0.83,earthquake,"79 km E of Leh, India",0.189,10.2,2.0
us7000elb3,2021-07-12 20:14:51.023000+00:00,2021-09-17T22:50:00.040Z,13.6942,92.7449,24.67,4.6,mb,,24.0,101.0,6.227,0.84,earthquake,"220 km N of Bamboo Flat, India",0.112,9.1,5.8
us6000etjs,2021-07-09 07:46:23.848000+00:00,2021-09-17T22:48:47.040Z,25.9749,90.3995,10.0,4.3,mb,,24.0,159.0,1.374,0.64,earthquake,"11 km ESE of Lakhipur, India",0.109,6.1,1.8
us6000etec,2021-07-09 00:26:26.477000+00:00,2022-08-09T05:49:17.255Z,25.0311,95.2274,102.19,4.6,mb,,36.0,71.0,1.161,0.77,earthquake,"101 km SE of Phek, India",0.091,8.6,7.4
us7000elju,2021-07-07 20:21:09.465000+00:00,2021-09-10T20:06:42.040Z,11.0785,93.4623,96.69,4.2,mb,,14.0,199.0,10.227,0.45,earthquake,"101 km SE of Port Blair, India",0.141,15.2,9.8
us7000ej9c,2021-07-07 03:15:24.246000+00:00,2025-12-22T18:01:13.177Z,25.9603,90.3499,10.0,5.3,mb,,302.0,18.0,1.413,0.59,earthquake,"8 km SSE of Lakhipur, India",0.033,7.4,1.7
us7000eip3,2021-07-04 16:57:10.269000+00:00,2021-09-10T20:07:33.040Z,26.608,96.5397,10.0,4.6,mb,,27.0,65.0,3.115,0.69,earthquake,"52 km NNW of Sarupathar, India",0.109,3.2,1.9
us6000eqdp,2021-06-28 00:40:35.259000+00:00,2021-09-09T22:05:30.040Z,34.2781,78.2208,10.0,4.8,mb,,115.0,78.0,6.763,0.97,earthquake,"60 km ENE of Leh, India",0.052,7.7,1.9
us7000ef9z,2021-06-22 16:44:36.534000+00:00,2021-08-27T18:58:25.040Z,28.0137,92.2097,65.76,4.6,mb,,53.0,97.0,1.932,0.6,earthquake,"56 km NNE of Tawang, India",0.075,7.0,3.7
us7000ee8m,2021-06-18 19:37:32.258000+00:00,2021-08-27T18:57:25.040Z,26.7357,92.4583,42.09,4.5,mb,,114.0,38.0,1.283,0.66,earthquake,"4 km NNW of Dhekiajuli, India",0.053,5.8,5.1
us6000ep3z,2021-06-18 11:42:45.117000+00:00,2021-08-27T18:57:16.040Z,12.9872,92.3504,10.0,4.6,mb,,29.0,81.0,8.357,0.4,earthquake,"147 km NNW of Bamboo Flat, India",0.101,8.7,1.9
us7000edyb,2021-06-17 20:34:41.304000+00:00,2021-08-26T21:59:31.040Z,26.6776,92.3948,43.65,4.5,mb,,41.0,99.0,1.207,0.7,earthquake,"8 km WSW of Dhekiajuli, India",0.085,3.6,6.9
us7000ef8p,2021-06-17 11:14:32.564000+00:00,2021-08-26T21:59:29.040Z,6.592,85.0001,10.0,4.6,mb,,13.0,104.0,4.32,0.79,earthquake,Bay of Bengal,0.164,6.5,1.9
us7000ed8l,2021-06-15 14:46:08.092000+00:00,2021-08-26T21:59:23.040Z,26.6187,97.0854,36.12,4.8,mb,,91.0,57.0,3.464,0.48,earthquake,"53 km NNE of Sarupathar, India",0.059,8.5,6.7
us7000e94a,2021-06-02 19:45:34.358000+00:00,2021-08-07T22:07:19.040Z,10.2844,91.567,10.0,4.6,mb,,28.0,122.0,10.274,1.11,earthquake,"199 km SW of Port Blair, India",0.103,4.4,1.9
us7000e9p6,2021-06-01 01:09:21.812000+00:00,2021-08-07T22:06:48.040Z,12.8061,93.3096,49.57,4.5,mb,,19.0,98.0,7.81,0.54,earthquake,"138 km NNE of Bamboo Flat, India",0.124,10.6,8.1
us6000eg46,2021-05-31 04:20:49.211000+00:00,2021-08-07T22:06:30.040Z,26.7632,92.3186,34.13,4.2,mb,,20.0,86.0,1.261,0.64,earthquake,"17 km WNW of Dhekiajuli, India",0.118,6.9,5.5
us6000efyu,2021-05-30 08:53:07.964000+00:00,2021-08-07T22:06:13.040Z,26.6343,92.326,52.85,4.4,mb,,31.0,113.0,1.144,0.57,earthquake,"16 km WSW of Dhekiajuli, India",0.097,8.0,8.1
us6000egpz,2021-05-27 13:00:46.741000+00:00,2021-07-31T22:10:16.040Z,10.7126,91.5096,10.0,4.4,mb,,5.0,182.0,10.057,0.64,earthquake,"171 km SW of Bamboo Flat, India",0.239,13.7,2.0
us6000efkb,2021-05-25 14:14:37.433000+00:00,2021-07-31T22:09:37.040Z,13.2087,92.8437,10.0,4.5,mb,,4.0,145.0,7.853,0.43,earthquake,"167 km N of Bamboo Flat, India",0.311,15.1,2.0
us6000efhl,2021-05-24 03:49:09.973000+00:00,2021-07-31T22:09:07.040Z,11.7799,94.876,10.0,4.5,mb,,30.0,104.0,2.091,0.73,earthquake,"232 km E of Port Blair, India",0.099,8.6,1.9
us7000e5kt,2021-05-23 19:01:39.963000+00:00,2021-07-31T22:08:59.040Z,30.8764,79.2707,10.0,4.5,mb,,33.0,81.0,5.787,0.57,earthquake,"45 km NW of Josh?math, India",0.094,7.4,1.8
us7000e5ej,2021-05-23 01:26:40.871000+00:00,2021-07-31T22:08:43.040Z,24.7351,95.0955,103.92,4.4,mb,,18.0,85.0,0.882,0.78,earthquake,"105 km E of W?ngjing, India",0.134,8.7,7.0
us7000e42g,2021-05-18 12:03:01.251000+00:00,2021-07-24T21:07:56.040Z,26.6713,92.4258,49.81,4.4,mb,,77.0,81.0,1.213,0.4,earthquake,"6 km SW of Dhekiajuli, India",0.061,3.6,7.4
us7000e51v,2021-05-16 22:07:22.008000+00:00,2021-07-24T21:07:26.040Z,20.6607,71.4793,10.0,4.1,mb,,21.0,73.0,13.037,0.99,earthquake,"41 km S of R?jula, India",0.114,6.9,1.9
us7000e3ar,2021-05-15 03:03:56.663000+00:00,2021-07-24T21:07:04.040Z,26.753,92.4736,43.8,4.4,mb,,18.0,94.0,1.305,0.62,earthquake,"5 km N of Dhekiajuli, India",0.134,8.0,7.9
us7000e38n,2021-05-14 23:39:52.005000+00:00,2021-07-24T21:06:59.040Z,26.418,95.5047,85.91,4.2,mb,,14.0,120.0,2.436,0.76,earthquake,"56 km SE of Mon, India",0.14,9.4,5.9
us7000e34s,2021-05-14 16:42:04.988000+00:00,2021-07-24T21:06:54.040Z,24.9625,95.1088,111.38,4.5,mb,,36.0,108.0,1.036,0.94,earthquake,"99 km SE of Phek, India",0.09,8.8,7.9
us7000e4dc,2021-05-12 03:58:23.483000+00:00,2021-07-23T18:08:48.040Z,9.0163,92.2062,10.0,4.6,mb,,14.0,167.0,2.675,0.97,earthquake,"299 km SSW of Port Blair, India",0.146,9.7,1.9
us7000e2dg,2021-05-06 05:00:15.741000+00:00,2021-07-10T20:16:11.040Z,26.5945,92.4813,48.29,4.2,mb,,6.0,115.0,1.167,0.85,earthquake,"12 km S of Dhekiajuli, India",0.216,9.1,5.5
us7000e24v,2021-05-05 13:52:12.421000+00:00,2021-07-10T20:16:08.040Z,26.7384,92.0993,47.0,4.0,mb,,21.0,95.0,1.187,0.39,earthquake,"1 km S of Udalguri, India",0.122,7.5,3.6
us7000e06d,2021-05-04 22:31:15.831000+00:00,2021-07-10T20:15:25.040Z,8.6376,94.1922,10.0,4.9,mb,,67.0,72.0,3.32,1.14,earthquake,"Nicobar Islands, India region",0.069,7.9,1.8
us7000e1tg,2021-05-03 10:41:09.136000+00:00,2021-07-10T20:16:01.040Z,25.8803,96.7988,55.36,4.2,mb,,12.0,113.0,2.799,0.86,earthquake,"36 km S of Sarupathar, India",0.158,6.3,9.7
us7000e0qx,2021-04-30 13:40:06.220000+00:00,2021-07-10T20:15:44.040Z,24.2389,94.513,95.31,4.3,mb,,11.0,94.0,2.751,0.63,earthquake,"59 km SE of W?ngjing, India",0.16,7.0,10.0
us7000dybj,2021-04-28 19:50:53.770000+00:00,2025-12-22T18:57:27.071Z,26.7477,92.4849,38.21,4.8,mb,,157.0,83.0,1.304,0.56,earthquake,"4 km N of Dhekiajuli, India",0.044,7.6,5.6
us7000e0d3,2021-04-28 10:33:27.953000+00:00,2021-07-07T18:37:06.040Z,26.7662,92.5133,35.0,4.2,mb,,7.0,181.0,1.332,0.54,earthquake,"7 km NNE of Dhekiajuli, India",0.215,10.5,2.0
us7000e0c4,2021-04-28 02:43:20.811000+00:00,2021-07-07T18:36:50.040Z,26.8262,92.5371,35.0,4.4,mb,,19.0,129.0,1.395,0.89,earthquake,"13 km W of Rang?p?ra, India",0.123,9.1,2.0
us7000dy3r,2021-04-28 02:33:01.489000+00:00,2025-12-22T18:57:23.383Z,26.7489,92.5136,35.0,5.0,mb,,80.0,77.0,1.317,0.74,earthquake,"6 km NE of Dhekiajuli, India",0.063,7.8,1.9
us7000dy3b,2021-04-28 02:21:26.212000+00:00,2025-12-22T18:57:22.181Z,26.7813,92.4565,34.0,6.0,mww,,22.0,11.0,1.324,0.79,earthquake,"8 km NNW of Dhekiajuli, India",0.066,6.6,1.7
us7000dxx5,2021-04-21 19:45:11.093000+00:00,2021-07-03T16:49:57.040Z,10.4547,93.8204,10.0,4.3,mb,,19.0,178.0,8.489,1.17,earthquake,"178 km SE of Port Blair, India",0.122,10.4,1.9
us7000dxx4,2021-04-21 19:39:01.812000+00:00,2021-07-03T16:49:57.040Z,9.9295,93.1765,8.01,4.4,mb,,13.0,165.0,1.767,0.96,earthquake,"197 km SSE of Port Blair, India",0.149,13.6,6.7
us7000dxx6,2021-04-21 19:34:42.963000+00:00,2021-07-03T16:49:58.040Z,10.5902,94.2339,26.06,4.6,mb,,31.0,146.0,1.805,1.09,earthquake,"201 km SE of Port Blair, India",0.098,6.7,6.3
us6000e1yd,2021-04-15 22:26:24.010000+00:00,2022-08-09T04:37:07.387Z,32.4789,78.7499,10.0,4.6,mb,,117.0,51.0,4.748,0.79,earthquake,"140 km NE of Sar?han, India",0.051,7.7,1.8
us6000e39v,2021-04-14 16:45:09.044000+00:00,2021-06-19T21:26:24.040Z,10.8839,91.5252,10.0,4.1,mb,,9.0,201.0,1.42,0.98,earthquake,"158 km SW of Bamboo Flat, India",0.174,13.4,2.0
us6000dzrb,2021-03-30 04:45:32.047000+00:00,2021-06-08T18:00:06.040Z,6.7972,92.1365,10.0,4.5,mb,,16.0,67.0,4.864,0.41,earthquake,"Nicobar Islands, India region",0.135,8.6,1.5
us6000dzn2,2021-03-29 08:24:59.963000+00:00,2021-06-08T18:00:02.040Z,10.9343,91.7787,10.0,4.6,mb,,19.0,70.0,1.187,0.53,earthquake,"132 km SW of Bamboo Flat, India",0.133,9.2,1.9
us6000dwue,2021-03-26 19:02:07.885000+00:00,2021-06-08T17:58:37.040Z,27.6289,92.6692,29.81,5.0,mww,,10.0,25.0,2.179,0.53,earthquake,"47 km NNE of Bomdila, India",0.098,5.6,4.2
us6000dxmx,2021-03-22 15:40:44.570000+00:00,2021-06-02T15:23:21.040Z,28.2935,93.7808,10.0,4.6,mb,,8.0,138.0,2.715,0.7,earthquake,"63 km WSW of Shi Yomi, India",0.223,11.8,1.9
us6000dxfb,2021-03-21 12:22:37.682000+00:00,2021-06-02T15:23:12.040Z,26.6195,92.5148,10.0,4.2,mb,,27.0,101.0,1.204,0.68,earthquake,"10 km SSE of Dhekiajuli, India",0.102,8.0,1.9
us6000dxf7,2021-03-21 09:31:31.443000+00:00,2021-06-02T15:23:12.040Z,6.9626,92.3578,10.0,4.2,mb,,7.0,135.0,4.678,1.28,earthquake,"Nicobar Islands, India region",0.2,7.4,1.8
us7000dhef,2021-03-09 11:15:01.099000+00:00,2021-05-21T19:48:45.040Z,25.3809,95.0793,89.49,4.6,mb,,119.0,51.0,1.347,0.64,earthquake,"66 km ESE of Phek, India",0.05,7.6,7.2
us7000dhsz,2021-03-04 17:57:31.975000+00:00,2021-05-13T22:45:26.040Z,34.1448,80.3638,10.0,4.7,mb,,18.0,105.0,5.92,0.82,earthquake,"256 km E of Leh, India",0.13,8.3,1.8
us6000didl,2021-02-17 12:24:46.809000+00:00,2021-04-28T02:54:12.251Z,26.7322,92.5712,18.67,4.6,mb,,54.0,84.0,1.326,0.65,earthquake,"9 km ENE of Dhekiajuli, India",0.075,7.0,4.6
us6000di5y,2021-02-16 20:36:52.158000+00:00,2021-04-23T21:04:48.040Z,11.9865,94.5033,10.0,4.7,mb,,99.0,45.0,5.193,0.83,earthquake,"194 km E of Port Blair, India",0.057,7.9,1.8
us6000djgm,2021-02-15 13:53:17.275000+00:00,2021-04-23T21:04:40.040Z,9.1314,93.8707,10.0,4.4,mb,,8.0,152.0,2.742,0.8,earthquake,"Nicobar Islands, India region",0.219,8.0,1.9
us6000dfsj,2021-02-09 01:50:07.207000+00:00,2021-04-22T21:51:47.040Z,28.0331,87.8568,35.0,4.3,mb,,38.0,146.0,4.336,0.65,earthquake,"87 km NW of Mangan, India",0.087,9.9,2.0
us6000de6k,2021-02-03 14:29:49.946000+00:00,2021-04-16T19:03:14.040Z,34.26,78.2819,10.0,4.5,mb,,52.0,82.0,4.21,0.6,earthquake,"65 km E of Leh, India",0.076,7.4,1.8
us6000ddgp,2021-01-31 20:04:24.547000+00:00,2021-04-16T19:02:42.040Z,24.9512,94.4749,47.39,4.1,mb,,13.0,90.0,0.735,1.02,earthquake,"52 km NE of Yairipok, India",0.144,7.7,5.0
us6000def4,2021-01-27 18:56:21.382000+00:00,2021-04-13T17:05:56.040Z,26.293,95.7822,80.92,4.2,mb,,2.0,166.0,2.453,0.63,earthquake,"83 km SSE of Khonsa, India",0.373,10.1,5.4
us6000deej,2021-01-27 02:52:29.712000+00:00,2021-04-13T17:05:44.040Z,13.1762,92.5357,29.29,4.4,mb,,21.0,66.0,1.524,0.73,earthquake,"164 km N of Bamboo Flat, India",0.117,5.1,5.2
us7000d3f8,2021-01-17 06:59:48.217000+00:00,2021-03-27T21:06:13.040Z,26.0588,96.3433,10.0,4.3,mb,,30.0,78.0,2.597,0.45,earthquake,"49 km WSW of Sarupathar, India",0.097,9.2,1.9
us7000d0pu,2021-01-16 20:48:12.888000+00:00,2021-03-27T21:04:54.040Z,23.6359,93.5159,61.32,4.3,mb,,30.0,66.0,0.929,0.63,earthquake,"48 km NE of Khawhai, India",0.097,3.9,7.6
us6000d82z,2021-01-13 19:15:33.854000+00:00,2021-03-20T21:25:20.040Z,24.8799,93.3739,10.0,4.2,mb,,29.0,66.0,1.063,1.12,earthquake,"38 km ENE of Lakhipur, India",0.098,5.3,1.9
us6000d7f5,2021-01-11 14:02:03.048000+00:00,2025-12-22T18:48:11.706Z,33.3042,75.5872,10.0,5.1,mb,,127.0,66.0,1.968,0.47,earthquake,"16 km W of Kishtw?r, India",0.051,6.2,1.5
us6000d7f2,2021-01-11 13:59:12.570000+00:00,2021-03-20T21:24:09.040Z,33.4274,75.7158,10.0,4.1,mb,,12.0,149.0,2.056,0.32,earthquake,"13 km NNW of Kishtw?r, India",0.157,8.0,1.8
us6000d71u,2021-01-09 14:51:50.407000+00:00,2021-03-20T21:23:19.040Z,32.521,76.6552,22.64,4.5,mb,,32.0,152.0,3.058,0.72,earthquake,"35 km W of Kyelang, India",0.096,10.0,6.7
us6000d65h,2020-12-26 21:48:15.074000+00:00,2021-03-06T23:19:18.040Z,27.3034,96.9396,10.0,4.5,mb,,15.0,113.0,3.876,0.66,earthquake,"93 km SSE of Hayuliang, India",0.139,10.2,1.9
us6000d2jw,2020-12-24 12:47:17.072000+00:00,2021-03-06T23:18:19.040Z,25.6158,96.657,10.0,4.3,mb,,16.0,121.0,2.546,1.34,earthquake,"67 km SSW of Sarupathar, India",0.133,5.1,1.9
us6000d2hz,2020-12-24 08:09:48.075000+00:00,2021-03-06T23:18:15.040Z,25.6397,96.6534,10.0,4.8,mb,,74.0,45.0,2.556,0.74,earthquake,"64 km SSW of Sarupathar, India",0.066,7.2,1.9
us6000d5s2,2020-12-23 11:06:53.791000+00:00,2021-03-06T23:17:56.040Z,27.4003,97.0395,49.94,4.2,mb,,15.0,75.0,4.007,0.41,earthquake,"89 km SSE of Hayuliang, India",0.136,7.7,7.4
us7000cptt,2020-12-10 16:56:47.765000+00:00,2021-02-20T16:11:09.040Z,26.1291,90.5453,10.0,4.3,mb,,32.0,88.0,1.307,0.64,earthquake,"9 km WSW of Go?lp?ra, India",0.102,6.2,1.9
us7000cr0b,2020-12-09 21:57:34.387000+00:00,2021-02-20T16:11:58.040Z,33.866,74.9266,10.0,4.2,mb,,2.0,145.0,1.397,0.88,earthquake,"2 km ESE of Pulwama, India",0.372,8.9,2.0
us7000cpsj,2020-12-06 14:39:13.789000+00:00,2021-02-12T22:40:56.040Z,21.8358,93.4233,52.56,4.6,mb,,16.0,141.0,0.818,0.33,earthquake,"85 km SSE of Saiha, India",0.146,5.5,7.4
us7000cpsf,2020-12-06 13:35:41.171000+00:00,2021-02-12T22:40:55.040Z,12.619,93.2653,62.26,4.6,mb,,34.0,92.0,1.084,0.47,earthquake,"117 km NNE of Bamboo Flat, India",0.096,7.8,7.7
us7000cmi1,2020-12-03 08:09:34.952000+00:00,2021-02-12T22:38:36.040Z,36.5666,74.1378,58.65,4.4,mb,,40.0,101.0,2.995,0.98,earthquake,northwestern Kashmir,0.087,8.0,7.5
us7000cl6l,2020-11-26 02:00:31.329000+00:00,2021-02-06T18:29:13.040Z,10.1668,93.6071,10.0,4.3,mb,,12.0,94.0,1.705,0.38,earthquake,"190 km SSE of Port Blair, India",0.153,4.1,1.9
us6000crdq,2020-11-22 03:29:20.994000+00:00,2021-02-03T17:49:58.040Z,26.2945,94.7728,60.63,4.3,mb,,12.0,99.0,2.1,0.94,earthquake,"5 km WNW of Tuensang, India",0.154,8.1,6.8
us6000csin,2020-11-22 00:00:40.464000+00:00,2021-02-03T17:49:00.040Z,14.0029,92.5614,10.0,4.3,mb,,5.0,75.0,2.339,1.04,earthquake,"255 km N of Bamboo Flat, India",0.238,7.3,1.6
us6000crc4,2020-11-21 20:15:03.902000+00:00,2021-02-03T17:49:49.040Z,22.1407,79.6342,10.0,4.3,mb,,37.0,123.0,8.71,0.57,earthquake,"10 km NE of Seoni, India",0.088,9.5,1.8
us6000cr52,2020-11-21 04:49:33.478000+00:00,2021-02-03T17:50:21.040Z,24.9595,94.9967,10.0,4.5,mb,,31.0,103.0,0.964,1.05,earthquake,"92 km SSE of Phek, India",0.097,5.2,1.8
us6000cqrt,2020-11-17 03:28:22.737000+00:00,2021-01-27T17:28:26.040Z,13.7389,92.4013,10.0,4.3,mb,,12.0,89.0,2.097,0.64,earthquake,"228 km N of Bamboo Flat, India",0.154,5.7,1.9
us7000cc3t,2020-11-08 13:26:25.069000+00:00,2021-01-23T22:25:37.040Z,33.4944,75.735,10.0,4.4,mb,,23.0,145.0,2.065,0.6,earthquake,eastern Kashmir,0.112,7.9,1.9
us7000cduh,2020-11-08 09:32:42.842000+00:00,2021-01-23T22:25:44.040Z,24.2021,94.1977,65.34,4.3,mb,,9.0,65.0,0.097,0.43,earthquake,"39 km SE of Kakching, India",0.177,6.5,3.9
us7000cc28,2020-11-08 09:12:23.801000+00:00,2021-01-23T22:25:36.040Z,28.6287,96.3987,10.0,4.3,mb,,34.0,75.0,4.732,0.6,earthquake,"63 km NNW of Hayuliang, India",0.095,8.9,1.9
us7000cdfr,2020-11-07 06:19:11.529000+00:00,2021-01-23T22:25:44.040Z,13.9453,92.9836,10.0,4.5,mb,,21.0,77.0,2.287,0.69,earthquake,"250 km N of Bamboo Flat, India",0.118,8.7,1.9
us7000cbmi,2020-11-06 22:59:17.399000+00:00,2021-01-23T22:25:32.040Z,33.5339,75.7388,10.0,4.6,mb,,26.0,57.0,2.065,0.9,earthquake,"24 km N of Kishtw?r, India",0.108,4.3,1.8
us7000c9e3,2020-11-02 19:43:17.105000+00:00,2021-04-28T03:02:11.407Z,25.7773,91.1728,10.0,4.5,mb,,48.0,60.0,0.651,0.68,earthquake,"30 km NNW of Nongstoin, India",0.078,5.4,1.8
us7000c8na,2020-10-31 16:59:40.590000+00:00,2021-01-18T23:01:53.040Z,34.1948,78.1585,10.0,4.5,mb,,23.0,129.0,4.101,1.05,earthquake,"53 km E of Leh, India",0.113,7.0,1.9
us6000caa9,2020-10-20 19:55:49.959000+00:00,2020-12-29T23:08:05.040Z,27.2257,96.1444,57.98,4.0,mb,,33.0,45.0,3.415,0.74,earthquake,"47 km E of Margherita, India",0.098,5.1,8.1
us6000c9yq,2020-10-14 23:39:01.108000+00:00,2020-12-29T23:07:21.040Z,12.1851,95.7845,10.0,4.3,mb,,11.0,153.0,6.94,1.0,earthquake,"Andaman Islands, India region",0.16,6.2,1.9
us6000c7ce,2020-10-10 17:38:00.765000+00:00,2025-12-22T17:59:03.200Z,24.6661,93.4997,53.0,5.5,mww,,14.0,22.0,0.849,0.65,earthquake,"33 km WNW of Moir?ng, India",0.083,4.5,1.9
us6000c6hc,2020-10-07 16:18:08.290000+00:00,2020-12-19T17:22:38.040Z,32.3518,80.5666,10.0,4.4,mb,,22.0,145.0,6.266,0.84,earthquake,"220 km NNE of Josh?math, India",0.115,9.5,1.9
us6000c688,2020-10-06 22:02:54.378000+00:00,2020-12-12T22:28:43.040Z,25.643,94.7776,61.51,4.6,mb,,78.0,54.0,1.472,0.84,earthquake,"27 km E of Phek, India",0.062,3.7,6.3
us6000c5zr,2020-10-06 06:13:39.363000+00:00,2020-12-12T22:28:41.040Z,34.0992,79.1272,10.0,4.7,mb,,64.0,82.0,4.894,0.55,earthquake,"142 km E of Leh, India",0.07,7.2,1.8
us6000c5y3,2020-10-05 23:43:20.846000+00:00,2025-12-22T18:43:23.313Z,34.1788,79.2141,10.0,5.0,mww,,13.0,21.0,4.971,0.62,earthquake,"150 km E of Leh, India",0.086,6.3,1.7
us6000c584,2020-10-03 15:36:17.754000+00:00,2020-12-12T22:28:37.040Z,26.2024,91.3108,44.3,4.2,mb,,32.0,120.0,0.801,0.4,earthquake,"21 km WSW of H?jo, India",0.098,5.7,5.3
us6000c64x,2020-09-30 13:44:06.357000+00:00,2020-12-12T22:28:43.040Z,12.2219,93.7095,75.77,4.4,mb,,24.0,82.0,1.099,0.72,earthquake,"121 km ENE of Port Blair, India",0.11,7.5,6.8
us6000c222,2020-09-28 05:12:34.992000+00:00,2022-08-09T00:36:55.725Z,33.229,75.8586,10.0,4.6,mb,,35.0,80.0,2.206,0.71,earthquake,"12 km SE of Kishtw?r, India",0.093,6.4,1.6
us6000c1yn,2020-09-27 17:27:42.182000+00:00,2025-12-22T18:42:54.752Z,34.1448,78.1519,10.0,5.0,mww,,11.0,98.0,4.091,1.35,earthquake,"52 km E of Leh, India",0.093,7.2,1.9
us6000c1ja,2020-09-26 06:32:00.651000+00:00,2022-08-09T00:33:15.577Z,34.7214,74.4055,10.0,4.6,mb,,44.0,74.0,1.424,0.74,earthquake,"40 km NNW of Bandipura, India",0.087,6.3,1.9
us6000c13w,2020-09-25 10:57:13.221000+00:00,2025-12-22T18:42:50.044Z,34.2487,78.2058,10.0,5.3,mww,,18.0,38.0,4.146,0.61,earthquake,"58 km E of Leh, India",0.073,6.4,1.8
us6000bzub,2020-09-22 16:10:29.177000+00:00,2021-05-30T11:35:26.998Z,34.0837,74.7947,10.0,4.4,mb,,3.0,134.0,1.341,0.29,earthquake,"1 km WSW of Srinagar, India",0.309,5.9,2.0
us6000bzjp,2020-09-22 03:46:51.500000+00:00,2020-11-28T21:32:03.040Z,35.7041,77.8313,62.17,4.1,mb,,5.0,110.0,4.281,0.97,earthquake,"127 km NE of Thang, India",0.233,5.2,11.0
us6000bzfi,2020-09-21 19:58:34.584000+00:00,2020-11-28T21:32:02.040Z,26.2803,91.3167,39.62,4.4,mb,,25.0,76.0,3.386,1.17,earthquake,"21 km W of H?jo, India",0.107,8.8,6.3
us7000bjex,2020-09-07 21:37:50.432000+00:00,2020-11-17T19:44:53.040Z,13.1472,93.1904,41.16,4.7,mb,,37.0,70.0,7.649,0.83,earthquake,"168 km NNE of Bamboo Flat, India",0.09,8.1,6.5
us7000bl69,2020-09-06 11:36:45.677000+00:00,2020-11-17T19:44:45.040Z,14.0641,93.0643,10.0,4.1,mb,,6.0,121.0,2.414,0.22,earthquake,"264 km N of Bamboo Flat, India",0.213,10.2,1.9
us7000bfgi,2020-08-31 21:09:33.636000+00:00,2020-11-07T18:48:40.040Z,24.8788,95.2425,123.46,4.9,mb,,117.0,33.0,1.074,0.77,earthquake,"114 km SE of Phek, India",0.052,5.9,3.5
us7000bh5n,2020-08-30 16:10:06.882000+00:00,2020-11-07T18:48:50.040Z,6.8607,92.0497,10.0,4.0,mb,,8.0,110.0,4.813,0.73,earthquake,"Nicobar Islands, India region",0.182,10.2,1.7
us7000bdpj,2020-08-27 13:17:20.608000+00:00,2020-11-07T18:48:29.040Z,23.0656,93.2324,10.0,4.5,mb,,15.0,164.0,0.54,1.12,earthquake,"18 km ESE of North Vanlaiphai, India",0.139,5.5,1.9
us7000bdnu,2020-08-27 12:07:15.628000+00:00,2025-12-22T18:41:07.453Z,23.1636,93.3258,10.0,5.3,mww,,15.0,23.0,0.577,1.04,earthquake,"26 km E of North Vanlaiphai, India",0.08,6.3,1.8
us7000bd2a,2020-08-26 02:24:03.662000+00:00,2020-11-07T18:48:28.040Z,23.965,88.4834,10.0,4.0,mb,,3.0,195.0,3.174,0.63,earthquake,"13 km W of Kar?mpur, India",0.298,5.7,2.0
us6000bje2,2020-08-23 13:18:15.229000+00:00,2020-10-31T19:06:20.040Z,26.0998,95.5832,86.9,4.6,mb,,48.0,57.0,2.195,0.6,earthquake,"78 km ESE of Tuensang, India",0.079,7.4,6.2
us6000bhed,2020-08-19 20:53:04.563000+00:00,2020-10-31T19:06:09.040Z,9.5672,93.3607,71.13,4.9,mb,,58.0,55.0,2.162,1.24,earthquake,"241 km SSE of Port Blair, India",0.074,9.1,5.7
us6000bg0c,2020-08-17 16:31:52.303000+00:00,2020-10-24T20:08:59.040Z,30.3829,94.7798,10.0,4.8,mb,,179.0,39.0,3.238,0.67,earthquake,"209 km N of Shi Yomi, India",0.043,7.3,1.8
us6000bfn7,2020-08-16 16:40:40.467000+00:00,2020-10-24T20:08:56.040Z,30.3546,94.8125,10.0,4.8,mb,,169.0,59.0,3.261,0.74,earthquake,"206 km NNE of Shi Yomi, India",0.043,7.2,1.8
us6000bepe,2020-08-14 12:58:40.661000+00:00,2020-10-24T20:08:51.040Z,30.3765,94.826,10.0,4.8,mb,,161.0,82.0,5.463,0.63,earthquake,"209 km NNE of Shi Yomi, India",0.044,4.0,1.9
us6000bei5,2020-08-14 01:08:08.090000+00:00,2020-10-24T20:08:50.040Z,23.1226,93.2923,10.0,4.2,mb,,16.0,105.0,0.555,1.18,earthquake,"23 km E of North Vanlaiphai, India",0.132,3.3,1.9
us6000bdu6,2020-08-13 05:22:46.641000+00:00,2020-10-24T20:08:48.040Z,30.3141,94.7804,10.0,4.4,mb,,33.0,71.0,3.226,0.84,earthquake,"201 km NNE of Shi Yomi, India",0.094,7.9,1.9
us6000bdty,2020-08-13 04:27:59.201000+00:00,2020-10-24T20:08:48.040Z,30.4144,94.7198,10.0,4.9,mb,,200.0,69.0,3.194,0.68,earthquake,"211 km N of Shi Yomi, India",0.039,8.1,1.8
us6000bdee,2020-08-12 15:58:08.257000+00:00,2020-10-24T20:08:46.040Z,29.8985,95.1615,10.0,4.8,mb,,178.0,42.0,3.512,0.82,earthquake,"169 km NNE of Shi Yomi, India",0.042,7.9,1.8
us6000bg1x,2020-08-11 22:48:31.686000+00:00,2020-10-21T22:04:15.040Z,30.388,94.8111,10.0,4.1,mb,,16.0,161.0,3.266,0.56,earthquake,"210 km NNE of Shi Yomi, India",0.13,6.9,2.0
us6000bcy3,2020-08-11 21:27:28.697000+00:00,2020-10-21T22:04:11.040Z,30.3255,94.7921,10.0,4.4,mb,,43.0,87.0,3.238,0.83,earthquake,"203 km NNE of Shi Yomi, India",0.082,4.2,1.9
us6000bcsr,2020-08-11 18:14:16.424000+00:00,2020-10-21T22:04:11.040Z,30.3544,94.742,10.0,4.9,mb,,168.0,69.0,5.409,0.89,earthquake,"205 km N of Shi Yomi, India",0.044,8.1,1.8
us6000bcmi,2020-08-11 13:57:53.226000+00:00,2020-10-21T22:04:09.040Z,24.2129,93.9507,59.16,4.3,mb,,36.0,47.0,0.319,1.07,earthquake,"31 km ESE of Chur?ch?ndpur, India",0.089,4.3,5.8
us6000bbiy,2020-08-09 17:13:33.298000+00:00,2025-12-22T18:40:10.391Z,30.4464,94.9345,10.0,4.9,mb,,102.0,86.0,3.382,0.9,earthquake,"219 km NNE of Shi Yomi, India",0.056,7.1,1.8
us6000bbdf,2020-08-09 08:50:13.554000+00:00,2020-10-21T22:04:01.040Z,30.3605,94.7737,10.0,4.8,mb,,75.0,30.0,3.229,0.38,earthquake,"206 km N of Shi Yomi, India",0.064,6.9,1.7
us6000bb1f,2020-08-08 08:44:00.894000+00:00,2020-10-21T22:03:57.040Z,30.4109,94.7817,10.0,4.9,mb,,78.0,48.0,5.475,0.5,earthquake,"212 km N of Shi Yomi, India",0.064,6.4,1.8
us6000baqp,2020-08-07 17:36:20.411000+00:00,2020-10-21T22:03:56.040Z,24.5305,94.8553,103.06,4.3,mb,,5.0,147.0,0.588,0.84,earthquake,"80 km E of W?ngjing, India",0.238,9.3,6.6
us6000b7kk,2020-07-31 18:58:48.847000+00:00,2020-10-10T17:11:05.040Z,30.3574,94.7728,10.0,4.2,mb,,43.0,71.0,3.228,0.7,earthquake,"206 km N of Shi Yomi, India",0.086,8.6,1.9
us6000b7i6,2020-07-31 16:45:09.922000+00:00,2020-10-10T17:11:05.040Z,30.4288,94.841,10.0,4.9,mb,,176.0,159.0,3.299,0.81,earthquake,"215 km NNE of Shi Yomi, India",0.042,9.6,1.9
us6000ba2m,2020-07-31 06:10:06.917000+00:00,2020-10-10T17:11:17.040Z,30.3418,95.04,10.0,4.3,mb,,12.0,161.0,3.452,0.86,earthquake,"210 km NNE of Shi Yomi, India",0.153,8.8,2.0
us6000b71z,2020-07-30 18:38:38.999000+00:00,2020-10-10T17:11:03.040Z,30.386,94.7527,10.0,4.8,mb,,143.0,69.0,3.216,0.65,earthquake,"208 km N of Shi Yomi, India",0.046,6.1,1.8
us6000b6u0,2020-07-30 13:35:44.774000+00:00,2020-10-10T17:11:03.040Z,29.8667,95.1399,10.0,4.1,mb,,17.0,73.0,3.492,0.79,earthquake,"165 km NNE of Shi Yomi, India",0.127,6.7,2.0
us6000b6f4,2020-07-29 20:54:26.858000+00:00,2020-10-10T17:11:01.040Z,28.4107,88.3259,10.0,4.1,mb,,16.0,113.0,1.41,1.24,earthquake,"101 km N of Mangan, India",0.13,8.9,1.9
us6000b69f,2020-07-29 17:27:54.128000+00:00,2020-10-10T17:11:01.040Z,30.3366,94.7909,10.0,4.9,mb,,155.0,49.0,3.239,0.82,earthquake,"204 km NNE of Shi Yomi, India",0.045,5.9,1.8
us6000b61h,2020-07-29 11:07:12.675000+00:00,2020-10-10T17:11:00.040Z,30.3811,94.7738,10.0,4.8,mb,,101.0,49.0,3.233,0.61,earthquake,"208 km N of Shi Yomi, India",0.055,8.3,1.9
us6000b5cc,2020-07-28 14:38:49.984000+00:00,2020-10-03T17:32:28.040Z,23.2575,93.3418,10.0,4.8,mb,,97.0,67.0,0.657,0.73,earthquake,"25 km ESE of Khawhai, India",0.056,4.1,1.4
us6000b54q,2020-07-28 03:32:49.179000+00:00,2020-10-03T17:32:28.040Z,30.3956,94.7098,10.0,4.8,mb,,139.0,37.0,3.182,0.58,earthquake,"209 km N of Shi Yomi, India",0.047,7.5,1.8
us6000b4l6,2020-07-27 05:50:20.443000+00:00,2020-10-03T17:32:26.040Z,30.4061,94.8218,10.0,4.9,mb,,141.0,37.0,3.278,0.81,earthquake,"212 km NNE of Shi Yomi, India",0.047,7.9,1.9
us6000b4bp,2020-07-26 09:58:58.149000+00:00,2020-10-03T17:32:24.040Z,30.389,94.806,10.0,4.7,mb,,54.0,109.0,3.262,0.59,earthquake,"210 km NNE of Shi Yomi, India",0.075,10.3,1.9
us6000b41u,2020-07-25 15:58:37.391000+00:00,2020-10-03T17:32:22.040Z,30.3757,94.8368,10.0,4.8,mb,,149.0,88.0,3.285,0.77,earthquake,"209 km NNE of Shi Yomi, India",0.046,5.4,1.9
us6000b3ee,2020-07-24 13:34:24.853000+00:00,2020-10-03T17:32:19.040Z,30.3884,94.8313,10.0,4.9,mb,,134.0,86.0,5.476,0.62,earthquake,"210 km NNE of Shi Yomi, India",0.048,6.1,1.8
us6000b66q,2020-07-24 05:45:56.764000+00:00,2020-10-03T17:32:31.040Z,23.069,93.3699,10.0,4.1,mb,,11.0,54.0,0.474,0.89,earthquake,"31 km ESE of North Vanlaiphai, India",0.158,3.9,1.9
us6000b2d7,2020-07-23 00:47:43.907000+00:00,2020-10-03T17:32:16.040Z,30.3844,94.7159,10.0,4.9,mb,,107.0,71.0,3.185,0.57,earthquake,"208 km N of Shi Yomi, India",0.054,7.3,1.0
us6000b5wv,2020-07-22 01:02:22.347000+00:00,2020-10-03T17:32:29.040Z,30.3195,94.717,10.0,4.1,mb,,17.0,136.0,3.173,1.03,earthquake,"201 km N of Shi Yomi, India",0.127,7.2,2.0
us7000asa5,2020-07-21 13:26:18.351000+00:00,2020-09-26T16:58:43.040Z,30.404,94.7716,10.0,4.5,mb,,50.0,71.0,3.236,0.46,earthquake,"211 km N of Shi Yomi, India",0.077,8.4,1.9
us7000as5w,2020-07-21 06:18:48.950000+00:00,2020-09-26T16:58:43.040Z,30.4304,94.8312,10.0,4.9,mb,,204.0,32.0,5.512,0.71,earthquake,"215 km NNE of Shi Yomi, India",0.039,5.5,1.6
us6000b55p,2020-07-21 02:15:19.576000+00:00,2020-09-26T16:58:27.040Z,30.1907,94.7613,10.0,4.4,mb,,21.0,90.0,3.191,0.77,earthquake,"187 km NNE of Shi Yomi, India",0.118,8.9,1.9
us6000b55n,2020-07-21 01:17:08.217000+00:00,2020-09-26T16:58:27.040Z,30.4135,94.779,10.0,4.0,mb,,9.0,114.0,3.244,0.58,earthquake,"212 km N of Shi Yomi, India",0.173,7.7,1.8
us7000as23,2020-07-20 22:52:49.020000+00:00,2020-09-26T16:58:42.040Z,12.1567,94.9118,10.0,4.5,mb,,20.0,124.0,2.179,1.11,earthquake,"242 km ENE of Port Blair, India",0.121,10.0,1.9
us7000aru9,2020-07-20 19:21:39.541000+00:00,2025-12-22T18:38:24.735Z,30.4051,94.862,10.0,4.9,mb,,171.0,47.0,3.312,0.71,earthquake,"213 km NNE of Shi Yomi, India",0.043,4.3,1.8
us6000b3i2,2020-07-20 15:19:53.864000+00:00,2020-09-26T16:58:26.040Z,30.3816,95.0064,10.0,4.0,mb,,9.0,139.0,6.16,0.94,earthquake,"214 km NNE of Shi Yomi, India",0.172,8.8,2.0
us7000ard3,2020-07-19 23:36:38.799000+00:00,2020-09-26T16:58:39.040Z,30.4109,94.8431,10.0,4.9,mb,,230.0,49.0,3.297,0.6,earthquake,"213 km NNE of Shi Yomi, India",0.037,4.6,1.8
us7000ar7l,2020-07-19 10:15:47.711000+00:00,2020-09-26T16:58:38.040Z,30.412,94.8613,10.0,5.0,mb,,116.0,31.0,3.313,0.6,earthquake,"213 km NNE of Shi Yomi, India",0.053,7.8,1.8
us6000b2u6,2020-07-17 22:55:38.710000+00:00,2020-09-26T16:58:24.040Z,24.6057,92.3782,39.89,4.3,mb,,63.0,64.0,1.067,0.61,earthquake,"20 km WSW of Hail?k?ndi, India",0.07,5.4,6.9
us7000aqj0,2020-07-17 18:32:58.716000+00:00,2025-12-22T17:58:06.845Z,12.0979,94.9745,5.07,5.7,mww,,30.0,33.0,2.227,1.18,earthquake,"247 km E of Port Blair, India",0.057,5.7,2.8
us7000aqhw,2020-07-17 17:45:24.045000+00:00,2020-09-26T16:58:34.040Z,12.0447,95.1004,10.0,4.8,mb,,65.0,52.0,2.339,0.76,earthquake,"259 km E of Port Blair, India",0.072,7.0,1.7
us7000aqg3,2020-07-17 16:33:53.474000+00:00,2025-12-22T18:38:14.089Z,23.1162,93.3092,10.0,5.1,mww,,10.0,63.0,0.542,0.86,earthquake,"25 km E of North Vanlaiphai, India",0.098,5.4,1.8
us7000aqc9,2020-07-17 14:43:17.244000+00:00,2025-12-22T18:38:13.377Z,11.8485,94.8316,10.0,5.0,mww,,10.0,130.0,2.053,0.92,earthquake,"228 km E of Port Blair, India",0.098,7.8,1.9
us7000aqaw,2020-07-17 14:03:40.437000+00:00,2025-12-22T18:38:12.579Z,11.8485,94.9362,10.0,6.1,mww,,53.0,61.0,2.155,0.84,earthquake,"239 km E of Port Blair, India",0.043,6.1,1.8
us7000aqal,2020-07-17 13:29:04.589000+00:00,2025-12-22T18:38:11.920Z,11.8395,94.9771,10.0,5.1,mww,,11.0,59.0,2.194,0.71,earthquake,"243 km E of Port Blair, India",0.093,6.7,1.9
us7000aq8x,2020-07-17 10:26:38.892000+00:00,2020-09-26T16:58:34.040Z,23.1172,93.3785,10.0,4.4,mb,,38.0,91.0,0.514,0.41,earthquake,"32 km E of North Vanlaiphai, India",0.087,4.2,1.9
us7000aq5q,2020-07-17 05:37:17.788000+00:00,2020-09-26T16:58:33.040Z,11.8654,95.0388,10.0,4.6,mb,,21.0,95.0,2.257,0.42,earthquake,"250 km E of Port Blair, India",0.12,7.9,1.9
us7000aq5i,2020-07-17 05:01:13.351000+00:00,2020-09-26T16:58:33.040Z,11.6984,95.0094,10.0,4.8,mb,,52.0,106.0,2.219,0.43,earthquake,"246 km E of Port Blair, India",0.077,7.7,1.9
us6000b54f,2020-07-16 02:27:38.675000+00:00,2020-09-26T16:58:27.040Z,24.6068,92.3957,39.62,4.4,mb,,14.0,69.0,1.073,0.48,earthquake,"18 km WSW of Hail?k?ndi, India",0.144,5.6,7.4
us7000apfs,2020-07-16 02:10:29.094000+00:00,2020-09-26T16:58:31.040Z,22.2558,70.9928,10.0,4.1,mb,,12.0,112.0,11.529,0.54,earthquake,"20 km E of R?jkot, India",0.151,13.7,2.0
us6000b2q0,2020-07-16 01:21:55.852000+00:00,2020-09-26T16:58:23.040Z,24.606,94.8877,30.68,4.4,mb,,13.0,64.0,0.653,0.52,earthquake,"83 km E of W?ngjing, India",0.149,6.1,6.5
us7000amfk,2020-07-12 21:06:47.720000+00:00,2020-09-19T20:58:14.040Z,14.3503,92.992,10.0,4.6,mb,,22.0,75.0,2.689,0.4,earthquake,"294 km N of Bamboo Flat, India",0.116,8.6,1.9
us7000aqev,2020-07-12 19:34:50.955000+00:00,2020-09-19T20:58:31.040Z,8.8774,93.9083,10.0,4.4,mb,,9.0,176.0,2.989,0.96,earthquake,"Nicobar Islands, India region",0.179,9.5,1.9
us7000akmn,2020-07-09 08:58:12.692000+00:00,2020-09-19T20:58:00.040Z,23.0831,93.3665,10.0,4.6,mb,,49.0,40.0,0.488,0.43,earthquake,"31 km E of North Vanlaiphai, India",0.079,5.2,1.9
us7000ajsm,2020-07-07 23:49:28.057000+00:00,2020-09-11T22:14:27.040Z,12.9785,92.4828,10.0,4.6,mb,,43.0,80.0,1.339,0.87,earthquake,"143 km N of Bamboo Flat, India",0.083,5.8,1.8
us7000ai9b,2020-07-05 11:56:34.519000+00:00,2020-09-11T22:14:14.040Z,23.1732,93.2967,10.0,4.8,mb,,36.0,96.0,0.597,0.71,earthquake,"24 km E of North Vanlaiphai, India",0.092,7.2,1.9
us7000ahde,2020-07-03 13:30:49.114000+00:00,2020-09-11T22:14:00.040Z,28.142,76.5366,30.38,4.3,mb,,21.0,169.0,6.166,0.74,earthquake,"9 km NNW of B?wal, India",0.116,10.2,5.6
us7000ah74,2020-07-03 09:05:43.564000+00:00,2020-09-11T22:13:59.040Z,23.2815,93.3716,10.0,4.6,mb,,89.0,60.0,0.67,0.78,earthquake,"27 km ESE of Khawhai, India",0.058,6.4,1.8
us7000ak4u,2020-07-02 07:40:37.191000+00:00,2020-09-11T22:13:52.040Z,32.998,75.9509,10.0,4.6,mb,,20.0,145.0,2.338,0.82,earthquake,"21 km E of Bhadarw?h, India",0.122,10.2,1.9
us7000afay,2020-06-30 18:02:28.856000+00:00,2020-12-17T18:28:05.658Z,33.1193,75.8744,43.89,4.7,mb,,172.0,30.0,5.588,0.98,earthquake,"21 km NE of Bhadarw?h, India",0.043,7.1,6.3
us7000aeua,2020-06-30 03:26:58.130000+00:00,2020-09-05T17:35:35.040Z,33.195,75.926,46.75,4.2,mb,,22.0,131.0,2.268,0.84,earthquake,"19 km SE of Kishtw?r, India",0.113,7.9,3.9
us7000adgj,2020-06-28 05:54:36.251000+00:00,2020-09-05T17:35:28.040Z,24.6766,94.5933,57.96,4.4,mb,,29.0,68.0,0.519,0.86,earthquake,"54 km E of W?ngjing, India",0.099,7.4,3.3
us7000ahew,2020-06-28 03:26:21.339000+00:00,2020-09-05T17:35:42.040Z,12.9095,92.6873,10.0,4.2,mb,,13.0,180.0,8.167,0.66,earthquake,"133 km N of Bamboo Flat, India",0.146,10.6,1.9
us7000aabs,2020-06-24 19:44:43.473000+00:00,2020-09-05T17:35:16.040Z,23.1939,93.2827,4.24,4.8,mb,,47.0,67.0,0.622,0.97,earthquake,"23 km ENE of North Vanlaiphai, India",0.081,3.3,4.6
us6000ahkj,2020-06-24 02:32:33.683000+00:00,2020-09-05T17:35:14.040Z,23.206,93.2628,4.58,4.5,mb,,36.0,74.0,0.641,0.53,earthquake,"21 km ENE of North Vanlaiphai, India",0.09,5.5,5.3
us6000ag4u,2020-06-21 22:40:52.633000+00:00,2025-12-22T18:36:52.154Z,23.1449,93.2856,10.84,5.6,mww,,21.0,23.0,0.578,0.64,earthquake,"22 km E of North Vanlaiphai, India",0.068,4.0,3.0
us6000afvf,2020-06-21 10:46:25.514000+00:00,2020-08-30T00:00:59.040Z,23.9075,93.1135,41.6,4.9,mww,,10.0,49.0,1.131,0.54,earthquake,"22 km ESE of Darlawn, India",0.098,6.8,6.6
us6000abp7,2020-06-14 14:43:08.390000+00:00,2025-12-22T18:36:23.212Z,23.3821,70.3548,10.0,5.1,mb,,255.0,40.0,11.178,0.74,earthquake,"9 km N of Bhach?u, India",0.036,8.9,1.8
us6000abjj,2020-06-14 02:39:43.149000+00:00,2020-08-22T19:14:50.040Z,26.6545,97.0594,10.0,4.8,mb,,176.0,59.0,3.471,0.76,earthquake,"55 km NNE of Sarupathar, India",0.042,4.3,1.8
us6000a9x1,2020-06-11 10:48:34.653000+00:00,2020-08-22T19:14:44.040Z,10.2409,93.6808,10.0,4.6,mb,,26.0,103.0,1.68,0.63,earthquake,"187 km SSE of Port Blair, India",0.107,5.3,1.9
us6000a8x5,2020-06-09 20:47:32.885000+00:00,2020-08-18T17:59:11.040Z,14.151,91.6101,10.0,4.6,mb,,82.0,52.0,2.715,0.76,earthquake,"296 km NNW of Bamboo Flat, India",0.063,6.6,1.8
us6000a6l9,2020-05-31 13:03:58.927000+00:00,2020-08-15T20:19:57.040Z,10.8899,92.5217,8.42,4.7,mb,,24.0,65.0,0.791,0.61,earthquake,"89 km SSW of Port Blair, India",0.13,4.1,4.6
us6000a6h3,2020-05-30 23:12:23.543000+00:00,2020-08-15T20:19:54.040Z,12.6084,93.2388,59.16,4.4,mb,,18.0,113.0,8.001,0.7,earthquake,"115 km NNE of Bamboo Flat, India",0.126,11.6,9.0
us6000a1wn,2020-05-29 15:38:41.657000+00:00,2020-08-15T20:19:48.040Z,29.1724,77.0219,10.0,4.2,mb,,12.0,185.0,8.64,1.09,earthquake,"Uttar Pradesh, India",0.152,10.2,2.0
us6000a1f4,2020-05-29 00:30:29.301000+00:00,2020-08-15T20:19:46.040Z,11.7257,92.3273,10.0,4.5,mb,,35.0,63.0,0.413,0.84,earthquake,"42 km W of Bamboo Flat, India",0.092,4.4,1.9
us6000a0vp,2020-05-28 08:05:58.316000+00:00,2020-08-15T20:19:42.040Z,32.5421,79.491,10.0,4.4,mb,,23.0,162.0,7.806,0.6,earthquake,"196 km NE of Sar?han, India",0.112,6.4,1.8
us70009q28,2020-05-25 14:42:17.395000+00:00,2025-12-22T18:34:52.374Z,24.3856,93.9197,57.89,5.1,mww,,11.0,25.0,0.38,0.51,earthquake,"13 km SSW of Kakching, India",0.093,5.8,4.5
us70009npp,2020-05-22 19:43:08.261000+00:00,2020-08-08T18:17:51.040Z,11.3192,93.5383,103.13,4.3,mb,,29.0,77.0,0.847,0.65,earthquake,"94 km ESE of Port Blair, India",0.106,7.7,6.6
us70009iml,2020-05-17 05:22:09.081000+00:00,2020-08-02T00:29:39.040Z,29.9346,94.9732,10.0,4.6,mb,,37.0,77.0,3.35,0.49,earthquake,"166 km NNE of Shi Yomi, India",0.089,6.9,1.9
us70009edv,2020-05-11 22:39:35.471000+00:00,2020-07-29T22:14:34.040Z,24.8084,94.1112,63.54,4.6,mb,,60.0,100.0,0.601,0.72,earthquake,"15 km NNE of Yairipok, India",0.071,4.0,6.0
us70009d7u,2020-05-09 10:06:46.736000+00:00,2020-07-29T22:14:23.040Z,22.1166,68.963,10.0,4.1,mb,,26.0,256.0,12.039,0.44,earthquake,"13 km S of Dw?rka, India",0.103,13.7,2.0
us60009dff,2020-04-27 19:54:31.054000+00:00,2020-07-11T22:19:12.040Z,12.1157,92.936,32.59,4.4,mb,,29.0,82.0,0.494,0.69,earthquake,"51 km NNE of Bamboo Flat, India",0.1,8.4,5.1
us700090si,2020-04-21 00:09:10.636000+00:00,2020-07-09T14:31:37.040Z,9.3687,92.9668,48.51,4.8,mb,,36.0,65.0,2.283,0.88,earthquake,"255 km S of Port Blair, India",0.092,8.1,7.9
us60009as6,2020-04-17 10:59:11.292000+00:00,2020-07-09T14:31:19.040Z,28.1205,93.9189,10.0,4.1,mb,,16.0,110.0,2.911,0.56,earthquake,"58 km N of Ziro, India",0.131,9.1,1.9
us700090hi,2020-04-13 17:34:03.942000+00:00,2020-06-30T14:03:16.040Z,12.0153,92.9576,38.0,4.3,mb,,6.0,86.0,0.414,1.05,earthquake,"43 km NE of Bamboo Flat, India",0.218,7.8,7.5
us70008s0k,2020-04-08 05:53:57.175000+00:00,2020-06-30T14:02:47.040Z,23.4203,86.989,10.0,4.0,mb,,5.0,209.0,4.522,0.91,earthquake,"22 km NNW of B?nkura, India",0.232,8.1,2.0
us70008qir,2020-04-07 10:39:02.233000+00:00,2020-06-21T00:55:16.040Z,29.2723,95.1896,10.0,4.4,mb,,31.0,114.0,3.567,0.41,earthquake,"114 km NE of Shi Yomi, India",0.096,11.4,1.9
us70008pdi,2020-04-05 17:50:30.477000+00:00,2020-06-21T00:55:06.040Z,26.4085,92.7724,46.31,4.5,mb,,48.0,80.0,1.176,0.88,earthquake,"25 km S of Tezpur, India",0.078,8.0,7.1
us70008rid,2020-04-02 17:35:31.963000+00:00,2020-06-21T00:54:43.040Z,26.1416,97.037,10.0,4.2,mb,,21.0,121.0,4.703,1.18,earthquake,"23 km ESE of Sarupathar, India",0.115,10.7,1.9
us70008idc,2020-03-29 18:17:45.513000+00:00,2020-06-13T18:44:49.040Z,32.9731,76.4202,10.0,4.3,mb,,16.0,153.0,2.724,0.65,earthquake,"53 km NNE of Chamba, India",0.133,9.7,1.9
us70008h7l,2020-03-27 11:46:58.989000+00:00,2020-06-13T18:44:49.040Z,32.697,76.144,10.0,4.5,mb,,42.0,114.0,2.592,0.75,earthquake,"15 km N of Chamba, India",0.083,3.7,1.9
us70008k9z,2020-03-27 10:27:01.109000+00:00,2020-06-13T18:44:44.040Z,7.4016,92.2583,10.0,4.3,mb,,12.0,134.0,11.464,0.32,earthquake,"Nicobar Islands, India region",0.153,5.8,1.9
us70008f3x,2020-03-24 15:00:31.941000+00:00,2020-06-06T20:54:14.040Z,7.969,92.5087,10.0,4.5,mb,,23.0,125.0,3.67,0.93,earthquake,"Nicobar Islands, India region",0.113,7.7,1.8
us70008hem,2020-03-23 08:08:12.704000+00:00,2020-06-06T20:54:09.040Z,25.0857,95.0671,101.49,4.5,mb,,21.0,61.0,1.101,0.54,earthquake,"86 km SE of Phek, India",0.118,9.4,8.5
us70008c5d,2020-03-19 12:58:56.455000+00:00,2020-06-06T20:53:53.040Z,8.8588,93.9589,10.0,4.8,mb,,30.0,71.0,3.025,0.66,earthquake,"Nicobar Islands, India region",0.101,7.4,1.6
us70008gwf,2020-03-13 10:48:10.217000+00:00,2020-05-30T22:17:23.040Z,6.4531,92.6013,10.0,4.3,mb,,21.0,87.0,7.125,0.6,earthquake,"Nicobar Islands, India region",0.117,5.3,1.9
us60008dp6,2020-03-11 14:19:31.898000+00:00,2020-05-30T22:17:02.040Z,32.568,78.4627,10.0,4.0,mb,,11.0,139.0,4.49,1.0,earthquake,"125 km ENE of Man?li, India",0.156,5.9,2.0
us600089zy,2020-03-05 06:59:54.541000+00:00,2020-05-23T22:03:14.040Z,25.8362,96.7751,10.0,4.5,mb,,27.0,65.0,2.756,0.74,earthquake,"41 km S of Sarupathar, India",0.104,4.3,1.9
us60008735,2020-02-29 20:05:26.893000+00:00,2020-05-19T22:14:13.040Z,26.4904,92.1052,45.39,4.2,mb,,41.0,95.0,0.946,0.6,earthquake,"5 km SW of Kh?rupatia, India",0.083,5.3,7.9
us60008612,2020-02-28 11:07:11.020000+00:00,2020-05-19T22:14:07.040Z,32.9646,76.3114,10.0,4.2,mb,,16.0,116.0,2.638,0.95,earthquake,"48 km NNE of Chamba, India",0.132,7.7,1.6
us600084lt,2020-02-26 15:04:08.953000+00:00,2025-12-22T18:30:04.841Z,32.9752,76.2474,10.0,5.0,mb,,189.0,37.0,2.583,0.85,earthquake,"47 km NNE of Chamba, India",0.041,4.7,1.7
us70007nyd,2020-02-12 19:17:55.089000+00:00,2020-05-02T22:09:42.040Z,10.5177,94.0622,10.0,4.3,mb,,26.0,103.0,1.718,0.96,earthquake,"191 km SE of Port Blair, India",0.105,8.3,1.8
us70007rxk,2020-02-10 19:47:29.234000+00:00,2020-04-25T22:19:50.040Z,8.5032,92.5426,10.0,4.4,mb,,21.0,120.0,3.139,0.69,earthquake,"Nicobar Islands, India region",0.117,8.8,1.9
us70007mpw,2020-02-10 18:20:09.252000+00:00,2020-04-25T22:19:13.040Z,13.1329,93.2938,39.6,4.9,mb,,83.0,58.0,1.563,1.08,earthquake,"170 km NNE of Bamboo Flat, India",0.062,7.2,5.2
us70007q7n,2020-02-09 08:48:50.639000+00:00,2020-04-25T22:19:46.040Z,12.8396,92.6303,10.0,4.4,mb,,7.0,134.0,1.181,0.33,earthquake,"126 km N of Bamboo Flat, India",0.202,6.2,1.9
us70007li1,2020-02-08 12:47:01.887000+00:00,2025-12-22T18:30:21.703Z,26.3386,90.7847,10.0,5.0,mb,,99.0,73.0,1.233,0.82,earthquake,"10 km E of Abhay?puri, India",0.057,7.7,1.8
us70007lc7,2020-02-08 01:01:46.831000+00:00,2022-03-10T05:05:12.187Z,30.0278,79.9831,18.78,4.7,mb,,76.0,97.0,6.758,0.66,earthquake,"29 km NE of B?geshwar, India",0.063,8.9,4.4
us70007ksx,2020-02-07 11:00:40.151000+00:00,2020-04-25T22:18:27.040Z,11.1225,93.5904,129.96,4.4,mb,,38.0,73.0,0.984,0.81,earthquake,"110 km ESE of Port Blair, India",0.087,8.4,4.8
us70007jey,2020-02-05 20:47:08.396000+00:00,2020-04-25T22:17:59.040Z,7.3359,73.6458,10.0,4.5,mb,,31.0,60.0,0.724,0.82,earthquake,"76 km NE of Dhidhdhoo, Maldives",0.097,5.0,1.6
us60007m2e,2020-02-01 09:43:55.801000+00:00,2025-12-22T17:56:51.476Z,28.9807,95.7207,10.0,4.9,mb,,120.0,37.0,4.074,0.58,earthquake,"108 km NNE of P?sigh?t, India",0.051,7.5,1.9
us60007jkb,2020-01-29 22:13:21.341000+00:00,2020-04-18T22:09:54.040Z,7.1328,92.0445,10.0,4.6,mb,,36.0,135.0,4.546,0.81,earthquake,"Nicobar Islands, India region",0.091,9.0,1.9
us60007j4e,2020-01-29 15:10:53.203000+00:00,2020-04-18T22:09:53.040Z,10.3105,93.7827,10.0,5.0,mb,,72.0,58.0,1.681,0.88,earthquake,"187 km SE of Port Blair, India",0.067,7.3,1.8
us70007kw7,2020-01-29 13:43:05.740000+00:00,2020-04-18T22:10:28.040Z,24.4383,94.9928,115.32,4.3,mb,,13.0,70.0,0.664,0.97,earthquake,"95 km E of W?ngjing, India",0.148,6.1,8.3
us60007ifv,2020-01-28 20:29:36.992000+00:00,2020-04-11T18:21:03.040Z,7.3115,92.0905,10.0,5.1,mb,,71.0,98.0,4.364,1.09,earthquake,"Nicobar Islands, India region",0.067,8.9,1.4
us60007fyl,2020-01-25 21:07:34.332000+00:00,2022-03-10T05:03:06.731Z,16.6775,79.8979,10.0,4.5,mb,,42.0,83.0,9.38,0.63,earthquake,"32 km SW of Jaggayyapeta, India",0.084,9.5,1.9
us70006ymh,2020-01-12 05:23:56.526000+00:00,2025-12-22T18:26:16.874Z,35.0149,74.474,10.0,5.1,mb,,244.0,68.0,1.687,0.67,earthquake,"68 km NNW of Bandipura, India",0.036,4.4,1.4
us60007bgv,2020-01-06 15:08:03.412000+00:00,2020-03-21T17:13:28.040Z,8.8585,93.5608,33.37,4.9,mb,,41.0,81.0,2.893,0.62,earthquake,"Nicobar Islands, India region",0.099,8.7,4.9
us70006sb0,2019-12-30 00:52:30.193000+00:00,2020-03-14T22:23:21.040Z,35.8128,77.6114,10.0,4.1,mb,,32.0,111.0,4.176,0.84,earthquake,"123 km NE of Thang, India",0.093,9.2,1.9
us70006qg6,2019-12-24 05:52:56.405000+00:00,2020-03-14T22:25:20.040Z,7.0773,92.4071,10.0,5.1,mww,,13.0,34.0,4.561,1.06,earthquake,"Nicobar Islands, India region",0.086,3.5,1.8
us70006nu2,2019-12-19 22:16:20.980000+00:00,2020-03-07T17:47:36.040Z,34.6953,79.7421,10.0,4.5,mb,,34.0,109.0,5.466,0.75,earthquake,"206 km ENE of Leh, India",0.093,8.7,1.9
us70006tsa,2019-12-16 06:08:42.593000+00:00,2020-03-04T21:27:24.040Z,8.5479,91.8576,10.0,4.2,mb,,11.0,208.0,17.215,0.49,earthquake,"Nicobar Islands, India region",0.159,12.0,2.0
us60006s03,2019-12-16 03:10:30.166000+00:00,2020-03-04T21:27:07.040Z,24.0847,93.875,55.37,4.4,mb,,10.0,91.0,0.414,0.6,earthquake,"34 km SE of Chur?ch?ndpur, India",0.169,6.8,7.9
us70006tmu,2019-12-15 03:53:33.034000+00:00,2020-03-04T21:27:21.040Z,24.9171,95.0882,110.85,4.4,mb,,13.0,117.0,0.991,1.02,earthquake,"101 km SE of Phek, India",0.148,5.6,7.9
us60006rxd,2019-12-13 23:52:40.214000+00:00,2020-03-04T21:27:07.040Z,20.0829,73.1729,10.0,4.3,mb,,15.0,103.0,13.231,1.21,earthquake,"19 km NNW of Jawh?r, India",0.137,8.7,1.9
us60006pn9,2019-12-10 03:51:46.613000+00:00,2020-03-04T21:26:50.040Z,12.2739,95.2155,10.0,4.4,mb,,18.0,99.0,2.495,0.71,earthquake,"277 km ENE of Port Blair, India",0.127,9.6,1.8
us70006ek4,2019-11-29 17:50:18.088000+00:00,2020-02-19T18:58:20.040Z,13.692,93.3959,49.27,4.9,mb,,97.0,43.0,2.121,0.76,earthquake,"232 km NNE of Bamboo Flat, India",0.059,6.0,5.8
us70006dps,2019-11-27 10:07:13.425000+00:00,2020-02-19T18:58:11.040Z,14.2308,93.0511,10.0,4.5,mb,,12.0,76.0,2.577,0.57,earthquake,"282 km N of Bamboo Flat, India",0.157,7.4,1.9
us70006diu,2019-11-27 00:18:32.422000+00:00,2020-02-19T18:58:09.040Z,28.1658,87.8728,64.65,4.4,mb,,52.0,105.0,0.96,0.58,earthquake,"96 km NW of Mangan, India",0.075,3.0,6.5
us70006d1q,2019-11-26 03:53:46.675000+00:00,2020-02-19T18:58:04.040Z,24.155,94.3136,70.19,4.5,mb,,25.0,102.0,0.075,0.7,earthquake,"50 km SE of Kakching, India",0.108,5.6,3.5
us70006ejk,2019-11-24 15:40:22.160000+00:00,2020-02-14T22:02:29.040Z,5.6834,91.8204,10.0,4.5,mb,,12.0,180.0,7.681,0.4,earthquake,off the west coast of northern Sumatra,0.205,9.0,1.9
us70006b0f,2019-11-21 14:11:09.692000+00:00,2020-02-14T22:02:09.040Z,26.145,91.1372,48.16,4.3,mb,,13.0,163.0,0.866,0.34,earthquake,"23 km SSE of Barpeta, India",0.147,11.9,9.0
us70006aek,2019-11-20 14:06:55.919000+00:00,2020-02-14T22:02:06.040Z,10.9867,95.1124,10.0,4.6,mb,,25.0,124.0,2.416,0.49,earthquake,"269 km ESE of Port Blair, India",0.109,5.5,1.9
us70006d8k,2019-11-18 13:31:08.384000+00:00,2020-07-10T17:55:11.612Z,23.5799,70.4585,10.0,4.6,mb,,19.0,109.0,10.332,0.68,earthquake,"19 km W of R?par, India",0.125,9.5,1.7
us7000699n,2019-11-17 23:05:55.674000+00:00,2025-12-22T18:21:57.285Z,11.2863,92.9571,53.39,5.1,mb,,124.0,85.0,0.422,0.95,earthquake,"47 km SSE of Port Blair, India",0.051,6.8,5.5
us60006b1v,2019-11-13 13:10:54.879000+00:00,2020-10-10T18:03:57.799Z,26.1728,93.3051,51.25,4.7,mb,,35.0,70.0,1.438,0.65,earthquake,"38 km NNW of Diphu, India",0.093,5.6,7.5
us60006ag4,2019-11-12 02:00:26.426000+00:00,2020-02-07T20:20:14.040Z,30.0659,80.2927,10.0,4.3,mb,,22.0,94.0,6.082,0.51,earthquake,"32 km NW of Dh?rchula, India",0.113,8.7,1.9
us70005ttj,2019-10-13 05:06:33.866000+00:00,2019-12-28T20:46:01.040Z,28.1573,73.1834,14.98,4.0,mb,,8.0,146.0,5.476,0.56,earthquake,"20 km NW of B?kaner, India",0.183,6.9,6.5
us70005vkd,2019-10-12 06:50:56.055000+00:00,2019-12-28T20:46:21.040Z,13.3676,93.5713,63.94,4.4,mb,,17.0,124.0,1.883,0.58,earthquake,"206 km NNE of Bamboo Flat, India",0.13,10.5,10.0
us70005q55,2019-10-03 06:24:43.382000+00:00,2020-07-10T17:49:41.683Z,24.8695,94.1024,59.2,4.8,mb,,61.0,50.0,0.662,0.63,earthquake,"17 km ENE of Imph?l, India",0.071,5.3,7.0
us70005nfl,2019-09-29 09:02:11.934000+00:00,2019-12-20T19:03:41.040Z,10.9759,91.65,10.0,4.7,mb,,24.0,114.0,1.267,0.77,earthquake,"141 km SW of Bamboo Flat, India",0.113,3.9,1.9
us70005s0k,2019-09-26 19:32:00.160000+00:00,2019-12-20T19:04:22.040Z,10.9418,91.7174,10.0,4.2,mb,,10.0,108.0,1.231,1.35,earthquake,"137 km SW of Bamboo Flat, India",0.167,12.2,1.9
us70005lxa,2019-09-26 19:15:33.160000+00:00,2019-12-20T19:02:58.040Z,10.8407,91.6606,10.0,4.7,mb,,44.0,80.0,1.336,0.95,earthquake,"149 km SW of Bamboo Flat, India",0.083,9.2,1.9
us60005m5l,2019-09-23 09:36:26.024000+00:00,2019-12-10T17:27:05.040Z,29.4512,95.0638,10.0,4.3,mb,,16.0,158.0,3.438,0.52,earthquake,"122 km NNE of Shi Yomi, India",0.133,12.1,1.9
us60005lwz,2019-09-22 02:31:24.605000+00:00,2019-12-10T17:27:03.040Z,24.2307,93.6361,63.66,4.4,mb,,15.0,110.0,1.581,0.66,earthquake,"11 km SSW of Chur?ch?ndpur, India",0.139,5.7,8.9
us60005mvl,2019-09-16 18:49:44.136000+00:00,2019-12-05T18:30:52.040Z,14.0514,93.5854,35.0,4.0,mb,,7.0,187.0,6.706,0.49,earthquake,"276 km NNE of Bamboo Flat, India",0.196,10.2,1.9
us60005l0t,2019-09-11 15:40:17.181000+00:00,2019-12-05T18:30:49.040Z,10.9512,91.8646,24.99,4.6,mb,,21.0,115.0,1.11,0.65,earthquake,"Andaman Islands, India region",0.128,7.8,4.8
us70005dl7,2019-09-09 06:40:33.517000+00:00,2019-11-30T19:36:37.040Z,32.9804,76.181,43.93,4.9,mb,,177.0,61.0,2.528,0.6,earthquake,"43 km E of Bhadarw?h, India",0.042,8.0,6.7
us70005dbm,2019-09-08 02:34:32.435000+00:00,2019-11-30T19:36:50.040Z,33.0736,76.1758,10.0,4.8,mb,,70.0,107.0,2.5,0.74,earthquake,"44 km ENE of Bhadarw?h, India",0.066,4.3,1.8
us70005blu,2019-09-03 19:18:39.698000+00:00,2019-11-30T19:37:27.040Z,25.0899,95.0419,88.22,4.5,mb,,24.0,66.0,1.09,0.84,earthquake,"84 km SE of Phek, India",0.11,7.1,6.5
us70005bxw,2019-08-29 11:25:11.964000+00:00,2019-11-15T17:20:00.040Z,8.3335,92.1961,10.0,4.3,mb,,8.0,200.0,3.345,1.11,earthquake,"Nicobar Islands, India region",0.189,9.6,2.0
us7000595a,2019-08-28 13:40:06.063000+00:00,2019-11-15T17:19:17.040Z,13.092,93.2507,47.93,4.9,mww,,8.0,67.0,1.511,0.69,earthquake,"164 km NNE of Bamboo Flat, India",0.11,8.6,7.4
us7000585z,2019-08-26 02:49:16.737000+00:00,2019-11-08T22:13:48.040Z,26.4642,96.1069,105.63,4.7,mb,,115.0,48.0,2.76,0.68,earthquake,"75 km WNW of Sarupathar, India",0.051,7.0,6.0
us700059q0,2019-08-23 14:54:59.945000+00:00,2019-11-08T22:13:53.040Z,8.5293,93.8713,65.3,4.2,mb,,9.0,192.0,3.299,0.38,earthquake,"Nicobar Islands, India region",0.175,4.8,9.5
us70005979,2019-08-22 11:51:45.748000+00:00,2019-11-08T22:13:52.040Z,6.8089,92.2392,10.0,4.4,mb,,10.0,145.0,7.509,0.78,earthquake,"Nicobar Islands, India region",0.17,11.3,1.9
us600057v8,2019-08-21 09:19:12.149000+00:00,2019-11-08T22:13:37.040Z,9.1171,93.5712,10.0,4.9,mb,,45.0,154.0,2.65,0.77,earthquake,"296 km SSE of Port Blair, India",0.084,4.9,1.9
us600057at,2019-08-20 01:08:53.855000+00:00,2019-11-08T22:13:35.040Z,30.4025,94.7951,10.0,4.6,mb,,83.0,95.0,5.473,0.55,earthquake,"211 km NNE of Shi Yomi, India",0.06,10.8,1.9
us600056lz,2019-08-18 06:28:34.730000+00:00,2019-11-02T15:26:13.040Z,24.0196,93.858,63.38,5.0,mb,,151.0,43.0,1.391,0.78,earthquake,"39 km SSE of Chur?ch?ndpur, India",0.046,6.2,3.8
us700058d8,2019-08-15 05:42:53.633000+00:00,2019-11-02T15:26:21.040Z,30.4473,94.8662,35.92,4.5,mb,,14.0,167.0,3.324,0.39,earthquake,"217 km NNE of Shi Yomi, India",0.144,12.2,9.8
us6000558f,2019-08-14 23:47:03.718000+00:00,2019-11-02T15:26:06.040Z,30.3683,94.8628,10.0,4.9,mb,,60.0,100.0,3.306,0.6,earthquake,"209 km NNE of Shi Yomi, India",0.072,9.6,1.9
us600054vx,2019-08-14 08:13:54.632000+00:00,2019-11-02T15:26:05.040Z,30.4829,94.83,10.0,4.9,mb,,122.0,135.0,3.301,1.2,earthquake,"220 km NNE of Shi Yomi, India",0.051,10.4,1.9
us600053vm,2019-08-12 03:32:29.358000+00:00,2019-10-29T20:34:02.040Z,30.4088,94.7964,10.0,4.8,mb,,107.0,54.0,3.258,0.85,earthquake,"212 km NNE of Shi Yomi, India",0.054,4.6,1.8
us600053vp,2019-08-12 03:06:16.223000+00:00,2019-10-29T20:34:02.040Z,30.3508,94.7872,10.0,4.3,mb,,29.0,159.0,3.239,0.7,earthquake,"205 km NNE of Shi Yomi, India",0.099,8.3,1.9
us600053pp,2019-08-11 11:08:00.620000+00:00,2019-10-29T20:33:59.040Z,30.4138,94.8662,10.0,4.6,mb,,54.0,54.0,3.318,0.66,earthquake,"214 km NNE of Shi Yomi, India",0.074,5.0,1.8
us600053la,2019-08-11 02:13:26.332000+00:00,2019-10-29T20:33:57.040Z,30.3447,94.8731,10.0,5.0,mb,,239.0,68.0,3.311,1.11,earthquake,"206 km NNE of Shi Yomi, India",0.037,8.0,1.9
us600050ru,2019-08-05 09:43:03.209000+00:00,2019-10-19T21:42:13.040Z,25.6762,96.6433,10.0,4.7,mb,,47.0,79.0,2.568,1.18,earthquake,"61 km SSW of Sarupathar, India",0.08,9.5,1.9
us600050es,2019-08-04 01:26:14.607000+00:00,2022-08-08T15:26:23.807Z,11.9126,95.0085,10.0,5.0,mb,,50.0,101.0,5.594,1.05,earthquake,"248 km E of Port Blair, India",0.08,5.3,1.8
us600052yn,2019-08-04 00:10:32.307000+00:00,2019-10-19T21:42:20.040Z,24.7977,94.315,48.6,4.0,mb,,4.0,130.0,0.565,0.72,earthquake,"30 km ENE of Yairipok, India",0.26,9.2,10.4
us600052t0,2019-08-01 00:43:18.690000+00:00,2019-10-19T21:42:17.040Z,14.1694,93.4565,10.0,4.5,mb,,26.0,82.0,6.694,0.82,earthquake,"284 km NNE of Bamboo Flat, India",0.106,8.9,1.9
us60004wwv,2019-07-29 03:33:52.069000+00:00,2019-10-11T20:12:47.040Z,32.8856,76.7183,10.0,4.4,mb,,40.0,164.0,2.989,0.93,earthquake,"45 km NW of Kyelang, India",0.085,8.6,1.8
us60004wux,2019-07-28 21:25:03.314000+00:00,2020-07-10T17:32:18.340Z,22.5443,86.4405,10.0,4.5,mb,,21.0,182.0,4.808,0.86,earthquake,"4 km NNW of Mush?bani, India",0.118,6.4,1.9
us600055sf,2019-07-24 19:33:09.919000+00:00,2022-03-10T13:24:37.915Z,19.578,72.508,10.0,4.1,mb,,13.0,158.0,12.746,1.39,earthquake,"25 km WSW of Shirgaon, India",0.145,12.5,2.0
us60004v0j,2019-07-24 19:17:11.840000+00:00,2019-10-11T20:12:27.040Z,32.7286,76.3907,10.0,4.2,mb,,6.0,169.0,2.774,0.84,earthquake,"31 km NE of Chamba, India",0.214,12.0,1.9
us60004ykk,2019-07-24 10:31:13.522000+00:00,2019-10-11T20:12:25.040Z,24.8601,95.1097,120.67,4.0,mb,,4.0,71.0,2.605,0.99,earthquake,"108 km SE of Phek, India",0.258,6.2,13.7
us60004y1s,2019-07-23 06:56:57.384000+00:00,2019-10-11T20:12:22.040Z,28.8184,95.9771,10.0,4.5,mb,,32.0,55.0,4.328,0.64,earthquake,"99 km NW of Hayuliang, India",0.096,3.6,1.9
us70004pfb,2019-07-19 22:54:24.714000+00:00,2019-10-04T16:37:23.040Z,27.7365,92.8044,10.0,4.9,mww,,9.0,23.0,2.321,0.65,earthquake,"64 km NE of Bomdila, India",0.103,5.2,1.7
us70004ns7,2019-07-19 09:52:01.986000+00:00,2019-10-04T16:37:19.040Z,27.7047,92.7236,10.0,4.7,mb,,95.0,91.0,2.266,0.67,earthquake,"57 km NNE of Bomdila, India",0.056,7.2,1.9
us70004nrn,2019-07-19 09:22:15.514000+00:00,2025-12-22T18:13:38.404Z,27.7188,92.8302,15.0,5.5,mww,,25.0,17.0,2.313,0.54,earthquake,"64 km NE of Bomdila, India",0.062,7.6,1.7
us70004me9,2019-07-17 16:55:35.141000+00:00,2019-10-04T16:37:09.040Z,11.8122,94.8487,10.0,4.9,mb,,63.0,151.0,5.666,0.6,earthquake,"229 km E of Port Blair, India",0.071,7.4,1.6
us70004jl6,2019-07-13 15:08:59.172000+00:00,2019-09-28T20:01:19.040Z,24.9048,94.6999,71.28,4.3,mb,,13.0,115.0,0.764,0.91,earthquake,"70 km ENE of Yairipok, India",0.147,8.4,9.7
us70004nv4,2019-07-09 11:40:23.909000+00:00,2019-09-28T20:01:27.040Z,8.4582,93.7163,10.0,4.6,mb,,18.0,128.0,5.823,0.62,earthquake,"Nicobar Islands, India region",0.129,3.9,1.9
us70004nuz,2019-07-09 09:26:14.233000+00:00,2019-09-28T20:01:27.040Z,8.7112,94.0263,79.63,4.6,mb,,66.0,97.0,4.513,0.73,earthquake,"Nicobar Islands, India region",0.067,9.3,7.0
us70004b9y,2019-07-05 17:08:27.085000+00:00,2019-09-26T14:30:21.040Z,9.3763,87.1121,10.0,5.0,mb,,212.0,47.0,6.678,0.72,earthquake,Bay of Bengal,0.039,7.1,1.7
us7000493b,2019-07-03 05:57:40.112000+00:00,2019-09-26T14:30:04.040Z,24.9278,94.9219,112.02,4.5,mb,,8.0,157.0,0.896,1.26,earthquake,"92 km SSE of Phek, India",0.191,4.1,7.8
us70004i8m,2019-07-02 00:08:32.929000+00:00,2019-09-26T14:31:03.040Z,27.7834,94.8947,10.0,4.4,mb,,18.0,172.0,3.502,0.98,earthquake,"26 km NE of Silapathar, India",0.127,9.2,2.0
us700048px,2019-06-23 02:35:10.239000+00:00,2019-09-11T15:19:34.040Z,9.9478,93.881,10.0,4.3,mb,,7.0,207.0,2.031,1.11,earthquake,"226 km SSE of Port Blair, India",0.201,11.5,1.9
us600044cg,2019-06-21 16:42:25.085000+00:00,2019-09-11T15:19:26.040Z,25.812,95.8922,132.99,4.2,mb,,13.0,96.0,2.137,0.97,earthquake,"101 km WSW of Sarupathar, India",0.146,10.8,10.0
us700046ng,2019-06-20 02:17:06.749000+00:00,2019-09-11T15:19:18.040Z,17.1576,73.7769,10.0,4.3,mb,,28.0,48.0,11.927,0.75,earthquake,"26 km S of Koynanagar, India",0.1,9.5,1.6
us6000424m,2019-06-17 22:19:59.453000+00:00,2019-09-06T14:25:18.040Z,12.1229,92.709,30.0,4.9,mb,,127.0,36.0,0.465,1.11,earthquake,"46 km N of Bamboo Flat, India",0.05,7.2,4.2
us70003vv0,2019-06-05 17:01:12.400000+00:00,2019-08-27T17:47:36.040Z,24.537,72.7357,10.0,4.0,mb,,22.0,112.0,9.093,0.84,earthquake,"6 km SSE of ?bu, India",0.111,5.4,2.0
us70003v97,2019-06-04 13:27:33.983000+00:00,2019-08-27T17:47:28.040Z,25.0414,94.8689,65.32,4.6,mb,,113.0,62.0,0.959,0.87,earthquake,"78 km SSE of Phek, India",0.051,7.7,7.9
us60003sb2,2019-05-26 05:09:10.629000+00:00,2020-07-10T17:28:32.242Z,23.2123,86.8925,10.0,4.7,mb,,69.0,99.0,6.208,0.66,earthquake,"18 km W of B?nkura, India",0.066,6.5,1.9
us60003s9g,2019-05-26 02:19:45.642000+00:00,2019-08-13T14:30:37.040Z,8.8566,93.7306,10.0,4.6,mb,,37.0,70.0,5.81,1.31,earthquake,"Nicobar Islands, India region",0.09,8.9,1.8
us70003tt2,2019-05-25 14:33:23.381000+00:00,2019-08-13T14:30:50.040Z,8.5841,93.4888,9.85,4.4,mb,,18.0,173.0,4.785,0.68,earthquake,"Nicobar Islands, India region",0.127,13.4,5.3
us70003ts3,2019-05-24 23:19:53.388000+00:00,2019-08-13T14:30:50.040Z,10.8163,91.6187,10.0,4.7,mb,,22.0,99.0,7.657,0.51,earthquake,"154 km SW of Bamboo Flat, India",0.117,10.8,1.9
us60003rwt,2019-05-24 21:23:34.749000+00:00,2025-12-22T18:09:58.167Z,13.8733,92.9509,10.0,5.0,mb,,212.0,36.0,7.235,0.77,earthquake,"241 km N of Bamboo Flat, India",0.039,7.2,1.8
us70003trx,2019-05-24 20:44:35.249000+00:00,2019-08-13T14:30:50.040Z,10.6433,91.4323,10.0,4.2,mb,,21.0,119.0,7.665,0.93,earthquake,"182 km SW of Bamboo Flat, India",0.124,7.2,1.9
us60003qkr,2019-05-22 12:55:53.738000+00:00,2019-08-13T14:30:29.040Z,25.0456,95.2138,95.78,4.4,mb,,33.0,94.0,1.162,0.53,earthquake,"99 km SE of Phek, India",0.093,8.7,8.1
us60003qg7,2019-05-22 00:39:34.963000+00:00,2025-12-22T18:14:41.284Z,13.8921,92.9916,29.0,5.6,mww,,41.0,21.0,7.195,1.05,earthquake,"244 km N of Bamboo Flat, India",0.048,7.3,1.8
us70003hv8,2019-05-07 08:24:12.464000+00:00,2019-08-01T17:15:03.040Z,10.737,93.5702,77.47,4.6,mb,,43.0,94.0,1.221,0.95,earthquake,"136 km SE of Port Blair, India",0.083,9.1,6.0
us70003lln,2019-05-06 14:53:18.268000+00:00,2019-07-25T18:54:26.040Z,12.5345,93.2991,86.56,4.4,mb,,11.0,109.0,1.028,0.67,earthquake,"111 km NE of Bamboo Flat, India",0.162,12.3,10.0
us70003gm1,2019-05-04 11:04:01.133000+00:00,2025-12-22T18:09:06.546Z,26.2288,95.7216,85.93,5.2,mww,,24.0,16.0,2.37,0.94,earthquake,"86 km SE of Mon, India",0.063,7.3,4.7
us70003cvu,2019-04-27 06:27:02.999000+00:00,2019-07-13T18:42:42.040Z,26.4403,93.0258,43.81,4.6,mb,,52.0,63.0,1.365,0.71,earthquake,"31 km SE of Tezpur, India",0.076,6.8,4.8
us70003c3k,2019-04-25 18:50:52.865000+00:00,2019-07-13T18:42:39.040Z,10.9578,91.7043,10.0,4.2,mb,,14.0,223.0,1.233,1.0,earthquake,"137 km SW of Bamboo Flat, India",0.141,11.5,2.0
us70003axc,2019-04-23 20:15:50.777000+00:00,2025-12-22T17:54:15.702Z,28.4073,94.5605,14.0,5.9,mww,,25.0,20.0,3.271,0.85,earthquake,"22 km SE of Shi Yomi, India",0.062,7.0,1.8
us70003ft8,2019-04-23 14:14:41.025000+00:00,2019-07-13T18:42:53.040Z,10.2311,92.3966,10.0,4.5,mb,,7.0,183.0,1.456,0.91,earthquake,"Andaman Islands, India region",0.271,12.7,1.9
us70003bdi,2019-04-15 13:33:49.328000+00:00,2019-06-20T19:03:43.040Z,12.4345,93.5064,105.87,4.2,mb,,7.0,106.0,1.075,0.69,earthquake,"118 km NE of Bamboo Flat, India",0.215,9.5,10.3
us700035l2,2019-04-13 23:02:50.523000+00:00,2019-06-20T19:03:32.040Z,14.069,93.1441,10.0,4.5,mb,,35.0,56.0,2.43,0.46,earthquake,"266 km N of Bamboo Flat, India",0.092,8.0,1.9
us700034xc,2019-04-12 11:23:00.001000+00:00,2019-06-20T19:03:23.040Z,11.8466,92.8676,48.25,4.7,mb,,131.0,59.0,0.225,0.88,earthquake,"23 km NE of Bamboo Flat, India",0.048,6.3,4.6
us700038jr,2019-04-12 01:56:59.713000+00:00,2019-06-20T19:03:19.040Z,10.5622,93.7769,10.0,4.2,mb,,8.0,163.0,1.486,1.1,earthquake,"166 km SE of Port Blair, India",0.216,9.3,1.9
us700037nj,2019-04-09 21:53:42.524000+00:00,2019-06-20T19:03:09.040Z,7.5335,94.3612,10.0,4.3,mb,,17.0,102.0,3.442,0.73,earthquake,"Nicobar Islands, India region",0.128,10.3,1.9
us2000kc24,2019-04-08 01:54:52.330000+00:00,2025-12-22T18:07:23.362Z,13.1345,95.4198,10.0,5.1,mww,,35.0,31.0,2.999,0.98,earthquake,"Andaman Islands, India region",0.052,2.8,1.8
us2000ka3r,2019-04-04 07:45:30.378000+00:00,2025-12-22T18:07:09.171Z,25.4467,94.4235,61.78,5.1,mww,,11.0,23.0,1.217,0.52,earthquake,"25 km SSW of Phek, India",0.093,6.5,6.3
us2000k7vt,2019-03-31 06:42:20.572000+00:00,2019-06-08T20:51:26.040Z,25.3484,95.5572,125.53,4.1,mb,,22.0,58.0,1.595,0.5,earthquake,"111 km ESE of Phek, India",0.112,7.0,7.1
us2000k69x,2019-03-28 03:08:13.487000+00:00,2019-06-08T20:51:18.040Z,11.1534,95.1558,10.0,5.2,mb,,221.0,35.0,5.034,0.88,earthquake,"268 km ESE of Port Blair, India",0.039,7.8,1.8
us1000jl91,2019-03-25 12:41:25.406000+00:00,2019-06-06T18:54:27.040Z,24.3186,93.5079,56.65,4.6,mb,,41.0,76.0,0.728,0.82,earthquake,"16 km W of Chur?ch?ndpur, India",0.085,6.4,5.3
us1000jkna,2019-03-23 11:34:01.596000+00:00,2022-08-08T13:07:30.312Z,13.9762,93.1001,10.0,4.9,mww,,13.0,80.0,5.854,0.61,earthquake,"255 km N of Bamboo Flat, India",0.086,4.1,1.8
us1000jkn9,2019-03-23 11:29:27.136000+00:00,2025-12-22T17:54:04.786Z,14.1145,93.0433,10.0,5.2,mww,,22.0,56.0,5.899,0.63,earthquake,"269 km N of Bamboo Flat, India",0.066,7.5,1.8
us1000jjsb,2019-03-21 14:30:52.863000+00:00,2019-06-06T18:54:10.040Z,25.6452,90.9083,10.0,4.4,mb,,30.0,160.0,0.859,0.75,earthquake,"38 km WNW of Nongstoin, India",0.098,7.0,1.9
us1000jj58,2019-03-20 10:27:35.183000+00:00,2019-06-06T18:54:04.040Z,11.9231,92.8488,56.99,4.9,mb,,89.0,90.0,0.284,0.88,earthquake,"Andaman Islands, India region",0.06,7.9,6.1
us1000jh8z,2019-03-16 23:41:28.160000+00:00,2019-06-01T21:24:20.040Z,27.4854,76.867,10.0,4.0,mb,,19.0,98.0,6.883,0.74,earthquake,"13 km W of Govindgarh, India",0.119,12.1,1.0
us1000jgxv,2019-03-16 04:13:00.548000+00:00,2019-06-01T21:24:17.040Z,7.3401,94.6742,206.47,4.1,mb,,19.0,98.0,3.082,0.77,earthquake,"Nicobar Islands, India region",0.12,7.1,7.2
us1000jkba,2019-03-14 15:17:36.774000+00:00,2019-06-01T21:24:28.040Z,26.1211,96.9489,45.71,4.3,mb,,28.0,84.0,3.05,0.62,earthquake,"16 km SE of Sarupathar, India",0.1,9.2,9.0
us1000jddw,2019-03-11 01:14:29.020000+00:00,2019-05-24T21:21:29.040Z,11.8129,93.6513,115.85,4.5,mb,,37.0,83.0,0.902,1.01,earthquake,"99 km E of Port Blair, India",0.089,7.9,6.7
us1000jimq,2019-03-10 13:20:06.945000+00:00,2019-05-24T21:21:42.040Z,9.9158,92.8115,35.0,4.7,mb,,16.0,125.0,1.73,1.43,earthquake,"193 km S of Port Blair, India",0.152,10.2,2.0
us1000j959,2019-03-01 05:44:26.440000+00:00,2019-05-14T18:36:14.040Z,20.2344,72.8943,10.0,4.0,mb,,19.0,162.0,13.368,1.11,earthquake,"11 km WSW of Silvassa, India",0.119,9.8,1.8
us2000jmh9,2019-02-24 17:12:11.420000+00:00,2019-05-11T17:40:50.040Z,10.2536,93.7785,10.0,4.3,mb,,17.0,175.0,5.977,1.14,earthquake,"192 km SE of Port Blair, India",0.129,4.3,1.9
us2000jkem,2019-02-20 02:29:34.520000+00:00,2019-05-11T17:40:41.040Z,29.3387,77.3166,10.0,4.0,mb,,4.0,198.0,5.515,0.61,earthquake,"4 km ENE of K?ndhla, India",0.26,12.9,2.0
us2000jjcb,2019-02-17 22:53:30.280000+00:00,2019-05-01T22:01:00.040Z,33.4367,76.7294,23.88,4.5,mb,,29.0,83.0,2.898,0.74,earthquake,"14 km WSW of Padam, India",0.1,7.9,5.9
us2000jj1j,2019-02-17 02:58:32.530000+00:00,2022-08-08T12:20:27.762Z,22.4139,92.8472,10.0,4.8,mb,,82.0,39.0,0.731,1.16,earthquake,"16 km WSW of Saiha, India",0.062,5.8,1.5
us2000jnzs,2019-02-15 22:11:33.610000+00:00,2019-05-01T22:01:12.040Z,25.5862,95.6268,48.48,4.1,mb,,5.0,188.0,1.809,1.0,earthquake,"110 km SE of Tuensang, India",0.233,10.8,19.3
us2000jgu3,2019-02-12 20:21:21.610000+00:00,2019-05-01T22:00:36.040Z,13.4538,91.7532,10.0,4.4,mb,,32.0,82.0,2.032,0.66,earthquake,"220 km NNW of Bamboo Flat, India",0.1,4.3,1.9
us2000jghn,2019-02-12 01:32:27.310000+00:00,2019-05-01T22:00:34.040Z,14.3974,85.73,10.0,4.9,mb,,68.0,78.0,7.358,0.83,earthquake,Bay of Bengal,0.068,5.4,1.6
us2000jfur,2019-02-10 03:22:05.370000+00:00,2025-12-22T18:03:11.879Z,27.3345,96.3645,10.0,5.0,mww,,20.0,35.0,3.608,1.25,earthquake,"68 km SSE of Tezu, India",0.069,7.4,1.8
us2000jenq,2019-02-07 08:49:37.010000+00:00,2019-04-25T15:31:49.040Z,26.0047,96.8478,10.0,4.3,mb,,22.0,72.0,2.907,0.74,earthquake,"22 km S of Sarupathar, India",0.114,9.0,1.9
us2000jdur,2019-02-05 21:11:27.890000+00:00,2019-04-25T15:31:44.040Z,35.0109,74.2087,10.0,4.0,mb,,16.0,89.0,1.564,1.35,earthquake,"76 km NNW of Bandipura, India",0.129,7.0,1.9
us2000jdp4,2019-02-05 16:47:06.750000+00:00,2025-12-22T18:02:45.781Z,35.103,74.1694,20.67,5.2,mww,,28.0,19.0,1.629,0.85,earthquake,"87 km NNW of Bandipura, India",0.059,6.6,3.6
us2000jcth,2019-02-03 17:20:45.350000+00:00,2022-08-08T12:00:26.035Z,24.5236,93.8824,66.28,4.5,mb,,57.0,63.0,0.48,0.93,earthquake,"9 km S of May?ng Imph?l, India",0.072,6.4,6.1
us2000jcfu,2019-02-02 17:32:35.330000+00:00,2019-04-18T19:09:33.040Z,25.2277,95.2123,101.16,4.1,mb,,29.0,65.0,1.294,0.73,earthquake,"86 km SE of Phek, India",0.103,6.9,8.2
us2000j9j5,2019-01-27 23:45:56.850000+00:00,2022-08-08T11:52:31.010Z,24.4032,94.0239,65.34,4.7,mb,,52.0,69.0,0.305,0.81,earthquake,"11 km SSE of Kakching, India",0.076,7.4,5.7
us2000j9cu,2019-01-27 04:49:20.490000+00:00,2019-04-12T17:15:39.040Z,24.8046,94.3026,67.97,4.7,mb,,21.0,142.0,0.572,1.1,earthquake,"29 km ENE of Yairipok, India",0.12,4.0,7.0
us2000j8v7,2019-01-25 17:07:08.510000+00:00,2022-08-08T11:49:40.691Z,24.3098,93.8919,55.87,4.6,mb,,76.0,44.0,0.381,1.02,earthquake,"22 km E of Chur?ch?ndpur, India",0.063,5.2,5.4
us2000j5qx,2019-01-18 13:19:39.040000+00:00,2019-04-05T21:41:00.040Z,14.0245,92.9974,10.0,4.5,mb,,27.0,72.0,2.367,0.69,earthquake,"258 km N of Bamboo Flat, India",0.104,7.5,1.9
us2000j8vw,2019-01-11 14:46:33.830000+00:00,2019-04-02T20:53:34.040Z,13.0839,91.6733,10.0,4.4,mb,,14.0,97.0,1.763,0.88,earthquake,"190 km NW of Bamboo Flat, India",0.143,5.2,1.9
us2000j2bz,2019-01-10 02:52:04.640000+00:00,2019-04-02T20:51:50.040Z,34.3645,78.2373,34.51,4.6,mb,,23.0,86.0,4.188,0.65,earthquake,"64 km ENE of Leh, India",0.114,8.2,5.1
us2000j0y0,2019-01-06 23:10:42.200000+00:00,2019-03-08T17:50:18.040Z,34.2031,78.0505,10.0,4.3,mb,,11.0,148.0,6.159,1.14,earthquake,"43 km E of Leh, India",0.16,10.4,2.0
us2000j01m,2019-01-03 14:03:44.980000+00:00,2019-03-08T17:50:14.040Z,11.7558,93.3604,111.1,4.5,mb,,34.0,94.0,6.195,1.04,earthquake,"67 km E of Port Blair, India",0.093,10.2,8.6
us2000j5n9,2018-12-31 16:45:36.650000+00:00,2019-03-05T17:46:41.040Z,6.8343,92.6086,10.0,4.6,mb,,12.0,135.0,4.6,1.41,earthquake,"Nicobar Islands, India region",0.206,5.8,1.9
us2000iy4l,2018-12-27 16:46:09.310000+00:00,2019-03-05T17:46:36.040Z,12.8155,93.5007,75.11,4.4,mb,,18.0,111.0,1.369,0.86,earthquake,"150 km NE of Bamboo Flat, India",0.139,8.0,8.5
us2000j3sq,2018-12-26 14:36:21.170000+00:00,2019-03-05T17:46:34.040Z,8.0837,93.6636,88.19,4.3,mb,,19.0,180.0,3.663,0.6,earthquake,"Nicobar Islands, India region",0.122,11.8,9.3
us2000iwsy,2018-12-23 20:32:19.670000+00:00,2022-08-08T10:55:49.554Z,26.4496,96.6002,115.7,4.7,mb,,91.0,32.0,3.035,1.36,earthquake,"34 km NW of Sarupathar, India",0.058,7.7,7.9
us2000iwn3,2018-12-23 11:21:00.090000+00:00,2019-02-23T20:22:39.040Z,27.4151,96.382,10.0,4.3,mb,,35.0,110.0,3.685,0.7,earthquake,"60 km SSE of Tezu, India",0.09,9.6,1.9
us2000it3d,2018-12-13 00:50:26.380000+00:00,2019-02-16T22:29:06.040Z,8.6753,94.6116,117.35,4.6,mb,,35.0,109.0,4.135,0.76,earthquake,"Nicobar Islands, India region",0.092,8.7,5.7
us1000i4ai,2018-12-04 09:44:47.480000+00:00,2019-02-16T19:52:18.040Z,24.5152,94.8152,10.0,4.5,mb,,25.0,72.0,2.172,0.74,earthquake,"76 km E of W?ngjing, India",0.108,5.7,1.9
us1000hznd,2018-12-01 15:07:26.550000+00:00,2022-05-03T19:40:33.569Z,28.0036,92.6174,10.0,4.8,mb,,60.0,75.0,2.139,1.31,earthquake,"83 km NE of Tawang, India",0.072,4.4,1.9
us1000hxdh,2018-11-28 10:17:06.970000+00:00,2022-08-08T10:19:18.314Z,27.1986,96.9185,11.0,5.4,mww,,29.0,18.0,3.783,0.83,earthquake,"103 km SSE of Hayuliang, India",0.058,7.1,1.7
us1000hw7r,2018-11-24 21:03:22.310000+00:00,2019-02-02T20:02:29.040Z,27.3188,97.1847,10.0,4.3,mb,,20.0,118.0,4.027,0.78,earthquake,"104 km SE of Hayuliang, India",0.119,7.0,1.9
us1000hqbh,2018-11-10 17:15:46.730000+00:00,2022-05-03T19:38:44.891Z,23.9724,93.3925,52.39,5.2,mww,,16.0,60.0,0.868,0.7,earthquake,"47 km E of Darlawn, India",0.078,2.5,5.2
us2000i7rq,2018-11-06 22:50:42.150000+00:00,2019-01-21T16:42:55.040Z,24.3823,94.3399,64.34,4.2,mb,,18.0,101.0,0.156,0.67,earthquake,"36 km SE of W?ngjing, India",0.124,8.4,4.8
us1000hpqv,2018-11-02 10:31:55.700000+00:00,2019-01-21T14:29:43.040Z,29.964,95.158,10.0,4.3,mb,,25.0,82.0,3.512,0.86,earthquake,"176 km NNE of Shi Yomi, India",0.107,10.0,1.9
us2000i61q,2018-10-29 16:02:48.200000+00:00,2019-01-21T14:29:38.040Z,34.0313,77.9427,10.0,4.1,mb,,4.0,140.0,3.908,0.61,earthquake,"36 km ESE of Leh, India",0.521,8.4,2.0
us2000i61m,2018-10-29 14:56:47.190000+00:00,2019-01-21T14:29:38.040Z,34.3492,78.1903,10.0,4.5,mb,,16.0,135.0,4.147,0.63,earthquake,"59 km ENE of Leh, India",0.15,8.7,1.9
us1000hij3,2018-10-29 14:43:35.790000+00:00,2022-05-03T20:01:12.652Z,34.2342,78.1243,10.0,4.9,mww,,14.0,42.0,4.078,0.77,earthquake,"50 km E of Leh, India",0.083,6.6,1.7
us1000hie4,2018-10-29 06:27:55.360000+00:00,2019-01-21T14:29:37.040Z,34.2929,78.0838,10.0,4.6,mb,,18.0,117.0,4.052,0.74,earthquake,"48 km ENE of Leh, India",0.129,7.8,1.9
us1000hi90,2018-10-28 16:53:43.460000+00:00,2019-01-10T17:18:41.040Z,8.791,93.8375,10.0,4.8,mb,,31.0,157.0,3.043,0.65,earthquake,"Nicobar Islands, India region",0.1,9.4,1.9
us1000hhrq,2018-10-26 20:49:52.280000+00:00,2019-01-10T17:18:39.040Z,24.6818,95.1058,120.42,4.3,mb,,29.0,65.0,0.861,1.08,earthquake,"105 km E of W?ngjing, India",0.105,7.2,6.3
us1000he10,2018-10-18 17:49:30.040000+00:00,2018-12-21T22:27:04.040Z,6.7461,92.505,10.0,4.4,mb,,31.0,134.0,4.668,0.58,earthquake,"Nicobar Islands, India region",0.096,9.8,1.9
us1000h62y,2018-10-03 04:09:41.220000+00:00,2018-12-14T20:32:40.040Z,9.3012,93.8022,54.7,4.6,mb,,33.0,84.0,2.56,0.91,earthquake,"285 km SSE of Port Blair, India",0.095,9.2,7.7
us1000h4z5,2018-10-01 13:24:44.800000+00:00,2018-12-14T20:32:38.040Z,12.9046,92.2347,25.65,5.1,mb,,106.0,77.0,1.337,0.88,earthquake,"143 km NNW of Bamboo Flat, India",0.055,6.7,3.9
us1000h7k5,2018-09-30 19:27:00.740000+00:00,2018-12-01T16:44:47.040Z,8.6511,93.5079,10.0,4.3,mb,,5.0,176.0,3.079,0.98,earthquake,"Nicobar Islands, India region",0.237,10.2,1.9
us1000h7h5,2018-09-29 08:18:00.730000+00:00,2018-12-01T16:44:36.040Z,10.4733,91.652,10.0,4.1,mb,,11.0,125.0,1.59,0.78,earthquake,"178 km SW of Port Blair, India",0.157,4.8,1.9
us1000h3gn,2018-09-27 21:13:19.900000+00:00,2022-05-03T19:32:00.059Z,34.2169,80.6903,10.0,5.0,mww,,8.0,29.0,6.194,0.66,earthquake,"286 km E of Leh, India",0.11,6.9,1.8
us1000h6dw,2018-09-27 13:35:47.410000+00:00,2018-12-01T16:44:01.040Z,25.777,95.0062,80.14,4.2,mb,,4.0,116.0,1.668,0.65,earthquake,"52 km ENE of Phek, India",0.264,11.3,5.4
us1000h54v,2018-09-25 20:51:04.790000+00:00,2018-12-01T16:43:50.040Z,24.2458,93.913,57.72,4.2,mb,,6.0,112.0,0.353,0.55,earthquake,"26 km ESE of Chur?ch?ndpur, India",0.215,5.9,5.7
us2000hjlb,2018-09-25 03:47:30.020000+00:00,2022-08-08T08:35:27.325Z,26.0547,90.8859,10.0,4.4,mb,,21.0,89.0,1.0,0.74,earthquake,"29 km ESE of Go?lp?ra, India",0.117,4.8,1.9
us2000hd8v,2018-09-12 04:50:46.570000+00:00,2022-05-03T19:29:55.826Z,26.3711,90.1611,10.0,5.3,mww,,16.0,18.0,1.723,0.64,earthquake,"5 km NE of Sapatgr?m, India",0.078,6.3,1.7
us2000hckv,2018-09-11 12:05:41.830000+00:00,2018-11-21T18:19:09.040Z,33.6364,76.2087,35.0,4.4,mb,,40.0,95.0,2.452,0.95,earthquake,"54 km NE of Kishtw?r, India",0.085,9.5,2.0
us2000hgq4,2018-09-09 11:07:02.910000+00:00,2020-07-10T17:18:09.647Z,28.6531,76.8101,10.0,4.6,mb,,9.0,95.0,8.843,1.05,earthquake,"13 km WSW of Bah?durgarh, India",0.182,6.5,1.9
us2000h6kw,2018-09-01 19:19:46.550000+00:00,2018-11-07T18:37:08.040Z,24.7558,95.3651,149.33,4.6,mb,,85.0,43.0,1.102,0.64,earthquake,"132 km E of W?ngjing, India",0.059,7.0,5.4
us2000h6kg,2018-09-01 18:09:55.250000+00:00,2022-08-08T07:46:06.472Z,23.4903,82.446,10.0,4.7,mb,,81.0,78.0,9.928,0.97,earthquake,"27 km NNW of Baikunthpur, India",0.061,9.2,1.9
us1000gj5k,2018-08-28 13:03:27.670000+00:00,2020-07-10T15:55:29.511Z,22.6926,87.7938,10.0,4.5,mb,,15.0,93.0,4.685,0.6,earthquake,"6 km ENE of Gh?t?l, India",0.139,9.1,1.9
us1000ggpn,2018-08-24 12:18:07.220000+00:00,2018-11-01T17:50:57.040Z,10.7028,91.5787,10.0,4.6,mb,,39.0,116.0,1.484,1.02,earthquake,"166 km SW of Bamboo Flat, India",0.087,7.0,1.9
us2000h63y,2018-08-24 11:29:32.600000+00:00,2018-11-01T17:51:04.040Z,10.9995,91.5782,10.0,4.4,mb,,21.0,114.0,1.316,1.2,earthquake,"146 km WSW of Bamboo Flat, India",0.117,7.0,1.9
us1000ggp5,2018-08-24 10:49:27.510000+00:00,2022-08-08T07:26:10.819Z,10.5407,91.7115,10.0,5.5,mb,,337.0,29.0,1.501,0.95,earthquake,"168 km SW of Port Blair, India",0.032,6.7,1.7
us1000gc6g,2018-08-18 12:03:49.520000+00:00,2018-10-27T16:22:06.040Z,24.6758,94.7739,85.0,4.5,mb,,21.0,141.0,0.619,1.23,earthquake,"72 km E of W?ngjing, India",0.118,9.6,8.0
us1000gaay,2018-08-16 08:12:03.180000+00:00,2018-10-27T16:22:04.040Z,6.7561,92.593,21.5,4.9,mb,,44.0,134.0,4.588,0.98,earthquake,"Nicobar Islands, India region",0.085,9.6,5.8
us1000g835,2018-08-13 16:07:11.430000+00:00,2018-10-27T16:22:02.040Z,14.0665,93.2233,30.48,4.9,mb,,37.0,114.0,2.441,0.74,earthquake,"267 km NNE of Bamboo Flat, India",0.092,8.4,6.2
us1000g3zs,2018-08-06 04:35:50.040000+00:00,2025-12-22T18:28:33.136Z,7.4174,91.7686,26.49,5.0,mb,,108.0,127.0,4.319,0.69,earthquake,"Nicobar Islands, India region",0.055,7.9,4.3
us2000gfr0,2018-07-28 00:49:16.440000+00:00,2018-10-09T16:43:30.040Z,24.9529,95.2068,143.19,4.0,mb,,4.0,86.0,1.095,1.09,earthquake,"106 km SE of Phek, India",0.259,11.8,9.9
us2000gaw5,2018-07-21 19:37:46.500000+00:00,2018-10-04T14:15:30.040Z,34.3623,73.9968,43.84,4.2,mb,,16.0,97.0,0.932,0.79,earthquake,"31 km N of Uri, India",0.131,5.9,6.9
us2000gakd,2018-07-21 09:19:36.900000+00:00,2019-02-05T17:23:58.085Z,34.2911,74.0789,40.06,4.5,mb,,46.0,108.0,0.928,0.81,earthquake,"23 km N of Uri, India",0.08,7.2,8.4
us2000g728,2018-07-17 14:42:22.060000+00:00,2018-10-04T14:15:22.040Z,10.9238,91.8114,10.0,4.6,mb,,39.0,127.0,1.168,0.52,earthquake,"130 km SW of Bamboo Flat, India",0.087,8.1,1.9
us2000g465,2018-07-10 07:36:30.940000+00:00,2018-10-02T16:40:38.040Z,12.9343,93.4058,79.64,4.5,mb,,10.0,102.0,1.425,1.15,earthquake,"155 km NNE of Bamboo Flat, India",0.171,11.9,12.2
us2000g1dj,2018-07-04 17:54:56.190000+00:00,2018-09-27T14:03:46.040Z,11.3442,93.0558,97.52,4.0,mb,,5.0,116.0,0.435,0.82,earthquake,"49 km SE of Port Blair, India",0.231,12.4,4.8
us2000fwle,2018-07-04 07:12:49.940000+00:00,2022-08-08T05:38:42.792Z,13.1648,92.4982,27.4,4.8,mww,,10.0,62.0,1.519,0.9,earthquake,"163 km N of Bamboo Flat, India",0.098,7.0,4.4
us2000g18z,2018-07-03 23:55:23.540000+00:00,2018-09-27T14:03:46.040Z,13.276,93.5947,74.65,4.4,mb,,24.0,97.0,1.812,1.06,earthquake,"198 km NNE of Bamboo Flat, India",0.11,8.8,8.6
us2000fsyl,2018-07-01 10:07:02.900000+00:00,2020-07-10T17:12:12.662Z,29.0928,76.9296,10.0,4.5,mb,,17.0,150.0,5.517,1.03,earthquake,"13 km NW of Son?pat, India",0.131,11.9,1.9
us2000fx10,2018-06-28 19:03:21.900000+00:00,2018-09-21T16:25:46.040Z,14.0705,92.8391,27.05,4.4,mb,,31.0,126.0,2.402,0.49,earthquake,"262 km N of Bamboo Flat, India",0.096,10.7,5.9
us1000ex34,2018-06-21 03:31:23.360000+00:00,2018-09-19T15:15:51.040Z,23.927,93.8741,59.13,4.6,mb,,31.0,70.0,0.492,0.63,earthquake,"49 km SSE of Chur?ch?ndpur, India",0.098,7.0,7.3
us1000f229,2018-06-20 19:04:15.790000+00:00,2018-09-19T15:15:59.040Z,10.1921,93.0909,70.72,4.5,mb,,47.0,141.0,1.493,0.69,earthquake,"167 km SSE of Port Blair, India",0.079,11.3,8.5
us1000ew9i,2018-06-20 07:44:26.920000+00:00,2022-08-08T05:04:04.824Z,24.6071,94.3727,67.38,4.5,mb,,30.0,95.0,0.381,0.79,earthquake,"31 km E of W?ngjing, India",0.099,4.5,6.4
us1000etxu,2018-06-17 15:07:37.130000+00:00,2018-09-07T17:47:08.040Z,27.4201,88.4739,49.76,4.4,mb,,57.0,126.0,1.568,0.65,earthquake,"11 km SSW of Mangan, India",0.071,4.9,7.4
us1000erd6,2018-06-14 10:15:49.470000+00:00,2018-09-07T17:47:03.040Z,32.5602,76.3615,10.0,4.5,mb,,37.0,154.0,2.814,1.24,earthquake,"22 km E of Chamba, India",0.089,7.1,1.9
us1000ewlh,2018-06-14 00:42:07.560000+00:00,2018-09-07T17:47:09.040Z,30.8612,78.2815,10.0,4.4,mb,,20.0,166.0,5.075,0.76,earthquake,"9 km NE of Barkot, India",0.12,4.9,1.9
us1000erl8,2018-06-12 13:08:45.390000+00:00,2018-09-07T17:47:03.040Z,26.3289,96.4714,116.86,4.2,mb,,28.0,75.0,2.869,0.67,earthquake,"36 km WNW of Sarupathar, India",0.099,10.2,9.2
us1000en44,2018-06-11 04:53:50.390000+00:00,2022-05-03T19:16:40.235Z,26.3263,92.6686,47.34,4.9,mb,,131.0,36.0,1.052,0.8,earthquake,"18 km NE of Rah?, India",0.049,7.1,6.6
us1000emwz,2018-06-10 22:38:27.380000+00:00,2018-08-29T16:36:51.040Z,13.5505,92.9769,22.79,4.5,mb,,22.0,106.0,1.897,0.77,earthquake,"206 km N of Bamboo Flat, India",0.115,10.4,6.2
us1000ek9l,2018-06-07 06:51:17.700000+00:00,2018-08-29T16:35:03.040Z,34.2276,78.0514,10.0,4.4,mb,,47.0,98.0,4.017,0.54,earthquake,"43 km E of Leh, India",0.079,7.8,1.9
us1000ejt1,2018-06-06 17:41:24.020000+00:00,2018-08-29T16:34:38.040Z,30.7553,78.9228,10.0,4.5,mb,,44.0,151.0,5.594,1.19,earthquake,"45 km E of Uttark?shi, India",0.081,10.2,1.9
us1000ej24,2018-06-05 16:33:54.700000+00:00,2018-08-29T16:34:11.040Z,24.5969,95.1002,110.91,4.8,mb,,190.0,25.0,0.815,1.02,earthquake,"104 km E of W?ngjing, India",0.04,6.6,2.2
us1000ehai,2018-06-02 05:46:07.210000+00:00,2022-05-03T19:15:02.911Z,27.1823,96.9851,38.89,4.9,mww,,9.0,26.0,3.809,0.66,earthquake,"107 km SSE of Hayuliang, India",0.103,7.2,5.2
us1000ed54,2018-05-28 02:00:00.470000+00:00,2018-08-28T16:27:27.040Z,9.5212,93.4269,88.88,5.2,mb,,178.0,39.0,2.224,0.98,earthquake,"248 km SSE of Port Blair, India",0.043,7.6,3.7
us1000eek9,2018-05-25 20:25:46.260000+00:00,2018-08-21T21:23:55.040Z,26.3926,93.5059,49.17,4.0,mb,,19.0,61.0,1.697,1.07,earthquake,"29 km SSW of Bok?kh?t, India",0.122,7.7,8.5
us1000ec8d,2018-05-25 17:41:54.090000+00:00,2018-08-21T21:23:52.040Z,10.8902,93.6517,140.2,4.7,mb,,65.0,103.0,1.171,0.86,earthquake,"130 km SE of Port Blair, India",0.068,9.6,7.4
us1000eek1,2018-05-25 12:43:55.610000+00:00,2018-08-21T21:23:55.040Z,26.4604,94.3715,59.43,4.4,mb,,20.0,86.0,2.222,1.2,earthquake,"20 km NW of Mokokch?ng, India",0.12,8.1,6.5
us1000e99b,2018-05-21 10:51:02.750000+00:00,2018-08-21T21:23:47.040Z,31.7412,78.4799,10.0,4.5,mb,,31.0,104.0,4.788,0.82,earthquake,"69 km ENE of Sar?han, India",0.097,5.2,1.8
us1000dz8g,2018-05-06 07:46:55.300000+00:00,2018-07-27T20:20:28.040Z,32.8791,76.1241,41.61,4.1,mb,,16.0,139.0,5.905,0.94,earthquake,"35 km N of Chamba, India",0.131,6.0,9.5
us1000dywp,2018-05-05 17:50:39.760000+00:00,2018-07-27T20:20:29.040Z,8.5569,94.0233,72.33,4.4,mb,,29.0,65.0,3.327,1.0,earthquake,"Nicobar Islands, India region",0.106,4.3,8.0
us1000dx96,2018-04-27 10:46:56.800000+00:00,2018-07-25T21:37:22.040Z,23.9282,93.854,61.81,4.4,mb,,33.0,89.0,0.506,1.02,earthquake,"48 km SSE of Chur?ch?ndpur, India",0.093,5.1,6.9
us1000dsw8,2018-04-26 18:47:36.090000+00:00,2018-07-25T21:37:06.040Z,7.2912,92.2936,10.0,4.3,mb,,41.0,117.0,4.359,0.62,earthquake,"Nicobar Islands, India region",0.083,9.8,1.9
us1000dr23,2018-04-24 01:15:43.610000+00:00,2018-07-25T21:36:14.040Z,11.0716,93.5682,97.56,4.4,mb,,19.0,159.0,0.995,0.61,earthquake,"111 km SE of Port Blair, India",0.123,7.6,8.7
us1000dqt3,2018-04-23 18:01:26.520000+00:00,2018-07-25T21:36:07.040Z,13.1779,92.3513,26.74,4.9,mb,,83.0,36.0,1.56,0.87,earthquake,"168 km NNW of Bamboo Flat, India",0.062,6.7,4.5
us1000dp3g,2018-04-20 08:28:01.480000+00:00,2018-07-17T02:05:32.040Z,25.2066,95.4783,147.11,4.3,mb,,34.0,53.0,1.447,1.0,earthquake,"110 km ESE of Phek, India",0.092,8.2,7.8
us1000dnx9,2018-04-19 22:52:37.900000+00:00,2018-07-17T02:05:32.040Z,31.2589,80.4048,29.83,4.0,mb,,15.0,163.0,6.474,0.98,earthquake,"111 km NE of Josh?math, India",0.134,6.3,8.8
us1000dpas,2018-04-16 06:07:57.040000+00:00,2018-07-17T02:05:27.040Z,6.882,92.0916,10.0,4.4,mb,,24.0,137.0,4.786,0.97,earthquake,"Nicobar Islands, India region",0.11,5.9,1.9
us2000dxj3,2018-04-10 14:14:20.670000+00:00,2020-07-10T17:11:29.041Z,24.1313,82.5522,10.0,4.6,mb,,56.0,66.0,5.403,0.86,earthquake,"14 km WSW of Singrauli, India",0.073,8.8,1.9
us2000e12q,2018-04-09 23:11:38.070000+00:00,2018-07-07T02:25:15.040Z,13.8976,92.8286,28.81,4.0,mb,,10.0,135.0,2.229,0.5,earthquake,"243 km N of Bamboo Flat, India",0.164,13.7,7.2
us1000de6e,2018-04-04 15:21:23.500000+00:00,2022-08-08T01:53:29.459Z,24.8388,95.3185,126.84,4.6,mb,,74.0,59.0,1.108,0.94,earthquake,"123 km SE of Phek, India",0.064,7.7,6.6
us1000ddqf,2018-04-03 16:59:30.030000+00:00,2018-06-30T01:11:26.040Z,29.8972,95.0012,25.59,4.1,mb,,20.0,114.0,3.372,0.41,earthquake,"163 km NNE of Shi Yomi, India",0.117,8.9,5.4
us1000dcdk,2018-04-02 11:42:10.860000+00:00,2018-06-30T01:11:24.040Z,26.4448,96.9676,10.0,4.9,mb,,72.0,64.0,3.269,0.95,earthquake,"30 km NNE of Sarupathar, India",0.066,4.9,1.9
us2000dvjw,2018-03-30 22:33:27.350000+00:00,2018-06-22T21:32:17.040Z,22.1644,92.8036,32.09,4.1,mb,,17.0,158.0,0.876,0.61,earthquake,"40 km SSW of Saiha, India",0.127,5.6,5.2
us2000dv2d,2018-03-28 23:58:28.800000+00:00,2018-06-22T21:32:13.040Z,6.4627,92.411,10.0,4.1,mb,,20.0,213.0,11.653,0.37,earthquake,"Nicobar Islands, India region",0.117,14.8,2.0
us1000dagp,2018-03-28 22:33:05.980000+00:00,2022-08-08T01:36:37.563Z,23.1716,70.4448,10.0,4.2,mb,,35.0,76.0,10.731,0.9,earthquake,"17 km SE of Bhach?u, India",0.089,9.1,1.9
us1000d7b4,2018-03-21 22:58:23.210000+00:00,2022-08-08T02:24:04.273Z,26.3137,89.9018,10.0,4.0,mb,,20.0,163.0,3.204,0.9,earthquake,"15 km SSW of Goshaingaon, India",0.116,7.7,1.6
us1000d5cv,2018-03-16 19:58:33.840000+00:00,2018-06-11T21:53:48.040Z,12.5671,93.7551,109.07,4.3,mb,,36.0,83.0,5.526,0.72,earthquake,"148 km NE of Bamboo Flat, India",0.089,10.0,4.4
us1000d7wy,2018-03-15 17:07:05.630000+00:00,2018-06-11T21:53:46.040Z,11.9132,92.2633,42.36,4.3,mb,,9.0,200.0,7.12,1.42,earthquake,"54 km WNW of Bamboo Flat, India",0.178,6.5,9.5
us1000d4p8,2018-03-15 14:53:24.170000+00:00,2022-08-08T01:14:41.708Z,33.0311,76.0989,39.8,4.5,mb,,41.0,99.0,2.448,1.21,earthquake,"36 km E of Bhadarw?h, India",0.085,4.4,9.1
us1000d4k8,2018-03-15 02:26:05.630000+00:00,2018-06-11T21:53:45.040Z,24.4242,93.5687,55.55,4.5,mb,,28.0,122.0,0.695,0.7,earthquake,"14 km NW of Chur?ch?ndpur, India",0.102,6.1,8.0
us1000d4ql,2018-03-06 03:06:51.920000+00:00,2018-06-08T05:12:10.040Z,13.9008,92.8633,29.63,4.1,mb,,16.0,190.0,7.391,1.02,earthquake,"243 km N of Bamboo Flat, India",0.131,13.7,8.5
us2000d1a1,2018-02-13 02:39:51.940000+00:00,2025-12-22T17:34:30.318Z,12.3508,93.1579,57.51,5.2,mww,,12.0,27.0,6.148,0.83,earthquake,"86 km NE of Bamboo Flat, India",0.089,7.8,4.6
us2000cp5r,2018-01-25 03:48:28.730000+00:00,2025-12-22T16:53:27.754Z,8.3429,91.8589,10.0,5.3,mb,,162.0,61.0,5.924,0.78,earthquake,"Nicobar Islands, India region",0.045,8.4,1.7
us2000cp4g,2018-01-25 01:15:58.290000+00:00,2022-08-07T23:29:43.642Z,8.2527,91.7665,10.0,5.8,mww,,34.0,22.0,5.957,0.76,earthquake,"Nicobar Islands, India region",0.053,7.6,1.7
us1000ceib,2018-01-24 11:01:46.430000+00:00,2018-04-20T07:05:17.040Z,14.6681,92.6095,10.0,4.3,mb,,6.0,151.0,2.997,0.88,earthquake,"Andaman Islands, India region",0.216,5.3,1.9
us2000clmv,2018-01-20 01:14:27.260000+00:00,2018-04-10T01:11:48.040Z,26.1323,89.8746,11.47,4.5,mb,,53.0,67.0,1.872,0.79,earthquake,"6 km ENE of Golakganj, India",0.075,6.8,4.6
us2000cl6a,2018-01-19 14:41:17.890000+00:00,2018-04-10T01:11:47.040Z,36.4289,76.9152,10.0,4.1,mb,,5.0,113.0,4.078,0.92,earthquake,"166 km N of Thang, India",0.233,9.7,2.0
us2000ckm4,2018-01-18 02:03:30.260000+00:00,2018-04-10T01:11:44.040Z,25.2304,95.0332,83.69,4.5,mb,,38.0,45.0,1.198,0.74,earthquake,"72 km SE of Phek, India",0.088,7.6,6.5
us2000cjx2,2018-01-16 11:23:02.330000+00:00,2018-04-10T01:11:42.040Z,24.5799,94.9415,101.42,4.0,mb,,15.0,64.0,0.68,1.1,earthquake,"88 km E of W?ngjing, India",0.134,7.0,8.7
us2000cjih,2018-01-14 15:48:09.590000+00:00,2018-04-03T01:40:30.040Z,12.1779,92.4336,32.95,4.7,mb,,41.0,107.0,6.873,0.72,earthquake,"61 km NNW of Bamboo Flat, India",0.086,9.3,6.2
us2000cpre,2018-01-12 07:29:48.870000+00:00,2018-04-03T01:40:27.040Z,24.9159,95.2518,128.71,4.3,mb,,11.0,51.0,1.103,0.84,earthquake,"112 km SE of Phek, India",0.16,6.0,9.1
us1000c1my,2018-01-07 06:47:15.780000+00:00,2022-08-07T22:50:54.685Z,24.7382,94.9055,33.0,5.6,mww,,33.0,17.0,0.748,0.63,earthquake,"86 km E of W?ngjing, India",0.054,6.2,1.8
us1000bz3y,2018-01-02 20:47:43.780000+00:00,2022-08-07T22:46:21.453Z,7.1265,92.1669,29.62,4.9,mb,,76.0,94.0,4.536,0.81,earthquake,"Nicobar Islands, India region",0.064,7.5,5.0
us1000bxqd,2017-12-29 16:19:14.310000+00:00,2018-03-17T01:54:38.040Z,26.6901,96.1232,76.88,4.7,mb,,83.0,55.0,2.952,0.92,earthquake,"66 km ESE of Khonsa, India",0.06,7.6,7.2
us1000bxm9,2017-12-29 11:29:37.610000+00:00,2025-12-22T16:53:03.237Z,8.4361,92.415,17.07,5.1,mww,,13.0,58.0,3.215,0.8,earthquake,"Nicobar Islands, India region",0.086,7.4,3.9
us1000bw6p,2017-12-25 23:51:21.620000+00:00,2022-08-07T22:30:20.023Z,34.2442,73.8406,10.0,4.2,mb,,8.0,67.0,0.759,0.65,earthquake,"26 km NW of Uri, India",0.187,4.7,2.0
us1000bv1g,2017-12-22 15:58:49.710000+00:00,2018-03-14T00:58:26.040Z,10.0394,93.0186,33.89,4.8,mww,,10.0,62.0,1.628,0.81,earthquake,"182 km S of Port Blair, India",0.098,7.1,4.2
us1000bt6r,2017-12-19 17:40:55.590000+00:00,2022-05-03T19:01:53.989Z,29.964,95.0865,27.66,5.1,mb,,217.0,23.0,3.45,0.67,earthquake,"173 km NNE of Shi Yomi, India",0.039,7.2,4.2
us1000bt2a,2017-12-19 13:23:32.100000+00:00,2018-03-14T00:58:22.040Z,9.7595,93.5468,15.89,4.9,mb,,57.0,49.0,2.042,0.71,earthquake,"228 km SSE of Port Blair, India",0.074,6.5,4.3
us2000c5d1,2017-12-17 06:20:41.840000+00:00,2022-08-07T22:16:15.784Z,27.6391,94.2556,15.94,4.6,mb,,40.0,113.0,2.979,0.65,earthquake,"36 km WNW of Dhem?ji, India",0.087,5.2,4.9
us2000c2v8,2017-12-11 16:49:48.970000+00:00,2018-03-06T00:49:36.040Z,11.8055,93.8373,136.55,4.6,mb,,54.0,84.0,5.755,0.99,earthquake,"119 km E of Port Blair, India",0.074,9.5,7.7
us2000c2rj,2017-12-11 03:35:13.720000+00:00,2022-08-07T22:07:12.107Z,25.725,90.8605,10.0,4.6,mb,,49.0,80.0,0.912,0.94,earthquake,"46 km WNW of Nongstoin, India",0.078,5.7,1.9
us2000c2q3,2017-12-10 22:58:55.730000+00:00,2018-03-06T00:49:35.040Z,34.3183,78.5677,35.55,4.6,mb,,36.0,80.0,4.452,0.48,earthquake,"92 km E of Leh, India",0.091,8.1,6.2
us2000c2pc,2017-12-10 21:37:05.140000+00:00,2018-03-06T00:49:35.040Z,29.9322,95.0733,24.12,4.5,mb,,36.0,72.0,3.436,0.79,earthquake,"169 km NNE of Shi Yomi, India",0.09,7.8,4.6
us2000c2cj,2017-12-09 11:02:34.040000+00:00,2018-02-28T02:32:34.040Z,25.6097,96.3486,10.0,4.4,mb,,19.0,97.0,2.312,0.89,earthquake,"80 km SW of Sarupathar, India",0.123,5.4,1.8
us2000c2cc,2017-12-09 10:43:07.020000+00:00,2018-02-28T02:32:34.040Z,33.4204,76.9149,20.3,4.7,mb,,74.0,83.0,3.054,1.0,earthquake,"5 km SSE of Padam, India",0.064,7.3,3.2
us2000c1ea,2017-12-06 23:29:03.790000+00:00,2025-12-22T17:34:08.714Z,35.7238,77.5618,74.3,5.2,mww,,13.0,30.0,4.097,0.82,earthquake,"112 km NE of Thang, India",0.086,7.1,4.3
us1000bmru,2017-12-06 15:19:49.970000+00:00,2022-05-03T19:01:49.119Z,30.6339,79.1601,10.0,5.1,mb,,199.0,50.0,5.831,0.75,earthquake,"34 km NW of P?palkoti, India",0.04,8.1,1.8
us2000c3h8,2017-12-05 15:50:58.340000+00:00,2018-02-28T02:32:27.040Z,24.5413,94.6672,80.12,4.3,mb,,34.0,90.0,0.456,0.53,earthquake,"61 km E of W?ngjing, India",0.092,10.9,7.8
us2000c3gs,2017-12-05 02:24:15.820000+00:00,2018-02-28T02:32:26.040Z,26.609,96.3627,89.32,4.2,mb,,35.0,75.0,3.015,0.77,earthquake,"63 km NW of Sarupathar, India",0.089,9.9,5.2
us1000bkfr,2017-12-02 23:43:44.930000+00:00,2018-02-20T09:06:12.040Z,27.2856,88.0806,10.0,4.2,mb,,29.0,146.0,3.604,0.77,earthquake,"17 km W of Gyalshing, India",0.098,9.5,1.9
us2000c22l,2017-12-02 19:36:18.430000+00:00,2018-02-20T09:06:12.040Z,12.1948,95.085,10.0,4.4,mb,,27.0,80.0,4.496,0.5,earthquake,"261 km ENE of Port Blair, India",0.104,9.9,1.9
us2000btfh,2017-11-23 07:13:47.230000+00:00,2018-02-14T02:01:12.040Z,29.9261,95.1799,10.0,4.7,mb,,45.0,53.0,3.529,0.74,earthquake,"173 km NNE of Shi Yomi, India",0.082,8.9,1.9
us1000bjt0,2017-11-23 02:59:45.380000+00:00,2018-02-14T02:01:11.040Z,29.8252,95.2012,10.0,4.1,mb,,12.0,78.0,3.544,0.46,earthquake,"164 km NNE of Shi Yomi, India",0.151,10.1,2.0
us2000btdi,2017-11-23 02:14:16.930000+00:00,2022-08-07T21:27:49.734Z,29.8244,95.2161,26.27,4.5,mb,,58.0,53.0,3.557,0.6,earthquake,"165 km NNE of Shi Yomi, India",0.071,8.6,5.6
us2000brb3,2017-11-19 08:52:24.170000+00:00,2018-02-14T02:01:02.040Z,29.9471,95.4494,10.0,4.1,mb,,16.0,62.0,3.763,0.51,earthquake,"188 km NE of Shi Yomi, India",0.13,5.3,2.0
us2000br5p,2017-11-18 21:24:49.880000+00:00,2018-02-06T02:45:42.040Z,29.8332,95.0334,10.0,4.4,mb,,26.0,84.0,3.398,0.99,earthquake,"158 km NNE of Shi Yomi, India",0.105,9.9,1.9
us2000buy0,2017-11-18 05:59:44.980000+00:00,2018-02-06T02:45:41.040Z,30.0082,95.0046,10.0,4.2,mb,,17.0,148.0,3.382,0.88,earthquake,"174 km NNE of Shi Yomi, India",0.128,6.3,2.0
us2000bqvi,2017-11-18 03:36:06.040000+00:00,2018-02-06T02:45:41.040Z,29.968,95.2211,10.0,4.2,mb,,16.0,129.0,3.567,0.95,earthquake,"179 km NNE of Shi Yomi, India",0.132,6.7,1.9
us2000bqva,2017-11-18 02:13:40.430000+00:00,2018-02-06T02:45:41.040Z,30.063,95.1719,10.0,4.1,mb,,14.0,129.0,3.531,1.14,earthquake,"186 km NNE of Shi Yomi, India",0.139,12.1,2.0
us2000bqtu,2017-11-18 00:32:01.910000+00:00,2022-08-07T21:21:18.996Z,29.9311,94.8843,10.0,5.1,mb,,214.0,23.0,3.273,0.73,earthquake,"163 km NNE of Shi Yomi, India",0.039,7.8,1.8
us2000bqsn,2017-11-17 22:34:19.450000+00:00,2022-05-03T20:02:37.973Z,29.8333,94.9838,8.0,6.4,mww,,52.0,13.0,3.355,0.76,earthquake,"156 km NNE of Shi Yomi, India",0.043,7.0,1.7
us2000bsyx,2017-11-13 13:41:53.790000+00:00,2018-02-06T02:45:31.040Z,9.8714,93.1863,7.29,4.3,mb,,6.0,191.0,1.825,0.63,earthquake,"204 km SSE of Port Blair, India",0.217,14.6,8.6
us2000bk8n,2017-11-08 04:50:51.960000+00:00,2022-08-07T20:57:44.126Z,24.0923,91.2855,29.51,4.9,mb,,96.0,69.0,1.446,0.76,earthquake,"28 km N of Agartala, India",0.057,4.0,4.4
us2000bhyw,2017-10-28 14:17:46.560000+00:00,2018-01-17T21:50:37.040Z,12.7959,95.4699,10.0,4.5,mb,,8.0,112.0,2.895,1.33,earthquake,"Andaman Islands, India region",0.192,8.9,2.0
us1000axdn,2017-10-27 02:37:45.580000+00:00,2018-01-17T21:50:35.040Z,31.9508,77.4341,14.96,4.1,mb,,7.0,224.0,3.895,0.74,earthquake,"30 km E of Kulu, India",0.198,8.8,6.5
us1000awth,2017-10-25 18:20:47.790000+00:00,2018-01-17T21:50:33.040Z,13.7225,92.9359,32.74,4.7,mb,,70.0,51.0,2.062,0.93,earthquake,"225 km N of Bamboo Flat, India",0.066,6.0,5.2
us1000avwb,2017-10-23 14:23:42.660000+00:00,2018-01-17T21:50:30.040Z,6.8047,92.5032,10.0,4.5,mb,,31.0,80.0,4.688,0.71,earthquake,"Nicobar Islands, India region",0.097,8.5,1.9
us1000atxi,2017-10-19 01:10:25+00:00,2018-01-11T02:22:07.040Z,33.5105,76.2599,32.12,4.6,mb,,94.0,79.0,2.501,0.95,earthquake,"50 km ENE of Kishtw?r, India",0.056,7.3,5.1
us1000aumx,2017-10-14 11:45:51.540000+00:00,2018-01-09T02:15:00.040Z,6.174,91.3087,25.96,4.4,mb,,15.0,139.0,5.688,0.62,earthquake,"Nicobar Islands, India region",0.138,13.9,6.1
us1000atp9,2017-10-10 14:42:26.530000+00:00,2018-01-09T02:14:54.040Z,13.032,93.3537,52.75,4.6,mb,,13.0,126.0,1.492,0.82,earthquake,"162 km NNE of Bamboo Flat, India",0.152,8.0,9.9
us1000ataj,2017-10-09 19:32:39.030000+00:00,2018-01-09T02:14:53.040Z,12.9368,92.4082,32.5,4.5,mb,,11.0,139.0,1.314,0.93,earthquake,"140 km NNW of Bamboo Flat, India",0.163,6.6,5.9
us1000arju,2017-10-06 20:59:02.460000+00:00,2018-01-03T01:54:48.040Z,11.0125,94.7724,38.49,4.1,mb,,8.0,154.0,2.089,1.18,earthquake,"232 km ESE of Port Blair, India",0.185,8.3,11.9
us2000b1zv,2017-10-06 14:00:31.480000+00:00,2025-12-22T17:27:05.482Z,11.9798,95.0763,10.08,5.0,mww,,21.0,89.0,2.306,0.98,earthquake,"256 km E of Port Blair, India",0.068,2.6,4.4
us2000b0gm,2017-10-03 13:48:34.400000+00:00,2018-01-03T01:54:44.040Z,25.0388,94.7337,77.48,4.5,mb,,36.0,72.0,0.897,0.86,earthquake,"73 km SSE of Phek, India",0.09,4.1,7.0
us2000az70,2017-10-02 23:31:42.640000+00:00,2018-01-03T01:54:44.040Z,12.8626,91.8995,27.25,4.7,mb,,55.0,87.0,1.456,0.99,earthquake,"156 km NW of Bamboo Flat, India",0.074,7.9,3.7
us2000axi8,2017-10-01 14:35:36.080000+00:00,2018-01-03T01:54:41.040Z,12.8898,92.3055,29.1,4.5,mb,,27.0,113.0,1.299,0.7,earthquake,"139 km NNW of Bamboo Flat, India",0.104,7.9,4.6
us2000axhf,2017-10-01 12:49:04.640000+00:00,2025-12-22T17:26:57.676Z,12.7773,91.8903,28.55,4.6,mb,,33.0,130.0,1.392,0.78,earthquake,"149 km NW of Bamboo Flat, India",0.095,8.7,4.7
us2000b22r,2017-10-01 12:18:17.300000+00:00,2018-01-03T01:54:41.040Z,28.6799,96.3197,34.7,4.0,mb,,11.0,118.0,4.653,0.8,earthquake,"70 km NNW of Hayuliang, India",0.156,8.0,5.9
us2000b0he,2017-09-25 20:27:11.320000+00:00,2017-12-22T21:56:22.040Z,13.0038,92.9286,32.08,4.2,mb,,7.0,138.0,1.352,1.01,earthquake,"146 km N of Bamboo Flat, India",0.2,12.6,8.3
us2000atf6,2017-09-23 00:14:11.480000+00:00,2022-08-07T18:20:27.830Z,34.2131,74.5944,35.0,4.6,mb,,80.0,109.0,4.078,0.61,earthquake,"5 km WSW of Sumbal, India",0.061,7.9,1.9
us2000asj3,2017-09-21 16:34:33.230000+00:00,2017-12-19T01:54:10.040Z,24.9962,94.8861,84.2,4.4,mb,,27.0,48.0,0.931,0.57,earthquake,"83 km SSE of Phek, India",0.105,6.5,6.7
us2000at5x,2017-09-17 14:48:11.340000+00:00,2017-12-19T01:54:02.040Z,12.8183,92.0967,26.18,5.0,mb,,50.0,81.0,1.317,0.62,earthquake,"140 km NNW of Bamboo Flat, India",0.08,8.4,4.6
us2000at5e,2017-09-17 10:27:11.790000+00:00,2017-12-19T01:54:01.040Z,12.7773,92.0628,33.35,4.5,mb,,17.0,164.0,1.298,0.99,earthquake,"138 km NNW of Bamboo Flat, India",0.131,9.2,4.1
us2000anza,2017-09-15 22:37:56.230000+00:00,2017-12-13T02:29:45.040Z,12.8855,91.8312,28.17,4.5,mb,,13.0,163.0,1.513,0.4,earthquake,"162 km NW of Bamboo Flat, India",0.15,10.3,5.9
us2000ak6r,2017-09-11 16:44:54.180000+00:00,2017-12-13T02:29:38.040Z,11.1912,93.763,135.46,4.4,mb,,22.0,58.0,1.1,0.83,earthquake,"122 km ESE of Port Blair, India",0.114,10.3,7.3
us2000ahj3,2017-09-07 14:32:03.630000+00:00,2022-08-07T16:42:47.259Z,25.275,90.2279,36.67,4.1,mb,,9.0,172.0,1.5,1.33,earthquake,"26 km S of Tura, India",0.175,10.6,8.8
us2000agg9,2017-09-06 00:10:55.750000+00:00,2025-12-22T17:26:06.675Z,10.2437,93.1611,83.98,5.0,mww,,12.0,43.0,1.461,0.95,earthquake,"163 km SSE of Port Blair, India",0.089,8.3,4.5
us2000arp4,2017-09-05 18:06:36.970000+00:00,2017-12-07T20:00:14.040Z,7.8519,93.2674,51.55,4.9,mb,,46.0,174.0,3.814,1.03,earthquake,"Nicobar Islands, India region",0.086,8.3,8.4
us2000aewh,2017-09-03 06:52:17.790000+00:00,2017-12-07T20:00:06.040Z,9.2814,93.1142,60.53,4.9,mb,,94.0,64.0,2.387,0.62,earthquake,"266 km S of Port Blair, India",0.058,7.7,2.9
us2000aa26,2017-08-21 01:14:35.080000+00:00,2017-11-22T03:43:26.040Z,30.4658,94.704,10.0,4.6,mb,,29.0,118.0,3.192,0.81,earthquake,"216 km N of Shi Yomi, India",0.101,11.3,1.9
us2000aa25,2017-08-21 01:12:14.320000+00:00,2017-11-22T03:43:26.040Z,30.3667,94.9281,10.0,4.9,mb,,73.0,95.0,3.361,0.77,earthquake,"210 km NNE of Shi Yomi, India",0.065,8.4,1.8
us2000abbd,2017-08-19 16:52:26.120000+00:00,2022-08-07T16:24:25.129Z,16.3657,73.3863,10.0,4.1,mb,,27.0,131.0,8.041,0.92,earthquake,"34 km NNW of M?lvan, India",0.1,14.9,2.0
us2000a90q,2017-08-17 07:38:33.100000+00:00,2022-08-07T14:57:39.710Z,25.8288,94.5263,61.1,4.6,mb,,21.0,74.0,1.605,1.12,earthquake,"15 km S of Zunheboto, India",0.119,8.3,8.9
us2000a8n7,2017-08-16 03:26:53.080000+00:00,2017-11-14T01:42:09.040Z,32.8724,76.2437,44.78,4.4,mb,,26.0,158.0,5.971,0.77,earthquake,"36 km NNE of Chamba, India",0.106,10.6,8.6
us2000a9dw,2017-08-14 07:58:29.860000+00:00,2017-11-14T01:42:07.040Z,30.3157,95.0857,10.0,4.2,mb,,20.0,83.0,5.526,1.19,earthquake,"209 km NNE of Shi Yomi, India",0.118,11.9,1.9
us2000a7lp,2017-08-12 17:10:01.370000+00:00,2022-05-03T18:35:21.638Z,30.3422,94.8528,28.2,5.0,mb,,120.0,38.0,3.293,0.57,earthquake,"206 km NNE of Shi Yomi, India",0.051,8.4,4.9
us2000a76w,2017-08-11 03:34:53.600000+00:00,2017-10-25T00:38:08.040Z,13.639,92.8043,25.23,4.5,mb,,35.0,65.0,1.972,0.85,earthquake,"214 km N of Bamboo Flat, India",0.092,7.6,5.3
us2000a7bq,2017-08-08 00:35:38.010000+00:00,2017-10-25T00:38:02.040Z,24.3109,93.5456,62.84,4.2,mb,,17.0,74.0,0.693,0.43,earthquake,"12 km WSW of Chur?ch?ndpur, India",0.128,3.5,8.8
us2000a3r9,2017-08-02 18:18:08.620000+00:00,2022-08-07T13:38:17.575Z,24.3214,93.6199,53.23,5.1,mww,,9.0,41.0,0.627,0.92,earthquake,"5 km WSW of Chur?ch?ndpur, India",0.103,6.2,5.0
us2000a1ps,2017-07-22 20:06:47.850000+00:00,2017-10-11T01:04:03.040Z,25.1098,94.8989,68.66,4.0,mb,,9.0,157.0,1.031,0.97,earthquake,"73 km SSE of Phek, India",0.173,9.7,8.0
us2000a1bp,2017-07-21 00:23:42.350000+00:00,2022-08-07T13:26:17.269Z,24.1789,92.2002,38.77,4.4,mb,,7.0,164.0,1.416,1.01,earthquake,"21 km S of Dharmanagar, India",0.203,6.1,11.3
us20009z1c,2017-07-17 20:20:25.590000+00:00,2017-10-11T01:03:51.040Z,24.8683,95.1618,122.77,4.3,mb,,11.0,152.0,1.009,1.12,earthquake,"110 km SE of Phek, India",0.161,5.9,10.2
us20009xhw,2017-07-12 22:33:37.170000+00:00,2017-10-06T23:56:16.040Z,9.8244,93.9746,10.0,4.3,mb,,10.0,186.0,2.185,0.56,earthquake,"244 km SSE of Port Blair, India",0.169,15.6,2.0
us20009xxd,2017-07-10 10:44:46.240000+00:00,2017-10-06T23:56:12.040Z,10.4269,93.8907,42.73,4.5,mb,,11.0,170.0,1.66,0.57,earthquake,"185 km SE of Port Blair, India",0.163,11.9,10.0
us100098ci,2017-07-09 07:59:49.770000+00:00,2017-10-06T23:56:10.040Z,29.0249,95.7052,19.48,4.5,mb,,37.0,74.0,4.052,0.56,earthquake,"112 km NNE of P?sigh?t, India",0.089,8.2,5.1
us100095u3,2017-07-02 05:27:45.280000+00:00,2017-10-03T00:47:44.040Z,24.3592,94.7001,83.62,4.9,mb,,64.0,45.0,0.386,0.67,earthquake,"69 km ESE of W?ngjing, India",0.07,3.9,5.1
us100095hy,2017-06-24 14:26:44.820000+00:00,2017-08-23T16:35:43.040Z,10.0742,93.5741,35.0,4.4,mb,,17.0,165.0,1.77,1.34,earthquake,"197 km SSE of Port Blair, India",0.13,15.0,2.0
us20009nhw,2017-06-18 22:35:46.460000+00:00,2017-08-23T16:35:44.040Z,24.6306,93.9674,21.47,4.6,mb,,59.0,89.0,0.501,0.63,earthquake,"3 km WSW of Thoub?l, India",0.071,6.0,5.9
us20009n6t,2017-06-16 21:43:11.230000+00:00,2017-08-18T23:13:31.040Z,29.9367,95.1768,24.75,4.2,mb,,21.0,150.0,3.526,0.58,earthquake,"174 km NNE of Shi Yomi, India",0.115,6.5,9.0
us20009mr4,2017-06-09 11:48:06.920000+00:00,2017-08-16T02:42:21.040Z,25.2784,95.1091,92.06,4.6,mb,,14.0,68.0,1.277,0.99,earthquake,"74 km SE of Phek, India",0.146,4.8,8.8
us20009lhc,2017-06-03 18:14:50.550000+00:00,2017-08-15T02:26:52.040Z,16.6688,73.576,15.46,4.3,mb,,37.0,106.0,8.351,1.29,earthquake,"6 km ENE of R?j?pur, India",0.087,8.2,5.8
us20009kft,2017-06-03 02:42:58.150000+00:00,2017-08-15T02:26:52.040Z,24.7698,95.1741,108.98,4.1,mb,,14.0,69.0,0.96,0.78,earthquake,"114 km E of W?ngjing, India",0.14,8.1,10.9
us20009j48,2017-06-01 22:55:54.880000+00:00,2020-07-10T16:43:09.412Z,28.9744,76.7797,10.0,4.7,mb,,150.0,69.0,5.545,0.76,earthquake,"16 km NW of Kharkhauda, India",0.045,8.3,1.8
us10008wqa,2017-05-30 22:24:43.880000+00:00,2017-08-15T02:26:48.040Z,10.3004,93.2343,82.18,4.4,mb,,37.0,84.0,1.43,0.88,earthquake,"160 km SSE of Port Blair, India",0.088,9.6,7.3
us10008w1v,2017-05-29 13:53:29.160000+00:00,2017-08-15T02:26:45.040Z,33.2999,75.9276,35.9,4.5,mb,,71.0,165.0,5.472,0.7,earthquake,"15 km E of Kishtw?r, India",0.064,10.0,8.5
us10008u1l,2017-05-21 17:38:11.660000+00:00,2017-08-10T01:33:57.040Z,11.5138,95.0885,20.77,4.6,mb,,21.0,117.0,2.301,1.1,earthquake,"256 km E of Port Blair, India",0.12,7.8,6.0
us10008tqh,2017-05-20 05:48:44.460000+00:00,2017-08-05T03:32:13.040Z,32.8696,76.2986,35.36,4.2,mb,,13.0,148.0,2.655,1.01,earthquake,"38 km NNE of Chamba, India",0.146,10.6,9.0
us10008tgd,2017-05-19 00:02:33.540000+00:00,2017-08-05T03:32:11.040Z,33.0204,76.1431,42.99,4.5,mb,,42.0,107.0,6.103,0.79,earthquake,"40 km E of Bhadarw?h, India",0.083,10.0,8.4
us10008t21,2017-05-17 17:45:54.770000+00:00,2017-08-05T03:32:10.040Z,12.7126,93.5971,100.98,4.6,mb,,66.0,68.0,1.341,0.67,earthquake,"147 km NE of Bamboo Flat, India",0.067,8.7,6.2
us10008udz,2017-05-16 22:13:19.060000+00:00,2017-08-05T03:32:09.040Z,27.3266,88.1714,10.0,4.2,mb,,24.0,164.0,3.739,0.62,earthquake,"9 km WNW of Gyalshing, India",0.107,5.5,1.9
us10008sqi,2017-05-16 14:04:40.080000+00:00,2017-08-05T03:32:09.040Z,11.4865,95.052,20.79,4.6,mb,,18.0,111.0,2.268,0.53,earthquake,"252 km E of Port Blair, India",0.129,8.0,3.6
us10008q57,2017-05-06 17:57:06.800000+00:00,2017-07-29T03:16:25.040Z,36.7713,73.9818,77.3,4.2,mb,,14.0,91.0,2.751,0.99,earthquake,northwestern Kashmir,0.141,6.8,6.8
us10008puy,2017-05-05 17:58:35.880000+00:00,2017-07-29T03:16:23.040Z,13.7401,92.548,19.13,5.0,mb,,129.0,68.0,2.08,0.63,earthquake,"226 km N of Bamboo Flat, India",0.05,6.9,3.8
us10008mp9,2017-05-01 18:59:31.990000+00:00,2017-07-29T03:16:13.040Z,11.7813,94.8399,28.01,4.7,mb,,58.0,71.0,2.056,0.86,earthquake,"228 km E of Port Blair, India",0.072,7.5,4.9
us10008ptb,2017-05-01 06:50:59.270000+00:00,2017-07-29T03:16:09.040Z,13.6394,92.851,27.84,4.4,mb,,24.0,73.0,1.974,0.74,earthquake,"215 km N of Bamboo Flat, India",0.11,8.6,5.8
us10008na7,2017-04-25 16:14:55.930000+00:00,2017-07-21T02:32:06.040Z,25.6263,90.8833,31.19,4.3,mb,,23.0,154.0,0.88,0.71,earthquake,"40 km WNW of Nongstoin, India",0.111,8.2,5.8
us10008n6r,2017-04-22 18:45:12.860000+00:00,2017-07-11T01:48:41.040Z,9.2736,87.0302,17.14,4.1,mb,,13.0,137.0,6.097,0.77,earthquake,Bay of Bengal,0.144,4.9,5.5
us10008ii5,2017-04-18 05:11:55.400000+00:00,2017-07-11T01:48:36.040Z,33.9575,76.422,51.3,4.6,mb,,43.0,107.0,2.643,0.95,earthquake,Kashmir-India border region,0.083,4.2,7.5
us10008ep4,2017-04-05 16:44:36.740000+00:00,2022-05-03T18:15:18.906Z,14.4592,93.0491,31.8,5.3,mb,,126.0,49.0,3.829,0.85,earthquake,"Andaman Islands, India region",0.052,7.3,4.1
us20008uvs,2017-03-26 21:42:11.940000+00:00,2017-06-16T23:07:58.040Z,27.1419,88.5534,24.39,4.5,mb,,62.0,116.0,2.934,0.81,earthquake,"4 km SSE of Rangpo, India",0.069,6.6,5.5
us20008uhk,2017-03-25 02:05:56.400000+00:00,2017-06-12T19:46:56.040Z,25.0469,95.0201,104.0,4.5,mb,,38.0,110.0,1.044,0.91,earthquake,"86 km SE of Phek, India",0.088,5.9,5.4
us20008vc0,2017-03-21 15:40:45.410000+00:00,2017-06-12T19:46:52.040Z,25.3798,92.5623,34.67,4.4,mb,,8.0,98.0,0.665,1.36,earthquake,"51 km WNW of H?flong, India",0.19,3.5,5.8
us20008t5c,2017-03-19 08:57:06.970000+00:00,2017-06-12T19:46:49.040Z,9.9624,93.5567,35.85,4.6,mb,,48.0,116.0,1.862,0.69,earthquake,"208 km SSE of Port Blair, India",0.079,7.5,8.0
us20008spa,2017-03-17 14:01:43.070000+00:00,2017-06-07T00:33:42.040Z,11.1741,92.8778,46.01,4.8,mb,,26.0,61.0,0.496,1.31,earthquake,"56 km SSE of Port Blair, India",0.109,8.9,6.6
us100088wt,2017-03-14 16:39:56.790000+00:00,2017-06-07T00:33:39.040Z,27.2997,96.7901,54.22,4.4,mb,,18.0,116.0,3.792,0.77,earthquake,"89 km SSE of Hayuliang, India",0.127,7.8,8.7
us100088sf,2017-03-14 02:51:16.770000+00:00,2022-05-03T18:57:44.793Z,6.1457,92.3044,10.0,6.0,mww,,,29.0,4.709,0.69,earthquake,"Nicobar Islands, India region",,7.5,1.8
us20008srl,2017-03-10 12:39:35.300000+00:00,2017-05-31T01:59:00.040Z,8.3783,91.8219,32.13,4.3,mb,,23.0,97.0,5.974,1.32,earthquake,"Nicobar Islands, India region",0.111,8.6,5.9
us100087vi,2017-03-09 02:55:11.360000+00:00,2017-05-31T01:58:59.040Z,24.7062,94.5703,69.71,4.7,mb,,15.0,101.0,0.534,0.72,earthquake,"52 km ENE of W?ngjing, India",0.142,7.5,3.6
us100087d0,2017-03-06 21:30:06.950000+00:00,2017-05-31T01:58:56.040Z,25.1149,95.1428,89.95,4.3,mb,,22.0,109.0,1.168,0.67,earthquake,"88 km SE of Phek, India",0.113,7.5,10.2
us100086x4,2017-03-04 02:11:53.820000+00:00,2025-12-22T17:32:58.366Z,25.1865,94.6658,74.07,5.1,mb,,181.0,27.0,1.009,0.95,earthquake,"55 km SSE of Phek, India",0.042,6.5,5.1
us100086vs,2017-03-03 23:30:03.100000+00:00,2017-05-24T02:48:15.040Z,24.8454,94.5486,65.83,4.1,mb,,17.0,66.0,0.653,0.57,earthquake,"53 km ENE of Yairipok, India",0.127,7.4,7.6
us10008848,2017-03-01 16:21:04.660000+00:00,2017-05-24T02:48:12.040Z,11.6696,92.2347,29.78,4.1,mb,,12.0,119.0,0.499,0.48,earthquake,"52 km W of Bamboo Flat, India",0.151,10.7,8.3
us100085w3,2017-03-01 03:16:52.370000+00:00,2017-05-24T02:48:11.040Z,12.2124,93.2046,67.58,4.5,mb,,36.0,68.0,0.713,0.97,earthquake,"77 km NE of Bamboo Flat, India",0.09,8.0,2.1
us100087qh,2017-02-28 10:42:06.570000+00:00,2017-05-24T02:48:10.040Z,10.1937,92.501,32.34,4.2,mb,,12.0,192.0,1.472,0.62,earthquake,"165 km S of Port Blair, India",0.152,14.6,8.1
us20008m0e,2017-02-24 12:02:50.650000+00:00,2022-05-03T18:11:40.054Z,24.0437,93.4825,59.8,5.0,mb,,137.0,43.0,0.769,0.81,earthquake,"37 km SSW of Chur?ch?ndpur, India",0.048,5.1,5.0
us20008j9t,2017-02-12 04:05:33.570000+00:00,2017-05-13T01:03:17.040Z,25.548,91.1035,36.94,4.4,mb,,28.0,66.0,0.68,0.66,earthquake,"16 km WNW of Nongstoin, India",0.102,4.6,8.0
us20008hyg,2017-02-06 17:03:06.530000+00:00,2023-01-12T12:46:11.081Z,30.6544,79.1645,16.05,5.1,mwb,,28.0,39.0,5.823,0.67,earthquake,"36 km NW of P?palkoti, India",0.059,7.9,3.2
us10007w3d,2017-01-29 21:36:08.190000+00:00,2017-04-27T01:38:37.040Z,25.9321,96.4968,41.14,4.5,mb,,45.0,71.0,2.615,0.59,earthquake,"43 km SW of Sarupathar, India",0.081,8.2,7.3
us20008ih1,2017-01-24 12:25:38.780000+00:00,2017-04-19T18:30:58.040Z,25.6419,91.8799,35.0,4.3,mb,,9.0,115.0,0.077,1.08,earthquake,"8 km N of Shillong, India",0.177,14.2,2.0
us10007u64,2017-01-19 19:18:36.830000+00:00,2017-04-12T02:29:01.040Z,28.1784,92.6836,40.21,4.1,mb,,17.0,104.0,2.041,0.8,earthquake,"100 km NE of Tawang, India",0.127,5.8,9.7
us10007tz3,2017-01-18 15:42:40.480000+00:00,2017-04-12T02:29:00.040Z,12.2,94.9698,27.49,4.9,mb,,49.0,99.0,2.244,0.71,earthquake,"249 km ENE of Port Blair, India",0.08,7.9,5.6
us10007tuu,2017-01-18 03:03:21.970000+00:00,2017-04-12T02:29:00.040Z,24.559,94.5655,63.0,4.5,mb,,23.0,58.0,0.407,0.92,earthquake,"50 km E of W?ngjing, India",0.113,7.7,6.0
us10007ssz,2017-01-12 09:32:08.120000+00:00,2017-04-01T00:26:10.040Z,26.4049,95.364,68.8,4.5,mb,,34.0,84.0,2.37,1.01,earthquake,"47 km SE of Mon, India",0.093,7.4,7.3
us10007s65,2017-01-09 20:25:53.280000+00:00,2017-04-01T00:26:06.040Z,35.679,77.8343,82.09,4.1,mb,,14.0,112.0,4.272,0.56,earthquake,"126 km NE of Thang, India",0.139,8.0,12.3
us10007ud9,2017-01-03 19:32:26.800000+00:00,2017-03-27T23:53:20.040Z,27.9089,93.8486,18.03,4.4,mb,,51.0,76.0,2.935,0.79,earthquake,"34 km N of Ziro, India",0.075,8.0,4.0
us10007pfk,2017-01-03 09:09:02.080000+00:00,2022-05-03T18:56:46.324Z,24.0151,92.0177,32.0,5.7,mww,,19.0,20.0,1.375,0.86,earthquake,"18 km ENE of ?mb?sa, India",0.071,6.7,1.8
us10007n39,2016-12-27 21:21:53.720000+00:00,2017-03-23T22:52:05.040Z,13.341,92.327,28.8,4.4,mb,,30.0,83.0,8.146,0.91,earthquake,"186 km NNW of Bamboo Flat, India",0.098,8.7,5.4
us10007t4j,2016-12-27 10:50:19.090000+00:00,2017-03-23T22:52:04.040Z,12.763,92.9305,35.0,4.3,mb,,9.0,181.0,9.051,0.24,earthquake,"119 km N of Bamboo Flat, India",0.178,10.6,1.9
us10007sbb,2016-12-23 04:56:16.820000+00:00,2017-03-23T22:51:59.040Z,12.3232,91.9315,27.78,4.4,mb,,14.0,102.0,8.616,0.76,earthquake,"109 km NW of Bamboo Flat, India",0.144,9.0,5.9
us20007z4c,2016-12-08 09:32:56.890000+00:00,2017-03-03T07:06:08.040Z,24.6052,94.8888,99.72,4.3,mb,,5.0,178.0,0.654,1.07,earthquake,"83 km E of W?ngjing, India",0.238,11.1,6.8
us10007emp,2016-12-03 19:42:11.180000+00:00,2017-03-03T07:06:01.040Z,10.9345,91.886,10.0,4.7,mb,,60.0,112.0,7.565,0.95,earthquake,"123 km SW of Port Blair, India",0.071,8.8,1.9
us10007e1x,2016-12-01 16:52:50.110000+00:00,2023-01-12T12:54:08.773Z,29.979,80.6321,31.96,5.2,mb,,152.0,41.0,4.687,0.76,earthquake,"18 km NE of Dh?rchula, India",0.047,7.0,4.4
us10007ed2,2016-11-25 19:37:57.090000+00:00,2017-02-23T00:11:47.040Z,7.1094,92.4447,29.37,4.4,mb,,36.0,101.0,4.85,0.69,earthquake,"Nicobar Islands, India region",0.09,8.5,4.3
us10007c91,2016-11-25 11:17:10.660000+00:00,2017-02-23T00:11:47.040Z,13.1382,93.0599,32.79,4.6,mb,,64.0,92.0,7.738,0.86,earthquake,"163 km NNE of Bamboo Flat, India",0.069,9.7,5.9
us1000793m,2016-11-16 22:59:24.610000+00:00,2017-02-09T03:02:32.040Z,28.0012,76.7017,10.0,4.4,mb,,36.0,98.0,6.357,0.7,earthquake,"14 km SE of B?wal, India",0.089,10.5,1.9
us1000781i,2016-11-15 02:10:21.120000+00:00,2017-02-09T03:02:28.040Z,24.6475,92.3284,32.42,4.6,mb,,44.0,72.0,1.01,0.76,earthquake,"23 km W of Hail?k?ndi, India",0.083,6.4,4.9
us100077fm,2016-11-13 21:22:24.700000+00:00,2017-02-09T03:02:24.040Z,10.6904,93.6834,8.78,4.6,mb,,26.0,99.0,1.33,0.68,earthquake,"148 km SE of Port Blair, India",0.108,6.8,6.1
us100079ba,2016-11-11 16:20:10.360000+00:00,2017-02-09T03:02:19.040Z,7.1537,92.0147,28.66,4.1,mb,,18.0,123.0,4.531,0.55,earthquake,"Nicobar Islands, India region",0.123,12.3,7.2
us100073s9,2016-10-29 17:47:11.680000+00:00,2017-01-24T02:02:09.040Z,21.7014,93.4678,61.66,4.4,mb,,6.0,140.0,0.944,1.2,earthquake,"100 km SSE of Saiha, India",0.239,7.7,10.5
us20007gsu,2016-10-26 06:29:09.950000+00:00,2017-01-20T00:31:07.040Z,23.1261,92.8708,50.3,4.7,mb,,32.0,68.0,0.826,0.61,earthquake,"18 km S of Serchh?p, India",0.097,5.6,8.0
us20007gqu,2016-10-25 22:00:26.020000+00:00,2017-01-20T00:31:06.040Z,7.0673,92.4518,10.0,4.9,mb,,88.0,61.0,4.568,0.6,earthquake,"Nicobar Islands, India region",0.06,7.1,1.8
us20007g8h,2016-10-23 15:56:41.960000+00:00,2017-01-20T00:31:03.040Z,26.0659,90.2619,24.31,4.6,mb,,38.0,127.0,1.52,0.7,earthquake,"5 km NW of Lakhipur, India",0.088,9.6,6.3
us20007d7h,2016-10-11 07:30:14.280000+00:00,2017-01-07T00:20:50.040Z,25.2519,95.0006,95.33,4.7,mb,,44.0,57.0,1.2,1.08,earthquake,"68 km SE of Phek, India",0.083,5.6,7.2
us20007dug,2016-10-06 14:47:57.210000+00:00,2017-01-03T21:10:47.040Z,26.443,92.773,56.85,4.3,mb,,15.0,129.0,2.601,0.41,earthquake,"21 km S of Tezpur, India",0.137,12.0,10.5
us20007dpw,2016-10-04 14:19:21.580000+00:00,2017-01-03T21:10:44.040Z,33.7459,75.6917,35.0,4.3,mb,,7.0,140.0,2.022,0.53,earthquake,"45 km SE of Pahlg?m, India",0.201,8.5,1.9
us10006rn5,2016-09-22 13:23:43.950000+00:00,2016-12-12T23:01:37.040Z,25.2601,95.6127,141.47,4.6,mb,,32.0,57.0,1.573,0.95,earthquake,"120 km ESE of Phek, India",0.097,8.9,8.4
us10006tvk,2016-09-20 09:10:11.230000+00:00,2016-12-12T23:01:33.040Z,13.301,93.048,35.0,4.3,mb,,8.0,139.0,1.662,0.91,earthquake,"180 km NNE of Bamboo Flat, India",0.189,6.4,2.0
us10006ttk,2016-09-19 12:57:31.930000+00:00,2016-12-12T23:01:31.040Z,10.3504,92.6927,33.56,4.6,mb,,14.0,145.0,1.298,0.62,earthquake,"145 km S of Port Blair, India",0.145,12.0,6.9
us10006t9z,2016-09-18 23:39:09.760000+00:00,2016-12-12T23:01:30.040Z,8.1628,92.2383,30.06,4.3,mb,,14.0,195.0,3.506,0.76,earthquake,"Nicobar Islands, India region",0.142,10.3,7.6
us10006sux,2016-09-17 02:46:23.340000+00:00,2016-12-12T23:01:26.040Z,24.368,93.9151,63.47,4.3,mb,,9.0,83.0,0.377,0.88,earthquake,"15 km SSW of Kakching, India",0.178,6.3,7.8
us10006s0d,2016-09-16 05:18:49.780000+00:00,2016-12-12T23:01:25.040Z,12.8909,92.492,29.95,4.3,mb,,16.0,90.0,1.252,0.91,earthquake,"133 km N of Bamboo Flat, India",0.133,7.5,5.7
us10006pnx,2016-09-15 02:30:46.460000+00:00,2016-12-07T02:56:16.040Z,10.1636,91.7111,20.94,5.0,mb,,54.0,102.0,1.796,0.8,earthquake,"201 km SW of Port Blair, India",0.077,7.4,4.6
us10006r4n,2016-09-13 11:59:49.020000+00:00,2016-12-07T02:56:14.040Z,10.2454,91.637,27.71,4.7,mb,,11.0,193.0,1.773,0.44,earthquake,"198 km SW of Port Blair, India",0.166,12.8,4.0
us10006nsf,2016-09-11 05:07:48.670000+00:00,2016-12-07T02:56:10.040Z,9.8342,93.2204,75.1,4.6,mb,,54.0,108.0,1.869,0.68,earthquake,"209 km SSE of Port Blair, India",0.074,8.4,6.5
us10006nsd,2016-09-10 15:27:23.480000+00:00,2016-12-07T02:56:09.040Z,28.7684,76.5733,10.0,4.1,mb,,11.0,202.0,5.629,0.9,earthquake,"7 km N of Beri Kh?s, India",0.157,11.2,2.0
us10006n7k,2016-09-08 23:35:06.290000+00:00,2016-12-03T02:54:50.040Z,8.6016,93.8842,80.77,4.5,mb,,38.0,102.0,3.235,0.67,earthquake,"Nicobar Islands, India region",0.088,7.1,8.0
us10006kdx,2016-09-04 22:28:38.650000+00:00,2016-12-03T02:54:42.040Z,13.5061,92.7137,31.34,4.2,mb,,7.0,151.0,1.839,0.57,earthquake,"199 km N of Bamboo Flat, India",0.199,6.2,6.9
us10006mr6,2016-09-04 13:05:48.740000+00:00,2016-12-03T02:54:41.040Z,28.0653,92.032,28.78,4.0,mb,,5.0,154.0,1.814,0.4,earthquake,"55 km N of Tawang, India",0.232,9.5,6.0
us10006k6e,2016-09-03 21:38:58.200000+00:00,2016-12-03T02:54:39.040Z,27.2224,96.8182,43.69,4.5,mb,,64.0,46.0,3.746,0.67,earthquake,"98 km SSE of Hayuliang, India",0.068,7.6,7.2
us10006jnm,2016-09-02 14:31:00.980000+00:00,2016-12-03T02:54:35.040Z,28.6255,94.9397,23.69,4.6,mb,,42.0,66.0,3.503,0.95,earthquake,"52 km NNE of Along, India",0.084,7.8,3.7
us10006j3q,2016-08-27 03:38:08.270000+00:00,2016-11-29T01:28:41.040Z,31.2127,77.7742,10.0,4.1,mb,,18.0,179.0,4.518,1.16,earthquake,"2 km ENE of Rohru, India",0.124,11.8,2.0
us20006ufn,2016-08-27 01:35:05.900000+00:00,2016-11-29T01:28:41.040Z,31.4834,77.6806,10.0,4.5,mb,,36.0,152.0,4.306,0.69,earthquake,"6 km NE of R?mpur, India",0.091,9.0,1.9
us20006ufk,2016-08-27 01:14:30.110000+00:00,2016-11-29T01:28:41.040Z,31.4746,77.7102,10.0,4.6,mb,,69.0,106.0,4.332,0.8,earthquake,"8 km ENE of R?mpur, India",0.066,7.5,1.3
us20006ver,2016-08-26 18:24:21.040000+00:00,2016-11-29T01:28:41.040Z,9.0105,95.5605,14.46,4.5,mb,,19.0,198.0,3.819,0.66,earthquake,"298 km W of Ban Khao Lak, Thailand",0.124,14.0,6.7
us20006ves,2016-08-26 18:22:55.880000+00:00,2016-11-29T01:28:41.040Z,9.1191,94.4457,10.0,4.4,mb,,11.0,95.0,3.026,0.58,earthquake,"Nicobar Islands, India region",0.162,12.5,1.9
us20006ubt,2016-08-26 18:20:45.580000+00:00,2016-11-29T01:28:41.040Z,9.2319,93.9606,10.0,4.7,mb,,51.0,46.0,2.689,1.21,earthquake,"Nicobar Islands, India region",0.077,7.4,1.9
us10006gdk,2016-08-18 18:23:56.270000+00:00,2016-11-15T02:21:53.040Z,11.9017,93.5881,107.98,4.6,mb,,11.0,81.0,5.931,0.3,earthquake,"95 km ENE of Port Blair, India",0.173,10.9,4.1
us10006acy,2016-08-01 13:38:32.850000+00:00,2016-10-19T04:52:06.040Z,31.3148,76.9876,35.06,4.5,mb,,11.0,118.0,3.911,1.38,earthquake,"15 km WNW of Seoni, India",0.164,8.8,6.9
us100069uf,2016-07-30 11:58:56.360000+00:00,2016-10-19T04:51:49.040Z,29.068,94.6895,28.23,4.1,mb,,8.0,106.0,3.172,0.9,earthquake,"67 km NNE of Shi Yomi, India",0.184,9.1,6.3
us20006h9w,2016-07-24 15:33:07.260000+00:00,2016-09-24T22:47:18.040Z,12.7303,93.3143,62.76,4.4,mb,,38.0,105.0,1.204,0.82,earthquake,"Andaman Islands, India region",0.087,8.4,4.5
us20006far,2016-07-17 03:54:57.560000+00:00,2016-09-17T01:27:48.040Z,21.4276,71.5526,10.0,4.1,mb,,20.0,153.0,12.271,0.63,earthquake,"12 km SSW of Gariadhar, India",0.117,14.5,1.9
us20006fub,2016-07-13 17:56:32.830000+00:00,2016-09-08T01:50:30.040Z,12.0821,95.1704,10.0,4.5,mb,,23.0,132.0,2.412,1.19,earthquake,"268 km E of Port Blair, India",0.113,9.0,1.9
us20006fts,2016-07-13 09:33:32+00:00,2016-09-08T01:50:30.040Z,24.5435,94.8081,91.5,4.0,mb,,3.0,91.0,0.558,0.77,earthquake,"75 km E of W?ngjing, India",0.3,7.8,9.3
us1000600x,2016-07-05 09:43:44.490000+00:00,2016-09-02T21:36:38.040Z,24.8397,95.2089,101.26,4.4,mb,,23.0,64.0,1.026,0.88,earthquake,"116 km SE of Phek, India",0.112,7.7,7.2
us10005zam,2016-07-01 19:22:40.040000+00:00,2016-09-02T21:36:33.040Z,24.9691,95.3737,132.35,4.7,mb,,69.0,41.0,1.223,0.74,earthquake,"117 km SE of Phek, India",0.066,7.4,4.3
us200063uf,2016-06-11 18:12:23.380000+00:00,2016-08-25T01:22:51.040Z,25.7858,95.2245,83.12,4.5,mb,,100.0,78.0,3.463,0.59,earthquake,"66 km SE of Tuensang, India",0.054,5.0,6.7
us20005yf1,2016-05-27 05:03:10.200000+00:00,2016-08-10T22:30:23.040Z,26.5252,96.4968,64.3,4.6,mb,,45.0,49.0,4.282,0.77,earthquake,"47 km NW of Sarupathar, India",0.081,9.5,7.0
us10005jjq,2016-05-24 10:17:59.320000+00:00,2016-08-03T22:33:43.040Z,33.0759,76.0936,35.0,4.1,mb,,10.0,148.0,2.432,0.73,earthquake,"36 km ENE of Bhadarw?h, India",0.165,10.2,2.0
us20005yjx,2016-05-22 22:32:36.380000+00:00,2016-08-03T22:33:42.040Z,10.2558,92.2057,30.04,4.1,mb,,6.0,206.0,1.488,0.19,earthquake,"166 km SSW of Port Blair, India",0.214,11.3,7.9
us10005jku,2016-05-16 18:03:47.500000+00:00,2016-07-22T19:39:09.040Z,25.9006,90.2255,35.12,4.3,mb,,8.0,165.0,3.871,0.56,earthquake,"16 km SSW of Lakhipur, India",0.188,13.0,9.3
us10005gr5,2016-05-12 07:54:19.140000+00:00,2022-08-02T22:22:23.725Z,24.2716,94.3125,71.48,4.8,mb,,72.0,52.0,2.92,0.68,earthquake,"41 km SE of Kakching, India",0.066,8.1,7.0
us10005g2n,2016-05-09 16:03:47.250000+00:00,2025-12-22T17:14:45.259Z,11.3506,91.5047,10.0,5.2,mb,,155.0,36.0,8.122,0.77,earthquake,"137 km WSW of Bamboo Flat, India",0.046,7.6,1.7
us10005i7u,2016-05-09 16:00:22.140000+00:00,2016-07-20T18:10:50.040Z,11.2676,91.4012,10.0,4.3,mb,,19.0,103.0,8.13,1.18,earthquake,"151 km WSW of Bamboo Flat, India",0.122,3.7,1.9
us10005h6s,2016-05-07 09:43:39.640000+00:00,2022-08-03T00:38:41.339Z,25.4013,91.7893,37.62,4.1,mb,,18.0,99.0,2.715,0.5,earthquake,"14 km NE of Cherrapunji, India",0.123,7.3,7.6
us10005dnx,2016-04-24 21:55:42.770000+00:00,2016-07-08T02:49:21.040Z,10.2055,91.5917,22.65,4.3,mb,,14.0,71.0,1.832,0.89,earthquake,"205 km SW of Port Blair, India",0.143,6.3,5.2
us20005kqe,2016-04-22 02:43:05.050000+00:00,2016-07-08T02:49:17.040Z,9.9398,93.8287,31.38,4.5,mb,,20.0,78.0,2.01,0.72,earthquake,"224 km SSE of Port Blair, India",0.122,7.7,4.7
us20005jxp,2016-04-19 20:47:57.190000+00:00,2016-06-27T23:02:20.040Z,10.2564,93.7772,42.83,4.4,mb,,31.0,156.0,1.721,0.89,earthquake,"192 km SE of Port Blair, India",0.096,4.6,9.0
us20005jx7,2016-04-19 20:32:57.090000+00:00,2025-12-22T17:14:23.644Z,10.2153,93.6895,10.0,5.3,mb,,167.0,36.0,1.706,0.91,earthquake,"190 km SSE of Port Blair, India",0.045,6.7,1.7
us20005ji4,2016-04-18 15:29:54.930000+00:00,2016-06-27T23:02:09.040Z,12.9466,92.3335,37.35,4.7,mb,,55.0,58.0,1.344,0.85,earthquake,"144 km NNW of Bamboo Flat, India",0.074,8.2,6.1
us20005kel,2016-04-13 14:14:03.240000+00:00,2016-06-21T01:14:11.040Z,12.5623,95.1787,10.0,4.9,mb,,14.0,95.0,2.546,0.56,earthquake,"282 km ENE of Port Blair, India",0.149,7.9,1.9
us20005fj8,2016-04-05 07:42:24.390000+00:00,2022-08-07T10:46:12.440Z,25.7595,90.5452,10.0,5.0,mb,,140.0,37.0,1.198,0.81,earthquake,"38 km SE of Lakhipur, India",0.048,5.1,1.7
us20005dxs,2016-03-28 18:40:06.780000+00:00,2016-06-10T23:32:55.040Z,25.9519,90.6891,10.0,4.0,mb,,6.0,158.0,1.12,0.35,earthquake,"25 km SSE of Go?lp?ra, India",0.212,7.7,2.0
us20005b94,2016-03-20 16:54:13.110000+00:00,2016-06-09T21:41:53.040Z,29.9569,93.1989,10.0,4.7,mb,,125.0,46.0,1.818,0.68,earthquake,"195 km NW of Shi Yomi, India",0.049,6.9,1.9
us20005ai2,2016-03-17 16:47:01.810000+00:00,2016-05-21T00:05:35.040Z,34.044,78.0686,31.9,4.1,mb,,23.0,101.0,6.262,1.27,earthquake,"46 km ESE of Leh, India",0.114,9.8,5.3
us20005ag9,2016-03-13 15:04:36.930000+00:00,2016-05-21T00:05:29.040Z,10.2834,93.5317,125.89,4.3,mb,,13.0,126.0,1.567,0.99,earthquake,"175 km SSE of Port Blair, India",0.148,14.1,2.8
us10004x9h,2016-03-13 10:30:11.160000+00:00,2022-08-07T10:16:02.019Z,26.245,92.2565,53.71,4.5,mb,,47.0,41.0,0.765,0.74,earthquake,"9 km W of Morigaon, India",0.079,7.9,1.2
us20005a7q,2016-03-12 09:39:37.700000+00:00,2016-05-21T00:05:26.040Z,10.3914,92.4579,27.86,4.2,mb,,8.0,116.0,1.287,0.59,earthquake,"144 km SSW of Port Blair, India",0.187,9.2,7.3
us10004ws1,2016-03-08 09:55:34.760000+00:00,2016-05-16T18:01:48.040Z,9.5751,93.4345,10.0,4.4,mb,,17.0,176.0,2.176,1.27,earthquake,"243 km SSE of Port Blair, India",0.13,10.0,1.9
us10004ur6,2016-03-02 04:03:50.420000+00:00,2016-05-06T23:34:22.040Z,26.4817,95.4216,21.67,4.1,mb,,8.0,117.0,3.334,0.47,earthquake,"45 km SE of Mon, India",0.186,10.5,7.6
us10004ude,2016-02-28 23:11:03.470000+00:00,2016-05-06T23:34:18.040Z,10.2974,93.6503,127.6,4.0,mb,,8.0,133.0,1.616,0.23,earthquake,"180 km SSE of Port Blair, India",0.183,11.4,8.4
us10004t24,2016-02-27 00:31:05.120000+00:00,2016-05-06T23:34:15.040Z,13.4762,93.915,98.7,4.5,mb,,57.0,61.0,2.14,0.81,earthquake,"235 km NNE of Bamboo Flat, India",0.071,6.4,6.0
us10004rsa,2016-02-22 18:20:53.250000+00:00,2016-05-03T23:44:17.040Z,7.122,92.1235,10.0,4.6,mb,,44.0,139.0,4.546,0.56,earthquake,"Nicobar Islands, India region",0.082,9.1,1.9
us10004rgq,2016-02-21 03:39:38.190000+00:00,2016-05-03T23:44:14.040Z,6.9364,92.4103,23.56,4.8,mb,,44.0,95.0,4.7,0.62,earthquake,"Nicobar Islands, India region",0.083,8.2,4.9
us200050p4,2016-02-16 23:06:59.690000+00:00,2022-08-02T10:17:44.838Z,26.196,93.4977,39.72,4.7,mb,,81.0,63.0,1.606,0.71,earthquake,"34 km NW of Bokaj?n, India",0.061,10.5,6.2
us20004z10,2016-02-09 15:13:53.700000+00:00,2022-08-02T09:19:08.016Z,32.9944,76.0777,40.2,4.2,mb,,29.0,153.0,2.441,0.75,earthquake,"33 km E of Bhadarw?h, India",0.098,4.0,8.9
us20004x3a,2016-02-04 15:30:49.930000+00:00,2016-04-14T22:51:44.040Z,14.2933,93.204,10.0,5.1,mb,,142.0,47.0,2.659,1.06,earthquake,"291 km N of Bamboo Flat, India",0.048,7.2,1.7
us20004x0r,2016-02-04 07:10:36.880000+00:00,2022-08-02T11:49:03.526Z,32.8455,76.043,58.67,4.3,mb,,10.0,105.0,2.459,0.92,earthquake,"33 km NNW of Chamba, India",0.168,11.0,9.5
us20004y5a,2016-02-03 15:24:07.060000+00:00,2016-04-14T22:51:42.040Z,10.3608,93.3475,96.08,4.4,mb,,23.0,106.0,1.416,1.31,earthquake,"158 km SSE of Port Blair, India",0.112,7.7,8.7
us20004v6u,2016-01-27 22:09:56.710000+00:00,2016-04-08T23:06:18.040Z,13.7261,93.8004,88.89,4.6,mb,,18.0,72.0,2.301,0.48,earthquake,"253 km NNE of Bamboo Flat, India",0.129,4.8,8.7
us10004g1b,2016-01-15 19:24:52.540000+00:00,2016-04-06T17:30:21.040Z,11.7568,92.8636,50.41,4.3,mb,,22.0,82.0,0.154,1.22,earthquake,"16 km NE of Port Blair, India",0.129,7.7,4.0
us10004ews,2016-01-11 06:56:37+00:00,2016-03-30T02:27:54.040Z,13.5519,92.7103,35.0,4.1,mb,,7.0,182.0,7.726,0.76,earthquake,"204 km N of Bamboo Flat, India",0.197,7.3,2.0
us10004c4z,2016-01-06 10:25:13.360000+00:00,2016-03-28T22:09:40.040Z,24.8896,93.4003,58.15,4.3,mb,,28.0,77.0,1.552,0.75,earthquake,"40 km ENE of Lakhipur, India",0.105,7.7,8.4
us10004dzl,2016-01-04 02:28:04.870000+00:00,2016-03-28T22:09:35.040Z,12.0291,93.1309,68.01,4.2,mb,,6.0,94.0,0.53,0.13,earthquake,"57 km NE of Bamboo Flat, India",0.215,11.0,9.9
us10004b2n,2016-01-03 23:05:22.270000+00:00,2023-08-14T15:00:53.325Z,24.8036,93.6505,55.0,6.7,mww,,,16.0,1.794,1.01,earthquake,"29 km W of Imph?l, India",,4.5,1.8
us10004bie,2015-12-27 11:34:24.100000+00:00,2016-03-18T01:13:03.040Z,7.5136,91.7745,29.06,4.3,mb,,7.0,141.0,4.225,0.45,earthquake,"Nicobar Islands, India region",0.202,7.6,6.1
us10004b7b,2015-12-23 09:22:06.370000+00:00,2016-03-12T02:29:23.040Z,26.2583,93.0894,48.5,4.3,mb,,26.0,68.0,1.307,1.06,earthquake,"36 km NE of Hoj?i, India",0.105,6.7,6.0
us100048rx,2015-12-17 16:42:57.020000+00:00,2016-03-12T02:29:14.040Z,8.3257,92.0565,30.67,4.2,mb,,14.0,137.0,3.377,0.46,earthquake,"Nicobar Islands, India region",0.141,12.2,6.1
us100048r3,2015-12-17 03:04:44.760000+00:00,2016-03-12T02:29:14.040Z,9.4948,93.7925,55.42,4.6,mb,,20.0,111.0,2.382,0.7,earthquake,"266 km SSE of Port Blair, India",0.122,9.8,8.5
us20004hhu,2015-12-16 04:48:19.990000+00:00,2016-03-05T01:42:09.040Z,12.6843,93.4126,72.62,4.7,mb,,23.0,92.0,1.213,0.67,earthquake,"132 km NE of Bamboo Flat, India",0.115,9.5,7.2
us10004846,2015-12-15 02:35:15.500000+00:00,2020-07-10T14:53:57.468Z,23.8301,86.5783,14.79,4.5,mb,,14.0,171.0,5.101,0.5,earthquake,"6 km E of Gobindpur, India",0.144,12.3,5.6
us100047wa,2015-12-13 11:17:29.250000+00:00,2016-03-05T01:42:05.040Z,24.5749,95.0379,146.62,4.0,mb,,5.0,143.0,3.049,0.87,earthquake,"98 km E of W?ngjing, India",0.231,15.9,10.7
us20004gm1,2015-12-11 22:09:40.200000+00:00,2016-03-05T01:42:03.040Z,29.6312,95.7458,24.84,4.3,mb,,35.0,51.0,4.02,0.76,earthquake,"178 km NNE of P?sigh?t, India",0.09,9.5,5.9
us20004ggj,2015-12-09 12:00:19.910000+00:00,2016-03-02T03:36:41.040Z,10.4689,93.9392,10.0,4.5,mb,,15.0,79.0,1.663,0.38,earthquake,"185 km SE of Port Blair, India",0.14,6.5,1.9
us20004fsq,2015-12-05 23:13:32.200000+00:00,2016-03-02T03:36:33.040Z,18.4361,71.1922,10.0,4.3,mb,,19.0,85.0,12.678,1.24,earthquake,"179 km W of Al?b?g, India",0.122,11.5,1.9
us100041zf,2015-11-29 02:47:52.820000+00:00,2016-02-25T22:33:00.040Z,31.373,78.7325,35.0,4.1,mb,,7.0,156.0,5.143,1.33,earthquake,"76 km NNE of Uttark?shi, India",0.197,4.9,2.0
us100042qf,2015-11-28 18:32:56.410000+00:00,2016-02-25T22:32:59.040Z,12.5328,93.687,111.54,4.4,mb,,19.0,128.0,7.768,0.71,earthquake,"Andaman Islands, India region",0.123,12.0,9.2
us20004fz6,2015-11-27 18:58:53.130000+00:00,2016-02-25T22:32:57.040Z,10.2874,91.622,26.52,4.4,mb,,24.0,122.0,1.75,0.99,earthquake,"195 km SW of Port Blair, India",0.11,8.7,6.4
us1000419g,2015-11-25 16:15:10.640000+00:00,2022-08-01T20:22:27.918Z,26.4076,92.9745,54.52,4.7,mb,,72.0,60.0,3.666,0.77,earthquake,"30 km SE of Tezpur, India",0.065,8.1,4.1
us10003yjs,2015-11-15 23:24:40.040000+00:00,2022-08-01T17:59:25.490Z,24.7399,94.8163,89.65,4.4,mb,,38.0,52.0,2.806,1.07,earthquake,"77 km ENE of W?ngjing, India",0.087,8.5,7.8
us10003zbg,2015-11-15 09:18:57.800000+00:00,2016-02-13T02:08:23.040Z,13.714,93.5448,47.89,4.5,mb,,9.0,229.0,7.011,0.41,earthquake,"240 km NNE of Bamboo Flat, India",0.181,15.4,6.5
us10003z9s,2015-11-14 22:09:53.600000+00:00,2016-02-13T02:08:22.040Z,7.0032,94.371,10.0,4.3,mb,,16.0,133.0,3.109,0.7,earthquake,"Nicobar Islands, India region",0.133,13.1,1.9
us10003yy9,2015-11-13 01:56:21.860000+00:00,2016-02-13T02:08:18.040Z,24.4982,94.6561,70.68,4.2,mb,,15.0,149.0,2.753,0.58,earthquake,"60 km E of W?ngjing, India",0.137,9.0,11.4
us10003vry,2015-11-08 16:47:02.160000+00:00,2022-08-01T16:48:48.245Z,6.8431,94.648,10.0,6.6,mww,,,31.0,2.792,1.23,earthquake,"Nicobar Islands, India region",,5.6,1.7
us10003z1r,2015-11-08 15:45:46.560000+00:00,2016-02-05T03:16:36.040Z,6.4769,94.4725,10.0,4.3,mb,,5.0,211.0,2.756,0.81,earthquake,"Nicobar Islands, India region",0.239,10.5,2.0
us2000411q,2015-10-31 02:05:19.820000+00:00,2016-01-30T02:10:58.040Z,26.6982,96.7414,29.65,4.3,mb,,19.0,91.0,4.533,0.54,earthquake,"54 km N of Sarupathar, India",0.122,7.8,5.2
us200040l5,2015-10-29 22:15:56.450000+00:00,2022-08-01T14:38:07.351Z,24.6819,92.4488,36.31,4.8,mb,,75.0,48.0,1.032,0.69,earthquake,"11 km W of Hail?k?ndi, India",0.064,5.4,7.2
us200040cl,2015-10-28 23:54:49.660000+00:00,2016-01-22T23:41:22.040Z,24.1002,92.8262,38.49,4.3,mb,,20.0,146.0,1.705,0.68,earthquake,"13 km NW of Darlawn, India",0.119,4.8,9.9
us10003rut,2015-10-27 13:50:48.860000+00:00,2016-01-22T23:41:20.040Z,24.5022,94.9918,93.35,4.1,mb,,15.0,118.0,3.035,0.83,earthquake,"94 km E of W?ngjing, India",0.135,7.2,11.8
us10003qwy,2015-10-17 06:29:39.650000+00:00,2016-01-15T20:50:54.040Z,24.7157,94.4863,63.02,4.3,mb,,17.0,113.0,2.53,0.84,earthquake,"44 km E of Yairipok, India",0.13,7.2,8.4
us10003mmv,2015-10-10 01:48:45.570000+00:00,2022-08-01T10:21:33.717Z,27.2548,88.8009,48.22,4.3,mb,,27.0,129.0,1.899,0.63,earthquake,"20 km ESE of Gangtok, India",0.103,11.9,7.7
us10003l2c,2015-10-08 01:04:21.950000+00:00,2016-01-11T21:07:15.040Z,31.5958,76.9677,36.04,4.2,mb,,10.0,148.0,3.733,0.71,earthquake,"8 km NE of Sundarnagar, India",0.167,8.8,6.6
us10003n07,2015-09-29 19:05:17.550000+00:00,2015-12-28T23:08:50.040Z,10.2513,93.803,90.34,4.3,mb,,23.0,133.0,1.74,0.6,earthquake,"194 km SE of Port Blair, India",0.111,12.9,10.0
us10003iqz,2015-09-29 09:27:17.090000+00:00,2015-12-28T23:08:49.040Z,29.996,80.3737,35.0,4.6,mb,,43.0,126.0,4.895,1.05,earthquake,"21 km NW of Dh?rchula, India",0.083,8.8,1.5
us10003mhi,2015-09-27 22:54:54.890000+00:00,2015-12-28T23:08:45.040Z,7.3472,91.6548,29.53,4.3,mb,,9.0,147.0,4.413,0.95,earthquake,"Nicobar Islands, India region",0.178,12.8,6.7
us10003mha,2015-09-27 18:02:20.180000+00:00,2015-12-28T23:08:45.040Z,7.4738,91.5204,29.74,4.3,mb,,13.0,142.0,4.327,0.91,earthquake,"Nicobar Islands, India region",0.147,10.5,6.7
us20003p4y,2015-09-25 16:57:41.390000+00:00,2022-08-01T07:55:42.227Z,26.5308,91.6928,48.82,4.4,mb,,27.0,118.0,0.971,1.07,earthquake,"11 km NE of Rangia, India",0.103,8.0,7.0
us10003ldq,2015-09-23 04:51:32.590000+00:00,2015-12-21T23:16:33.040Z,13.0849,92.4507,28.2,4.4,mb,,15.0,114.0,1.449,0.51,earthquake,"155 km N of Bamboo Flat, India",0.139,6.8,6.2
us10003lcs,2015-09-22 09:33:46.950000+00:00,2015-12-21T23:16:31.040Z,12.1895,95.0107,28.09,4.7,mb,,31.0,99.0,2.281,1.3,earthquake,"253 km ENE of Port Blair, India",0.099,8.7,5.6
us20003kra,2015-09-17 18:34:17.230000+00:00,2022-08-01T06:05:42.108Z,24.5969,94.6668,80.13,4.7,mb,,88.0,32.0,2.725,0.86,earthquake,"61 km E of W?ngjing, India",0.059,7.0,6.2
us20003jxe,2015-09-16 11:10:08.400000+00:00,2022-05-03T17:30:35.170Z,35.3339,78.5062,10.0,4.9,mb,,89.0,77.0,4.639,0.8,earthquake,"154 km NNE of Leh, India",0.059,7.6,1.8
us20003juf,2015-09-15 22:38:31.950000+00:00,2015-12-12T00:42:54.040Z,35.3587,78.4343,10.0,4.6,mb,,47.0,77.0,4.593,0.75,earthquake,"153 km NNE of Leh, India",0.08,7.7,1.9
us20003n08,2015-09-11 23:56:59.380000+00:00,2022-08-01T09:33:22.535Z,26.0549,89.5568,18.5,4.0,mb,,15.0,191.0,2.128,0.88,earthquake,"13 km SE of D?nh?ta, India",0.134,7.0,6.1
us20003kqt,2015-09-05 22:19:23.340000+00:00,2015-12-05T01:40:30.040Z,7.3479,91.1856,10.0,4.2,mb,,8.0,137.0,4.548,0.92,earthquake,"Nicobar Islands, India region",0.186,6.6,1.9
us20003kq2,2015-09-05 05:39:03.450000+00:00,2015-12-05T01:40:27.040Z,26.1923,92.8261,47.23,4.2,mb,,12.0,70.0,1.073,0.83,earthquake,"21 km N of Hoj?i, India",0.153,5.8,10.7
us20003g4d,2015-09-03 20:49:23.600000+00:00,2015-12-05T01:40:24.040Z,24.5826,94.8224,43.17,4.5,mb,,35.0,113.0,2.862,0.54,earthquake,"76 km E of W?ngjing, India",0.091,9.9,6.9
us20003g1d,2015-09-03 17:57:47.570000+00:00,2022-08-01T03:27:19.431Z,27.3767,75.4937,14.2,4.0,mb,,11.0,101.0,6.541,0.76,earthquake,"7 km W of R?ngas, India",0.156,11.3,6.7
us20003jmt,2015-09-02 10:52:03.500000+00:00,2015-12-01T00:36:10.040Z,8.7191,92.4425,30.78,4.4,mb,,23.0,119.0,8.965,0.5,earthquake,"Nicobar Islands, India region",0.112,10.7,5.6
us1000367z,2015-08-31 00:27:50.150000+00:00,2015-12-01T00:36:05.040Z,35.8299,77.451,76.73,4.3,mb,,31.0,118.0,4.072,1.24,earthquake,"116 km NNE of Thang, India",0.095,8.6,9.0
us20003htp,2015-08-29 16:31:16.400000+00:00,2015-12-01T00:36:02.040Z,24.8239,95.143,113.11,4.1,mb,,22.0,94.0,3.068,0.82,earthquake,"111 km E of Yairipok, India",0.112,10.3,5.0
us20003htb,2015-08-29 02:05:17.340000+00:00,2015-12-01T00:36:01.040Z,13.8085,92.9054,28.8,4.2,mb,,11.0,141.0,2.145,1.01,earthquake,"234 km N of Bamboo Flat, India",0.158,7.5,6.4
us20003hjx,2015-08-26 18:05:05.270000+00:00,2015-11-24T02:09:37.040Z,29.6875,95.8334,27.31,4.3,mb,,31.0,112.0,4.094,0.93,earthquake,"186 km NNE of P?sigh?t, India",0.096,9.0,5.2
us100032qj,2015-08-16 21:35:31.560000+00:00,2015-11-17T00:13:32.040Z,13.257,93.6061,110.3,4.5,mb,,37.0,61.0,1.8,0.72,earthquake,"197 km NNE of Bamboo Flat, India",0.089,8.0,8.0
us100032ju,2015-08-15 05:42:20.300000+00:00,2015-11-17T00:13:29.040Z,27.3759,87.8566,10.0,4.4,mb,,37.0,129.0,1.093,0.75,earthquake,"40 km WNW of Gyalshing, India",0.088,7.2,1.9
us100035t7,2015-08-13 15:51:58.560000+00:00,2015-11-17T00:13:25.040Z,30.4022,94.8054,32.63,4.1,mb,,26.0,62.0,3.264,0.83,earthquake,"211 km NNE of Shi Yomi, India",0.103,9.6,3.6
us100031yv,2015-08-13 14:56:13.560000+00:00,2015-11-17T00:13:25.040Z,30.3165,94.9074,32.77,4.2,mb,,10.0,112.0,3.335,1.15,earthquake,"204 km NNE of Shi Yomi, India",0.167,14.1,6.4
us100031ss,2015-08-13 02:00:31.650000+00:00,2022-07-31T23:48:51.265Z,30.3746,94.8333,38.31,4.7,mb,,50.0,74.0,3.282,0.82,earthquake,"209 km NNE of Shi Yomi, India",0.078,11.5,8.5
us100031bx,2015-08-12 02:44:51.250000+00:00,2022-07-31T23:42:04.616Z,24.6339,94.8588,42.8,4.5,mb,,43.0,88.0,2.876,0.58,earthquake,"80 km E of W?ngjing, India",0.083,9.7,4.1
us10003181,2015-08-11 19:13:13.380000+00:00,2022-07-31T23:37:16.367Z,30.3421,94.8676,35.0,4.9,mb,,110.0,43.0,3.305,0.83,earthquake,"206 km NNE of Shi Yomi, India",0.053,4.1,1.9
us1000304b,2015-08-07 13:52:43.800000+00:00,2015-11-06T18:06:21.040Z,30.3637,95.0135,34.91,4.5,mb,,11.0,97.0,3.433,0.71,earthquake,"212 km NNE of Shi Yomi, India",0.164,13.6,4.8
us10002y84,2015-08-05 19:15:56.760000+00:00,2015-10-30T02:47:51.040Z,30.3652,80.3368,10.0,4.1,mb,,13.0,176.0,5.097,0.73,earthquake,"60 km NNW of Dh?rchula, India",0.145,6.5,1.9
us10002xlp,2015-08-03 20:47:48.290000+00:00,2015-10-30T02:47:46.040Z,11.7006,92.3479,30.39,4.7,mb,,81.0,96.0,0.39,0.83,earthquake,"40 km W of Bamboo Flat, India",0.061,9.2,5.1
us100033wr,2015-08-03 00:55:25.230000+00:00,2022-08-01T01:29:43.943Z,30.3228,94.9657,33.4,4.1,mb,,28.0,58.0,3.386,0.59,earthquake,"206 km NNE of Shi Yomi, India",0.099,9.6,7.0
us10002x9a,2015-08-02 05:58:04.620000+00:00,2022-05-03T17:27:26.910Z,30.3447,94.9251,31.19,4.8,mb,,122.0,45.0,3.355,0.5,earthquake,"208 km NNE of Shi Yomi, India",0.05,5.9,5.4
us10002wt8,2015-07-31 07:00:36.230000+00:00,2015-10-30T02:47:39.040Z,30.2889,95.0443,35.64,4.5,mb,,34.0,113.0,3.447,1.02,earthquake,"205 km NNE of Shi Yomi, India",0.093,6.7,7.4
us10002wse,2015-07-31 03:18:17.940000+00:00,2022-07-31T21:40:32.646Z,30.3779,94.8784,10.49,4.9,mb,,117.0,45.0,3.321,0.61,earthquake,"210 km NNE of Shi Yomi, India",0.052,8.7,1.9
us100032vy,2015-07-28 21:29:07.560000+00:00,2015-10-22T20:05:11.040Z,13.1078,92.4848,30.23,4.2,mb,,9.0,117.0,8.18,0.98,earthquake,"157 km N of Bamboo Flat, India",0.176,12.5,4.8
us200030ru,2015-07-28 09:40:50.330000+00:00,2022-05-03T17:27:18.328Z,30.3325,94.8379,32.15,4.9,mb,,106.0,51.0,3.278,0.69,earthquake,"204 km NNE of Shi Yomi, India",0.054,9.5,5.1
us20002zd2,2015-07-22 22:00:35.550000+00:00,2015-10-14T21:05:50.040Z,30.3434,94.8889,10.0,4.7,mb,,84.0,76.0,3.324,0.43,earthquake,"207 km NNE of Shi Yomi, India",0.06,9.1,1.9
us20002yw5,2015-07-21 15:10:20.470000+00:00,2015-10-14T21:05:48.040Z,30.3416,94.8353,33.88,4.7,mb,,83.0,60.0,3.278,0.72,earthquake,"205 km NNE of Shi Yomi, India",0.061,10.0,5.5
us1000312b,2015-07-21 08:21:37.980000+00:00,2015-10-14T21:05:48.040Z,24.0249,93.694,59.71,4.2,mb,,9.0,174.0,2.268,0.29,earthquake,"34 km S of Chur?ch?ndpur, India",0.175,15.6,5.2
us20002yte,2015-07-21 04:19:38.070000+00:00,2015-10-14T21:05:47.040Z,30.3099,95.047,40.39,4.1,mb,,24.0,113.0,3.453,0.79,earthquake,"207 km NNE of Shi Yomi, India",0.106,6.9,7.8
us20002ynu,2015-07-20 15:28:44.690000+00:00,2022-05-03T17:27:05.018Z,30.3218,94.9308,33.65,4.9,mb,,116.0,49.0,3.356,0.86,earthquake,"205 km NNE of Shi Yomi, India",0.052,8.6,4.9
us20002ygc,2015-07-18 23:48:08.680000+00:00,2015-10-14T21:05:43.040Z,30.4476,79.1538,10.0,4.4,mb,,36.0,97.0,5.929,0.58,earthquake,"24 km NE of Rudrapray?g, India",0.09,9.5,1.9
us1000306t,2015-07-18 09:10:39.960000+00:00,2015-10-14T21:05:41.040Z,30.3823,94.944,35.94,4.1,mb,,29.0,116.0,3.378,0.6,earthquake,"212 km NNE of Shi Yomi, India",0.097,9.0,7.7
us20002ybg,2015-07-18 05:41:26.540000+00:00,2022-05-03T19:03:49.577Z,30.4,94.8689,10.0,5.1,mb,,82.0,45.0,3.317,0.58,earthquake,"212 km NNE of Shi Yomi, India",0.063,5.9,1.7
us20002x3y,2015-07-13 11:03:03.810000+00:00,2015-10-09T20:19:15.040Z,26.4644,96.5118,101.35,4.5,mb,,35.0,102.0,4.283,0.35,earthquake,"41 km NW of Sarupathar, India",0.091,6.8,9.1
us20002wjm,2015-07-10 12:53:23.250000+00:00,2015-10-09T20:19:11.040Z,26.6628,90.5991,19.67,4.3,mb,,24.0,162.0,1.571,0.87,earthquake,"20 km N of Bongaigaon, India",0.109,7.7,2.0
us200031b2,2015-07-10 01:53:14.730000+00:00,2015-10-09T20:19:10.040Z,27.4318,94.1447,14.66,4.1,mb,,20.0,141.0,3.487,0.86,earthquake,"22 km N of North Lakhimpur, India",0.117,12.3,4.9
us20002w84,2015-07-09 03:30:01.840000+00:00,2015-10-09T20:19:09.040Z,34.6941,74.1123,63.07,4.2,mb,,12.0,87.0,1.254,0.74,earthquake,"55 km NW of Sopur, India",0.152,5.5,8.4
us20002z7t,2015-07-04 23:08:20.420000+00:00,2015-09-30T00:20:56.040Z,24.7918,95.3332,131.72,4.4,mb,,26.0,74.0,3.243,0.83,earthquake,"128 km SE of Phek, India",0.105,9.2,7.8
us20002z7w,2015-07-04 18:41:36.360000+00:00,2015-09-30T00:20:56.040Z,12.9416,93.2393,48.47,4.5,mb,,8.0,129.0,1.366,0.64,earthquake,"148 km NNE of Bamboo Flat, India",0.221,7.6,10.2
us10002n5q,2015-07-03 03:16:35.510000+00:00,2022-05-03T17:26:44.535Z,11.4234,95.032,8.71,5.5,mww,,,30.0,2.254,0.76,earthquake,"250 km E of Port Blair, India",,3.9,3.0
us10002n5i,2015-07-03 02:20:32.030000+00:00,2015-09-30T00:20:52.040Z,11.4867,94.9322,10.0,4.8,mb,,83.0,55.0,2.15,0.93,earthquake,"239 km E of Port Blair, India",0.064,7.2,1.7
us10002n4u,2015-07-03 00:37:45.350000+00:00,2015-09-30T00:20:52.040Z,13.1543,93.2895,50.79,4.8,mb,,86.0,64.0,1.582,0.56,earthquake,"172 km NNE of Bamboo Flat, India",0.06,8.7,7.5
us20002xmm,2015-06-30 15:48:07.630000+00:00,2015-09-02T22:37:25.040Z,11.1788,94.7854,45.33,4.5,mb,,11.0,144.0,2.057,0.69,earthquake,"228 km ESE of Port Blair, India",0.163,14.7,9.5
us20002xmg,2015-06-30 13:15:57.200000+00:00,2015-09-02T22:37:25.040Z,26.0436,90.7596,42.34,4.0,mb,,9.0,141.0,1.096,1.17,earthquake,"19 km SE of Go?lp?ra, India",0.183,9.0,11.3
us10002m67,2015-06-28 01:05:28.560000+00:00,2022-07-31T15:28:46.020Z,26.6384,90.41,26.0,5.1,mwb,,14.0,36.0,1.682,0.99,earthquake,"18 km N of B?sugaon, India",0.083,6.7,1.8
us10002lyg,2015-06-15 19:10:26.830000+00:00,2015-08-20T00:43:58.040Z,9.7304,93.3507,58.68,4.3,mb,,16.0,121.0,10.229,0.98,earthquake,"224 km SSE of Port Blair, India",0.133,12.4,7.7
us20002pfu,2015-06-12 18:29:30.290000+00:00,2022-05-03T17:25:58.592Z,14.0119,93.5776,48.57,5.2,mb,,153.0,37.0,2.479,1.13,earthquake,"272 km NNE of Bamboo Flat, India",0.046,6.4,2.6
us10002k1u,2015-06-08 15:21:14.840000+00:00,2015-08-10T13:08:25.040Z,6.6741,91.9733,34.82,4.5,mb,,22.0,142.0,5.008,0.59,earthquake,"Nicobar Islands, India region",0.115,4.0,4.9
us20002pay,2015-06-01 07:12:08.970000+00:00,2015-08-08T00:49:40.040Z,26.2683,95.7989,114.83,4.3,mb,,11.0,148.0,3.618,0.46,earthquake,"86 km SSE of Khonsa, India",0.16,13.5,10.4
us10002cpp,2015-05-27 07:30:41.910000+00:00,2015-07-29T01:35:48.040Z,27.3256,84.6635,10.0,4.0,mb,,30.0,168.0,0.695,1.4,earthquake,"38 km ENE of R?mnagar, India",0.099,7.4,1.9
us10002c8y,2015-05-26 17:24:13.450000+00:00,2015-07-29T01:35:46.040Z,24.2488,93.9733,64.58,4.3,mb,,45.0,130.0,2.327,1.01,earthquake,"27 km S of Kakching, India",0.08,9.2,8.9
us20002m1h,2015-05-25 15:59:02.060000+00:00,2015-07-29T01:35:43.040Z,22.1323,93.2059,53.29,4.5,mb,,6.0,246.0,5.261,0.48,earthquake,"46 km SSE of Saiha, India",0.222,19.9,12.7
us10002a88,2015-05-18 16:46:36.840000+00:00,2015-07-23T01:04:08.040Z,34.1771,73.7435,32.32,4.3,mb,,37.0,73.0,0.657,1.16,earthquake,"30 km WNW of Uri, India",0.087,4.6,5.6
us20002k1r,2015-05-18 13:05:35.290000+00:00,2015-07-23T01:04:07.040Z,8.4736,93.4951,58.52,4.5,mb,,4.0,129.0,3.247,0.15,earthquake,"Nicobar Islands, India region",0.271,4.8,10.1
us20002dp4,2015-05-08 03:02:32.780000+00:00,2015-07-17T07:05:57.040Z,13.6955,92.8907,32.32,4.5,mb,,42.0,78.0,2.032,0.76,earthquake,"221 km N of Bamboo Flat, India",0.084,5.8,4.4
us100029ai,2015-05-06 14:45:25.850000+00:00,2015-07-09T22:00:15.040Z,12.5837,95.1783,18.77,4.4,mb,,17.0,105.0,2.553,0.54,earthquake,"283 km ENE of Port Blair, India",0.13,5.5,5.7
us20002aml,2015-05-01 08:58:41.800000+00:00,2022-07-31T03:24:38.959Z,10.7112,91.9645,29.31,5.3,mb,,108.0,62.0,1.21,0.75,earthquake,"135 km SW of Port Blair, India",0.056,6.8,4.1
us20002aid,2015-04-30 19:21:18.100000+00:00,2022-07-31T03:10:42.284Z,26.2401,94.7996,10.0,4.8,mb,,129.0,45.0,2.734,1.23,earthquake,"3 km SW of Tuensang, India",0.049,7.2,1.9
us20002c90,2015-04-29 01:29:52.960000+00:00,2015-07-03T00:23:46.040Z,13.8314,93.0926,64.87,4.2,mb,,17.0,125.0,2.189,0.72,earthquake,"239 km N of Bamboo Flat, India",0.128,11.8,9.9
us200028p4,2015-04-23 23:58:22.380000+00:00,2015-07-03T00:23:37.040Z,12.2983,94.9874,34.43,4.9,mb,,115.0,51.0,2.286,0.77,earthquake,"253 km ENE of Port Blair, India",0.052,6.9,3.2
us200027ye,2015-04-21 00:17:28.930000+00:00,2015-06-26T23:16:00.040Z,14.1208,92.9493,27.07,5.1,mb,,171.0,46.0,7.052,0.75,earthquake,"269 km N of Bamboo Flat, India",0.044,6.9,3.2
us200028tx,2015-04-18 17:22:28.990000+00:00,2015-06-26T23:15:56.040Z,10.6798,93.2625,101.08,4.2,mb,,21.0,146.0,6.53,0.65,earthquake,"122 km SSE of Port Blair, India",0.115,12.0,4.9
us20002763,2015-04-16 22:05:49.650000+00:00,2022-07-30T23:34:06.008Z,26.7924,92.7714,35.0,4.8,mb,,152.0,48.0,1.471,0.64,earthquake,"11 km ESE of Rang?p?ra, India",0.045,7.5,1.9
us2000283r,2015-04-14 22:01:59.150000+00:00,2015-06-22T23:19:02.040Z,10.8469,93.8077,138.56,4.1,mb,,13.0,98.0,9.05,0.51,earthquake,"147 km SE of Port Blair, India",0.145,5.1,10.4
us20002825,2015-04-13 05:55:04.530000+00:00,2015-06-22T23:18:59.040Z,13.7526,93.8242,35.0,4.3,mb,,10.0,154.0,6.788,0.57,earthquake,"256 km NNE of Bamboo Flat, India",0.168,11.9,2.0
us200025i0,2015-04-09 22:49:42.590000+00:00,2015-06-22T23:18:54.040Z,14.0702,92.8474,27.94,5.1,mb,,153.0,19.0,2.401,0.61,earthquake,"262 km N of Bamboo Flat, India",0.046,5.8,3.1
us10001tkc,2015-04-03 12:45:21.710000+00:00,2015-06-16T01:00:25.040Z,10.5197,93.3413,104.21,4.6,mb,,44.0,128.0,1.272,1.08,earthquake,"142 km SSE of Port Blair, India",0.082,9.6,5.8
us10001sx7,2015-04-01 21:23:54.400000+00:00,2022-07-28T05:43:36.289Z,30.3521,79.5107,10.0,4.9,mb,,124.0,31.0,6.238,0.52,earthquake,"11 km SE of P?palkoti, India",0.05,6.9,1.8
us10001rae,2015-03-27 18:51:49.170000+00:00,2015-06-12T01:53:25.040Z,9.891,93.3838,89.84,4.9,mb,,137.0,33.0,1.863,1.0,earthquake,"208 km SSE of Port Blair, India",0.048,5.9,4.6
us10001sd7,2015-03-26 10:44:02.100000+00:00,2015-06-12T01:53:22.040Z,7.4635,91.5815,30.05,4.3,mb,,12.0,134.0,4.32,0.42,earthquake,"Nicobar Islands, India region",0.153,10.6,5.2
us10001qu2,2015-03-26 03:20:42.950000+00:00,2015-06-12T01:53:22.040Z,7.5207,91.6389,29.98,4.6,mb,,26.0,105.0,4.25,0.53,earthquake,"Nicobar Islands, India region",0.107,9.1,5.5
us10001s9z,2015-03-25 10:13:10.700000+00:00,2015-06-09T21:30:06.040Z,13.474,91.9212,29.3,4.3,mb,,21.0,81.0,1.977,0.45,earthquake,"214 km NNW of Bamboo Flat, India",0.117,5.0,6.1
us10001p7g,2015-03-17 15:28:39.650000+00:00,2015-06-04T00:46:24.040Z,24.3192,94.6817,98.9,4.3,mb,,9.0,101.0,2.85,0.71,earthquake,"69 km ESE of W?ngjing, India",0.178,12.6,9.2
us10001n3s,2015-03-13 04:17:24.150000+00:00,2015-06-04T00:46:17.040Z,9.9915,93.4516,88.33,4.1,mb,,9.0,174.0,1.794,0.57,earthquake,"200 km SSE of Port Blair, India",0.174,9.1,8.7
us10001m44,2015-03-10 17:52:02.220000+00:00,2015-05-28T00:48:41.040Z,35.6511,76.82,39.2,4.1,mb,,14.0,108.0,3.542,1.14,earthquake,"80 km N of Thang, India",0.139,9.0,6.8
us10001ll4,2015-03-08 15:43:47.220000+00:00,2015-05-28T00:48:38.040Z,13.4596,92.7483,40.08,4.6,mb,,18.0,123.0,1.792,0.82,earthquake,"194 km N of Bamboo Flat, India",0.129,10.7,7.9
usc000tuf6,2015-03-02 20:51:54.570000+00:00,2015-05-19T00:29:42.040Z,35.6466,76.799,10.0,4.5,mb,,34.0,78.0,3.526,1.02,earthquake,"79 km N of Thang, India",0.093,6.7,1.9
usc000ttet,2015-02-26 18:52:32.790000+00:00,2015-05-19T00:28:45.040Z,9.6585,90.326,29.47,4.4,mb,,14.0,133.0,3.096,1.31,earthquake,"Nicobar Islands, India region",0.149,9.6,6.6
usc000tseu,2015-02-23 06:36:34.870000+00:00,2015-05-12T20:29:41.040Z,25.7707,95.1743,94.12,4.4,mb,,30.0,93.0,3.001,0.64,earthquake,"65 km SSE of Tuensang, India",0.098,3.7,7.8
usc000tses,2015-02-23 06:32:07.690000+00:00,2015-05-12T20:29:41.040Z,10.8233,92.0612,29.72,4.5,mb,,25.0,120.0,1.064,0.9,earthquake,"119 km SW of Port Blair, India",0.113,8.3,4.3
usc000trec,2015-02-19 09:18:19.650000+00:00,2015-05-12T20:29:32.040Z,26.5563,96.7339,56.84,4.0,mb,,11.0,121.0,4.496,0.88,earthquake,"39 km N of Sarupathar, India",0.157,11.8,11.2
usc000trvb,2015-02-16 05:31:15.360000+00:00,2015-05-11T23:20:18.040Z,25.1347,95.3089,35.0,4.0,mb,,4.0,173.0,3.153,0.53,earthquake,"100 km SE of Phek, India",0.259,13.8,2.0
usb000tpkl,2015-02-15 20:51:40.490000+00:00,2015-05-11T23:20:17.040Z,9.9607,91.7393,35.0,4.0,mb,,8.0,192.0,1.952,0.46,earthquake,"218 km SSW of Port Blair, India",0.232,14.4,2.0
usb000tpit,2015-02-15 14:14:20.990000+00:00,2022-07-27T21:16:35.775Z,34.4283,76.2031,48.05,4.7,mb,,97.0,84.0,2.557,0.65,earthquake,"15 km SSE of Kargil, India",0.059,8.1,7.2
usc000trhi,2015-02-14 00:44:36.430000+00:00,2015-05-11T23:20:13.040Z,31.3449,80.3877,32.72,4.2,mb,,20.0,111.0,6.438,0.64,earthquake,"117 km NE of Josh?math, India",0.128,4.7,6.0
usb000tpa2,2015-02-13 22:21:52.220000+00:00,2015-05-11T23:20:13.040Z,31.215,80.3855,29.91,4.1,mb,,13.0,145.0,6.488,0.71,earthquake,"107 km NE of Josh?math, India",0.151,8.9,6.5
usb000tqaa,2015-02-12 15:33:50.100000+00:00,2015-05-11T23:20:09.040Z,23.7765,93.7186,54.61,4.4,mb,,15.0,133.0,2.459,0.62,earthquake,"61 km S of Chur?ch?ndpur, India",0.162,13.1,11.3
usb000tnl7,2015-02-12 14:33:07.830000+00:00,2025-12-22T17:03:43.134Z,23.9982,93.923,65.84,4.8,mb,,48.0,66.0,2.443,0.72,earthquake,"45 km SE of Chur?ch?ndpur, India",0.083,3.7,7.8
usc000tnwj,2015-02-11 03:30:11.780000+00:00,2022-07-27T20:22:21.063Z,13.2332,92.3474,20.15,5.1,mwb,,26.0,46.0,8.1,0.47,earthquake,"174 km NNW of Bamboo Flat, India",0.061,8.1,3.6
usc000tncd,2015-02-09 14:13:06.360000+00:00,2015-05-04T22:47:50.040Z,10.1025,92.9256,43.86,4.7,mb,,26.0,96.0,1.553,0.81,earthquake,"174 km S of Port Blair, India",0.11,8.7,7.0
usb000tp3e,2015-02-09 00:33:26.480000+00:00,2015-05-04T22:47:49.040Z,8.8706,92.3705,30.62,4.1,mb,,6.0,151.0,2.791,0.97,earthquake,"Nicobar Islands, India region",0.234,12.2,3.5
usc000tkr7,2015-02-01 16:00:48.230000+00:00,2022-07-27T22:11:33.935Z,26.4166,93.3551,45.22,4.2,mb,,22.0,100.0,1.592,0.86,earthquake,"34 km SW of Bok?kh?t, India",0.124,9.7,7.3
usc000tmgy,2015-01-30 06:37:34.860000+00:00,2015-05-02T14:05:29.040Z,12.5865,95.2811,10.0,4.2,mb,,9.0,120.0,2.648,0.58,earthquake,"294 km ENE of Port Blair, India",0.187,6.1,1.9
usc000tj70,2015-01-26 18:29:23.530000+00:00,2015-04-24T16:55:43.040Z,12.3316,92.7859,29.61,4.4,mb,,27.0,83.0,8.504,0.49,earthquake,"70 km N of Bamboo Flat, India",0.112,10.4,5.7
usc000tit8,2015-01-24 16:11:42.660000+00:00,2015-04-24T16:55:20.040Z,25.0231,95.1923,120.19,4.7,mb,,59.0,72.0,5.898,1.06,earthquake,"99 km SE of Phek, India",0.077,7.6,5.6
usc000tkxl,2015-01-23 00:29:41.070000+00:00,2015-04-24T16:55:52.040Z,12.4886,92.8765,33.17,4.2,mb,,11.0,177.0,8.583,0.85,earthquake,"88 km NNE of Bamboo Flat, India",0.176,15.9,8.0
usc000tkcy,2015-01-22 07:43:14.270000+00:00,2015-04-24T16:55:47.040Z,12.8591,93.048,35.0,4.0,mb,,7.0,83.0,1.232,0.52,earthquake,"Andaman Islands, India region",0.211,7.0,2.0
usc000tgy8,2015-01-18 13:09:51.220000+00:00,2015-04-20T16:05:33.040Z,26.0195,95.5982,78.99,4.2,mb,,10.0,110.0,3.403,0.9,earthquake,"82 km ESE of Tuensang, India",0.167,8.8,14.5
usc000tfx6,2015-01-15 01:33:04.600000+00:00,2015-04-20T15:34:40.040Z,22.6215,92.6144,50.37,4.3,mb,,17.0,144.0,3.012,0.79,earthquake,"32 km SSW of Lunglei, India",0.133,9.6,8.6
usc000tegh,2015-01-10 13:06:35.640000+00:00,2015-04-10T18:56:28.040Z,10.9378,93.5415,123.96,4.6,mb,,22.0,175.0,1.058,0.66,earthquake,"118 km SE of Port Blair, India",0.123,10.5,8.4
usc000th5a,2015-01-05 15:39:33.240000+00:00,2015-03-27T07:02:01.040Z,24.257,93.6863,61.69,4.2,mb,,6.0,171.0,2.112,0.83,earthquake,"8 km S of Chur?ch?ndpur, India",0.371,17.2,6.0
usc000taym,2014-12-31 16:12:02.950000+00:00,2015-03-17T02:38:27.040Z,21.9688,93.3698,57.44,4.5,mb,,30.0,69.0,3.84,0.68,earthquake,"70 km SE of Saiha, India",0.099,8.4,6.5
usc000taqh,2014-12-29 17:26:57.600000+00:00,2022-07-27T11:58:39.837Z,26.2946,91.6204,45.02,4.0,mb,,16.0,131.0,0.755,0.68,earthquake,"10 km ENE of H?jo, India",0.13,8.8,4.9
usc000t9ae,2014-12-22 23:24:48.140000+00:00,2015-03-06T02:59:11.040Z,22.4184,93.0824,48.25,4.4,mb,,15.0,107.0,3.328,0.61,earthquake,"13 km SE of Saiha, India",0.143,10.8,9.0
usc000t9t1,2014-12-11 19:27:36.410000+00:00,2015-03-04T21:54:58.040Z,24.405,94.5261,79.9,4.7,mb,,19.0,108.0,2.684,0.64,earthquake,"51 km ESE of W?ngjing, India",0.129,11.4,8.3
usc000t9r6,2014-12-10 14:44:46.300000+00:00,2015-03-04T21:54:54.040Z,24.401,94.5466,84.1,4.2,mb,,15.0,153.0,2.703,0.79,earthquake,"53 km ESE of W?ngjing, India",0.153,7.9,9.7
usc000t4jd,2014-12-08 05:39:01.540000+00:00,2015-02-28T02:16:13.040Z,11.8283,93.5972,126.47,4.5,mb,,11.0,103.0,0.853,0.62,earthquake,"94 km E of Port Blair, India",0.164,12.1,9.0
usc000t3w5,2014-12-04 23:53:51.870000+00:00,2022-07-27T09:35:33.509Z,26.886,92.6206,53.1,4.6,mb,,136.0,61.0,1.482,0.73,earthquake,"7 km NW of Rang?p?ra, India",0.047,4.4,6.5
usc000t6sv,2014-11-30 02:51:12.240000+00:00,2015-02-24T00:35:13.040Z,35.696,78.0392,10.0,4.0,mb,,7.0,193.0,4.429,1.1,earthquake,"141 km NE of Thang, India",0.232,12.1,1.9
usb000t17l,2014-11-29 18:01:01.570000+00:00,2015-02-24T00:35:12.040Z,11.1086,93.6105,128.58,4.6,mb,,56.0,138.0,1.008,0.78,earthquake,"112 km ESE of Port Blair, India",0.076,9.5,6.1
usb000t0sq,2014-11-28 01:18:45.610000+00:00,2022-07-27T08:58:31.772Z,12.5135,92.7957,43.76,5.3,mb,,170.0,24.0,0.854,0.64,earthquake,"90 km N of Bamboo Flat, India",0.048,7.0,4.2
usc000t424,2014-11-23 10:45:27.990000+00:00,2015-02-18T03:30:55.040Z,23.8065,93.7677,65.96,4.5,mb,,8.0,164.0,2.468,0.48,earthquake,"59 km S of Chur?ch?ndpur, India",0.241,13.1,13.1
usb000syre,2014-11-21 22:45:36.370000+00:00,2015-02-18T03:30:52.040Z,34.4008,79.0039,36.66,4.3,mb,,34.0,95.0,4.821,1.03,earthquake,"133 km E of Leh, India",0.099,7.4,6.4
usb000syke,2014-11-21 16:11:16.370000+00:00,2015-02-18T03:30:51.040Z,23.5043,93.5255,67.72,4.6,mb,,28.0,122.0,2.555,0.69,earthquake,"42 km ENE of Khawhai, India",0.108,11.2,8.3
usb000sye7,2014-11-20 22:45:24.230000+00:00,2015-02-18T03:30:48.040Z,23.4809,93.4722,63.57,4.1,mb,,20.0,138.0,2.545,0.53,earthquake,"36 km ENE of Khawhai, India",0.123,11.5,10.3
usb000sybr,2014-11-20 18:14:37.790000+00:00,2022-07-27T08:17:12.248Z,23.5081,93.5148,49.0,5.6,mwb,,40.0,10.0,2.546,0.78,earthquake,"42 km ENE of Khawhai, India",0.049,7.3,1.8
usc000syhy,2014-11-18 15:55:32.580000+00:00,2015-02-12T01:42:59.040Z,32.9378,76.059,60.82,4.3,mb,,18.0,115.0,2.442,1.07,earthquake,"32 km E of Bhadarw?h, India",0.147,9.3,7.8
usc000sy2n,2014-11-17 08:59:44+00:00,2015-02-12T01:42:53.040Z,35.359,77.1167,35.0,4.4,mb,,17.0,97.0,3.605,0.92,earthquake,"56 km NNE of Thang, India",0.144,5.1,2.0
usc000sxxk,2014-11-16 20:33:34.210000+00:00,2015-02-12T01:42:51.040Z,24.0419,93.581,60.62,4.3,mb,,13.0,156.0,2.182,0.82,earthquake,"33 km SSW of Chur?ch?ndpur, India",0.187,13.3,9.6
usb000t0gn,2014-11-13 21:29:29.760000+00:00,2015-02-12T01:42:40.040Z,24.8093,95.2728,129.63,4.4,mb,,27.0,114.0,3.186,0.64,earthquake,"122 km SE of Phek, India",0.11,5.1,8.1
usc000svq2,2014-11-08 18:19:39.990000+00:00,2015-01-31T02:50:11.040Z,24.8744,94.866,87.48,4.8,mb,,96.0,29.0,2.812,0.79,earthquake,"85 km ENE of Yairipok, India",0.059,5.6,5.7
usc000sxc9,2014-11-03 19:06:23.460000+00:00,2015-01-20T09:03:15.040Z,16.0932,86.0768,15.79,4.4,mb,,16.0,86.0,7.833,0.6,earthquake,Bay of Bengal,0.155,11.5,4.9
usc000sx9z,2014-11-02 05:41:04.300000+00:00,2015-01-20T09:03:10.040Z,26.7052,94.045,57.37,4.3,mb,,15.0,56.0,2.27,0.66,earthquake,"7 km E of Dergaon, India",0.154,7.3,4.8
usb000sq9f,2014-10-24 05:56:45.470000+00:00,2015-01-17T01:25:35.040Z,27.8491,91.8364,10.0,4.3,mb,,22.0,63.0,1.949,0.84,earthquake,"31 km NNW of Tawang, India",0.117,6.3,1.9
usb000sq85,2014-10-24 00:05:26.880000+00:00,2015-01-17T01:25:34.040Z,23.9814,93.9631,69.37,4.6,mb,,51.0,40.0,2.481,0.86,earthquake,"49 km SE of Chur?ch?ndpur, India",0.079,8.0,7.2
usb000sntc,2014-10-18 13:59:41.940000+00:00,2015-01-15T20:03:31.040Z,6.9551,92.3706,31.9,4.7,mb,,22.0,59.0,4.685,0.87,earthquake,"Nicobar Islands, India region",0.126,7.9,4.9
usb000snbu,2014-10-17 09:44:50.750000+00:00,2015-01-15T20:03:29.040Z,27.1694,97.0744,10.0,4.7,mb,,56.0,84.0,4.945,0.74,earthquake,"109 km NNE of Sarupathar, India",0.076,6.5,1.7
usb000sm3q,2014-10-14 18:36:06.270000+00:00,2025-12-22T16:49:50.140Z,7.5569,94.2408,10.0,5.0,mb,,95.0,32.0,3.547,0.84,earthquake,"Nicobar Islands, India region",0.06,7.6,1.8
usb000sl7f,2014-10-12 03:32:46.310000+00:00,2025-12-22T16:49:49.383Z,12.8728,93.8655,136.26,4.9,mb,,127.0,19.0,1.632,0.8,earthquake,"180 km NE of Bamboo Flat, India",0.054,7.5,4.1
usb000sl0g,2014-10-11 08:13:37.870000+00:00,2015-01-06T23:49:51.040Z,34.3887,79.2005,35.0,4.5,mb,,19.0,115.0,4.98,0.59,earthquake,"150 km E of Leh, India",0.131,8.5,2.0
usb000sps1,2014-10-10 21:49:37.690000+00:00,2015-01-06T23:49:50.040Z,34.3271,79.1521,45.27,4.0,mb,,10.0,124.0,4.934,1.15,earthquake,"145 km E of Leh, India",0.173,8.6,8.7
usb000spfj,2014-10-09 01:41:20.090000+00:00,2015-01-06T23:49:47.040Z,14.0353,93.0968,32.52,4.4,mb,,8.0,102.0,7.13,0.89,earthquake,"261 km N of Bamboo Flat, India",0.219,9.9,6.4
usb000sngr,2014-10-08 00:22:53.570000+00:00,2015-01-06T23:49:46.040Z,10.8841,92.7316,49.34,4.0,mb,,5.0,217.0,0.766,0.88,earthquake,"86 km S of Port Blair, India",0.519,15.1,11.6
usb000snd2,2014-10-06 14:10:21.210000+00:00,2014-12-23T01:42:05.040Z,14.2611,93.1258,35.18,4.6,mb,,21.0,75.0,2.616,0.54,earthquake,"286 km N of Bamboo Flat, India",0.141,8.2,7.6
usb000smdp,2014-10-03 03:48:44.910000+00:00,2014-12-23T01:41:59.040Z,10.5141,92.0977,30.65,4.3,mb,,10.0,196.0,1.299,0.65,earthquake,"145 km SSW of Port Blair, India",0.216,11.8,6.4
usb000sg5e,2014-09-26 04:21:24.080000+00:00,2022-05-03T17:02:37.866Z,12.5193,95.2254,20.22,5.5,mwc,,,18.0,2.574,0.69,earthquake,"285 km ENE of Port Blair, India",,6.2,2.6
usb000sff0,2014-09-24 00:59:17.040000+00:00,2014-12-20T00:53:55.040Z,14.0956,93.1949,40.58,4.3,mb,,22.0,93.0,2.464,0.74,earthquake,"270 km N of Bamboo Flat, India",0.129,8.1,5.7
usb000sf2b,2014-09-22 20:49:10.820000+00:00,2022-07-27T02:56:46.145Z,34.2939,73.9193,26.73,4.7,mb,,57.0,94.0,0.839,0.75,earthquake,"26 km NNW of Uri, India",0.076,7.2,5.0
usb000shr0,2014-09-21 06:31:20.640000+00:00,2014-12-19T00:05:24.040Z,29.8636,95.3383,24.81,4.0,mb,,12.0,115.0,3.664,0.82,earthquake,"175 km NNE of Shi Yomi, India",0.196,8.4,7.7
usb000shqs,2014-09-21 01:46:09.280000+00:00,2014-12-19T00:05:24.040Z,29.8495,95.2495,26.68,4.1,mb,,12.0,114.0,3.586,0.95,earthquake,"169 km NNE of Shi Yomi, India",0.175,13.8,7.3
usb000sfxh,2014-09-15 21:38:59.490000+00:00,2014-12-08T23:31:02.040Z,24.5258,94.7457,90.15,4.3,mb,,14.0,147.0,2.818,1.03,earthquake,"69 km E of W?ngjing, India",0.148,6.0,9.9
usb000scek,2014-09-15 05:16:35.060000+00:00,2014-12-08T23:31:01.040Z,6.7624,91.8773,35.0,4.5,mb,,40.0,99.0,4.936,0.64,earthquake,"Nicobar Islands, India region",0.089,8.3,1.9
usb000sfhk,2014-09-13 03:31:26.050000+00:00,2014-12-08T23:30:58.040Z,27.737,92.9356,51.18,4.1,mb,,14.0,59.0,2.367,0.68,earthquake,"72 km NE of Bomdila, India",0.185,8.4,8.2
usb000sbrr,2014-09-12 13:06:33.630000+00:00,2014-12-08T23:30:58.040Z,8.5661,92.5561,39.08,5.0,mb,,56.0,92.0,3.075,0.93,earthquake,"Nicobar Islands, India region",0.084,8.1,6.2
usb000sf6i,2014-09-12 07:56:41.570000+00:00,2014-12-08T23:30:57.040Z,25.6524,89.9947,15.0,4.1,mb,,10.0,132.0,1.682,0.68,earthquake,"18 km NE of Mank?char, India",0.174,6.0,6.4
usb000se03,2014-09-09 23:11:50.690000+00:00,2014-12-05T23:36:41.040Z,10.6033,91.7456,27.11,4.0,mb,,9.0,87.0,1.433,0.52,earthquake,"160 km SW of Port Blair, India",0.211,7.8,6.8
usb000satn,2014-09-09 19:36:29.450000+00:00,2014-12-05T23:36:41.040Z,36.481,76.0834,44.63,4.4,mb,,22.0,77.0,3.647,1.45,earthquake,Kashmir-Xinjiang border region,0.123,7.3,8.2
usb000samy,2014-09-09 09:28:22.190000+00:00,2022-07-27T01:19:59.293Z,22.1989,93.244,10.0,5.4,mwb,,12.0,24.0,3.585,0.87,earthquake,"42 km SE of Saiha, India",0.089,7.2,1.7
usb000sdza,2014-09-09 01:47:40.080000+00:00,2014-12-05T23:36:40.040Z,7.9281,91.9296,29.83,4.5,mb,,29.0,52.0,8.656,0.49,earthquake,"Nicobar Islands, India region",0.11,7.3,5.1
usb000sabl,2014-09-08 13:11:00.360000+00:00,2014-12-05T23:36:39.040Z,14.2877,92.8678,27.77,4.6,mb,,44.0,66.0,2.618,0.81,earthquake,"286 km N of Bamboo Flat, India",0.098,7.9,4.2
usc000s7bk,2014-08-27 02:09:47.910000+00:00,2014-11-29T00:09:16.000Z,8.1279,91.7162,28.11,4.4,mb,,22.0,127.0,3.648,0.82,earthquake,"Nicobar Islands, India region",0.117,8.0,5.3
usb000sad8,2014-08-27 01:54:51.210000+00:00,2014-11-29T00:09:16.000Z,8.0733,91.8412,32.79,4.3,mb,,11.0,127.0,3.669,0.91,earthquake,"Nicobar Islands, India region",0.168,3.9,6.5
usb000s9rx,2014-08-26 18:05:02.680000+00:00,2014-11-22T02:06:37.000Z,8.2661,91.8534,29.61,4.6,mb,,6.0,170.0,3.48,0.91,earthquake,"Nicobar Islands, India region",0.244,10.9,6.6
usb000s9q5,2014-08-25 08:43:03.870000+00:00,2014-11-22T02:06:35.000Z,14.3762,93.1925,37.18,4.6,mb,,22.0,94.0,2.739,0.77,earthquake,"Andaman Islands, India region",0.116,8.3,8.2
usb000s9nj,2014-08-24 15:54:20.290000+00:00,2014-11-22T02:06:34.000Z,9.0717,85.8,17.23,4.1,mb,,13.0,125.0,5.353,1.02,earthquake,Bay of Bengal,0.166,13.6,4.1
usb000s5ta,2014-08-24 08:29:31.740000+00:00,2014-11-22T02:06:32.000Z,30.0384,79.9591,10.0,4.4,mb,,24.0,68.0,6.734,0.81,earthquake,"28 km NE of B?geshwar, India",0.11,8.7,1.9
usb000s5qq,2014-08-23 19:58:43.750000+00:00,2014-11-22T02:06:30.000Z,8.4186,93.4851,88.46,4.7,mb,,63.0,39.0,3.298,0.81,earthquake,"Nicobar Islands, India region",0.069,7.8,5.8
usb000s4v3,2014-08-21 08:11:18.820000+00:00,2022-07-26T22:54:51.614Z,32.3289,76.4266,10.0,4.9,mb,,134.0,45.0,2.963,0.75,earthquake,"15 km NE of Dharamsala, India",0.05,7.6,1.8
usc000s8xh,2014-08-20 08:05:03.110000+00:00,2014-11-22T02:06:23.000Z,27.5614,92.5625,38.3,4.1,mb,,11.0,110.0,2.084,0.66,earthquake,"Arunachal Pradesh, India",0.214,11.6,9.6
usc000s7yq,2014-08-17 20:34:32.440000+00:00,2014-11-15T04:07:13.000Z,23.6717,91.4071,38.0,4.1,mb,,8.0,111.0,1.93,1.14,earthquake,"7 km NE of Barjala, India",0.213,,7.1
usb000s3dx,2014-08-16 16:39:55.170000+00:00,2022-07-26T22:23:46.385Z,24.593,94.5693,91.24,5.0,mb,,104.0,32.0,2.644,0.95,earthquake,"51 km E of W?ngjing, India",0.057,,5.6
usb000s28b,2014-08-12 20:52:06.470000+00:00,2014-11-07T21:47:41.000Z,9.2284,93.5937,105.45,4.9,mb,,116.0,38.0,2.552,0.82,earthquake,"285 km SSE of Port Blair, India",0.053,,4.3
usb000s4ws,2014-08-09 22:18:37.270000+00:00,2014-11-07T21:47:37.000Z,10.5702,91.7169,29.52,4.4,mb,,31.0,60.0,1.476,0.65,earthquake,"165 km SW of Port Blair, India",0.099,,5.2
usb000s4wq,2014-08-09 21:11:48.350000+00:00,2014-11-07T21:47:37.000Z,12.5912,95.3368,21.33,4.3,mb,,25.0,101.0,2.7,0.69,earthquake,"299 km ENE of Port Blair, India",0.113,,5.5
usb000rzhf,2014-08-02 16:18:59.530000+00:00,2014-10-29T19:52:54.000Z,11.8708,93.6433,129.36,4.7,mb,,63.0,40.0,0.906,0.78,earthquake,"100 km ENE of Port Blair, India",0.069,,5.2
usb000s2pq,2014-08-02 01:02:00.150000+00:00,2014-10-29T19:52:53.000Z,12.5741,95.5532,21.24,4.0,mb,,4.0,122.0,2.895,0.98,earthquake,"Andaman Islands, India region",0.26,,8.3
usb000s2pb,2014-08-01 21:47:04.450000+00:00,2014-10-29T19:52:53.000Z,11.9976,95.1248,10.0,4.6,mb,,18.0,86.0,2.355,1.06,earthquake,"261 km E of Port Blair, India",0.128,,1.9
usb000s2pc,2014-08-01 21:11:08.780000+00:00,2014-10-29T19:52:53.000Z,12.4019,95.5705,10.0,4.6,mb,,18.0,111.0,2.863,1.3,earthquake,"Andaman Islands, India region",0.129,,1.9
usb000s2p9,2014-08-01 20:27:50.430000+00:00,2014-10-29T19:52:53.000Z,24.3849,94.7039,85.67,4.7,mb,,21.0,57.0,2.839,1.12,earthquake,"68 km ESE of W?ngjing, India",0.12,,8.1
usb000s2pg,2014-08-01 16:20:21.740000+00:00,2014-10-29T19:52:53.000Z,12.0898,95.6271,25.63,4.1,mb,,4.0,174.0,5.229,0.89,earthquake,"Andaman Islands, India region",0.262,,8.7
usb000s24x,2014-07-31 17:34:08.620000+00:00,2014-10-29T19:52:52.000Z,12.3436,95.0439,26.23,5.1,mb,,29.0,79.0,2.352,0.78,earthquake,"261 km ENE of Port Blair, India",0.106,,4.9
usb000ryxu,2014-07-31 17:33:29.240000+00:00,2014-10-29T19:52:52.000Z,12.4743,95.2033,10.0,4.9,mb,,65.0,42.0,2.539,0.82,earthquake,"282 km ENE of Port Blair, India",0.07,,1.8
usb000s24c,2014-07-31 14:21:11.960000+00:00,2014-10-29T19:52:52.000Z,12.4404,95.3165,10.0,4.6,mb,,8.0,110.0,2.634,0.52,earthquake,"292 km ENE of Port Blair, India",0.193,,1.9
usb000ryuh,2014-07-31 13:41:00.830000+00:00,2022-05-03T17:17:22.968Z,12.4337,95.2033,10.0,5.8,mww,,,61.0,2.527,0.98,earthquake,"280 km ENE of Port Blair, India",,,1.8
usb000ry7u,2014-07-29 07:07:07.130000+00:00,2022-05-03T16:57:35.039Z,14.3603,93.0904,12.0,5.3,mwb,,46.0,28.0,2.709,1.18,earthquake,"297 km N of Bamboo Flat, India",0.046,,1.7
usb000rx2e,2014-07-25 04:56:16.680000+00:00,2014-10-25T01:49:35.000Z,33.1264,76.3749,17.03,4.0,mb,,5.0,148.0,2.65,0.83,earthquake,"60 km ESE of Kishtw?r, India",0.298,,5.0
usb000rwbx,2014-07-22 23:35:15.370000+00:00,2014-10-17T21:12:15.000Z,26.2364,89.5355,14.91,4.0,mb,,16.0,146.0,2.193,1.26,earthquake,"13 km SE of Koch Bih?r, India",0.156,,5.2
usc000rqyt,2014-07-06 14:48:13.060000+00:00,2014-10-04T19:59:57.000Z,30.3227,80.3415,43.73,4.1,mb,,7.0,146.0,6.862,1.11,earthquake,"55 km NNW of Dh?rchula, India",0.213,,6.9
usb000rvv3,2014-07-01 20:06:29.070000+00:00,2014-09-26T11:49:52.000Z,25.0114,94.1629,69.7,4.3,mb,,10.0,118.0,2.16,0.72,earthquake,"31 km NE of Imph?l, India",0.168,,7.9
usb000rvmt,2014-06-28 05:57:06.280000+00:00,2014-09-26T11:49:41.000Z,11.6352,93.4306,37.53,4.4,mb,,9.0,124.0,0.673,0.62,earthquake,"74 km E of Port Blair, India",0.191,,11.3
usc000rrp6,2014-06-26 17:12:48.860000+00:00,2014-09-26T11:49:39.000Z,8.9101,93.7767,43.21,4.2,mb,,11.0,143.0,2.911,0.48,earthquake,"Nicobar Islands, India region",0.16,,8.0
usc000rh4v,2014-06-18 03:04:09.550000+00:00,2014-09-19T17:22:41.000Z,24.7211,95.1007,101.17,4.3,mb,,13.0,86.0,3.058,1.19,earthquake,"105 km E of W?ngjing, India",0.169,,7.8
usc000rgty,2014-06-17 17:31:10.950000+00:00,2014-09-12T15:47:52.000Z,32.3316,76.4467,33.51,4.2,mb,,25.0,146.0,2.977,1.49,earthquake,"17 km NE of Dharamsala, India",0.121,,6.3
usc000rmsq,2014-06-16 21:30:01.230000+00:00,2014-09-12T15:48:06.000Z,10.3833,93.925,73.8,4.4,mb,,20.0,136.0,5.931,0.76,earthquake,"191 km SE of Port Blair, India",0.127,,10.0
usc000rfff,2014-06-14 05:24:27.440000+00:00,2014-09-12T15:47:28.000Z,26.8748,92.5167,10.0,4.3,mb,,18.0,91.0,3.072,1.21,earthquake,"15 km WNW of Rang?p?ra, India",0.142,,1.9
usc000rf2p,2014-06-13 13:32:52.870000+00:00,2022-05-03T16:54:36.331Z,33.292,75.5807,42.74,5.0,mb,,87.0,91.0,1.965,1.14,earthquake,"16 km N of Doda, India",0.062,,5.2
usc000rlqs,2014-06-10 19:45:45.760000+00:00,2014-08-30T17:02:52.000Z,10.9021,91.8209,27.97,4.0,mb,,8.0,197.0,1.175,0.38,earthquake,"131 km SW of Port Blair, India",0.183,,7.4
usc000rn31,2014-06-09 17:40:23.230000+00:00,2014-08-30T17:02:54.000Z,24.1878,91.5293,31.79,4.1,mb,,11.0,127.0,1.404,0.78,earthquake,"13 km NNW of Khowai, India",0.158,,5.8
usc000rgqv,2014-05-30 06:37:48.980000+00:00,2014-08-26T01:21:04.000Z,26.5567,90.227,10.0,4.0,mb,,16.0,146.0,1.766,1.15,earthquake,"17 km NNW of Kokrajhar, India",0.129,,1.9
usc000r8fh,2014-05-29 03:23:46.560000+00:00,2014-08-26T01:21:02.000Z,24.2536,94.4977,85.55,4.6,mb,,32.0,75.0,2.731,0.36,earthquake,"57 km SE of W?ngjing, India",0.097,,8.3
usb000r69q,2014-05-28 03:19:11.050000+00:00,2014-08-26T01:21:01.000Z,25.2405,95.1224,97.0,4.4,mb,,40.0,90.0,4.079,0.86,earthquake,"78 km SE of Phek, India",0.085,,5.0
usb000qy82,2014-05-21 16:21:54.350000+00:00,2022-07-26T15:30:47.952Z,18.2012,88.0376,47.23,6.0,mww,,,38.0,5.59,0.63,earthquake,"276 km SE of Kon?rka, India",,,3.7
usb000qtv9,2014-05-18 19:33:55.750000+00:00,2014-08-09T02:53:48.000Z,26.4109,92.9493,52.02,4.2,mb,,5.0,86.0,1.294,1.14,earthquake,"28 km SSE of Tezpur, India",0.236,,9.4
usc000r92m,2014-05-12 08:33:30.570000+00:00,2014-08-06T00:55:33.000Z,12.1894,95.2604,28.78,4.5,mb,,6.0,172.0,7.041,1.18,earthquake,"279 km ENE of Port Blair, India",0.222,,7.3
usc000r8zn,2014-05-11 11:11:26.030000+00:00,2014-08-06T00:55:30.000Z,7.7746,94.3282,72.05,4.4,mb,,30.0,70.0,3.628,0.92,earthquake,"Nicobar Islands, India region",0.098,,7.3
usb000r6k6,2014-05-09 20:23:23.760000+00:00,2014-08-06T00:55:28.000Z,13.4908,93.505,51.61,4.3,mb,,23.0,83.0,1.969,0.57,earthquake,"215 km NNE of Bamboo Flat, India",0.116,,8.2
usb000q65l,2014-05-01 00:56:11.700000+00:00,2014-07-27T21:51:14.000Z,13.6122,92.937,28.8,4.1,mb,,16.0,79.0,1.953,1.27,earthquake,"212 km N of Bamboo Flat, India",0.13,,5.0
usb000pr2b,2014-04-19 08:29:20.330000+00:00,2014-07-04T01:33:55.000Z,34.1021,76.2379,34.0,4.1,mb,,8.0,133.0,2.511,1.1,earthquake,"51 km SSE of Kargil, India",0.185,,6.2
usb000qq46,2014-04-14 11:07:21.110000+00:00,2014-07-01T02:38:08.000Z,11.0186,93.4677,148.61,4.2,mb,,9.0,179.0,0.951,0.67,earthquake,"106 km SE of Port Blair, India",0.186,,8.4
usc000pfib,2014-04-11 00:45:05.810000+00:00,2014-07-01T02:37:55.000Z,12.2036,93.1363,68.97,4.8,mb,,72.0,90.0,7.886,1.03,earthquake,"72 km NE of Bamboo Flat, India",0.067,,6.4
usc000p7dd,2014-04-06 06:37:58.910000+00:00,2014-06-11T06:06:10.000Z,25.461,93.8616,52.33,4.4,mb,,32.0,60.0,3.434,1.03,earthquake,"34 km SW of Koh?ma, India",0.102,,7.4
usc000p4ip,2014-04-04 06:57:43.460000+00:00,2014-06-11T06:06:07.000Z,23.0504,93.1676,41.45,4.2,mb,,20.0,102.0,1.454,1.24,earthquake,"13 km SE of North Vanlaiphai, India",0.125,,8.0
usc000nz4i,2014-04-01 17:45:04.700000+00:00,2014-05-29T23:32:12.000Z,26.2313,92.9947,41.23,4.4,mb,,47.0,78.0,3.746,0.96,earthquake,"28 km NNE of Hoj?i, India",0.082,,8.1
usb000pmi8,2014-03-31 04:36:32.410000+00:00,2014-05-29T23:32:10.000Z,12.6077,95.2356,10.0,4.1,mb,,11.0,155.0,6.807,1.03,earthquake,"290 km ENE of Port Blair, India",0.174,,1.9
usc000nu6m,2014-03-28 03:09:53.690000+00:00,2014-05-29T23:32:06.000Z,26.4089,95.8483,97.33,4.1,mb,,20.0,114.0,3.689,0.83,earthquake,"72 km SSE of Khonsa, India",0.157,,7.5
usc000p5a5,2014-03-26 14:31:25.890000+00:00,2014-05-29T23:32:05.000Z,25.9277,96.7983,50.45,4.1,mb,,9.0,121.0,6.273,1.0,earthquake,"30 km S of Sarupathar, India",0.198,,5.8
usc000p59t,2014-03-26 08:34:40.070000+00:00,2014-05-29T23:32:04.000Z,13.8067,92.8859,32.1,4.6,mb,,14.0,124.0,7.433,0.79,earthquake,"233 km N of Bamboo Flat, India",0.157,,4.0
usc000p34m,2014-03-24 09:53:00.190000+00:00,2014-05-24T00:54:43.000Z,7.5982,94.1602,10.0,4.2,mb,,5.0,196.0,3.634,1.13,earthquake,"Nicobar Islands, India region",0.236,,1.9
usc000nuy4,2014-03-21 15:10:21.060000+00:00,2014-05-24T00:54:37.000Z,7.3518,94.1824,10.0,4.6,mb,,16.0,173.0,3.464,0.96,earthquake,"Nicobar Islands, India region",0.151,,1.7
usc000nuzg,2014-03-21 14:05:07.740000+00:00,2014-05-24T00:54:37.000Z,7.2328,94.1691,10.0,4.6,mb,,2.0,178.0,6.539,0.65,earthquake,"Nicobar Islands, India region",0.385,,2.0
usc000nuyg,2014-03-21 13:52:20.150000+00:00,2014-05-24T00:54:36.000Z,7.6135,94.4067,10.0,4.8,mb,,14.0,79.0,6.641,1.16,earthquake,"Nicobar Islands, India region",0.168,,1.5
usc000njr9,2014-03-21 12:39:54.180000+00:00,2014-05-24T00:54:36.000Z,24.1764,94.2542,60.59,4.0,mb,,16.0,159.0,6.171,0.46,earthquake,"45 km SE of Kakching, India",0.134,,9.2
usc000nujm,2014-03-19 14:02:13.300000+00:00,2014-05-24T00:54:33.000Z,13.9102,94.0153,34.2,4.4,mb,,6.0,194.0,6.281,0.69,earthquake,"282 km NNE of Bamboo Flat, India",0.24,,6.7
usc000nswq,2014-03-18 12:48:43.290000+00:00,2014-05-16T21:51:48.000Z,12.8824,95.5253,35.0,4.2,mb,,6.0,107.0,6.418,0.82,earthquake,"Andaman Islands, India region",0.236,,2.0
usc000nnyl,2014-03-15 05:09:12.070000+00:00,2014-05-16T21:51:41.000Z,23.8952,93.8661,63.44,4.3,mb,,8.0,115.0,2.377,1.07,earthquake,"52 km SSE of Chur?ch?ndpur, India",0.217,,8.5
usc000n7lq,2014-03-11 11:23:54.090000+00:00,2014-05-15T02:24:25.000Z,13.6975,92.9178,35.0,4.8,mb,,67.0,56.0,2.036,1.08,earthquake,"222 km N of Bamboo Flat, India",0.071,,1.9
usc000nnrt,2014-03-09 23:01:13.630000+00:00,2014-05-15T02:24:00.000Z,12.4854,93.2534,68.68,4.1,mb,,7.0,98.0,0.963,0.58,earthquake,"104 km NE of Bamboo Flat, India",0.261,,7.5
usc000nnq9,2014-03-08 13:09:02.340000+00:00,2014-05-15T02:23:42.000Z,34.452,80.1638,36.09,4.4,mb,,12.0,133.0,5.779,1.18,earthquake,"239 km E of Leh, India",0.17,,7.7
usc000n8xu,2014-03-01 06:06:28.310000+00:00,2014-05-13T21:36:46.000Z,11.0427,91.8594,29.74,4.6,mb,,6.0,232.0,1.06,1.2,earthquake,"118 km SW of Bamboo Flat, India",0.222,,10.4
usc000mypg,2014-02-26 20:58:55.070000+00:00,2014-05-13T21:36:42.000Z,24.4736,93.7131,59.51,4.4,mb,,24.0,94.0,2.005,0.68,earthquake,"7 km WSW of Moir?ng, India",0.109,,7.7
usc000mx12,2014-02-23 17:04:52.940000+00:00,2022-07-26T07:57:52.238Z,27.013,92.5521,53.66,4.4,mb,,35.0,67.0,1.57,0.96,earthquake,"22 km NNW of Rang?p?ra, India",0.091,,7.0
usb000n1g8,2014-02-21 06:46:47.260000+00:00,2020-07-10T18:27:37.267Z,30.0104,76.1747,16.02,4.6,mb,,6.0,146.0,4.391,0.82,earthquake,"18 km ESE of Dirba, India",0.223,,4.9
usb000n0s2,2014-02-19 15:02:09.580000+00:00,2014-05-07T00:03:03.000Z,13.8225,92.8729,26.97,4.4,mb,,19.0,89.0,2.157,0.51,earthquake,"235 km N of Bamboo Flat, India",0.123,,5.9
usb000mycj,2014-02-16 05:19:24.200000+00:00,2014-04-30T21:18:22.000Z,9.9019,93.8018,120.55,4.0,mb,,13.0,91.0,2.029,0.88,earthquake,"226 km SSE of Port Blair, India",0.172,,6.9
usb000my2k,2014-02-13 06:23:38.100000+00:00,2014-04-30T21:18:18.000Z,11.4883,93.5434,139.49,4.2,mb,,18.0,150.0,0.8,0.9,earthquake,"89 km ESE of Port Blair, India",0.128,,8.0
usc000mvj2,2014-02-08 04:26:42.540000+00:00,2014-04-22T18:30:09.000Z,8.7287,92.067,30.02,4.0,mb,,8.0,206.0,2.983,0.51,earthquake,"Nicobar Islands, India region",0.211,,8.0
usc000mjuy,2014-02-07 03:15:20.800000+00:00,2014-04-22T18:30:07.000Z,11.8466,94.8755,61.21,4.5,mb,,35.0,109.0,2.096,1.2,earthquake,"232 km E of Port Blair, India",0.105,,6.5
usc000mvfg,2014-02-07 02:05:00.460000+00:00,2014-04-22T18:30:07.000Z,11.9395,95.1092,36.09,4.1,mb,,11.0,130.0,2.333,0.29,earthquake,"259 km E of Port Blair, India",0.198,,5.1
usc000mj84,2014-02-06 15:07:53.130000+00:00,2014-04-22T18:30:06.000Z,27.4652,96.9988,47.88,4.5,mb,,28.0,75.0,4.98,0.94,earthquake,"80 km SSE of Hayuliang, India",0.106,,7.8
usc000mftb,2014-02-02 23:44:01.200000+00:00,2025-12-22T16:47:27.679Z,12.2849,95.0592,34.18,5.2,mb,,192.0,45.0,2.35,0.73,earthquake,"261 km ENE of Port Blair, India",0.042,,0.8
usc000mnww,2014-01-27 20:12:46.480000+00:00,2014-03-27T18:15:44.000Z,14.2125,93.228,39.11,4.3,mb,,10.0,118.0,2.584,0.63,earthquake,"283 km NNE of Bamboo Flat, India",0.178,,5.8
usb000m63t,2014-01-22 05:22:01.180000+00:00,2014-03-27T18:15:34.000Z,34.2849,79.7826,43.74,4.2,mb,,8.0,135.0,5.449,0.72,earthquake,"203 km E of Leh, India",0.186,,7.0
usc000mi0d,2014-01-20 13:18:26.930000+00:00,2014-03-22T00:05:26.000Z,22.1231,92.7127,32.08,4.1,mb,,2.0,124.0,1.133,0.43,earthquake,"49 km SW of Saiha, India",0.37,,5.8
usc000mef2,2014-01-14 08:36:07.460000+00:00,2014-03-15T03:40:24.000Z,8.8629,93.6522,10.0,4.4,mb,,12.0,120.0,2.915,0.77,earthquake,"Nicobar Islands, India region",0.155,,1.6
usb000m7f8,2014-01-10 21:40:36+00:00,2014-03-15T03:39:02.000Z,28.2474,93.3721,15.05,4.1,mb,,19.0,65.0,2.444,1.19,earthquake,"85 km NNW of Ziro, India",0.127,,4.3
usb000m2pi,2013-12-30 09:44:13.340000+00:00,2014-02-28T08:44:13.000Z,24.1788,93.1207,38.13,4.2,mb,,,113.0,1.797,0.41,earthquake,"27 km NE of Darlawn, India",0.215,,5.7
usc000m09m,2013-12-29 11:49:53.110000+00:00,2014-02-28T08:44:12.000Z,11.7702,95.5246,21.93,4.1,mb,,,135.0,2.725,0.48,earthquake,"Andaman Islands, India region",0.303,,2.1
usc000m09n,2013-12-29 11:45:32.180000+00:00,2014-02-28T08:44:12.000Z,12.2956,95.1078,23.44,4.4,mb,,,88.0,2.398,1.07,earthquake,"266 km ENE of Port Blair, India",0.267,,6.8
usc000ly96,2013-12-25 02:58:01.870000+00:00,2014-02-28T08:44:07.000Z,10.9511,91.8813,28.0,4.3,mb,,,176.0,1.098,0.75,earthquake,"123 km SW of Port Blair, India",0.137,,6.6
usc000lnmu,2013-12-20 03:04:36.230000+00:00,2014-02-27T21:37:23.000Z,14.3321,93.0763,41.49,4.9,mb,,,49.0,2.679,0.7,earthquake,"293 km N of Bamboo Flat, India",0.074,,5.6
usb000ldz0,2013-12-09 08:38:59.800000+00:00,2014-02-15T01:32:14.000Z,35.4921,76.9208,69.06,4.0,mb,,,111.0,3.529,1.3,earthquake,"63 km N of Thang, India",0.156,,6.1
usb000ldyr,2013-12-09 07:39:37.860000+00:00,2014-02-15T01:32:14.000Z,9.6129,92.9987,34.98,4.9,mb,,,70.0,2.045,0.89,earthquake,"228 km S of Port Blair, India",0.061,,1.8
usb000ld6f,2013-12-07 01:06:38.870000+00:00,2014-02-15T01:32:11.000Z,11.4417,93.7452,154.3,4.6,mb,,,53.0,1.004,0.72,earthquake,"111 km ESE of Port Blair, India",0.095,,4.9
usb000lcjj,2013-12-06 10:09:01.050000+00:00,2014-02-15T01:32:11.000Z,32.8918,78.6622,41.12,4.3,mb,,,99.0,4.581,1.0,earthquake,"156 km ENE of Man?li, India",0.178,,8.4
usb000lb7b,2013-12-04 13:05:19.880000+00:00,2022-07-26T02:59:33.636Z,26.5885,89.5628,13.6,4.7,mb,,,73.0,2.299,0.87,earthquake,"12 km NNE of Al?pur Du?r, India",0.076,,2.0
usb000lb11,2013-12-04 03:59:16.650000+00:00,2014-02-15T01:32:08.000Z,13.8291,92.9508,32.44,4.7,mb,,,81.0,6.269,0.85,earthquake,"236 km N of Bamboo Flat, India",0.082,,5.0
usb000l7uv,2013-11-29 01:54:49.070000+00:00,2022-07-26T02:40:25.125Z,28.8721,95.8701,35.15,5.0,mb,,,40.0,4.225,0.63,earthquake,"103 km NNE of P?sigh?t, India",0.056,,3.8
usb000la0x,2013-11-27 17:29:33.670000+00:00,2014-02-12T01:08:35.000Z,26.2586,96.153,89.8,4.5,mb,,,95.0,3.93,0.81,earthquake,"65 km W of Sarupathar, India",0.181,,10.3
usb000l5la,2013-11-24 06:43:38.290000+00:00,2014-02-11T02:18:57.000Z,35.3548,77.0299,79.56,4.0,mb,,,183.0,3.54,1.07,earthquake,"52 km NNE of Thang, India",0.212,,8.6
usb000l2rk,2013-11-20 10:09:18.430000+00:00,2022-05-03T16:33:54.354Z,12.3975,95.1481,10.26,5.5,mwb,,,32.0,7.0,0.86,earthquake,"273 km ENE of Port Blair, India",0.048,,2.2
usb000l033,2013-11-16 19:22:19.690000+00:00,2014-01-31T21:22:23.000Z,35.3399,77.1125,58.79,4.3,mb,,,86.0,3.594,0.71,earthquake,"54 km NNE of Thang, India",0.097,,7.0
usb000kzjv,2013-11-15 22:21:08.700000+00:00,2014-01-31T21:22:21.000Z,34.5371,77.7468,30.76,4.2,mb,,,104.0,3.819,1.34,earthquake,"43 km NNE of Leh, India",0.146,,6.3
usb000kwcc,2013-11-12 19:52:14.180000+00:00,2014-01-31T21:22:17.000Z,24.4844,94.6661,88.79,4.4,mb,,,35.0,2.767,1.18,earthquake,"62 km E of W?ngjing, India",0.082,,6.7
usb000kvrg,2013-11-11 13:21:32.730000+00:00,2014-01-17T00:29:16.000Z,35.3447,77.1001,56.73,4.0,mb,,,109.0,3.587,0.78,earthquake,"54 km NNE of Thang, India",0.231,,7.3
usb000kz2g,2013-11-10 20:30:04.820000+00:00,2014-01-17T00:29:15.000Z,11.0579,91.893,31.1,4.4,mb,,,71.0,1.024,0.53,earthquake,"114 km SW of Bamboo Flat, India",0.139,,4.6
usb000ktgz,2013-11-06 14:53:14.040000+00:00,2022-07-26T01:06:56.194Z,31.726,76.1301,41.11,4.4,mb,,,120.0,3.082,0.97,earthquake,"9 km NE of Gagret, India",0.112,,6.3
usb000ktdx,2013-11-06 09:34:45.100000+00:00,2014-01-17T00:29:09.000Z,14.1439,93.0686,35.0,4.4,mb,,,66.0,2.493,1.09,earthquake,"273 km N of Bamboo Flat, India",0.143,,2.0
usb000kylc,2013-11-06 04:19:20.640000+00:00,2014-01-17T00:29:09.000Z,26.3701,93.5345,46.84,4.8,mb,,,57.0,1.709,0.88,earthquake,"30 km SSW of Bok?kh?t, India",0.121,,7.3
usb000ktbm,2013-11-06 04:16:16.060000+00:00,2022-07-26T01:04:27.812Z,26.4118,93.6451,34.32,5.4,mb,,,25.0,1.816,0.96,earthquake,"24 km SSW of Num?ligarh, India",0.045,,2.4
usb000ksbm,2013-11-04 12:56:22.710000+00:00,2014-01-10T10:03:47.000Z,14.2853,93.1914,41.67,4.8,mb,,,39.0,2.649,0.74,earthquake,"290 km N of Bamboo Flat, India",0.063,,4.8
usb000kry8,2013-11-03 06:54:07.290000+00:00,2014-01-10T10:03:44.000Z,10.5493,92.8679,54.51,4.8,mb,,,46.0,1.106,0.87,earthquake,"124 km S of Port Blair, India",0.065,,6.0
usc000kpl5,2013-10-28 08:40:40.080000+00:00,2014-01-03T00:32:56.000Z,9.8456,92.7587,45.27,4.4,mb,,,96.0,1.798,1.36,earthquake,"201 km S of Port Blair, India",0.112,,7.6
usc000kpkb,2013-10-28 07:34:46.900000+00:00,2014-01-03T00:32:56.000Z,8.5861,93.4763,36.19,4.5,mb,,,98.0,3.134,1.15,earthquake,"Nicobar Islands, India region",0.121,,6.8
usb000ky9i,2013-10-28 01:08:09.480000+00:00,2014-01-03T00:32:56.000Z,25.2388,95.5348,44.81,4.0,mb,,,166.0,3.343,0.75,earthquake,"114 km ESE of Phek, India",0.299,,16.3
usb000kxat,2013-10-26 11:06:22.610000+00:00,2014-01-03T00:32:55.000Z,14.3674,93.0966,10.0,4.2,mb,,,56.0,2.717,1.06,earthquake,"297 km N of Bamboo Flat, India",0.176,,1.9
usc000knei,2013-10-26 00:05:03.550000+00:00,2014-01-03T00:32:54.000Z,33.1049,75.9359,41.6,4.5,mb,,,101.0,2.297,0.68,earthquake,"24 km NE of Bhadarw?h, India",0.084,,6.9
usb000kx8x,2013-10-24 20:14:31.690000+00:00,2014-01-03T00:32:52.000Z,14.3021,92.9677,30.17,4.2,mb,,,112.0,2.639,0.96,earthquake,"289 km N of Bamboo Flat, India",0.216,,5.9
usc000kmdj,2013-10-24 17:57:36.970000+00:00,2022-05-03T16:30:26.250Z,14.2917,93.0654,23.0,5.4,mwb,,,19.0,2.638,0.91,earthquake,"289 km N of Bamboo Flat, India",0.042,,1.7
usc000km5a,2013-10-24 09:12:40.910000+00:00,2014-01-03T00:32:52.000Z,35.3041,77.1447,51.38,4.2,mb,,,95.0,3.601,1.2,earthquake,"52 km NE of Thang, India",0.186,,4.7
usb000khr2,2013-10-21 02:27:13.710000+00:00,2022-05-03T17:54:28.260Z,35.3406,77.0837,48.7,5.4,mwb,,,20.0,3.573,1.13,earthquake,"52 km NNE of Thang, India",0.065,,4.6
usb000khr1,2013-10-21 02:26:11.140000+00:00,2013-12-30T23:41:16.000Z,35.2895,76.9996,35.0,4.5,mb,,,109.0,3.488,1.11,earthquake,"44 km NNE of Thang, India",0.109,,2.0
usb000khnw,2013-10-20 19:45:07.850000+00:00,2025-12-22T17:16:10.043Z,35.7595,77.4189,96.76,5.4,mb,,,47.0,4.014,0.72,earthquake,"108 km NNE of Thang, India",0.047,,5.1
usc000kpbk,2013-10-17 00:33:14.310000+00:00,2013-12-30T23:41:11.000Z,14.0582,93.0065,31.88,4.2,mb,,,77.0,2.401,1.15,earthquake,"262 km N of Bamboo Flat, India",0.199,,5.5
usb000kiwf,2013-10-15 00:41:03.450000+00:00,2013-12-30T23:41:07.000Z,10.6106,91.4722,10.0,4.6,mb,,,124.0,1.623,0.92,earthquake,"181 km SW of Bamboo Flat, India",0.158,,1.9
usb000kiuq,2013-10-13 05:52:59.140000+00:00,2013-12-24T01:43:00.000Z,10.7355,91.7454,10.03,4.1,mb,,,211.0,1.34,0.55,earthquake,"150 km SW of Port Blair, India",0.261,,3.2
usb000k9ep,2013-10-09 11:35:59.580000+00:00,2013-12-24T01:42:57.000Z,10.2984,92.2811,9.84,4.3,mb,,,88.0,1.423,0.88,earthquake,"159 km SSW of Port Blair, India",0.134,,2.8
usb000kdg7,2013-10-08 09:31:11+00:00,2013-12-24T01:42:56.000Z,9.7794,93.8132,35.0,4.6,mb,,,71.0,8.112,0.99,earthquake,"239 km SSE of Port Blair, India",0.105,,1.9
usb000kdfs,2013-10-07 20:53:58.620000+00:00,2013-12-19T02:51:38.000Z,26.2602,92.9225,7.87,4.2,mb,,,64.0,1.183,1.04,earthquake,"29 km NNE of Hoj?i, India",0.175,,4.7
usb000k7lw,2013-10-06 06:59:11.030000+00:00,2013-12-19T02:51:36.000Z,12.9734,92.981,35.19,4.5,mb,,,93.0,1.33,1.14,earthquake,"143 km NNE of Bamboo Flat, India",0.118,,3.0
usb000k57j,2013-10-03 06:12:39.140000+00:00,2022-07-25T23:12:46.780Z,27.2898,88.4022,9.87,5.2,mb,,,37.0,3.395,0.61,earthquake,"11 km WNW of Singtam, India",0.044,,2.4
usb000k1re,2013-09-28 19:50:32.960000+00:00,2013-12-13T09:00:36.000Z,24.8368,94.7407,91.29,4.2,mb,,,108.0,2.712,0.63,earthquake,"72 km ENE of Yairipok, India",0.105,,6.6
usb000k60p,2013-09-26 05:30:05.660000+00:00,2013-12-13T09:00:33.000Z,23.8621,93.2795,55.92,4.6,mb,,,162.0,6.127,0.58,earthquake,"39 km ESE of Darlawn, India",0.146,,7.7
usb000jyfq,2013-09-18 15:43:05.060000+00:00,2013-12-09T21:11:08.000Z,13.0868,93.2103,53.16,4.4,mb,,,77.0,1.493,0.32,earthquake,"162 km NNE of Bamboo Flat, India",0.17,,10.1
usc000jrh5,2013-09-11 10:09:40.650000+00:00,2013-11-19T17:37:23.000Z,10.4984,92.3039,27.68,4.5,mb,,,94.0,1.228,0.95,earthquake,"137 km SSW of Port Blair, India",0.097,,5.3
usb000jm0y,2013-09-09 11:58:16.360000+00:00,2013-11-15T03:20:29.000Z,27.1438,92.3593,10.0,4.5,mb,,,53.0,1.634,0.9,earthquake,"14 km SSW of Bomdila, India",0.088,,1.8
usb000jkq0,2013-09-07 03:24:56.240000+00:00,2013-11-15T03:20:26.000Z,25.3564,95.0718,81.93,4.5,mb,,,73.0,2.914,0.74,earthquake,"66 km ESE of Phek, India",0.099,,6.5
usb000jirl,2013-09-05 18:11:28.600000+00:00,2013-11-15T03:20:25.000Z,33.2221,75.404,10.24,4.5,mb,,,116.0,1.836,0.8,earthquake,"14 km NE of Batoti, India",0.156,,2.8
usb000ji46,2013-09-05 01:13:34.180000+00:00,2013-11-15T03:20:24.000Z,9.3496,93.852,46.16,4.2,mb,,,144.0,2.537,0.51,earthquake,"283 km SSE of Port Blair, India",0.147,,13.1
usc000jqxv,2013-09-04 15:35:05.770000+00:00,2013-11-15T03:20:24.000Z,8.5865,93.7843,66.29,4.3,mb,,,127.0,3.217,0.97,earthquake,"Nicobar Islands, India region",0.153,,9.3
usb000jfkv,2013-09-03 08:06:19.150000+00:00,2013-11-15T03:20:22.000Z,33.2574,75.8656,10.0,4.2,mb,,,152.0,2.206,0.6,earthquake,"11 km SE of Kishtw?r, India",0.175,,1.9
usb000jehx,2013-08-31 21:06:34.490000+00:00,2013-11-06T01:33:37.000Z,28.7788,94.4454,29.91,4.5,mb,,,72.0,3.042,0.73,earthquake,"28 km NNE of Shi Yomi, India",0.061,,5.3
usb000jd2p,2013-08-29 10:13:24.110000+00:00,2022-07-25T21:22:14.603Z,31.4785,76.2727,38.33,4.4,mb,,,146.0,3.335,0.84,earthquake,"1 km NNE of Una, India",0.139,,6.6
usb000jc6e,2013-08-21 12:56:30.410000+00:00,2013-10-25T20:09:29.000Z,24.5651,94.7308,95.01,4.2,mb,,,117.0,2.791,1.44,earthquake,"67 km E of W?ngjing, India",0.215,,6.8
usb000j81c,2013-08-21 08:41:51.110000+00:00,2013-10-25T20:09:27.000Z,26.6379,92.5235,53.17,4.2,mb,,,98.0,1.223,0.93,earthquake,"8 km SSE of Dhekiajuli, India",0.159,,8.4
usb000j80x,2013-08-21 06:57:21.490000+00:00,2013-10-25T20:09:26.000Z,26.6306,92.5269,54.4,4.2,mb,,,87.0,1.219,1.13,earthquake,"9 km SSE of Dhekiajuli, India",0.152,,8.0
usb000j66f,2013-08-18 23:53:31.680000+00:00,2013-10-19T02:41:50.000Z,33.2183,75.8728,44.81,4.8,mb,,,45.0,5.831,0.58,earthquake,"14 km SE of Kishtw?r, India",0.055,,6.4
usb000jabt,2013-08-18 00:14:38.750000+00:00,2013-10-19T02:41:49.000Z,11.1044,95.1931,10.2,4.2,mb,,,177.0,7.906,0.47,earthquake,"274 km ESE of Port Blair, India",0.373,,1.9
usb000j5jv,2013-08-17 14:41:18.980000+00:00,2013-10-19T02:41:48.000Z,11.183,93.3084,62.42,4.6,mb,,,105.0,6.925,0.83,earthquake,"81 km SE of Port Blair, India",0.105,,5.6
usb000j3xu,2013-08-15 16:51:35.710000+00:00,2013-10-19T02:41:43.000Z,11.0299,95.039,22.65,4.6,mb,,,56.0,2.335,0.8,earthquake,"259 km ESE of Port Blair, India",0.071,,4.4
usb000j2ka,2013-08-13 21:25:27.690000+00:00,2013-10-19T02:41:41.000Z,25.5549,96.2594,57.67,4.3,mb,,,111.0,3.977,0.69,earthquake,"90 km SW of Sarupathar, India",0.177,,8.7
usb000j2w5,2013-08-06 18:36:30.500000+00:00,2020-07-10T18:14:55.244Z,23.3104,88.4902,35.88,4.5,mb,,,112.0,3.802,0.76,earthquake,"9 km NE of Sh?ntipur, India",0.383,,8.6
usb000j2v5,2013-08-05 14:46:00.350000+00:00,2013-09-25T17:45:53.000Z,33.3339,75.9342,50.45,4.1,mb,,,148.0,2.249,0.89,earthquake,"15 km E of Kishtw?r, India",0.37,,7.7
usb000ivha,2013-08-05 13:57:48.780000+00:00,2013-09-25T17:45:53.000Z,33.4569,76.0182,46.77,4.3,mb,,,145.0,2.304,0.89,earthquake,"28 km NE of Kishtw?r, India",0.143,,7.7
usb000iug2,2013-08-02 21:37:46.070000+00:00,2022-07-25T19:33:52.894Z,33.2967,75.9504,42.43,5.2,mb,,,44.0,2.269,0.93,earthquake,"17 km E of Kishtw?r, India",0.048,,4.8
usb000itvz,2013-08-02 02:32:47.770000+00:00,2022-07-25T19:30:16.374Z,33.2663,75.9377,14.12,5.0,mwb,,,43.0,2.264,0.68,earthquake,"16 km ESE of Kishtw?r, India",0.073,,3.3
usb000iztl,2013-07-29 13:07:03+00:00,2015-06-22T20:11:47.742Z,23.2863,70.4026,20.0,4.0,mb,,,126.0,10.628,0.95,earthquake,"6 km ESE of Bhach?u, India",0.157,7.4,6.2
usc000ircx,2013-07-29 02:26:29.740000+00:00,2014-11-07T01:51:21.234Z,14.038,92.892,29.1,4.5,mb,32.0,23.0,68.0,,1.02,earthquake,"259 km N of Bamboo Flat, India",,,5.2
usb000ilwn,2013-07-24 19:51:54.990000+00:00,2014-11-07T01:51:20.090Z,12.978,93.235,34.5,4.7,mb,44.0,33.0,148.0,,0.57,earthquake,"152 km NNE of Bamboo Flat, India",,,6.1
usb000idsv,2013-07-13 17:49:36.640000+00:00,2022-07-25T18:21:57.364Z,32.383,76.535,25.5,4.4,mb,64.0,43.0,93.0,,1.23,earthquake,"27 km NE of Dharamsala, India",,,5.8
usp000k1xk,2013-07-12 07:01:32.200000+00:00,2014-11-07T01:51:15.636Z,26.267,90.7,48.2,4.1,mb,12.0,8.0,166.0,,0.63,earthquake,"6 km SSE of Abhay?puri, India",,,13.3
usp000k1x3,2013-07-11 23:25:59.490000+00:00,2014-11-07T01:51:15.589Z,10.913,91.681,30.7,4.2,mb,41.0,25.0,104.0,,0.52,earthquake,"142 km SW of Bamboo Flat, India",,,5.9
usp000k1wu,2013-07-11 18:48:12.420000+00:00,2014-11-07T01:51:15.537Z,29.094,95.935,26.4,4.2,mb,9.0,1.0,138.0,,0.5,earthquake,"127 km NNW of Hayuliang, India",,,7.8
usp000k1v5,2013-07-09 15:52:34.080000+00:00,2014-11-07T01:51:14.610Z,32.85,78.327,36.9,4.0,mb,12.0,2.0,134.5,,1.06,earthquake,"125 km ENE of Kyelang, India",,,24.0
usb000i9y4,2013-07-09 13:49:18.870000+00:00,2014-11-07T01:51:14.566Z,32.765,78.197,49.9,5.0,mb,144.0,110.0,41.0,,0.99,earthquake,"111 km ENE of Man?li, India",,,2.9
usp000k1tj,2013-07-08 03:44:20.050000+00:00,2014-11-07T01:51:14.269Z,23.84,91.359,10.1,4.1,mb,19.0,12.0,100.0,,1.15,earthquake,"0 km NW of R?n?r B?z?r, India",,,5.4
usp000k1s8,2013-07-06 21:41:53.420000+00:00,2014-11-07T01:51:14.019Z,25.937,93.412,48.9,4.1,mb,14.0,4.0,113.0,,0.55,earthquake,"10 km N of Diphu, India",,,5.7
usb000i2kc,2013-06-28 15:35:55.270000+00:00,2014-11-07T01:51:07.993Z,10.623,93.507,109.7,4.8,mb,96.0,89.0,27.0,,1.01,earthquake,"142 km SE of Port Blair, India",,,3.7
usc000i0ki,2013-06-26 05:48:47.180000+00:00,2014-11-07T01:51:07.554Z,9.379,91.246,30.5,5.3,mb,107.0,109.0,46.0,,0.88,earthquake,"Nicobar Islands, India region",,,3.2
usp000k1ah,2013-06-18 02:25:35.300000+00:00,2014-11-07T01:51:05.527Z,6.266,87.411,15.0,4.3,mb,24.0,17.0,138.0,,0.8,earthquake,Bay of Bengal,,,5.2
usc000hh4l,2013-06-06 13:03:26+00:00,2014-11-07T01:51:01.732Z,10.549,91.699,24.2,4.6,mb,50.0,40.0,57.0,,0.89,earthquake,"168 km SW of Port Blair, India",,,4.3
usc000hgjk,2013-06-05 22:04:03.100000+00:00,2014-11-07T01:51:01.215Z,32.907,76.286,43.3,4.0,mb,45.0,21.0,107.0,,1.4,earthquake,"41 km NNE of Chamba, India",,,7.5
usb000hd78,2013-06-04 17:34:50.750000+00:00,2022-07-25T04:25:18.105Z,32.672,76.601,41.1,4.9,mb,165.0,149.0,45.0,,0.99,earthquake,"41 km WNW of Kyelang, India",,,5.7
us2013rade,2013-06-04 17:24:20.240000+00:00,2014-11-07T01:51:00.787Z,19.884,68.094,15.2,4.1,mb,27.0,18.0,154.0,,0.57,earthquake,"250 km SW of Porbandar, India",,,5.5
usb000hbd2,2013-06-01 13:28:53.880000+00:00,2022-07-25T04:14:50.015Z,22.02,88.572,10.0,4.1,mb,21.0,16.0,102.0,,1.0,earthquake,"22 km NE of Kultali, India",,,
usp000k0q5,2013-05-15 17:33:12.100000+00:00,2014-11-07T01:50:48.676Z,8.385,92.298,43.9,4.0,mb,18.0,5.0,136.2,,1.37,earthquake,"Nicobar Islands, India region",,,15.6
us2013qec4,2013-05-14 20:03:36.620000+00:00,2014-11-07T01:50:48.345Z,33.087,75.709,48.0,4.7,mb,110.0,80.0,89.0,,0.98,earthquake,"11 km N of Bhadarw?h, India",,,7.1
usc000gwrb,2013-05-14 20:00:07.770000+00:00,2014-11-07T01:50:48.336Z,33.101,75.727,61.7,4.7,mb,93.0,55.0,106.0,,1.18,earthquake,"13 km N of Bhadarw?h, India",,,3.7
usc000gwr4,2013-05-14 19:58:24.430000+00:00,2014-11-07T01:50:48.330Z,33.121,75.735,35.7,4.3,mb,42.0,19.0,133.0,,1.05,earthquake,"15 km N of Bhadarw?h, India",,,7.3
us2013qecn,2013-05-14 14:57:00.920000+00:00,2014-11-07T01:50:48.255Z,13.898,93.068,30.7,4.1,mb,26.0,7.0,72.0,,0.48,earthquake,"246 km N of Bamboo Flat, India",,,14.3
us2013pxdb,2013-05-07 15:01:45.820000+00:00,2014-11-07T01:50:45.521Z,13.817,92.914,30.1,4.3,mb,23.0,4.0,123.9,,0.54,earthquake,"235 km N of Bamboo Flat, India",,,18.0
usc000gpk4,2013-05-06 20:53:55.860000+00:00,2014-11-07T01:50:45.242Z,13.151,92.244,32.6,4.4,mb,11.0,7.0,165.1,,0.83,earthquake,"168 km NNW of Bamboo Flat, India",,,31.4
usc000gmi9,2013-05-03 04:16:09.700000+00:00,2014-11-07T01:50:43.698Z,12.887,93.333,62.7,4.5,mb,74.0,27.0,58.3,,0.71,earthquake,"147 km NNE of Bamboo Flat, India",,,
us2013ptcb,2013-05-03 03:25:43.560000+00:00,2014-11-07T01:50:43.693Z,5.876,92.588,10.0,4.3,mb,26.0,5.0,149.7,,1.16,earthquake,off the west coast of northern Sumatra,,,
usp000k0ht,2013-05-02 00:30:41.250000+00:00,2014-11-07T01:50:43.256Z,33.121,75.827,15.8,4.3,mb,21.0,5.0,205.0,,1.08,earthquake,"18 km NNE of Bhadarw?h, India",,,6.3
usp000k0hs,2013-05-02 00:30:07.400000+00:00,2014-11-07T01:50:43.237Z,32.964,75.69,10.0,4.2,mb,59.0,10.0,86.5,,1.29,earthquake,"3 km SW of Bhadarw?h, India",,,
usb000gjjv,2013-05-01 09:19:45.930000+00:00,2022-07-25T01:05:45.381Z,33.001,75.764,10.0,4.6,mb,96.0,63.0,73.0,,0.82,earthquake,"4 km ENE of Bhadarw?h, India",,,2.8
usp000k0h5,2013-05-01 07:05:36.310000+00:00,2014-11-07T01:50:42.542Z,33.055,75.724,10.0,4.2,mb,24.0,3.0,148.0,,1.41,earthquake,"8 km N of Bhadarw?h, India",,,3.1
usb000gjhz,2013-05-01 06:57:13.480000+00:00,2022-07-25T01:04:28.396Z,33.061,75.863,15.0,5.7,mww,137.0,,25.0,,1.11,earthquake,"16 km ENE of Bhadarw?h, India",,,
usb000gikz,2013-04-30 09:41:51.600000+00:00,2014-11-07T01:50:39.865Z,33.152,75.741,10.0,4.5,mb,97.0,64.0,80.0,,0.81,earthquake,"18 km E of Doda, India",,,
us2013pmce,2013-04-27 05:16:56.250000+00:00,2014-11-07T01:50:39.021Z,27.513,92.644,28.3,4.4,mb,43.0,33.0,74.0,,0.9,earthquake,"35 km NE of Bomdila, India",,,6.0
us2013pmcc,2013-04-27 03:17:13.120000+00:00,2014-11-07T01:50:39.006Z,27.608,92.992,28.9,4.1,mb,27.0,5.0,152.3,,0.78,earthquake,"67 km NE of Bomdila, India",,,17.5
us2013pedr,2013-04-19 06:35:52.970000+00:00,2014-11-07T01:50:35.824Z,27.333,87.853,47.1,4.2,mb,17.0,6.0,169.0,,1.03,earthquake,"40 km W of Gyalshing, India",,,9.5
us2013pddr,2013-04-18 21:18:43.630000+00:00,2014-11-07T01:50:35.679Z,13.912,93.101,34.4,4.2,mb,32.0,3.0,92.2,,0.42,earthquake,"248 km N of Bamboo Flat, India",,,18.7
usp000k08v,2013-04-17 03:01:38.230000+00:00,2014-11-07T01:50:34.886Z,33.249,76.663,42.2,4.0,mb,35.0,7.0,145.0,,1.2,earthquake,"31 km SW of Padam, India",,,10.5
usb000g7uy,2013-04-16 08:34:14.090000+00:00,2014-11-07T01:50:34.430Z,28.887,95.15,39.5,5.2,mb,230.0,180.0,15.0,,0.57,earthquake,"Arunachal Pradesh, India",,,3.4
usb000g7ns,2013-04-16 01:23:23.420000+00:00,2022-07-24T23:37:52.889Z,26.06,91.979,43.8,4.4,mb,61.0,34.0,63.0,,1.14,earthquake,"19 km ESE of Dispur, India",,,8.9
usp000k07d,2013-04-14 09:55:42.660000+00:00,2014-11-07T01:50:33.922Z,13.027,93.436,94.3,4.1,mb,31.0,9.0,84.0,,0.61,earthquake,"166 km NNE of Bamboo Flat, India",,,5.5
usb000fsld,2013-03-26 04:26:19.060000+00:00,2014-11-07T01:50:23.343Z,11.05,93.477,129.8,4.5,mb,59.0,39.0,49.0,,1.16,earthquake,"104 km SE of Port Blair, India",,,5.7
us2013mza2,2013-03-20 23:02:05.960000+00:00,2014-11-07T01:50:22.119Z,14.37,93.123,32.0,4.3,mb,26.0,15.0,84.0,,1.39,earthquake,"298 km N of Bamboo Flat, India",,,6.3
usb000fpdb,2013-03-20 02:10:26.630000+00:00,2014-11-07T01:50:21.836Z,12.599,93.703,103.6,4.7,mb,79.0,47.0,73.0,,0.99,earthquake,"146 km NE of Bamboo Flat, India",,,5.3
us2013mwaf,2013-03-17 04:17:39.470000+00:00,2014-11-07T01:50:21.146Z,29.101,95.869,27.0,4.4,mb,46.0,11.0,67.7,,0.75,earthquake,"126 km NNE of P?sigh?t, India",,,
usc000ff4h,2013-03-02 01:30:38.630000+00:00,2022-07-24T19:30:33.038Z,24.677,92.222,38.7,5.2,mwb,268.0,,18.8,,0.63,earthquake,"25 km SSW of Kar?mganj, India",,,
us2013maat,2013-02-24 15:16:42.440000+00:00,2014-11-07T01:50:11.380Z,29.945,94.95,35.0,4.0,mb,14.0,7.0,212.9,,0.95,earthquake,"166 km NNE of Shi Yomi, India",,,
us2013maan,2013-02-24 14:33:21.710000+00:00,2014-11-07T01:50:11.342Z,11.011,91.998,19.9,4.7,mb,58.0,17.0,74.2,,0.82,earthquake,"109 km SW of Port Blair, India",,,14.5
usp000jzeu,2013-02-19 17:16:47.680000+00:00,2014-11-07T01:50:09.844Z,7.92,91.913,37.9,4.4,mb,37.0,12.0,98.2,,0.67,earthquake,"Nicobar Islands, India region",,,6.4
usc000f5fv,2013-02-11 10:48:52.100000+00:00,2022-07-24T17:54:13.828Z,30.969,78.268,10.0,4.6,mb,105.0,35.0,84.6,,0.94,earthquake,"18 km NNE of Barkot, India",,,
usc000f9hq,2013-02-06 19:05:30.740000+00:00,2014-11-07T01:50:02.972Z,34.347,80.606,10.0,4.2,mb,41.0,5.0,96.0,,0.75,earthquake,"279 km E of Leh, India",,,
usc000f2iq,2013-02-06 19:01:45.700000+00:00,2014-11-07T01:50:02.961Z,34.247,80.424,16.6,4.9,mb,147.0,64.0,47.5,,0.95,earthquake,"261 km E of Leh, India",,,9.4
usc000f18y,2013-02-05 03:57:27.240000+00:00,2014-11-07T01:50:00.686Z,13.857,92.933,16.4,4.8,mb,125.0,59.0,51.4,,1.02,earthquake,"239 km N of Bamboo Flat, India",,,13.8
usp000jyzk,2013-02-04 01:19:28.890000+00:00,2014-11-07T01:50:00.441Z,11.724,92.699,44.8,4.6,mb,112.0,37.0,56.5,,0.93,earthquake,"3 km NW of Bamboo Flat, India",,,4.4
usc000ezb1,2013-01-31 20:31:00.640000+00:00,2014-11-07T01:49:55.362Z,13.975,93.088,46.3,4.6,mb,30.0,6.0,58.6,,1.12,earthquake,"254 km N of Bamboo Flat, India",,,11.6
usp000jyqg,2013-01-22 15:49:24.010000+00:00,2014-11-07T01:49:52.528Z,34.214,80.306,37.8,4.0,mb,31.0,1.0,96.1,,1.07,earthquake,"250 km E of Leh, India",,,8.6
usp000jy7t,2013-01-11 09:10:14.980000+00:00,2014-11-07T01:49:48.893Z,13.304,92.342,35.0,4.9,mb,114.0,77.0,51.7,,0.63,earthquake,"182 km NNW of Bamboo Flat, India",,,
usp000jy3c,2013-01-09 01:41:53.260000+00:00,2024-06-17T20:55:42.290Z,25.329,95.048,93.0,5.8,mww,482.0,,14.7,,0.99,earthquake,"66 km SE of Phek, India",,,
usp000jy0m,2013-01-07 05:32:42.820000+00:00,2014-11-07T01:49:47.391Z,28.216,94.242,10.0,4.2,mb,35.0,10.0,63.6,,0.84,earthquake,"37 km SSW of Shi Yomi, India",,,
usp000jxs4,2013-01-03 05:47:27.730000+00:00,2014-11-07T01:49:45.407Z,24.886,94.002,73.8,4.4,mb,55.0,18.0,86.6,,0.8,earthquake,"10 km NE of Imph?l, India",,,5.7
usp000jxkz,2012-12-30 08:16:43.130000+00:00,2014-11-07T01:49:41.012Z,24.209,91.782,22.5,4.3,mb,19.0,4.0,119.5,,1.08,earthquake,"5 km WNW of Kamalpur, India",,,22.7
usp000jwp1,2012-12-08 07:06:10.080000+00:00,2014-11-07T01:49:34.337Z,22.96,70.302,10.0,4.1,mb,40.0,16.0,128.1,,0.87,earthquake,"11 km SE of K?ndla, India",,,
usp000jwfx,2012-12-05 08:05:03.300000+00:00,2014-11-07T01:49:32.848Z,25.019,95.094,105.1,4.2,mb,39.0,12.0,117.3,,0.8,earthquake,"93 km SE of Phek, India",,,6.5
usp000jw9j,2012-11-30 19:39:30.580000+00:00,2015-03-24T02:15:46.918Z,27.22,88.2,25.0,4.7,mb,84.0,30.0,116.4,,0.92,earthquake,"9 km SW of Gyalshing, India",,,11.3
usp000jw8p,2012-11-30 03:52:20.700000+00:00,2014-11-07T01:49:27.767Z,25.683,95.998,97.2,4.4,mb,18.0,8.0,113.2,,0.64,earthquake,"99 km SW of Sarupathar, India",,,15.0
usp000jw4z,2012-11-27 12:15:16.870000+00:00,2015-03-24T01:34:25.224Z,30.9,78.422,23.4,4.4,mb,73.0,31.0,51.7,,0.79,earthquake,"18 km N of Uttark?shi, India",,,9.4
usp000jw44,2012-11-26 23:13:52.470000+00:00,2014-11-07T01:49:26.694Z,13.85,93.637,53.7,5.1,mb,133.0,74.0,47.3,,0.81,earthquake,"257 km NNE of Bamboo Flat, India",,,4.4
usp000jw1n,2012-11-25 06:01:45.530000+00:00,2014-11-07T01:49:26.257Z,23.62,91.482,39.8,4.5,mb,59.0,15.0,60.3,,0.65,earthquake,"9 km N of Udaipur, India",,,5.0
usp000jvdc,2012-11-11 20:23:12.680000+00:00,2014-11-07T01:49:20.803Z,32.294,76.331,10.0,4.0,mb,21.0,2.0,116.7,,0.96,earthquake,"8 km N of Dharamsala, India",,,
usp000juy9,2012-11-02 21:31:48.630000+00:00,2014-11-07T01:49:17.435Z,24.893,95.088,106.1,4.5,mb,49.0,13.0,85.7,,0.96,earthquake,"104 km SE of Phek, India",,,6.3
usp000juux,2012-10-31 19:53:56.140000+00:00,2014-11-07T01:49:12.342Z,8.305,93.974,76.0,4.3,mb,17.0,4.0,163.8,,0.91,earthquake,"Nicobar Islands, India region",,,23.3
usp000jus2,2012-10-30 01:40:26.490000+00:00,2014-11-07T01:49:11.684Z,26.117,92.337,62.0,4.6,mb,36.0,6.0,102.0,,0.67,earthquake,"14 km S of Morigaon, India",,,6.2
usp000juj1,2012-10-28 03:08:52.410000+00:00,2014-11-07T01:49:09.419Z,10.345,92.575,58.3,5.0,mb,56.0,10.0,54.4,,1.02,earthquake,"147 km S of Port Blair, India",,,6.7
usp000jugz,2012-10-27 18:50:52.600000+00:00,2014-11-07T01:49:09.138Z,13.643,92.925,21.1,4.4,mb,20.0,2.0,78.6,,0.94,earthquake,"216 km N of Bamboo Flat, India",,,19.4
usp000judc,2012-10-24 21:07:40.670000+00:00,2014-11-07T01:49:08.448Z,28.858,94.39,10.0,4.0,mb,19.0,5.0,112.9,,1.02,earthquake,"36 km N of Shi Yomi, India",,,
usp000ju7f,2012-10-20 18:27:09.840000+00:00,2014-11-07T01:49:07.219Z,28.319,91.838,25.9,4.2,mb,27.0,7.0,114.3,,0.99,earthquake,"82 km N of Tawang, India",,,20.3
usp000ju77,2012-10-20 10:38:19.600000+00:00,2014-11-07T01:49:07.173Z,7.381,91.799,25.9,4.5,mb,34.0,10.0,67.8,,0.76,earthquake,"Nicobar Islands, India region",,,
usp000ju41,2012-10-18 02:33:27.970000+00:00,2024-06-17T20:22:17.842Z,23.769,81.314,10.0,5.0,mb,153.0,75.0,39.7,,0.86,earthquake,"12 km NW of Jaisinghnagar, India",,,
usp000jtx5,2012-10-12 23:16:14.620000+00:00,2014-11-07T01:49:04.915Z,24.548,94.017,35.0,4.0,mb,16.0,2.0,114.1,,0.99,earthquake,"6 km SW of W?ngjing, India",,,
usp000jttc,2012-10-10 05:29:56.710000+00:00,2014-11-07T01:49:04.291Z,26.064,96.368,52.6,4.2,mb,28.0,6.0,114.3,,0.65,earthquake,"46 km WSW of Sarupathar, India",,,9.1
usp000jtrg,2012-10-08 17:46:20.670000+00:00,2022-05-03T15:51:41.767Z,31.832,78.444,10.0,4.9,mb,61.0,16.0,51.3,,0.98,earthquake,"71 km ENE of Sar?han, India",,,
usp000jtfr,2012-10-03 10:49:26.470000+00:00,2014-11-07T01:49:02.004Z,32.296,76.254,10.0,4.2,mb,40.0,8.0,85.5,,1.3,earthquake,"10 km NW of Dharamsala, India",,,
usp000jtfn,2012-10-03 10:04:50.650000+00:00,2014-11-07T01:49:01.997Z,33.498,75.963,35.0,4.1,mb,15.0,4.0,154.2,,1.25,earthquake,"27 km NE of Kishtw?r, India",,,
usp000jte6,2012-10-02 18:51:38.010000+00:00,2014-11-07T01:49:01.153Z,26.913,92.939,37.8,4.5,mb,67.0,23.0,50.4,,0.79,earthquake,"28 km ENE of Rang?p?ra, India",,,
usp000jte5,2012-10-02 18:40:42.920000+00:00,2014-11-07T01:49:01.143Z,26.953,92.994,35.0,4.6,mb,61.0,22.0,67.5,,0.96,earthquake,"34 km ENE of Rang?p?ra, India",,,
usp000jte2,2012-10-02 18:37:38.700000+00:00,2015-03-24T01:33:08.698Z,26.879,92.818,36.8,5.2,mb,258.0,149.0,22.5,,0.84,earthquake,"15 km ENE of Rang?p?ra, India",,,
usp000jtd8,2012-10-02 08:34:54.360000+00:00,2015-03-24T02:21:59.034Z,32.471,76.632,10.0,4.8,mb,65.0,21.0,95.1,,1.15,earthquake,"38 km WSW of Kyelang, India",,,
usp000jtcv,2012-10-02 03:45:30.090000+00:00,2014-11-07T01:49:00.595Z,32.401,76.507,19.1,4.6,mb,49.0,14.0,145.5,,1.1,earthquake,"26 km NE of Dharamsala, India",,,26.7
usp000jshq,2012-09-18 12:26:25.280000+00:00,2014-11-07T01:48:52.702Z,27.33,88.642,42.2,4.6,mb,56.0,16.0,115.1,,0.74,earthquake,"2 km E of Gangtok, India",,,6.4
usp000js60,2012-09-11 18:09:49.790000+00:00,2014-11-07T01:48:50.576Z,24.41,93.53,60.4,4.5,mb,17.0,6.0,156.2,,0.78,earthquake,"16 km WNW of Chur?ch?ndpur, India",,,8.2
usp000js41,2012-09-10 21:38:21.810000+00:00,2014-11-07T01:48:50.145Z,10.433,93.423,55.0,4.6,mb,36.0,6.0,93.4,,1.36,earthquake,"155 km SSE of Port Blair, India",,,9.1
usp000js3s,2012-09-10 18:52:18.100000+00:00,2014-11-07T01:48:50.119Z,10.548,93.673,60.3,4.4,mb,30.0,4.0,83.8,,0.75,earthquake,"159 km SE of Port Blair, India",,,12.5
usp000js3m,2012-09-10 14:35:42.810000+00:00,2025-12-22T16:32:50.471Z,10.459,93.616,38.7,5.2,mb,219.0,91.0,23.2,,0.72,earthquake,"163 km SE of Port Blair, India",,,3.8
usp000js3j,2012-09-10 13:16:23.360000+00:00,2014-11-07T01:48:50.079Z,10.397,93.408,50.0,4.5,mb,27.0,4.0,77.1,,1.27,earthquake,"157 km SSE of Port Blair, India",,,9.6
usp000js3g,2012-09-10 13:11:31.470000+00:00,2014-11-07T01:48:50.072Z,10.358,93.475,35.0,4.2,mb,24.0,3.0,83.6,,1.38,earthquake,"165 km SSE of Port Blair, India",,,
usp000js2z,2012-09-10 06:19:20.580000+00:00,2022-05-03T17:02:55.657Z,13.643,92.848,30.5,4.9,mb,146.0,70.0,44.0,,0.69,earthquake,"215 km N of Bamboo Flat, India",,,7.5
usp000jrvu,2012-09-06 18:27:11.800000+00:00,2014-11-07T01:48:48.114Z,25.455,91.208,45.1,4.5,mb,28.0,2.0,64.5,,0.79,earthquake,"8 km SW of Nongstoin, India",,,8.5
usp000jqwz,2012-08-27 12:05:23.410000+00:00,2014-11-07T01:48:38.215Z,10.21,92.802,57.6,5.2,mb,186.0,47.0,38.3,,0.86,earthquake,"161 km S of Port Blair, India",,,4.1
usp000jqp7,2012-08-24 18:35:04.910000+00:00,2014-11-07T01:48:36.900Z,13.432,93.443,10.0,4.0,mb,24.0,1.0,86.1,,1.5,earthquake,"207 km NNE of Bamboo Flat, India",,,
usp000jqh4,2012-08-19 19:04:57.560000+00:00,2014-11-07T01:48:35.938Z,26.561,92.622,57.0,4.0,mb,18.0,2.0,120.3,,0.84,earthquake,"18 km NE of Dhing, India",,,9.9
usp000jqgv,2012-08-19 12:13:30.950000+00:00,2014-11-07T01:48:35.894Z,10.539,91.705,7.8,4.3,mb,32.0,6.0,124.3,,0.55,earthquake,"168 km SW of Port Blair, India",,,17.6
usp000jqgm,2012-08-19 09:24:49.380000+00:00,2022-05-03T15:47:01.368Z,26.599,92.57,48.9,4.8,mb,212.0,92.0,42.5,,0.68,earthquake,"14 km SE of Dhekiajuli, India",,,2.4
usp000jqcf,2012-08-16 04:46:00.850000+00:00,2014-11-07T01:48:34.873Z,30.287,94.71,15.5,4.2,mb,36.0,9.0,113.7,,0.78,earthquake,"197 km N of Shi Yomi, India",,,18.6
usp000jq34,2012-08-09 08:25:50.750000+00:00,2014-11-07T01:48:32.349Z,30.401,94.986,10.0,4.4,mb,14.0,1.0,118.4,,0.79,earthquake,"215 km NNE of Shi Yomi, India",,,
usp000jq2w,2012-08-09 05:49:55.090000+00:00,2022-05-03T15:45:43.263Z,30.317,94.846,10.0,4.9,mb,112.0,50.0,51.2,,0.74,earthquake,"203 km NNE of Shi Yomi, India",,,
usp000jq2d,2012-08-08 19:22:18.740000+00:00,2014-11-07T01:48:32.171Z,35.712,77.535,81.2,4.3,mb,13.0,1.0,193.0,,0.87,earthquake,"110 km NE of Thang, India",,,19.9
usp000jpzj,2012-08-07 01:49:53.350000+00:00,2014-11-07T01:48:31.455Z,13.942,93.077,37.9,4.5,mb,34.0,5.0,87.2,,1.06,earthquake,"251 km N of Bamboo Flat, India",,,9.7
usp000jpzf,2012-08-07 00:17:57.250000+00:00,2022-05-03T15:45:35.970Z,30.335,94.855,24.4,4.9,mb,140.0,52.0,51.1,,0.85,earthquake,"205 km NNE of Shi Yomi, India",,,11.1
usp000jpyw,2012-08-06 14:15:46.550000+00:00,2014-11-07T01:48:31.344Z,35.804,77.712,72.7,4.6,mb,60.0,19.0,108.9,,0.88,earthquake,"128 km NE of Thang, India",,,5.1
usp000jpxh,2012-08-05 14:29:10.420000+00:00,2014-11-07T01:48:31.001Z,13.936,93.099,23.3,4.5,mb,42.0,6.0,58.8,,0.76,earthquake,"250 km N of Bamboo Flat, India",,,14.0
usp000jpxf,2012-08-05 14:10:30.330000+00:00,2022-05-03T15:45:29.604Z,30.352,94.849,24.1,5.0,mb,121.0,58.0,51.1,,0.78,earthquake,"207 km NNE of Shi Yomi, India",,,8.8
usp000jpsz,2012-08-02 19:06:12.700000+00:00,2022-05-03T15:45:01.044Z,26.103,96.324,55.6,5.1,mb,164.0,92.0,61.2,,1.02,earthquake,"49 km WSW of Sarupathar, India",,,4.8
usp000jpsx,2012-08-02 18:00:26.210000+00:00,2014-11-07T01:48:29.370Z,33.731,75.446,10.0,4.1,mb,15.0,2.0,132.4,,0.99,earthquake,"27 km E of Anantnag, India",,,
usp000jpsn,2012-08-02 14:48:27.860000+00:00,2014-11-07T01:48:29.254Z,9.16,93.67,75.1,4.0,mb,23.0,3.0,97.7,,0.71,earthquake,"295 km SSE of Port Blair, India",,,13.0
usp000jprc,2012-08-01 21:58:38.880000+00:00,2014-11-07T01:48:28.238Z,26.055,96.311,43.8,4.7,mb,83.0,19.0,61.3,,0.98,earthquake,"52 km WSW of Sarupathar, India",,,6.6
usp000jpfg,2012-07-26 05:31:38.020000+00:00,2014-11-07T01:48:24.006Z,33.466,76.105,56.2,4.4,mb,13.0,2.0,145.0,,0.77,earthquake,"35 km ENE of Kishtw?r, India",,,13.2
usp000jp3e,2012-07-17 06:00:41.110000+00:00,2014-11-07T01:48:20.597Z,23.054,93.074,47.6,4.4,mb,41.0,10.0,86.9,,0.75,earthquake,"8 km S of North Vanlaiphai, India",,,5.9
usp000jp0s,2012-07-14 19:55:17.950000+00:00,2022-05-03T15:43:59.395Z,25.424,94.48,52.1,5.2,mwb,278.0,,18.9,,0.91,earthquake,"26 km S of Phek, India",,,
usp000jnvz,2012-07-11 15:22:31.320000+00:00,2014-11-07T01:48:18.643Z,35.539,76.531,65.4,4.1,mb,39.0,5.0,134.6,,1.31,earthquake,"71 km NNW of Thang, India",,,10.4
usp000jnvx,2012-07-11 14:48:32.820000+00:00,2014-11-07T01:48:18.622Z,35.622,76.512,68.1,4.2,mb,33.0,5.0,133.8,,1.3,earthquake,"81 km NNW of Thang, India",,,11.1
usp000jnrt,2012-07-08 10:28:10.240000+00:00,2014-11-07T01:48:17.243Z,12.69,91.311,36.2,4.7,mb,28.0,6.0,112.9,,0.48,earthquake,"188 km NW of Bamboo Flat, India",,,7.2
usp000jney,2012-07-01 04:54:04.390000+00:00,2014-11-07T01:48:13.280Z,25.587,94.723,58.2,4.3,mb,38.0,3.0,66.2,,0.74,earthquake,"24 km ESE of Phek, India",,,
usp000jnev,2012-07-01 04:13:52.090000+00:00,2022-05-03T15:43:32.385Z,25.592,94.696,58.0,5.6,mwb,279.0,,17.6,,1.08,earthquake,"21 km ESE of Phek, India",,,
usp000jned,2012-06-30 19:43:25.210000+00:00,2014-11-07T01:48:10.628Z,28.638,96.393,43.1,4.7,mb,120.0,51.0,50.6,,0.73,earthquake,"64 km NNW of Hayuliang, India",,,4.7
usp000jn6d,2012-06-24 12:13:02.520000+00:00,2014-11-07T01:48:08.624Z,34.318,80.248,41.1,4.3,mb,60.0,23.0,114.7,,1.12,earthquake,"245 km E of Leh, India",,,6.9
usp000jmzk,2012-06-19 20:14:05.720000+00:00,2024-06-17T19:35:03.132Z,23.647,70.252,28.6,5.0,mb,192.0,111.0,87.5,,1.01,earthquake,"39 km NNW of Bhach?u, India",,,4.2
usp000jmz6,2012-06-19 14:00:07.610000+00:00,2014-11-07T01:48:06.946Z,28.728,76.685,10.0,4.1,mb,33.0,4.0,98.0,,1.12,earthquake,"10 km WSW of Kheri S?mpla, India",,,0.0
usp000jmm9,2012-06-11 04:35:59.960000+00:00,2014-11-07T01:48:03.155Z,27.306,88.13,51.5,4.5,mb,74.0,17.0,97.6,,0.75,earthquake,"12 km W of Gyalshing, India",,,9.1
usp000jm4e,2012-05-30 13:23:01.490000+00:00,2014-11-07T01:47:55.204Z,8.217,91.782,16.2,4.9,mb,94.0,33.0,43.7,,0.83,earthquake,"Nicobar Islands, India region",,,12.3
usp000jm4d,2012-05-30 09:28:14.190000+00:00,2014-11-07T01:47:55.200Z,24.517,95.085,108.7,4.5,mb,45.0,10.0,66.2,,0.96,earthquake,"103 km E of W?ngjing, India",,,6.7
usp000jm3y,2012-05-30 01:54:30.620000+00:00,2014-11-07T01:47:55.071Z,27.328,87.974,35.4,4.3,mb,54.0,12.0,145.6,,0.84,earthquake,"28 km W of Gyalshing, India",,,8.3
usp000jm05,2012-05-27 15:01:27.040000+00:00,2015-03-24T01:29:48.987Z,26.491,91.1,34.7,4.3,mb,41.0,9.0,156.7,,1.18,earthquake,"13 km E of Barpeta Road, India",,,20.7
usp000jkxx,2012-05-26 04:21:05.700000+00:00,2014-11-07T01:47:52.948Z,12.902,92.007,26.7,4.3,mb,27.0,3.0,91.6,,0.74,earthquake,"153 km NNW of Bamboo Flat, India",,,16.0
usp000jkw3,2012-05-24 19:39:27.860000+00:00,2014-11-07T01:47:52.505Z,14.42,93.318,46.1,4.9,mb,129.0,54.0,37.9,,1.1,earthquake,"Andaman Islands, India region",,,
usp000jka9,2012-05-11 12:41:35.300000+00:00,2025-12-22T16:28:49.347Z,26.175,92.889,43.3,5.4,mwb,164.0,,33.3,,0.95,earthquake,"19 km N of Hoj?i, India",,,
usp000jk0a,2012-05-04 20:09:28.020000+00:00,2014-11-07T01:47:44.364Z,27.403,95.395,45.9,4.4,mb,30.0,18.0,118.5,,1.2,earthquake,"9 km ENE of Duli?gaon, India",,,10.9
usp000jjy5,2012-05-03 04:59:31.480000+00:00,2014-11-07T01:47:43.647Z,8.929,93.903,23.7,4.9,mb,130.0,45.0,47.3,,1.03,earthquake,"Nicobar Islands, India region",,,4.9
usp000jjxw,2012-05-03 01:18:09.280000+00:00,2014-11-07T01:47:43.563Z,10.1,93.101,74.0,4.9,mb,119.0,56.0,49.0,,1.02,earthquake,"177 km SSE of Port Blair, India",,,3.3
usp000jjwu,2012-05-02 09:57:26.440000+00:00,2014-11-07T01:47:43.227Z,8.88,93.821,10.0,4.9,mb,70.0,18.0,48.2,,0.98,earthquake,"Nicobar Islands, India region",,,
usp000jjvy,2012-05-01 22:43:12.350000+00:00,2014-11-07T01:47:42.652Z,26.252,92.274,35.0,4.2,mb,23.0,6.0,144.7,,1.06,earthquake,"7 km W of Morigaon, India",,,
usp000jjvu,2012-05-01 21:36:36.890000+00:00,2014-11-07T01:47:42.565Z,35.628,76.495,79.6,4.0,mb,41.0,3.0,133.7,,1.45,earthquake,"82 km NNW of Thang, India",,,11.6
usp000jjv0,2012-05-01 14:30:43.850000+00:00,2014-11-07T01:47:41.896Z,10.037,93.633,29.0,4.7,mb,67.0,21.0,68.1,,0.81,earthquake,"204 km SSE of Port Blair, India",,,10.1
usp000jjtm,2012-04-30 13:06:58.740000+00:00,2022-05-03T15:38:13.539Z,14.405,93.327,35.0,5.2,mwb,233.0,,20.6,,0.97,earthquake,"Andaman Islands, India region",,,
usp000jjku,2012-04-25 18:42:31+00:00,2014-11-07T01:47:37.294Z,8.657,93.879,10.0,4.3,mb,25.0,8.0,164.0,,0.81,earthquake,"Nicobar Islands, India region",,,
usp000jjkr,2012-04-25 17:33:25.220000+00:00,2014-11-07T01:47:37.286Z,11.61,92.482,10.0,4.3,mb,13.0,1.0,119.1,,0.87,earthquake,"27 km WSW of Bamboo Flat, India",,,
usp000jjkm,2012-04-25 16:30:59.560000+00:00,2022-05-03T15:37:37.979Z,8.826,93.882,22.9,5.1,mb,117.0,52.0,48.3,,0.95,earthquake,"Nicobar Islands, India region",,,9.9
usp000jjkk,2012-04-25 16:24:01.220000+00:00,2014-11-07T01:47:37.269Z,9.11,93.35,10.0,4.0,mb,16.0,3.0,116.2,,1.47,earthquake,"290 km SSE of Port Blair, India",,,
usp000jjkf,2012-04-25 15:49:12.500000+00:00,2014-11-07T01:47:37.246Z,8.947,93.676,10.0,4.4,mb,25.0,8.0,170.8,,0.82,earthquake,"Nicobar Islands, India region",,,
usp000jjkb,2012-04-25 12:58:12.690000+00:00,2014-11-07T01:47:37.226Z,8.832,93.898,10.0,4.4,mb,24.0,4.0,93.8,,0.62,earthquake,"Nicobar Islands, India region",,,
usp000jjk8,2012-04-25 11:52:51.540000+00:00,2014-11-07T01:47:37.220Z,8.81,93.869,10.0,4.3,mb,20.0,3.0,95.6,,0.83,earthquake,"Nicobar Islands, India region",,,
usp000jjk7,2012-04-25 11:30:39.870000+00:00,2014-11-07T01:47:37.216Z,9.19,93.572,10.0,4.5,mb,47.0,13.0,81.6,,1.05,earthquake,"288 km SSE of Port Blair, India",,,
usp000jjjx,2012-04-25 09:15:38.480000+00:00,2014-11-07T01:47:37.177Z,8.982,94.117,10.0,4.1,mb,19.0,2.0,95.8,,0.86,earthquake,"Nicobar Islands, India region",,,
usp000jjju,2012-04-25 08:49:42.980000+00:00,2014-11-07T01:47:37.171Z,8.971,94.048,10.0,4.5,mb,29.0,3.0,95.8,,0.65,earthquake,"Nicobar Islands, India region",,,
usp000jjjs,2012-04-25 08:32:11.550000+00:00,2014-11-07T01:47:37.167Z,8.897,93.918,10.0,4.2,mb,26.0,5.0,117.0,,0.68,earthquake,"Nicobar Islands, India region",,,
usp000jjjp,2012-04-25 08:19:44.920000+00:00,2014-11-07T01:47:37.159Z,8.952,93.963,10.0,4.3,mb,42.0,6.0,92.2,,0.79,earthquake,"Nicobar Islands, India region",,,
usp000jjjn,2012-04-25 07:53:21.270000+00:00,2014-11-07T01:47:37.141Z,8.945,93.906,11.6,5.3,mb,247.0,90.0,46.5,,0.74,earthquake,"Nicobar Islands, India region",,,2.5
usp000jjjm,2012-04-25 07:42:23.380000+00:00,2022-05-03T15:37:36.811Z,9.011,93.945,9.0,5.7,mww,433.0,,34.1,,0.86,earthquake,"Nicobar Islands, India region",,,
usp000jjj3,2012-04-24 22:09:32.060000+00:00,2014-11-07T01:47:36.960Z,8.802,93.902,4.2,4.5,mb,30.0,6.0,90.6,,0.87,earthquake,"Nicobar Islands, India region",,,26.1
usp000jjhs,2012-04-24 19:14:40.460000+00:00,2014-11-07T01:47:36.850Z,8.855,93.931,15.3,4.8,mb,119.0,51.0,30.1,,0.91,earthquake,"Nicobar Islands, India region",,,12.5
usp000jjhf,2012-04-24 15:21:05.620000+00:00,2014-11-07T01:47:36.807Z,8.84,93.84,21.3,4.5,mb,34.0,7.0,82.2,,0.74,earthquake,"Nicobar Islands, India region",,,21.1
usp000jjha,2012-04-24 15:02:21.170000+00:00,2014-11-07T01:47:36.756Z,9.032,93.987,10.0,4.6,mb,16.0,4.0,83.4,,1.05,earthquake,"Nicobar Islands, India region",,,
usp000jjh8,2012-04-24 14:57:10.110000+00:00,2022-05-03T15:37:35.645Z,8.868,93.949,14.1,5.5,mwb,263.0,,38.8,,0.92,earthquake,"Nicobar Islands, India region",,,4.1
usp000jj8v,2012-04-20 02:16:10.610000+00:00,2014-11-07T01:47:34.471Z,7.48,91.807,35.0,4.2,mb,19.0,6.0,113.4,,1.06,earthquake,"Nicobar Islands, India region",,,
usp000jj1k,2012-04-16 01:45:26.410000+00:00,2014-11-07T01:47:32.552Z,10.398,92.952,82.5,4.3,mb,31.0,11.0,183.8,,0.68,earthquake,"142 km S of Port Blair, India",,,16.4
usp000jhzb,2012-04-14 20:50:52.680000+00:00,2014-11-07T01:47:32.027Z,34.189,79.768,30.1,4.0,mb,59.0,12.0,135.8,,1.14,earthquake,"201 km E of Leh, India",,,14.1
usp000jhxg,2012-04-14 05:27:39.580000+00:00,2015-03-24T01:45:26.983Z,17.247,73.601,10.0,4.4,mb,54.0,18.0,95.0,,1.12,earthquake,"11 km ESE of M?khjan, India",,,
usp000jhx2,2012-04-14 03:22:59.690000+00:00,2014-11-07T01:47:31.121Z,23.239,70.439,10.0,4.0,mb,17.0,4.0,125.8,,1.01,earthquake,"11 km SE of Bhach?u, India",,,
usp000jhuu,2012-04-13 10:11:53.520000+00:00,2014-11-07T01:47:30.789Z,25.244,94.983,85.1,4.5,mb,36.0,18.0,54.4,,0.74,earthquake,"67 km SE of Phek, India",,,6.7
usp000jgw0,2012-03-27 23:40:12.600000+00:00,2024-06-17T19:04:17.506Z,26.087,87.777,28.8,5.0,mb,167.0,91.0,31.8,,0.86,earthquake,"17 km W of Kishanganj, India",,,
usp000jgpe,2012-03-23 19:16:55.320000+00:00,2014-11-07T01:47:18.246Z,10.161,91.865,35.0,4.3,mb,18.0,6.0,200.7,,0.61,earthquake,"192 km SSW of Port Blair, India",,,
usp000jgh3,2012-03-20 10:18:52.030000+00:00,2014-11-07T01:47:16.953Z,9.481,93.423,53.1,4.9,mb,65.0,24.0,75.6,,0.8,earthquake,"252 km SSE of Port Blair, India",,,5.7
usp000jgfz,2012-03-19 17:46:02.200000+00:00,2014-11-07T01:47:16.680Z,29.434,94.873,35.0,4.7,mb,39.0,5.0,115.3,,0.73,earthquake,"111 km NNE of Shi Yomi, India",,,
usp000jgbp,2012-03-16 17:11:06.040000+00:00,2014-11-07T01:47:15.812Z,10.694,93.997,70.5,4.3,mb,47.0,15.0,178.1,,1.0,earthquake,"173 km SE of Port Blair, India",,,24.1
usp000jgb4,2012-03-16 07:07:23.310000+00:00,2014-11-07T01:47:15.546Z,10.542,93.808,35.0,4.8,mb,72.0,29.0,67.5,,0.83,earthquake,"170 km SE of Port Blair, India",,,
usp000jgb1,2012-03-16 05:58:16.980000+00:00,2014-11-07T01:47:15.396Z,10.478,93.661,35.0,4.6,mb,51.0,12.0,170.1,,0.71,earthquake,"165 km SE of Port Blair, India",,,
usp000jgaz,2012-03-16 04:57:03.740000+00:00,2014-11-07T01:47:15.386Z,10.573,93.734,39.1,4.2,mb,21.0,3.0,105.9,,0.63,earthquake,"162 km SE of Port Blair, India",,,10.5
usp000jgah,2012-03-15 20:46:35.020000+00:00,2014-11-07T01:47:15.289Z,10.533,93.746,35.0,4.6,mb,31.0,8.0,148.7,,0.46,earthquake,"166 km SE of Port Blair, India",,,
usp000jgag,2012-03-15 20:45:56.400000+00:00,2014-11-07T01:47:15.286Z,10.465,93.691,35.0,4.2,mb,24.0,2.0,178.6,,0.46,earthquake,"168 km SE of Port Blair, India",,,
usp000jga5,2012-03-15 15:10:17.560000+00:00,2014-11-07T01:47:15.194Z,10.441,93.714,20.1,4.4,mb,37.0,6.0,80.4,,0.73,earthquake,"171 km SE of Port Blair, India",,,31.5
usp000jga3,2012-03-15 14:56:00.590000+00:00,2014-11-07T01:47:15.185Z,10.535,93.768,35.0,4.6,mb,56.0,19.0,69.2,,0.63,earthquake,"167 km SE of Port Blair, India",,,
usp000jga2,2012-03-15 14:39:09.120000+00:00,2014-11-07T01:47:15.183Z,10.753,93.908,57.1,4.3,mb,23.0,4.0,135.5,,1.16,earthquake,"162 km SE of Port Blair, India",,,17.2
usp000jg8m,2012-03-14 17:41:10.140000+00:00,2014-11-07T01:47:14.883Z,10.535,93.854,58.2,5.0,mb,24.0,3.0,95.7,,0.75,earthquake,"174 km SE of Port Blair, India",,,13.1
usp000jg8g,2012-03-14 17:01:50.650000+00:00,2014-11-07T01:47:14.868Z,10.679,94.004,68.3,4.9,mb,33.0,4.0,89.2,,0.97,earthquake,"Andaman Islands, India region",,,14.2
usp000jg8a,2012-03-14 15:39:03.070000+00:00,2014-11-07T01:47:14.845Z,10.697,93.994,74.1,4.3,mb,12.0,2.0,161.6,,0.88,earthquake,"173 km SE of Port Blair, India",,,16.6
usp000jg2b,2012-03-10 20:58:09.150000+00:00,2014-11-07T01:47:13.509Z,8.555,93.891,61.9,4.7,mb,69.0,19.0,98.6,,1.0,earthquake,"Nicobar Islands, India region",,,7.0
usp000jg20,2012-03-10 18:06:29.910000+00:00,2014-11-07T01:47:13.420Z,8.513,93.845,5.1,4.6,mb,84.0,22.0,39.3,,0.8,earthquake,"Nicobar Islands, India region",,,12.9
usp000jg1f,2012-03-10 12:18:29.480000+00:00,2014-11-07T01:47:13.312Z,11.517,92.036,35.0,4.5,mb,33.0,11.0,148.9,,1.02,earthquake,"76 km WSW of Bamboo Flat, India",,,
usp000jfz2,2012-03-09 00:28:40.970000+00:00,2014-11-07T01:47:12.847Z,8.455,93.65,10.0,4.3,mb,25.0,9.0,103.9,,1.03,earthquake,"Nicobar Islands, India region",,,
usp000jfwp,2012-03-07 13:18:23.400000+00:00,2014-11-07T01:47:12.366Z,32.029,78.109,55.6,4.3,mb,28.0,7.0,145.4,,0.87,earthquake,"64 km NNE of Sar?han, India",,,10.9
usp000jfuu,2012-03-06 02:59:25.970000+00:00,2014-11-07T01:47:11.907Z,8.559,93.873,19.8,5.0,mb,97.0,32.0,60.5,,0.88,earthquake,"Nicobar Islands, India region",,,14.8
usp000jfus,2012-03-06 02:52:41.960000+00:00,2022-05-03T15:32:55.337Z,8.571,93.691,16.8,5.4,mwc,280.0,,36.4,,1.03,earthquake,"Nicobar Islands, India region",,,10.5
usp000jfth,2012-03-05 07:41:04.530000+00:00,2020-09-21T17:59:29.372Z,28.809,76.649,10.0,5.1,mb,177.0,89.0,45.6,,1.08,earthquake,"11 km SSE of Rohtak, India",,,
usp000jft4,2012-03-04 23:40:47.220000+00:00,2014-11-07T01:47:11.129Z,12.779,93.448,71.1,4.2,mb,27.0,3.0,111.0,,0.63,earthquake,"143 km NE of Bamboo Flat, India",,,14.4
usp000jfnm,2012-03-01 17:52:43.870000+00:00,2014-11-07T01:47:08.972Z,13.004,92.558,37.9,4.8,mb,84.0,18.0,76.0,,0.79,earthquake,"145 km N of Bamboo Flat, India",,,5.4
usp000jfg2,2012-02-27 05:19:03.980000+00:00,2014-11-07T01:47:05.108Z,12.249,92.683,39.8,4.6,mb,58.0,9.0,82.2,,0.62,earthquake,"60 km N of Bamboo Flat, India",,,5.7
usp000jet4,2012-02-10 19:10:01.850000+00:00,2014-11-07T01:47:00.182Z,26.146,94.253,52.3,4.8,mb,45.0,14.0,140.2,,0.87,earthquake,"5 km N of Wokha, India",,,8.9
usp000jesw,2012-02-10 15:45:17.090000+00:00,2014-11-07T01:47:00.142Z,26.046,94.248,42.6,4.3,mb,47.0,8.0,133.7,,0.67,earthquake,"5 km S of Wokha, India",,,6.6
usp000jerg,2012-02-09 19:17:30.550000+00:00,2022-05-03T15:30:07.973Z,30.986,78.282,6.2,5.1,mb,177.0,96.0,46.0,,0.85,earthquake,"20 km NNE of Barkot, India",,,11.8
usp000jem5,2012-02-06 23:16:53.560000+00:00,2014-11-07T01:46:58.833Z,13.645,93.027,35.0,4.8,mb,33.0,3.0,101.2,,0.82,earthquake,"217 km N of Bamboo Flat, India",,,
usp000jdsq,2012-01-21 07:11:05.730000+00:00,2014-11-07T01:46:49.073Z,12.977,93.284,54.4,4.4,mb,36.0,7.0,108.5,,0.62,earthquake,"154 km NNE of Bamboo Flat, India",,,12.6
usp000jds4,2012-01-20 21:28:55.660000+00:00,2014-11-07T01:46:48.925Z,10.602,91.816,35.0,4.3,mb,15.0,3.0,120.6,,0.81,earthquake,"155 km SW of Port Blair, India",,,
usp000jdc9,2012-01-11 22:23:20.470000+00:00,2014-11-07T01:46:46.307Z,25.203,95.153,105.3,4.6,mb,43.0,9.0,46.3,,0.92,earthquake,"83 km SE of Phek, India",,,7.8
usp000jd2d,2012-01-05 05:27:21.400000+00:00,2014-11-07T01:46:43.630Z,12.841,95.505,10.0,4.2,mb,12.0,3.0,192.0,,1.16,earthquake,"Andaman Islands, India region",,,
usp000jd1d,2012-01-04 16:31:25.020000+00:00,2014-11-07T01:46:43.313Z,33.624,74.892,22.8,4.2,mb,35.0,9.0,96.2,,1.33,earthquake,"11 km SSE of Shup?yan, India",,,24.3
usp000jd02,2012-01-03 20:36:48.120000+00:00,2014-11-07T01:46:42.866Z,35.776,77.346,62.9,4.6,mb,42.0,18.0,136.1,,1.03,earthquake,"106 km NNE of Thang, India",,,9.6
usp000jczz,2012-01-03 17:32:29.830000+00:00,2014-11-07T01:46:42.835Z,7.787,92.095,43.8,4.7,mb,42.0,20.0,128.7,,0.79,earthquake,"Nicobar Islands, India region",,,6.4
usp000jcwr,2012-01-01 05:19:34.930000+00:00,2014-11-07T01:46:41.131Z,10.632,91.737,10.0,4.6,mb,27.0,13.0,84.9,,1.28,earthquake,"158 km SW of Port Blair, India",,,
usp000jcwj,2012-01-01 02:35:21.110000+00:00,2015-03-24T02:28:01.440Z,23.472,91.834,27.8,4.6,mb,74.0,27.0,77.2,,0.65,earthquake,"18 km ESE of Amarpur, India",,,10.4
usp000jcw2,2011-12-31 16:18:50.470000+00:00,2014-11-07T01:46:39.048Z,10.509,91.745,35.0,4.3,mb,12.0,3.0,176.7,,1.09,earthquake,"168 km SW of Port Blair, India",,,
usp000jcm9,2011-12-25 04:17:13.940000+00:00,2014-11-07T01:46:37.227Z,12.832,93.167,35.0,4.0,mb,12.0,2.0,185.2,,0.65,earthquake,"134 km NNE of Bamboo Flat, India",,,
usp000jc79,2011-12-15 04:51:02.120000+00:00,2014-11-07T01:46:34.122Z,14.045,93.148,54.3,4.7,mb,23.0,5.0,100.9,,0.91,earthquake,"263 km N of Bamboo Flat, India",,,23.4
usp000jc6r,2011-12-14 20:20:53.840000+00:00,2014-11-07T01:46:34.015Z,27.504,87.955,47.5,4.0,mb,11.0,7.0,169.0,,0.55,earthquake,"38 km NW of Gyalshing, India",,,15.1
usp000jc3n,2011-12-12 04:45:44.120000+00:00,2014-11-07T01:46:33.197Z,24.886,95.26,122.4,4.6,mb,31.0,4.0,84.8,,0.92,earthquake,"115 km SE of Phek, India",,,5.9
usp000jbx6,2011-12-07 06:10:42.680000+00:00,2014-11-07T01:46:31.765Z,12.48,93.745,121.7,4.3,mb,32.0,5.0,70.3,,0.5,earthquake,"141 km NE of Port Blair, India",,,12.3
usp000jbvs,2011-12-06 01:22:27.860000+00:00,2014-11-07T01:46:31.455Z,12.213,91.857,37.9,4.7,mb,60.0,20.0,75.8,,0.82,earthquake,"109 km WNW of Bamboo Flat, India",,,7.8
usp000jbuh,2011-12-05 05:59:09.350000+00:00,2014-11-07T01:46:31.197Z,12.484,93.256,81.1,4.6,mb,40.0,5.0,85.8,,0.94,earthquake,"104 km NE of Bamboo Flat, India",,,7.5
usp000jbr6,2011-12-02 19:59:45.920000+00:00,2014-11-07T01:46:30.021Z,7.854,94.061,41.2,4.5,mb,47.0,8.0,86.9,,0.87,earthquake,"Nicobar Islands, India region",,,6.8
usp000jb6k,2011-11-21 03:15:41.560000+00:00,2024-06-17T18:28:32.070Z,24.96,95.232,107.0,5.7,mww,370.0,,14.5,,0.99,earthquake,"107 km SE of Phek, India",,,
usp000jawm,2011-11-15 10:18:41.330000+00:00,2014-11-07T01:46:21.352Z,11.143,93.648,143.0,4.7,mb,42.0,15.0,103.7,,0.59,earthquake,"114 km ESE of Port Blair, India",,,6.0
usp000jany,2011-11-10 15:15:07.110000+00:00,2014-11-07T01:46:19.890Z,7.781,91.95,39.6,4.8,mb,17.0,5.0,130.8,,0.75,earthquake,"Nicobar Islands, India region",,,8.9
usp000jaaq,2011-11-04 10:14:43.240000+00:00,2014-11-07T01:46:17.592Z,24.923,95.588,160.3,4.7,mb,32.0,10.0,41.6,,0.8,earthquake,"137 km SE of Phek, India",,,5.4
usp000ja2s,2011-10-29 07:51:37.070000+00:00,2014-11-07T01:46:12.352Z,24.19,93.516,35.0,4.7,mb,30.0,13.0,154.8,,0.79,earthquake,"22 km SW of Chur?ch?ndpur, India",,,
usp000j9qr,2011-10-22 21:07:39.230000+00:00,2014-11-07T01:46:09.011Z,32.939,75.811,10.0,4.2,mb,25.0,4.0,143.7,,0.74,earthquake,"9 km ESE of Bhadarw?h, India",,,
usp000j9nb,2011-10-21 14:40:36.320000+00:00,2015-03-24T02:29:37.907Z,24.884,94.211,65.9,4.5,mb,47.0,19.0,70.1,,0.94,earthquake,"28 km NE of Yairipok, India",,,8.3
usp000j9m2,2011-10-20 17:18:34.170000+00:00,2022-04-08T22:08:27.463Z,21.211,70.533,10.0,5.1,mwc,89.0,,72.0,,0.81,earthquake,"15 km SE of Mendarda, India",,,
usp000j97v,2011-10-11 13:40:29.360000+00:00,2014-11-07T01:46:06.072Z,13.721,93.823,73.1,4.9,mb,60.0,11.0,77.2,,0.84,earthquake,"253 km NNE of Bamboo Flat, India",,,
usp000j8tc,2011-10-01 12:14:28.870000+00:00,2014-11-07T01:46:01.670Z,12.909,95.66,35.0,4.2,mb,16.0,2.0,156.4,,0.86,earthquake,"Andaman Islands, India region",,,
usp000j8pa,2011-09-28 14:40:01.380000+00:00,2014-11-07T01:45:57.821Z,13.932,93.094,35.7,4.2,mb,21.0,2.0,102.5,,0.91,earthquake,"250 km N of Bamboo Flat, India",,,10.5
usp000j8hs,2011-09-25 11:22:18.580000+00:00,2014-11-07T01:45:57.079Z,12.745,92.424,37.3,5.1,mb,46.0,17.0,129.8,,1.01,earthquake,"119 km NNW of Bamboo Flat, India",,,10.7
usp000j8gq,2011-09-24 15:21:34.660000+00:00,2015-03-24T02:36:39.970Z,34.042,75.249,61.0,4.2,mb,16.0,4.0,156.9,,0.96,earthquake,"7 km WNW of Pahlg?m, India",,,15.7
usp000j8f8,2011-09-23 13:23:19.430000+00:00,2014-11-07T01:45:56.741Z,24.307,93.994,56.4,4.4,mb,25.0,5.0,75.5,,1.23,earthquake,"21 km S of Kakching, India",,,12.7
usp000j89h,2011-09-19 08:04:13.690000+00:00,2014-11-07T01:45:55.330Z,25.002,95.178,116.8,4.5,mb,24.0,4.0,71.6,,0.75,earthquake,"100 km SE of Phek, India",,,8.8
usp000j894,2011-09-19 00:52:03.990000+00:00,2014-11-07T01:45:55.263Z,17.92,76.564,10.0,4.0,mb,12.0,2.0,108.7,,0.88,earthquake,"11 km NW of Umarga, India",,,
usp000j88t,2011-09-18 19:20:54.830000+00:00,2014-11-07T01:45:55.225Z,25.759,91.178,37.1,4.0,mb,23.0,2.0,145.3,,1.15,earthquake,"28 km NNW of Nongstoin, India",,,9.5
usp000j88g,2011-09-18 13:54:19.630000+00:00,2015-03-24T01:46:36.489Z,27.353,88.452,28.2,4.7,mb,58.0,18.0,107.0,,1.34,earthquake,"14 km NNW of Singtam, India",,,14.9
usp000j88d,2011-09-18 13:12:00.350000+00:00,2015-03-24T01:56:34.208Z,27.52,88.583,40.1,4.8,mb,57.0,13.0,96.5,,1.14,earthquake,"6 km E of Mangan, India",,,6.9
usp000j88b,2011-09-18 12:40:51.830000+00:00,2025-03-03T10:37:14.677Z,27.73,88.155,50.0,6.9,mww,383.0,,13.0,,0.96,earthquake,"43 km NW of Mangan, India",,,
usp000j7rt,2011-09-07 17:58:18.700000+00:00,2021-10-20T17:58:35.601Z,28.724,77.189,10.0,4.3,mb,20.0,5.0,183.6,,1.09,earthquake,"6 km NE of Pitampura, India",,,
usp000j75n,2011-08-28 04:40:45.350000+00:00,2014-11-07T01:45:44.242Z,26.521,96.748,121.7,4.5,mb,54.0,18.0,74.1,,0.62,earthquake,"35 km N of Sarupathar, India",,,6.9
usp000j6w9,2011-08-23 01:22:56.280000+00:00,2022-04-08T22:00:00.233Z,33.095,76.858,14.6,5.1,mb,148.0,73.0,29.4,,0.77,earthquake,"41 km S of Padam, India",,,10.5
usp000j6vm,2011-08-22 16:35:43.170000+00:00,2014-11-07T01:45:41.179Z,12.997,93.247,45.1,4.4,mb,21.0,3.0,150.7,,0.68,earthquake,"154 km NNE of Bamboo Flat, India",,,17.6
usp000j6d7,2011-08-13 02:59:12.930000+00:00,2014-11-07T01:45:36.101Z,23.321,70.242,10.0,4.3,mb,15.0,4.0,149.2,,0.81,earthquake,"10 km WNW of Bhach?u, India",,,
usp000j60v,2011-08-05 16:23:44.810000+00:00,2014-11-07T01:45:34.070Z,24.805,95.156,114.6,4.2,mb,14.0,2.0,152.0,,0.61,earthquake,"112 km E of Yairipok, India",,,9.3
usp000j5mm,2011-07-28 18:42:35.260000+00:00,2014-11-07T01:45:27.609Z,33.32,75.998,33.3,4.5,mb,53.0,11.0,54.7,,0.78,earthquake,"21 km E of Kishtw?r, India",,,17.8
usp000j5ax,2011-07-22 12:34:20.700000+00:00,2014-11-07T01:45:25.108Z,13.835,92.843,35.0,4.4,mb,19.0,3.0,88.7,,1.06,earthquake,"236 km N of Bamboo Flat, India",,,
usp000j59u,2011-07-22 00:58:52.770000+00:00,2014-11-07T01:45:24.907Z,24.532,92.072,43.7,4.0,mb,9.0,3.0,186.2,,0.53,earthquake,"20 km NNW of Dharmanagar, India",,,13.3
usp000j50r,2011-07-16 09:36:48.010000+00:00,2014-11-07T01:45:22.592Z,9.693,92.624,35.0,4.6,mb,58.0,13.0,130.9,,0.98,earthquake,"218 km S of Port Blair, India",,,
usp000j4xa,2011-07-14 22:48:10.830000+00:00,2014-11-07T01:45:21.988Z,27.123,97.061,35.0,4.4,mb,16.0,2.0,85.9,,0.79,earthquake,"104 km NNE of Sarupathar, India",,,
usp000j4qj,2011-07-12 02:55:15.170000+00:00,2014-11-07T01:45:20.995Z,13.475,92.731,35.8,4.2,mb,22.0,2.0,103.1,,1.11,earthquake,"196 km N of Bamboo Flat, India",,,12.0
usp000j3m2,2011-06-23 12:39:39.910000+00:00,2014-11-07T01:45:09.367Z,23.887,91.484,35.0,4.4,mb,28.0,5.0,120.2,,1.02,earthquake,"13 km ENE of R?n?r B?z?r, India",,,
usp000j3fb,2011-06-20 06:27:18.430000+00:00,2022-07-19T18:13:43.971Z,30.61,79.338,14.3,4.9,mb,103.0,61.0,50.1,,0.85,earthquake,"22 km NNW of P?palkoti, India",,,11.8
usp000j3c9,2011-06-18 10:03:49.080000+00:00,2014-11-07T01:45:06.773Z,13.57,92.894,16.8,4.5,mb,24.0,5.0,82.5,,0.46,earthquake,"207 km N of Bamboo Flat, India",,,17.5
usp000j2wn,2011-06-09 09:51:03.850000+00:00,2014-11-07T01:45:03.362Z,14.123,92.876,39.6,4.9,mb,108.0,37.0,81.0,,0.95,earthquake,"268 km N of Bamboo Flat, India",,,6.1
usp000j2n3,2011-06-03 12:08:31.660000+00:00,2014-11-07T01:45:01.355Z,7.576,91.875,35.0,4.7,mb,51.0,19.0,96.4,,0.75,earthquake,"Nicobar Islands, India region",,,
usp000j2mw,2011-06-03 07:27:11.820000+00:00,2022-07-19T16:44:13.155Z,9.635,92.459,45.0,5.5,mww,440.0,,16.3,,0.98,earthquake,"226 km S of Port Blair, India",,,
usp000j2m5,2011-06-03 00:53:27.280000+00:00,2022-07-19T16:41:08.905Z,27.529,88.019,45.7,5.0,mb,118.0,48.0,33.7,,0.99,earthquake,"35 km NW of Gyalshing, India",,,
usp000j2ez,2011-05-30 19:17:34.630000+00:00,2014-11-07T01:44:56.407Z,24.221,94.509,81.5,4.0,mb,13.0,1.0,159.0,,0.61,earthquake,"60 km SE of W?ngjing, India",,,10.8
usp000j2b7,2011-05-28 06:22:12.600000+00:00,2014-11-07T01:44:55.751Z,10.77,91.77,35.0,4.6,mb,12.0,2.0,119.7,,0.42,earthquake,"145 km SW of Port Blair, India",,,
usp000j24a,2011-05-24 03:14:22.990000+00:00,2014-11-07T01:44:54.568Z,25.102,92.307,47.0,4.1,mb,20.0,2.0,123.9,,0.63,earthquake,"26 km N of Kar?mganj, India",,,10.2
usp000j1n8,2011-05-15 15:32:46.360000+00:00,2014-11-07T01:44:51.444Z,26.073,96.621,25.7,4.2,mb,27.0,7.0,120.2,,1.07,earthquake,"23 km SW of Sarupathar, India",,,23.2
usp000j12f,2011-05-05 22:03:29.320000+00:00,2014-11-07T01:44:45.730Z,13.587,92.879,33.7,4.4,mb,23.0,7.0,72.4,,0.38,earthquake,"209 km N of Bamboo Flat, India",,,12.6
usp000j10a,2011-05-04 20:57:19.260000+00:00,2014-11-07T01:44:44.949Z,30.323,80.433,25.4,4.6,mb,61.0,19.0,95.8,,0.93,earthquake,"53 km N of Dh?rchula, India",,,18.1
usp000j0yk,2011-05-03 14:39:00.160000+00:00,2014-11-07T01:44:44.404Z,23.686,91.321,10.0,4.0,mb,8.0,4.0,122.0,,1.57,earthquake,"8 km NNW of Barjala, India",,,
usp000j0xc,2011-05-02 20:32:01.070000+00:00,2014-11-07T01:44:43.907Z,14.357,93.246,35.0,4.1,mb,22.0,1.0,147.5,,0.73,earthquake,"299 km N of Bamboo Flat, India",,,
usp000j0s1,2011-04-29 14:25:48.840000+00:00,2014-11-07T01:44:39.197Z,26.027,97.045,35.0,4.0,mb,21.0,5.0,139.9,,1.18,earthquake,"30 km SE of Sarupathar, India",,,
usp000j0r9,2011-04-29 02:39:20.980000+00:00,2014-11-07T01:44:38.993Z,25.361,95.099,105.0,4.3,mb,50.0,19.0,110.9,,0.6,earthquake,"69 km ESE of Phek, India",,,7.9
usp000j0qe,2011-04-28 09:53:02.500000+00:00,2014-11-07T01:44:38.849Z,33.047,76.817,10.0,4.2,mb,33.0,5.0,143.6,,0.95,earthquake,"46 km S of Padam, India",,,
usp000j0mz,2011-04-26 17:00:35.530000+00:00,2014-11-07T01:44:38.355Z,25.076,93.044,60.1,4.4,mb,50.0,15.0,113.8,,0.79,earthquake,"10 km SSE of H?flong, India",,,7.7
usp000j0kk,2011-04-26 00:31:46.830000+00:00,2014-11-07T01:44:38.074Z,13.579,92.685,35.0,4.0,mb,18.0,2.0,149.7,,0.68,earthquake,"207 km N of Bamboo Flat, India",,,
usp000j08n,2011-04-19 13:39:37.350000+00:00,2014-11-07T01:44:35.388Z,23.772,92.866,38.1,4.1,mb,26.0,4.0,106.3,,0.47,earthquake,"15 km ENE of Aizawl, India",,,7.5
usp000j07t,2011-04-19 03:34:07.100000+00:00,2014-11-07T01:44:35.235Z,24.487,94.561,84.9,4.5,mb,69.0,28.0,58.1,,0.69,earthquake,"51 km ESE of W?ngjing, India",,,5.3
usp000j06h,2011-04-18 09:33:31.550000+00:00,2014-11-07T01:44:35.019Z,26.119,95.279,85.1,4.1,mb,27.0,3.0,146.0,,0.55,earthquake,"48 km ESE of Tuensang, India",,,7.2
usp000j05q,2011-04-18 01:06:52.620000+00:00,2014-11-07T01:44:34.939Z,12.972,93.306,55.1,4.4,mb,25.0,5.0,82.8,,0.67,earthquake,"154 km NNE of Bamboo Flat, India",,,15.9
usp000j012,2011-04-15 18:24:01.750000+00:00,2014-11-07T01:44:33.874Z,10.704,91.752,41.6,4.3,mb,24.0,7.0,110.8,,0.83,earthquake,"152 km SW of Port Blair, India",,,17.3
usp000j00g,2011-04-15 12:43:00.620000+00:00,2014-11-07T01:44:33.767Z,10.693,91.736,37.2,4.3,mb,26.0,7.0,73.9,,0.93,earthquake,"154 km SW of Port Blair, India",,,15.0
usp000hzk8,2011-04-09 03:33:01.320000+00:00,2014-11-07T01:44:30.613Z,26.923,97.2,29.2,4.4,mb,37.0,13.0,115.0,,0.62,earthquake,"88 km NNE of Sarupathar, India",,,14.4
usp000hy9z,2011-03-22 16:27:55.540000+00:00,2014-11-07T01:44:18.001Z,7.573,91.751,40.8,4.4,mb,13.0,4.0,140.9,,0.44,earthquake,"Nicobar Islands, India region",,,11.6
usp000hxxu,2011-03-19 12:42:41.210000+00:00,2014-11-07T01:44:14.710Z,12.95,92.42,30.4,4.8,mb,111.0,34.0,55.8,,0.97,earthquake,"141 km NNW of Bamboo Flat, India",,,
usp000hwe9,2011-03-12 10:46:00.950000+00:00,2014-11-07T01:44:02.149Z,24.59,94.717,87.7,4.4,mb,12.0,1.0,169.3,,0.42,earthquake,"66 km E of W?ngjing, India",,,8.9
usp000hvk1,2011-03-09 13:57:28.050000+00:00,2014-11-07T01:43:53.661Z,8.655,92.411,23.7,5.3,mb,179.0,80.0,36.0,,0.88,earthquake,"Nicobar Islands, India region",,,2.3
usp000hvd7,2011-03-06 00:18:24.470000+00:00,2014-11-07T01:43:51.939Z,23.946,93.989,63.3,4.4,mb,51.0,14.0,96.5,,0.72,earthquake,"53 km SE of Chur?ch?ndpur, India",,,6.7
usp000huy9,2011-02-22 22:57:27.230000+00:00,2014-11-07T01:43:43.062Z,24.485,94.747,87.3,4.0,mb,30.0,5.0,112.8,,0.54,earthquake,"70 km E of W?ngjing, India",,,6.8
usp000hukt,2011-02-16 10:55:26.180000+00:00,2014-11-07T01:43:40.700Z,10.578,91.741,21.0,4.7,mb,61.0,21.0,57.1,,0.7,earthquake,"162 km SW of Port Blair, India",,,
usp000huhr,2011-02-14 23:44:33.550000+00:00,2022-07-19T04:24:50.730Z,26.114,96.326,59.1,4.8,mb,99.0,36.0,59.3,,0.88,earthquake,"49 km WSW of Sarupathar, India",,,6.9
usp000huej,2011-02-13 00:12:07.270000+00:00,2014-11-07T01:43:39.788Z,13.904,92.928,38.0,4.5,mb,60.0,16.0,51.3,,0.79,earthquake,"244 km N of Bamboo Flat, India",,,6.9
usp000hubz,2011-02-11 18:14:54.010000+00:00,2014-11-07T01:43:39.116Z,12.906,92.486,30.0,4.2,mb,46.0,14.0,94.1,,0.99,earthquake,"135 km N of Bamboo Flat, India",,,0.0
usp000huau,2011-02-10 19:27:20.190000+00:00,2014-11-07T01:43:38.919Z,9.12,92.554,28.4,4.4,mb,39.0,9.0,69.4,,0.92,earthquake,"282 km S of Port Blair, India",,,16.3
usp000hu9w,2011-02-10 03:51:44.230000+00:00,2014-11-07T01:43:38.647Z,27.215,88.211,46.2,4.0,mb,31.0,7.0,145.6,,0.79,earthquake,"9 km SSW of Gyalshing, India",,,10.4
usp000hu2v,2011-02-04 14:06:38.220000+00:00,2014-11-07T01:43:37.280Z,24.531,94.805,78.4,4.1,mb,11.0,1.0,112.8,,0.97,earthquake,"75 km E of W?ngjing, India",,,20.3
usp000hu2t,2011-02-04 13:53:46.260000+00:00,2022-07-19T03:29:27.801Z,24.618,94.68,85.0,6.2,mww,555.0,,11.8,,1.04,earthquake,"62 km E of W?ngjing, India",,,
usp000htzq,2011-02-02 13:11:19.100000+00:00,2014-11-07T01:43:36.025Z,13.879,93.008,31.2,4.5,mb,36.0,7.0,147.7,,0.86,earthquake,"243 km N of Bamboo Flat, India",,,
usp000htye,2011-02-01 13:39:47+00:00,2022-04-08T21:32:40.472Z,10.622,94.109,21.8,5.6,mwb,145.0,,40.6,,1.14,earthquake,"188 km SE of Port Blair, India",,,11.9
usp000htr2,2011-01-27 22:40:05.190000+00:00,2022-07-19T03:09:01.444Z,24.267,94.627,86.3,4.7,mb,101.0,35.0,52.2,,0.79,earthquake,"67 km ESE of W?ngjing, India",,,
usp000htpt,2011-01-27 06:10:40.930000+00:00,2014-11-07T01:43:30.247Z,23.811,92.9,10.0,4.1,mb,23.0,4.0,118.9,,1.04,earthquake,"20 km ENE of Aizawl, India",,,
usp000hte1,2011-01-20 20:40:16.330000+00:00,2014-11-07T01:43:28.071Z,7.698,91.82,37.6,4.1,mb,12.0,3.0,159.5,,0.55,earthquake,"Nicobar Islands, India region",,,12.4
usp000hte0,2011-01-20 20:32:15.180000+00:00,2014-11-07T01:43:28.069Z,7.482,91.797,37.2,4.5,mb,19.0,8.0,141.4,,0.67,earthquake,"Nicobar Islands, India region",,,11.2
usp000ht9t,2011-01-18 02:15:50.690000+00:00,2014-11-07T01:43:27.312Z,24.401,94.756,95.9,4.8,mb,72.0,23.0,56.3,,0.69,earthquake,"73 km ESE of W?ngjing, India",,,5.7
usp000hszv,2011-01-12 23:54:32.180000+00:00,2014-11-07T01:43:25.829Z,11.295,91.971,30.6,4.4,mb,27.0,7.0,117.0,,1.13,earthquake,"92 km WSW of Bamboo Flat, India",,,4.2
usp000hsp2,2011-01-06 21:02:14.530000+00:00,2014-11-07T01:43:22.688Z,10.299,92.468,36.5,4.0,mb,23.0,8.0,122.7,,0.63,earthquake,"154 km SSW of Port Blair, India",,,8.4
usp000hsdq,2011-01-01 17:36:11.140000+00:00,2014-11-07T01:43:19.615Z,14.385,93.165,37.5,4.7,mb,43.0,7.0,82.9,,0.96,earthquake,"Andaman Islands, India region",,,8.2
usp000hs8t,2010-12-29 14:03:57.700000+00:00,2014-11-07T01:43:16.383Z,25.488,92.432,29.8,4.1,mb,21.0,6.0,139.8,,0.98,earthquake,"55 km E of Shillong, India",,,
usp000hs8c,2010-12-29 09:10:41.300000+00:00,2014-11-07T01:43:16.342Z,6.857,92.703,10.0,4.3,mb,30.0,3.0,99.8,,0.97,earthquake,"Nicobar Islands, India region",,,
usp000hrrq,2010-12-23 23:24:14.440000+00:00,2014-11-07T01:43:13.436Z,10.641,93.333,20.0,4.0,mb,16.0,6.0,169.1,,0.8,earthquake,"130 km SSE of Port Blair, India",,,0.0
usp000hqz8,2010-12-16 01:27:34.940000+00:00,2014-11-07T01:43:08.071Z,7.628,91.859,16.4,4.2,mb,27.0,5.0,101.4,,0.77,earthquake,"Nicobar Islands, India region",,,20.3
usp000hqu1,2010-12-12 01:40:06.960000+00:00,2014-11-07T01:43:06.397Z,24.792,93.304,47.4,4.8,mb,95.0,45.0,50.5,,0.83,earthquake,"29 km E of Lakhipur, India",,,
usp000hqqs,2010-12-09 15:46:56.400000+00:00,2014-11-07T01:43:05.854Z,13.081,92.58,32.9,4.9,mb,117.0,18.0,36.5,,0.98,earthquake,"153 km N of Bamboo Flat, India",,,
usp000hq88,2010-11-28 04:33:47.100000+00:00,2014-11-07T01:42:58.786Z,7.588,91.875,15.8,4.2,mb,22.0,6.0,105.5,,0.59,earthquake,"Nicobar Islands, India region",,,18.3
usp000hpsm,2010-11-17 04:37:15.670000+00:00,2014-11-07T01:42:56.039Z,28.469,94.174,35.6,4.6,mb,46.0,10.0,103.6,,1.0,earthquake,"20 km WSW of Shi Yomi, India",,,9.6
usp000hpq9,2010-11-15 19:38:12.900000+00:00,2014-11-07T01:42:55.639Z,7.897,91.644,9.7,4.2,mb,18.0,2.0,117.1,,0.64,earthquake,"Nicobar Islands, India region",,,19.8
usp000hpnn,2010-11-15 00:29:23.370000+00:00,2014-11-07T01:42:55.390Z,13.85,93.555,40.0,4.9,mb,73.0,28.0,54.7,,0.89,earthquake,"254 km NNE of Bamboo Flat, India",,,4.7
usp000hpbm,2010-11-09 22:46:20.170000+00:00,2020-09-21T17:05:40.772Z,25.23,73.649,13.5,4.6,mb,45.0,13.0,114.0,,1.13,earthquake,"20 km ENE of S?dri, India",,,22.6
usp000hpaz,2010-11-09 15:01:41.600000+00:00,2014-11-07T01:42:53.466Z,10.808,92.044,42.3,4.4,mb,13.0,2.0,123.2,,0.9,earthquake,"122 km SW of Port Blair, India",,,
usp000hp7v,2010-11-07 03:40:26.820000+00:00,2014-11-07T01:42:52.963Z,34.388,74.081,70.9,4.4,mb,34.0,8.0,90.8,,1.03,earthquake,"31 km NW of B?ram?la, India",,,14.5
usp000hnpr,2010-10-28 07:41:01.710000+00:00,2014-11-07T01:42:46.565Z,28.397,92.896,79.4,4.6,mb,37.0,9.0,109.7,,0.67,earthquake,"128 km NW of Ziro, India",,,
usp000hncr,2010-10-21 20:07:08.830000+00:00,2014-11-07T01:42:44.602Z,14.136,92.94,28.7,4.6,mb,28.0,4.0,76.3,,1.35,earthquake,"270 km N of Bamboo Flat, India",,,23.4
usp000hn73,2010-10-17 10:15:11.730000+00:00,2014-11-07T01:42:43.058Z,12.964,92.355,35.0,5.0,mb,84.0,34.0,55.4,,1.11,earthquake,"145 km NNW of Bamboo Flat, India",,,
usp000hn6q,2010-10-17 05:32:31.040000+00:00,2014-11-07T01:42:42.990Z,10.74,91.115,10.0,4.9,mb,21.0,4.0,103.3,,0.37,earthquake,"204 km WSW of Bamboo Flat, India",,,
usp000hmuy,2010-10-08 21:43:39.400000+00:00,2014-11-07T01:42:40.857Z,7.663,91.862,28.5,4.3,mb,21.0,2.0,131.0,,0.72,earthquake,"Nicobar Islands, India region",,,15.4
usp000hmh3,2010-10-03 02:58:10.800000+00:00,2014-11-07T01:42:37.457Z,14.014,93.019,38.7,4.8,mb,77.0,26.0,93.7,,0.72,earthquake,"258 km N of Bamboo Flat, India",,,6.1
usp000hm89,2010-09-27 04:36:53.110000+00:00,2014-11-07T01:42:31.172Z,12.34,92.573,23.9,4.6,mb,70.0,18.0,68.8,,0.86,earthquake,"72 km NNW of Bamboo Flat, India",,,5.3
usp000hkxz,2010-09-19 11:28:03.950000+00:00,2014-11-07T01:42:29.516Z,11.099,95.192,35.0,4.4,mb,25.0,6.0,97.9,,0.91,earthquake,"274 km ESE of Port Blair, India",,,
usp000hkxy,2010-09-19 11:10:17.570000+00:00,2014-11-07T01:42:29.511Z,11.078,94.999,12.8,4.9,mb,59.0,20.0,91.6,,0.82,earthquake,"254 km ESE of Port Blair, India",,,16.9
usp000hkkp,2010-09-12 01:32:30.950000+00:00,2014-11-07T01:42:26.575Z,11.455,94.867,13.0,4.5,mb,39.0,15.0,145.7,,0.59,earthquake,"232 km E of Port Blair, India",,,19.2
usp000hkjm,2010-09-11 07:02:09.110000+00:00,2020-07-08T02:27:37.575Z,25.72,90.205,22.3,4.5,mb,55.0,20.0,49.5,,1.18,earthquake,"22 km N of Tura, India",,,
usp000hkjd,2010-09-11 03:10:40.870000+00:00,2014-11-07T01:42:26.133Z,33.718,75.368,25.8,4.7,mb,108.0,41.0,54.4,,1.0,earthquake,"19 km E of Anantnag, India",,,11.5
usp000hk2d,2010-09-02 16:12:43.450000+00:00,2014-11-07T01:42:22.100Z,8.34,91.788,21.4,4.6,mb,52.0,8.0,50.7,,0.92,earthquake,"Nicobar Islands, India region",,,13.8
usp000hk1r,2010-09-02 03:09:06.700000+00:00,2014-11-07T01:42:21.838Z,23.625,71.898,10.0,4.0,mb,15.0,4.0,141.2,,1.4,earthquake,"7 km S of H?rij, India",,,
usp000hk1h,2010-09-02 00:16:39.460000+00:00,2022-07-18T19:24:03.146Z,12.788,92.563,24.7,5.1,mb,112.0,34.0,44.7,,1.15,earthquake,"121 km N of Bamboo Flat, India",,,3.0
usp000hjy8,2010-08-30 09:39:26.180000+00:00,2022-07-18T19:16:18.406Z,25.148,95.176,111.6,4.7,mb,50.0,12.0,104.3,,0.8,earthquake,"89 km SE of Phek, India",,,7.0
usp000hjug,2010-08-27 15:42:08.820000+00:00,2014-11-07T01:42:18.263Z,10.946,92.107,35.0,4.4,mb,24.0,2.0,102.8,,1.04,earthquake,"Andaman Islands, India region",,,
usp000hjsg,2010-08-26 04:04:41.540000+00:00,2014-11-07T01:42:17.977Z,10.137,93.636,77.6,4.3,mb,18.0,4.0,160.3,,0.74,earthquake,"195 km SSE of Port Blair, India",,,13.8
usp000hjr4,2010-08-25 08:26:10.420000+00:00,2014-11-07T01:42:17.784Z,13.909,93.024,35.0,4.2,mb,19.0,1.0,150.3,,0.71,earthquake,"246 km N of Bamboo Flat, India",,,
usp000hjqx,2010-08-25 04:47:18.810000+00:00,2014-11-07T01:42:17.762Z,11.673,95.239,35.0,4.2,mb,23.0,6.0,98.4,,0.86,earthquake,"271 km E of Port Blair, India",,,
usp000hjft,2010-08-19 22:19:18.580000+00:00,2014-11-07T01:42:16.084Z,11.141,95.071,20.0,5.1,mb,75.0,25.0,69.9,,0.87,earthquake,"260 km ESE of Port Blair, India",,,14.8
usp000hjcq,2010-08-18 04:41:44.140000+00:00,2014-11-07T01:42:15.705Z,13.854,93.355,42.5,4.2,mb,18.0,1.0,150.2,,0.57,earthquake,"248 km NNE of Bamboo Flat, India",,,22.1
usp000hjar,2010-08-17 01:39:28.500000+00:00,2025-12-22T15:49:34.674Z,11.602,94.973,13.8,5.4,mwc,98.0,,42.0,,0.87,earthquake,"242 km E of Port Blair, India",,,13.3
usp000hj6b,2010-08-14 19:42:00.210000+00:00,2014-11-07T01:42:14.638Z,10.933,92.248,35.0,4.2,mb,17.0,5.0,122.7,,1.37,earthquake,"97 km SW of Port Blair, India",,,
usp000hj3a,2010-08-14 03:08:17.630000+00:00,2014-11-07T01:42:14.208Z,34.124,78.735,67.9,4.1,mb,19.0,1.0,144.3,,0.8,earthquake,"106 km E of Leh, India",,,12.6
usp000hhw9,2010-08-10 14:04:14.300000+00:00,2014-11-07T01:42:12.779Z,30.378,94.842,38.2,4.6,mb,46.0,15.0,92.5,,0.77,earthquake,"209 km NNE of Shi Yomi, India",,,7.6
usp000hhu0,2010-08-09 22:21:43.230000+00:00,2022-05-02T22:07:45.530Z,13.608,92.817,20.9,5.2,mwc,164.0,,26.9,,0.85,earthquake,"211 km N of Bamboo Flat, India",,,8.6
usp000hht5,2010-08-09 07:14:43.140000+00:00,2014-11-07T01:42:12.369Z,30.358,94.935,35.0,4.4,mb,34.0,13.0,97.7,,1.29,earthquake,"209 km NNE of Shi Yomi, India",,,
usp000hhsx,2010-08-09 02:54:50.810000+00:00,2022-05-02T22:07:29.380Z,30.309,94.829,44.8,5.0,mb,82.0,40.0,70.4,,0.84,earthquake,"202 km NNE of Shi Yomi, India",,,7.0
usp000hhs1,2010-08-08 13:31:18.190000+00:00,2014-11-07T01:42:12.208Z,24.891,95.024,45.9,4.0,mb,15.0,1.0,117.2,,0.82,earthquake,"100 km SSE of Phek, India",,,10.6
usp000hhm3,2010-08-05 18:17:46.990000+00:00,2014-11-07T01:42:11.412Z,26.329,96.998,25.8,4.6,mb,42.0,10.0,79.3,,1.09,earthquake,"23 km NE of Sarupathar, India",,,19.9
usp000hhm2,2010-08-05 18:14:19.320000+00:00,2014-11-07T01:42:11.409Z,26.372,97.02,38.8,4.2,mb,27.0,3.0,108.8,,0.98,earthquake,"27 km NE of Sarupathar, India",,,11.9
usp000hhfe,2010-08-04 05:41:24.190000+00:00,2014-11-07T01:42:10.060Z,26.221,96.89,36.4,4.1,mb,21.0,4.0,118.2,,0.88,earthquake,"8 km ENE of Sarupathar, India",,,13.1
usp000hhdk,2010-08-03 01:48:12.880000+00:00,2022-07-18T17:29:53.239Z,10.94,93.246,83.8,5.1,mb,174.0,74.0,24.0,,0.98,earthquake,"97 km SE of Port Blair, India",,,3.6
usp000hhd4,2010-08-02 19:15:47.350000+00:00,2014-11-07T01:42:08.911Z,7.538,91.969,27.1,4.5,mb,20.0,7.0,136.9,,0.94,earthquake,"Nicobar Islands, India region",,,
usp000hhd1,2010-08-02 18:45:26.260000+00:00,2014-11-07T01:42:08.896Z,7.555,91.895,35.0,4.4,mb,13.0,2.0,136.9,,0.95,earthquake,"Nicobar Islands, India region",,,
usp000hhcg,2010-08-02 12:00:48.750000+00:00,2014-11-07T01:42:08.721Z,7.561,91.872,35.0,4.9,mb,55.0,14.0,51.4,,0.98,earthquake,"Nicobar Islands, India region",,,
usp000hhbx,2010-08-02 04:49:28.840000+00:00,2014-11-07T01:42:08.588Z,13.918,93.061,36.3,4.0,mb,21.0,2.0,101.0,,0.66,earthquake,"248 km N of Bamboo Flat, India",,,18.8
usp000hh65,2010-07-30 18:03:37.110000+00:00,2014-11-07T01:42:04.817Z,30.332,94.91,36.3,4.6,mb,48.0,14.0,85.9,,0.87,earthquake,"206 km NNE of Shi Yomi, India",,,8.9
usp000hh59,2010-07-30 09:58:47.290000+00:00,2014-11-07T01:42:04.693Z,14.069,93.128,35.0,4.0,mb,16.0,2.0,147.6,,0.74,earthquake,"265 km N of Bamboo Flat, India",,,
usp000hh4u,2010-07-30 04:36:56.250000+00:00,2014-11-07T01:42:04.645Z,8.356,91.525,35.0,4.4,mb,9.0,1.0,136.5,,0.78,earthquake,"Nicobar Islands, India region",,,
usp000hh4e,2010-07-30 01:04:30.360000+00:00,2014-11-07T01:42:04.530Z,30.437,94.927,10.0,4.6,mb,42.0,13.0,91.6,,1.04,earthquake,"218 km NNE of Shi Yomi, India",,,
usp000hh3r,2010-07-29 12:10:05.780000+00:00,2014-11-07T01:42:04.436Z,30.316,94.84,35.0,4.7,mb,59.0,25.0,71.8,,0.81,earthquake,"203 km NNE of Shi Yomi, India",,,
usp000hgx4,2010-07-27 16:39:00.070000+00:00,2014-11-07T01:42:03.083Z,30.325,94.918,38.9,4.4,mb,35.0,14.0,100.0,,0.85,earthquake,"205 km NNE of Shi Yomi, India",,,10.6
usp000hgwp,2010-07-27 10:14:24.680000+00:00,2014-11-07T01:42:03.045Z,30.305,94.887,42.3,4.8,mb,80.0,27.0,76.6,,0.79,earthquake,"202 km NNE of Shi Yomi, India",,,6.6
usp000hgu0,2010-07-26 02:54:24.270000+00:00,2014-11-07T01:42:01.859Z,9.629,93.266,108.6,4.5,mb,34.0,6.0,88.5,,0.73,earthquake,"232 km SSE of Port Blair, India",,,10.1
usp000hgsb,2010-07-25 09:35:02.540000+00:00,2014-11-07T01:42:01.230Z,6.601,76.775,10.0,4.0,mb,20.0,4.0,105.9,,1.01,earthquake,"180 km SSW of Manav?lakurichi, India",,,
usp000hgru,2010-07-25 06:25:12.780000+00:00,2014-11-07T01:42:01.004Z,10.869,91.899,30.0,4.0,mb,26.0,3.0,97.7,,1.13,earthquake,"127 km SW of Port Blair, India",,,0.0
usp000hgg6,2010-07-22 16:11:11.920000+00:00,2014-11-07T01:41:59.289Z,10.996,91.874,10.0,4.5,mb,24.0,5.0,102.8,,0.87,earthquake,"120 km SW of Bamboo Flat, India",,,
usp000hgex,2010-07-22 06:20:28.340000+00:00,2014-11-07T01:41:58.791Z,10.95,91.774,35.0,4.6,mb,19.0,2.0,113.8,,1.06,earthquake,"132 km SW of Bamboo Flat, India",,,
usp000hg64,2010-07-20 15:00:55.890000+00:00,2014-11-07T01:41:57.275Z,8.314,92.576,39.1,4.2,mb,29.0,5.0,132.7,,1.11,earthquake,"Nicobar Islands, India region",,,
usp000hfc3,2010-07-16 17:28:35.140000+00:00,2014-11-07T01:41:53.617Z,9.975,93.965,35.0,4.0,mb,11.0,4.0,211.6,,0.97,earthquake,"229 km SE of Port Blair, India",,,
usp000hf81,2010-07-13 08:39:05.850000+00:00,2014-11-07T01:41:52.995Z,7.629,91.99,35.0,4.4,mb,17.0,5.0,130.7,,1.17,earthquake,"Nicobar Islands, India region",,,
usp000hf6t,2010-07-12 13:16:27.630000+00:00,2014-11-07T01:41:52.787Z,7.664,91.909,39.9,4.2,mb,15.0,4.0,136.3,,0.58,earthquake,"Nicobar Islands, India region",,,9.1
usp000hf5w,2010-07-11 21:08:25.420000+00:00,2014-11-07T01:41:52.584Z,7.596,91.898,42.8,5.2,mb,85.0,42.0,61.5,,0.9,earthquake,"Nicobar Islands, India region",,,15.6
usp000hf5v,2010-07-11 21:06:56.920000+00:00,2014-11-07T01:41:52.580Z,7.571,91.893,17.5,4.9,mb,51.0,10.0,96.3,,1.03,earthquake,"Nicobar Islands, India region",,,18.1
usp000hf5u,2010-07-11 20:44:36.560000+00:00,2014-11-07T01:41:52.578Z,7.609,91.895,35.0,4.8,mb,23.0,8.0,136.6,,1.44,earthquake,"Nicobar Islands, India region",,,
usp000hf3c,2010-07-10 03:16:18.770000+00:00,2014-11-07T01:41:51.852Z,30.075,79.608,13.1,4.6,mb,40.0,11.0,52.2,,0.86,earthquake,"30 km NNW of B?geshwar, India",,,22.9
usp000hf1w,2010-07-09 02:08:40.310000+00:00,2014-11-07T01:41:51.616Z,11.168,93.358,107.0,4.2,mb,22.0,2.0,105.5,,0.89,earthquake,"86 km SE of Port Blair, India",,,
usp000hf1a,2010-07-08 13:46:58.420000+00:00,2022-05-02T22:02:26.028Z,14.372,93.26,35.0,5.0,mwc,142.0,,53.0,,0.93,earthquake,"Andaman Islands, India region",,,
usp000hez9,2010-07-06 19:08:25.870000+00:00,2022-07-18T15:49:00.686Z,29.841,80.397,32.8,5.0,mwc,133.0,,47.5,,0.8,earthquake,"11 km W of Dh?rchula, India",,,11.8
usp000heym,2010-07-06 09:31:44.090000+00:00,2014-11-07T01:41:51.007Z,27.682,92.674,69.7,4.3,mb,12.0,2.0,175.1,,0.72,earthquake,"52 km NNE of Bomdila, India",,,16.0
usp000hew7,2010-07-04 11:16:46.190000+00:00,2014-11-07T01:41:50.509Z,10.49,93.742,35.4,4.4,mb,18.0,2.0,115.8,,0.62,earthquake,"169 km SE of Port Blair, India",,,12.6
usp000hevm,2010-07-04 02:35:59.130000+00:00,2014-11-07T01:41:50.313Z,29.854,80.375,11.6,4.7,mb,78.0,36.0,80.5,,0.93,earthquake,"13 km W of Dh?rchula, India",,,17.5
usp000heu1,2010-07-02 18:23:09.050000+00:00,2022-05-02T22:01:13.245Z,10.227,92.249,24.8,5.4,mwc,204.0,,36.1,,1.05,earthquake,"168 km SSW of Port Blair, India",,,2.8
usp000hem8,2010-06-27 19:13:25.040000+00:00,2014-11-07T01:41:45.080Z,7.558,91.889,35.0,4.3,mb,18.0,5.0,132.5,,1.02,earthquake,"Nicobar Islands, India region",,,
usp000hehb,2010-06-25 18:22:25.450000+00:00,2014-11-07T01:41:44.219Z,7.53,91.871,19.7,4.3,mb,23.0,7.0,97.1,,0.98,earthquake,"Nicobar Islands, India region",,,24.7
usp000heh4,2010-06-25 13:43:22.300000+00:00,2014-11-07T01:41:44.186Z,7.545,91.861,35.0,4.6,mb,17.0,6.0,136.9,,0.84,earthquake,"Nicobar Islands, India region",,,
usp000heh3,2010-06-25 13:21:30.820000+00:00,2014-11-07T01:41:44.185Z,6.8,91.607,35.0,4.3,mb,14.0,6.0,145.5,,1.22,earthquake,"Nicobar Islands, India region",,,
usp000hegs,2010-06-25 07:48:15.260000+00:00,2014-11-07T01:41:44.156Z,7.444,91.884,20.8,4.8,mb,31.0,11.0,92.4,,1.26,earthquake,"Nicobar Islands, India region",,,25.6
usp000hegr,2010-06-25 07:29:00.690000+00:00,2025-12-22T15:47:45.519Z,7.588,91.856,35.0,5.2,mwc,140.0,,42.9,,0.88,earthquake,"Nicobar Islands, India region",,,
usp000hefx,2010-06-24 18:07:46.760000+00:00,2014-11-07T01:41:43.993Z,7.622,91.979,26.1,5.0,mb,51.0,12.0,83.2,,0.94,earthquake,"Nicobar Islands, India region",,,
usp000heft,2010-06-24 17:06:22.060000+00:00,2016-11-10T02:29:51.147Z,7.761,92.047,30.0,4.9,mwc,26.0,,101.3,,0.91,earthquake,"Nicobar Islands, India region",,,0.0
usp000hefs,2010-06-24 17:05:59.130000+00:00,2014-11-07T01:41:43.978Z,7.641,91.95,25.3,4.6,mb,18.0,2.0,140.5,,1.18,earthquake,"Nicobar Islands, India region",,,24.0
usp000hef7,2010-06-24 07:39:56.690000+00:00,2014-11-07T01:41:43.911Z,7.552,91.931,35.0,4.6,mb,26.0,8.0,136.9,,1.16,earthquake,"Nicobar Islands, India region",,,
usp000heey,2010-06-24 04:08:35.060000+00:00,2022-05-02T22:00:03.595Z,7.696,91.958,20.5,5.5,mwb,184.0,,62.0,,1.24,earthquake,"Nicobar Islands, India region",,,3.3
usp000hedf,2010-06-23 01:57:33.240000+00:00,2014-11-07T01:41:43.667Z,25.673,95.12,87.6,4.0,mb,23.0,5.0,143.6,,0.58,earthquake,"62 km E of Phek, India",,,42.5
usp000hed7,2010-06-22 23:14:10.840000+00:00,2022-05-02T22:00:00.088Z,29.872,80.428,16.3,5.2,mb,174.0,87.0,48.2,,0.95,earthquake,"9 km WNW of Dh?rchula, India",,,10.2
usp000hece,2010-06-22 08:45:06.780000+00:00,2014-11-07T01:41:43.508Z,7.563,91.879,27.8,5.0,mb,33.0,9.0,104.9,,0.81,earthquake,"Nicobar Islands, India region",,,15.3
usp000he9w,2010-06-20 02:10:31.840000+00:00,2014-11-07T01:41:43.169Z,7.787,91.924,13.7,4.5,mb,39.0,14.0,130.8,,0.77,earthquake,"Nicobar Islands, India region",,,17.0
usp000he9s,2010-06-20 00:07:01.450000+00:00,2014-11-07T01:41:43.156Z,7.482,91.669,35.0,4.5,mb,17.0,4.0,141.5,,0.73,earthquake,"Nicobar Islands, India region",,,
usp000he8q,2010-06-18 23:09:31.020000+00:00,2022-07-16T15:52:11.699Z,13.197,93.087,20.0,5.9,mwc,376.0,,27.9,,0.86,earthquake,"170 km NNE of Bamboo Flat, India",,,
usp000he8j,2010-06-18 19:44:49.220000+00:00,2014-11-07T01:41:42.932Z,7.645,91.825,35.0,4.2,mb,26.0,6.0,140.5,,1.09,earthquake,"Nicobar Islands, India region",,,
usp000he83,2010-06-18 12:42:48.180000+00:00,2014-11-07T01:41:42.716Z,7.743,91.885,35.0,4.6,mb,22.0,7.0,135.8,,0.98,earthquake,"Nicobar Islands, India region",,,
usp000he5v,2010-06-16 21:37:03.730000+00:00,2014-11-07T01:41:42.148Z,7.588,91.783,25.6,4.5,mb,29.0,5.0,132.1,,1.01,earthquake,"Nicobar Islands, India region",,,20.4
usp000he4t,2010-06-16 12:10:45.400000+00:00,2014-11-07T01:41:42.043Z,7.714,91.85,26.5,4.8,mb,65.0,15.0,53.9,,0.83,earthquake,"Nicobar Islands, India region",,,11.6
usp000he4e,2010-06-16 07:50:44.880000+00:00,2014-11-07T01:41:42.001Z,14.074,92.865,47.0,4.8,mb,70.0,12.0,46.8,,0.75,earthquake,"263 km N of Bamboo Flat, India",,,3.7
usp000he40,2010-06-16 04:57:32.820000+00:00,2014-11-07T01:41:41.971Z,7.605,91.849,35.0,4.5,mb,22.0,2.0,116.1,,0.79,earthquake,"Nicobar Islands, India region",,,
usp000he36,2010-06-16 01:29:42.830000+00:00,2014-11-07T01:41:41.768Z,7.455,91.847,18.6,4.6,mb,29.0,9.0,131.1,,1.08,earthquake,"Nicobar Islands, India region",,,23.7
usp000he2x,2010-06-15 23:24:27.650000+00:00,2025-12-22T15:47:39.420Z,7.404,91.823,35.0,5.0,mwc,83.0,,71.7,,1.01,earthquake,"Nicobar Islands, India region",,,
usp000he1p,2010-06-15 09:14:31.120000+00:00,2014-11-07T01:41:41.223Z,7.268,91.615,35.0,4.3,mb,19.0,5.0,142.8,,0.79,earthquake,"Nicobar Islands, India region",,,
usp000he17,2010-06-15 06:55:11.850000+00:00,2014-11-07T01:41:41.194Z,7.693,92.03,35.8,4.1,mb,16.0,3.0,140.1,,0.46,earthquake,"Nicobar Islands, India region",,,8.0
usp000he01,2010-06-15 03:43:07.560000+00:00,2014-11-07T01:41:41.084Z,7.944,91.816,35.0,4.1,mb,27.0,6.0,128.6,,0.98,earthquake,"Nicobar Islands, India region",,,
usp000hdzh,2010-06-14 21:15:02.160000+00:00,2014-11-07T01:41:41.003Z,7.673,91.853,27.9,4.0,mb,27.0,4.0,71.1,,1.26,earthquake,"Nicobar Islands, India region",,,21.6
usp000hdze,2010-06-14 17:34:20.660000+00:00,2014-11-07T01:41:40.997Z,7.666,91.909,35.0,4.3,mb,20.0,6.0,140.3,,1.1,earthquake,"Nicobar Islands, India region",,,
usp000hdy5,2010-06-13 16:38:13.850000+00:00,2014-11-07T01:41:40.856Z,7.774,91.957,31.1,4.3,mb,22.0,5.0,135.6,,0.91,earthquake,"Nicobar Islands, India region",,,18.4
usp000hdxy,2010-06-13 12:57:38.110000+00:00,2014-11-07T01:41:40.812Z,7.779,91.959,35.0,4.4,mb,34.0,13.0,124.5,,1.08,earthquake,"Nicobar Islands, India region",,,
usp000hdxp,2010-06-13 09:44:11.420000+00:00,2014-11-07T01:41:40.786Z,7.726,91.835,35.0,4.2,mb,13.0,3.0,134.9,,1.21,earthquake,"Nicobar Islands, India region",,,
usp000hdxf,2010-06-13 07:37:35.710000+00:00,2014-11-07T01:41:40.747Z,7.649,91.956,35.0,4.7,mb,21.0,5.0,108.5,,1.21,earthquake,"Nicobar Islands, India region",,,
usp000hdxe,2010-06-13 07:36:59.540000+00:00,2014-11-07T01:41:40.744Z,7.676,91.953,22.8,4.5,mb,36.0,8.0,82.7,,0.96,earthquake,"Nicobar Islands, India region",,,18.2
usp000hdxd,2010-06-13 07:05:35.620000+00:00,2025-12-22T15:18:11.916Z,7.794,91.895,27.7,5.2,mwc,135.0,,44.9,,0.96,earthquake,"Nicobar Islands, India region",,,11.4
usp000hdxc,2010-06-13 06:38:43.150000+00:00,2014-11-07T01:41:40.731Z,7.532,91.621,29.1,4.7,mb,23.0,6.0,137.1,,1.32,earthquake,"Nicobar Islands, India region",,,
usp000hdxb,2010-06-13 06:26:04.790000+00:00,2025-12-22T15:47:31.809Z,7.779,91.992,35.0,5.2,mwc,124.0,,45.9,,0.94,earthquake,"Nicobar Islands, India region",,,
usp000hdx7,2010-06-13 04:15:14.560000+00:00,2014-11-07T01:41:40.711Z,7.426,91.895,35.0,4.5,mb,21.0,5.0,141.7,,0.91,earthquake,"Nicobar Islands, India region",,,
usp000hdx5,2010-06-13 04:01:07.680000+00:00,2014-11-07T01:41:40.696Z,7.86,92.09,37.3,5.0,mb,149.0,67.0,105.0,,0.76,earthquake,"Nicobar Islands, India region",,,5.2
usp000hdww,2010-06-13 02:50:33.020000+00:00,2014-11-07T01:41:40.606Z,7.629,91.9,11.6,4.9,mb,120.0,36.0,42.9,,1.06,earthquake,"Nicobar Islands, India region",,,16.5
usp000hdwn,2010-06-12 22:57:59.360000+00:00,2014-11-07T01:41:40.528Z,8.035,92.211,22.1,4.9,mb,79.0,19.0,130.3,,1.07,earthquake,"Nicobar Islands, India region",,,21.6
usp000hdwm,2010-06-12 22:44:42.140000+00:00,2022-05-02T22:22:44.869Z,7.674,91.967,35.0,5.2,mb,183.0,87.0,42.9,,0.88,earthquake,"Nicobar Islands, India region",,,
usp000hdwh,2010-06-12 22:28:29.830000+00:00,2014-11-07T01:41:40.490Z,7.716,92.038,30.4,4.3,mb,29.0,7.0,129.7,,0.59,earthquake,"Nicobar Islands, India region",,,13.1
usp000hdwe,2010-06-12 20:22:00.280000+00:00,2014-11-07T01:41:40.480Z,24.55,94.81,113.9,4.4,mb,48.0,16.0,114.2,,0.8,earthquake,"75 km E of W?ngjing, India",,,9.6
usp000hdwd,2010-06-12 20:12:25.430000+00:00,2014-11-07T01:41:40.477Z,7.769,92.057,35.0,4.7,mb,28.0,8.0,178.7,,1.22,earthquake,"Nicobar Islands, India region",,,
usp000hdwc,2010-06-12 20:03:41.570000+00:00,2014-11-07T01:41:40.473Z,7.597,91.811,35.0,4.4,mb,12.0,3.0,140.8,,0.84,earthquake,"Nicobar Islands, India region",,,
usp000hdwb,2010-06-12 19:26:50.460000+00:00,2022-07-16T15:24:55.383Z,7.881,91.936,35.0,7.5,mwc,514.0,,18.6,,1.1,earthquake,"Nicobar Islands, India region",,,
usp000hdk2,2010-06-04 11:58:10.100000+00:00,2014-11-07T01:41:38.577Z,33.243,76.297,35.0,4.5,mb,27.0,6.0,94.9,,1.17,earthquake,"49 km E of Kishtw?r, India",,,
usp000hdg6,2010-06-02 08:05:22.880000+00:00,2014-11-07T01:41:37.408Z,31.406,80.251,35.0,4.0,mb,24.0,2.0,144.0,,0.74,earthquake,"114 km NE of Josh?math, India",,,
usp000hde8,2010-05-31 19:51:45.870000+00:00,2022-07-16T14:38:14.176Z,11.132,93.471,112.0,6.5,mwc,422.0,,19.2,,1.09,earthquake,"98 km SE of Port Blair, India",,,
usp000hd9n,2010-05-28 07:25:02.580000+00:00,2014-11-07T01:41:33.663Z,31.135,77.839,18.8,5.0,mb,106.0,44.0,48.5,,0.74,earthquake,"10 km SE of Rohru, India",,,11.3
usp000hd52,2010-05-25 00:52:01.360000+00:00,2014-11-07T01:41:32.719Z,11.219,92.178,35.0,4.6,mb,42.0,14.0,141.7,,0.93,earthquake,"79 km SW of Bamboo Flat, India",,,
usp000hd22,2010-05-22 17:40:31.120000+00:00,2014-11-07T01:41:31.228Z,14.06,92.755,35.4,4.3,mb,23.0,5.0,85.1,,1.27,earthquake,"261 km N of Bamboo Flat, India",,,11.3
usp000hcwg,2010-05-18 09:32:23.950000+00:00,2014-11-07T01:41:30.167Z,12.559,95.107,36.1,4.0,mb,21.0,3.0,181.4,,0.7,earthquake,"275 km ENE of Port Blair, India",,,21.8
usp000hcv7,2010-05-17 09:19:13.720000+00:00,2014-11-07T01:41:29.953Z,13.931,93.04,35.0,4.1,mb,27.0,4.0,128.9,,0.67,earthquake,"249 km N of Bamboo Flat, India",,,
usp000hctw,2010-05-16 08:55:46.290000+00:00,2022-05-02T21:55:49.622Z,14.423,93.18,38.7,5.3,mwb,213.0,,31.0,,0.82,earthquake,"Andaman Islands, India region",,,
usp000hcrp,2010-05-14 16:59:17.750000+00:00,2014-11-07T01:41:29.293Z,14.012,92.959,35.0,4.4,mb,37.0,5.0,147.7,,0.6,earthquake,"257 km N of Bamboo Flat, India",,,
usp000hcrb,2010-05-14 11:31:30.100000+00:00,2014-11-07T01:41:29.218Z,14.009,92.851,33.1,4.3,mb,29.0,5.0,131.6,,0.57,earthquake,"255 km N of Bamboo Flat, India",,,3.6
usp000hcpd,2010-05-13 00:19:29.090000+00:00,2014-11-07T01:41:28.934Z,14.29,93.131,33.9,4.2,mb,24.0,5.0,88.5,,0.88,earthquake,"290 km N of Bamboo Flat, India",,,4.1
usp000hcf1,2010-05-07 17:58:36.760000+00:00,2014-11-07T01:41:27.696Z,9.396,93.073,70.2,4.8,mb,86.0,24.0,54.6,,1.03,earthquake,"253 km S of Port Blair, India",,,6.3
usp000hceg,2010-05-07 09:23:52.830000+00:00,2014-11-07T01:41:27.595Z,13.695,92.84,35.0,4.9,mb,77.0,27.0,85.0,,0.87,earthquake,"221 km N of Bamboo Flat, India",,,
usp000hcbh,2010-05-05 09:31:10.520000+00:00,2014-11-07T01:41:26.804Z,14.362,93.054,43.0,4.4,mb,24.0,1.0,130.1,,0.8,earthquake,"296 km N of Bamboo Flat, India",,,
usp000hc9a,2010-05-03 17:15:08+00:00,2014-11-07T01:41:26.281Z,30.27,78.314,13.5,4.0,mb,39.0,4.0,93.4,,1.14,earthquake,"12 km NNE of Narendranagar, India",,,20.7
usp000hc83,2010-05-02 21:23:25.880000+00:00,2014-11-07T01:41:25.772Z,7.22,92.332,36.6,4.6,mb,33.0,7.0,128.2,,0.92,earthquake,"Nicobar Islands, India region",,,7.9
usp000hc6w,2010-05-02 05:53:43.140000+00:00,2014-11-07T01:41:25.147Z,13.633,92.75,35.0,4.5,mb,60.0,6.0,89.4,,0.81,earthquake,"213 km N of Bamboo Flat, India",,,
usp000hc6d,2010-05-02 01:31:48.130000+00:00,2014-11-07T01:41:24.969Z,10.961,94.817,35.0,4.2,mb,18.0,5.0,156.1,,0.93,earthquake,"239 km ESE of Port Blair, India",,,
usp000hc68,2010-05-01 22:36:29.370000+00:00,2020-09-21T16:47:42.322Z,30.099,80.026,35.5,4.5,mb,61.0,23.0,62.3,,0.88,earthquake,"37 km NE of B?geshwar, India",,,7.5
usp000hc65,2010-05-01 21:18:56.580000+00:00,2014-11-07T01:41:24.813Z,13.624,92.777,35.8,5.0,mb,162.0,89.0,53.2,,0.8,earthquake,"212 km N of Bamboo Flat, India",,,
usp000hbv7,2010-04-24 22:50:26.970000+00:00,2014-11-07T01:41:19.063Z,13.676,92.843,35.0,4.2,mb,23.0,3.0,150.5,,0.74,earthquake,"219 km N of Bamboo Flat, India",,,
usp000hbsz,2010-04-23 00:02:33.690000+00:00,2014-11-07T01:41:18.606Z,35.99,76.923,102.1,4.6,mb,17.0,5.0,267.7,,0.63,earthquake,"118 km N of Thang, India",,,13.0
usp000hbns,2010-04-19 13:54:06.430000+00:00,2014-11-07T01:41:17.898Z,10.967,93.644,149.5,4.8,mb,73.0,24.0,68.5,,0.8,earthquake,"124 km SE of Port Blair, India",,,
usp000hbb9,2010-04-13 20:14:56.830000+00:00,2025-12-22T15:46:18.967Z,7.805,91.843,21.1,5.2,mwc,148.0,,58.9,,0.78,earthquake,"Nicobar Islands, India region",,,9.8
usp000hb2e,2010-04-09 18:02:23.120000+00:00,2014-11-07T01:41:14.294Z,14.405,93.114,35.0,4.8,mb,102.0,22.0,68.6,,0.82,earthquake,"Andaman Islands, India region",,,
usp000hb2d,2010-04-09 17:59:42.690000+00:00,2014-11-07T01:41:14.290Z,14.523,92.998,35.0,4.8,mb,41.0,13.0,103.3,,0.93,earthquake,"Andaman Islands, India region",,,
usp000haar,2010-04-04 02:40:58.600000+00:00,2014-11-07T01:41:10.802Z,10.855,92.134,34.8,4.0,mb,29.0,9.0,123.0,,0.75,earthquake,"111 km SW of Port Blair, India",,,17.4
usp000ha6m,2010-04-01 07:19:59.850000+00:00,2014-11-07T01:41:08.717Z,13.613,92.915,35.0,4.9,mb,29.0,5.0,103.9,,0.9,earthquake,"212 km N of Bamboo Flat, India",,,
usp000ha61,2010-03-31 07:21:14.560000+00:00,2014-11-07T01:41:06.704Z,13.608,92.627,35.0,4.0,mb,26.0,1.0,86.6,,0.82,earthquake,"211 km N of Bamboo Flat, India",,,
usp000ha5f,2010-03-30 20:33:35.930000+00:00,2014-11-07T01:41:06.627Z,13.653,92.739,23.0,4.4,mb,33.0,11.0,86.1,,1.02,earthquake,"216 km N of Bamboo Flat, India",,,
usp000ha5a,2010-03-30 17:14:44.820000+00:00,2014-11-07T01:41:06.605Z,13.555,92.741,35.0,4.4,mb,14.0,4.0,140.4,,0.81,earthquake,"205 km N of Bamboo Flat, India",,,
usp000ha59,2010-03-30 16:54:46.730000+00:00,2022-07-16T09:18:20.862Z,13.667,92.831,34.0,6.6,mwc,413.0,,16.7,,0.86,earthquake,"217 km N of Bamboo Flat, India",,,7.0
usp000ha1d,2010-03-27 17:19:59.950000+00:00,2014-11-07T01:41:06.001Z,13.556,92.914,17.9,4.1,mb,21.0,3.0,111.3,,0.47,earthquake,"206 km N of Bamboo Flat, India",,,17.4
usp000h9xe,2010-03-24 06:13:51.510000+00:00,2014-11-07T01:41:05.221Z,7.649,92.127,35.0,4.3,mb,19.0,1.0,115.7,,0.47,earthquake,"Nicobar Islands, India region",,,
usp000h9w9,2010-03-23 09:59:56.620000+00:00,2014-11-07T01:41:04.842Z,33.78,75.151,39.8,4.2,mb,20.0,1.0,144.9,,0.79,earthquake,"4 km ESE of Bijbehara, India",,,11.4
usp000h9sm,2010-03-21 07:49:41.830000+00:00,2014-11-07T01:41:04.028Z,24.827,95.377,125.4,4.4,mb,16.0,10.0,97.7,,0.93,earthquake,"128 km SE of Phek, India",,,11.4
usp000h9rw,2010-03-20 20:15:05.810000+00:00,2014-11-07T01:41:03.890Z,13.905,92.944,35.0,4.5,mb,30.0,5.0,82.3,,0.94,earthquake,"245 km N of Bamboo Flat, India",,,
usp000h9c9,2010-03-14 06:53:21.790000+00:00,2020-07-08T02:24:52.491Z,31.677,76.105,30.0,4.5,mb,46.0,5.0,156.3,,0.63,earthquake,"4 km ENE of Gagret, India",,,
usp000h9bv,2010-03-14 02:43:26.370000+00:00,2014-11-07T01:40:59.948Z,8.756,92.296,37.7,4.7,mb,74.0,33.0,85.8,,0.85,earthquake,"Nicobar Islands, India region",,,6.3
usp000h9aw,2010-03-13 16:45:07+00:00,2014-11-07T01:40:59.776Z,34.292,75.71,56.6,4.7,mb,52.0,16.0,63.1,,1.13,earthquake,"47 km NE of Pahlg?m, India",,,9.1
usp000h8ng,2010-03-04 01:24:11.690000+00:00,2014-11-07T01:40:54.750Z,7.186,92.585,35.0,4.1,mb,19.0,3.0,138.5,,1.06,earthquake,"Nicobar Islands, India region",,,
usp000h8ev,2010-03-01 21:15:14.430000+00:00,2014-11-07T01:40:52.862Z,14.086,93.046,40.0,4.7,mb,75.0,19.0,83.2,,0.74,earthquake,"266 km N of Bamboo Flat, India",,,6.7
usp000h7nr,2010-02-25 03:51:49.040000+00:00,2014-11-07T01:40:44.801Z,14.199,93.162,34.7,4.9,mb,124.0,36.0,76.0,,1.3,earthquake,"280 km N of Bamboo Flat, India",,,3.7
usp000h7n5,2010-02-24 14:43:31.880000+00:00,2014-11-07T01:40:44.701Z,26.062,93.156,52.8,4.0,mb,22.0,6.0,94.2,,1.19,earthquake,"30 km ENE of Hoj?i, India",,,14.2
usp000h7kn,2010-02-23 06:55:45.560000+00:00,2014-11-07T01:40:44.404Z,25.818,93.282,53.9,4.7,mb,78.0,21.0,65.7,,0.83,earthquake,"Assam-Nagaland-Manipur region, India",,,4.5
usp000h7jy,2010-02-22 17:23:45.140000+00:00,2014-11-07T01:40:44.299Z,30.069,80.034,10.0,4.6,mb,71.0,4.0,47.2,,0.93,earthquake,"36 km NE of B?geshwar, India",,,
usp000h7er,2010-02-19 02:15:29.850000+00:00,2014-11-07T01:40:43.468Z,12.957,93.656,105.5,4.8,mb,116.0,58.0,56.8,,0.86,earthquake,"172 km NE of Bamboo Flat, India",,,5.8
usp000h7ce,2010-02-16 20:58:01.490000+00:00,2014-11-07T01:40:43.015Z,27.605,92.747,48.2,4.2,mb,42.0,7.0,96.9,,0.94,earthquake,"49 km NE of Bomdila, India",,,8.4
usp000h7bx,2010-02-16 07:07:49.400000+00:00,2014-11-07T01:40:42.804Z,13.823,92.846,35.0,4.7,mb,29.0,8.0,82.4,,1.16,earthquake,"235 km N of Bamboo Flat, India",,,
usp000h7bs,2010-02-16 04:14:23.190000+00:00,2014-11-07T01:40:42.781Z,13.932,93.037,41.5,4.6,mb,27.0,5.0,82.3,,0.68,earthquake,"249 km N of Bamboo Flat, India",,,8.3
usp000h780,2010-02-13 00:31:28.480000+00:00,2014-11-07T01:40:42.167Z,8.588,92.07,27.0,4.6,mb,55.0,16.0,51.9,,0.89,earthquake,"Nicobar Islands, India region",,,11.6
usp000h75c,2010-02-10 18:02:36.540000+00:00,2014-11-07T01:40:41.593Z,14.043,92.959,36.5,4.5,mb,49.0,8.0,101.0,,1.04,earthquake,"260 km N of Bamboo Flat, India",,,9.1
usp000h6ve,2010-02-02 05:54:56.350000+00:00,2014-11-07T01:40:38.494Z,10.768,92.07,38.3,4.7,mb,39.0,13.0,101.7,,1.02,earthquake,"123 km SW of Port Blair, India",,,8.8
usp000h66k,2010-01-16 06:31:29.530000+00:00,2014-11-07T01:40:28.735Z,14.161,93.145,44.2,4.9,mb,118.0,57.0,58.8,,0.76,earthquake,"276 km N of Bamboo Flat, India",,,5.5
usp000h5zu,2010-01-12 09:25:30.550000+00:00,2014-11-07T01:40:26.590Z,17.2,73.73,10.0,4.2,mb,15.0,5.0,154.9,,1.03,earthquake,"22 km S of Koynanagar, India",,,
usp000h5y6,2010-01-11 03:38:43.300000+00:00,2014-11-07T01:40:26.412Z,14.243,93.505,66.4,4.0,mb,18.0,2.0,181.4,,0.85,earthquake,"294 km NNE of Bamboo Flat, India",,,22.2
usp000h5f4,2009-12-29 09:01:55.310000+00:00,2022-07-15T23:24:57.370Z,24.357,94.807,124.8,5.6,mwb,206.0,,17.3,,0.77,earthquake,"79 km ESE of W?ngjing, India",,,
usp000h5c9,2009-12-26 00:23:38.570000+00:00,2014-11-07T01:40:18.641Z,14.001,92.862,42.6,5.0,mb,117.0,56.0,68.1,,0.82,earthquake,"Andaman Islands, India region",,,5.7
usp000h59s,2009-12-23 15:23:06.410000+00:00,2014-11-07T01:40:18.148Z,7.3,92.502,73.2,4.5,mb,17.0,9.0,205.0,,1.3,earthquake,"Nicobar Islands, India region",,,23.5
usp000h534,2009-12-16 05:29:11.110000+00:00,2014-11-07T01:40:16.843Z,13.909,92.942,46.4,4.3,mb,24.0,2.0,131.5,,0.63,earthquake,"245 km N of Bamboo Flat, India",,,11.6
usp000h4zx,2009-12-12 21:55:02.120000+00:00,2014-11-07T01:40:16.331Z,17.123,73.45,10.0,4.3,mb,14.0,8.0,208.0,,0.83,earthquake,"17 km SSW of M?khjan, India",,,
usp000h4zp,2009-12-12 16:25:41.770000+00:00,2014-11-07T01:40:16.089Z,17.11,73.69,10.0,4.4,mb,22.0,5.0,133.7,,0.97,earthquake,"26 km SE of M?khjan, India",,,
usp000h4zh,2009-12-12 11:51:25.780000+00:00,2022-07-15T22:25:46.678Z,17.134,73.773,10.0,4.8,mwc,117.0,,73.1,,0.93,earthquake,"29 km NW of Malk?pur, India",,,
usp000h4uz,2009-12-07 22:16:34.310000+00:00,2014-11-07T01:40:14.913Z,14.107,93.182,27.7,4.1,mb,30.0,8.0,77.7,,0.85,earthquake,"271 km N of Bamboo Flat, India",,,17.4
usp000h4sz,2009-12-06 04:33:16.880000+00:00,2025-12-22T15:42:12.402Z,35.778,77.352,72.2,5.2,mwc,202.0,,33.1,,0.81,earthquake,"107 km NNE of Thang, India",,,4.9
usp000h4mx,2009-12-01 11:40:45.670000+00:00,2022-05-02T21:27:46.426Z,13.622,92.793,33.6,5.3,mwc,191.0,,42.9,,0.78,earthquake,"212 km N of Bamboo Flat, India",,,8.0
usp000h4ed,2009-11-26 06:13:02.720000+00:00,2022-05-02T21:27:11.018Z,13.627,92.784,39.2,5.1,mwc,177.0,,55.0,,0.82,earthquake,"213 km N of Bamboo Flat, India",,,5.0
usp000h4bf,2009-11-23 06:39:44.370000+00:00,2014-11-07T01:40:08.374Z,13.909,92.955,20.3,4.1,mb,25.0,2.0,82.3,,0.52,earthquake,"245 km N of Bamboo Flat, India",,,20.8
usp000h44w,2009-11-17 17:39:40.380000+00:00,2014-11-07T01:40:07.246Z,27.647,92.823,44.4,4.7,mb,91.0,22.0,97.0,,0.76,earthquake,"Arunachal Pradesh, India",,,4.4
usp000h41t,2009-11-14 13:34:34.490000+00:00,2014-11-07T01:40:06.550Z,17.056,73.747,10.0,4.3,mb,14.0,3.0,133.7,,1.44,earthquake,"25 km NW of Malk?pur, India",,,
usp000h41s,2009-11-14 13:03:34.710000+00:00,2022-07-15T21:09:12.057Z,17.089,73.828,10.0,4.8,mwc,42.0,,92.4,,1.12,earthquake,"21 km NNW of Malk?pur, India",,,
usp000h3yh,2009-11-11 05:09:59.670000+00:00,2014-11-07T01:40:05.923Z,10.282,93.803,35.0,4.5,mb,24.0,5.0,92.9,,0.8,earthquake,"191 km SE of Port Blair, India",,,
usp000h3xe,2009-11-10 02:48:46.790000+00:00,2022-05-02T21:26:00.199Z,8.082,91.899,23.0,6.0,mwc,355.0,,18.6,,0.84,earthquake,"Nicobar Islands, India region",,,7.3
usp000h3tk,2009-11-06 19:50:13.610000+00:00,2014-11-07T01:40:04.951Z,13.994,92.966,38.2,4.6,mb,75.0,22.0,84.5,,0.72,earthquake,"255 km N of Bamboo Flat, India",,,
usp000h3sw,2009-11-06 02:26:12.360000+00:00,2014-11-07T01:40:04.784Z,13.116,92.486,37.4,4.4,mb,45.0,16.0,91.3,,0.88,earthquake,"158 km N of Bamboo Flat, India",,,
usp000h3pb,2009-11-02 21:35:44.360000+00:00,2022-05-02T21:24:57.173Z,14.032,92.968,15.7,5.4,mwc,263.0,,32.2,,0.96,earthquake,"259 km N of Bamboo Flat, India",,,11.4
usp000h3ja,2009-10-29 21:05:19.980000+00:00,2014-11-07T01:39:59.706Z,8.151,91.759,29.6,5.0,mb,134.0,48.0,34.0,,1.0,earthquake,"Nicobar Islands, India region",,,3.5
usp000h3j9,2009-10-29 19:57:01.280000+00:00,2014-11-07T01:39:59.698Z,26.548,90.018,30.4,4.8,mb,76.0,29.0,96.6,,0.6,earthquake,"13 km NNE of Goshaingaon, India",,,11.2
usp000h3gw,2009-10-28 13:40:10.480000+00:00,2014-11-07T01:39:58.975Z,23.65,69.843,10.0,4.4,mb,22.0,7.0,151.4,,0.82,earthquake,"47 km NNE of Bhuj, India",,,
usp000h3g0,2009-10-27 18:10:16.390000+00:00,2014-11-07T01:39:58.855Z,14.06,93.225,54.8,4.6,mb,47.0,13.0,59.8,,0.75,earthquake,"266 km NNE of Bamboo Flat, India",,,9.4
usp000h36s,2009-10-20 09:28:45.820000+00:00,2014-11-07T01:39:57.401Z,12.047,94.943,11.6,4.9,mb,75.0,19.0,53.7,,0.79,earthquake,"243 km E of Port Blair, India",,,13.9
usp000h2zm,2009-10-15 05:17:34.210000+00:00,2014-11-07T01:39:56.082Z,10.7,91.73,10.0,4.5,mb,31.0,5.0,81.3,,0.97,earthquake,"154 km SW of Port Blair, India",,,
usp000h2ym,2009-10-14 23:04:54.920000+00:00,2014-11-07T01:39:55.943Z,10.885,92.139,21.2,4.0,mb,30.0,4.0,87.9,,0.69,earthquake,"108 km SW of Port Blair, India",,,26.9
usp000h2df,2009-10-05 09:46:59.360000+00:00,2014-11-07T01:39:52.590Z,10.696,91.566,10.0,4.5,mb,12.0,2.0,176.7,,0.61,earthquake,"167 km SW of Bamboo Flat, India",,,
usp000h29z,2009-10-03 05:20:58.720000+00:00,2014-11-07T01:39:51.859Z,29.996,79.849,36.1,4.8,mb,81.0,28.0,97.5,,0.59,earthquake,"19 km NNE of B?geshwar, India",,,5.6
usp000h28u,2009-10-02 18:29:05.580000+00:00,2014-11-07T01:39:51.612Z,13.976,92.867,36.9,4.6,mb,96.0,18.0,46.2,,0.89,earthquake,"252 km N of Bamboo Flat, India",,,
usp000h1r8,2009-09-21 09:43:50.990000+00:00,2022-07-15T17:58:23.193Z,30.879,79.057,52.3,5.0,mb,78.0,24.0,85.3,,0.79,earthquake,"Uttaranchal, India",,,7.4
usp000h1nj,2009-09-19 06:33:46.760000+00:00,2014-11-07T01:39:43.137Z,13.846,92.634,23.6,4.3,mb,20.0,6.0,101.1,,1.43,earthquake,"237 km N of Bamboo Flat, India",,,9.6
usp000h1f7,2009-09-12 04:43:29.490000+00:00,2014-11-07T01:39:42.001Z,8.572,93.901,28.7,4.6,mb,61.0,13.0,48.0,,0.8,earthquake,"Nicobar Islands, India region",,,
usp000h1by,2009-09-09 00:07:16.720000+00:00,2014-11-07T01:39:41.408Z,10.261,93.82,169.9,4.7,mb,108.0,42.0,61.0,,0.58,earthquake,"194 km SE of Port Blair, India",,,5.4
usp000h1b8,2009-09-08 09:59:15.650000+00:00,2014-11-07T01:39:41.289Z,14.037,93.161,41.3,4.1,mb,22.0,3.0,100.9,,0.65,earthquake,"263 km N of Bamboo Flat, India",,,20.0
usp000h18w,2009-09-06 01:14:39.910000+00:00,2014-11-07T01:39:40.630Z,13.987,92.923,33.7,4.6,mb,75.0,20.0,57.8,,0.84,earthquake,"253 km N of Bamboo Flat, India",,,
usp000h18h,2009-09-05 08:18:49.770000+00:00,2014-11-07T01:39:40.571Z,13.925,93.145,35.0,4.3,mb,23.0,6.0,147.6,,0.84,earthquake,"250 km N of Bamboo Flat, India",,,
usp000h18d,2009-09-05 06:40:03.570000+00:00,2014-11-07T01:39:40.553Z,23.123,70.249,10.0,4.0,mb,20.0,5.0,151.7,,1.21,earthquake,"10 km NNE of K?ndla, India",,,
usp000h17b,2009-09-04 06:57:52.350000+00:00,2014-11-07T01:39:40.137Z,13.942,93.119,35.0,4.3,mb,19.0,2.0,149.1,,0.6,earthquake,"251 km N of Bamboo Flat, India",,,
usp000h177,2009-09-04 06:13:32.650000+00:00,2014-11-07T01:39:40.113Z,13.78,92.867,35.0,4.4,mb,17.0,2.0,149.4,,1.08,earthquake,"230 km N of Bamboo Flat, India",,,
usp000h16n,2009-09-03 19:51:06.960000+00:00,2022-05-02T22:23:53.979Z,24.332,94.669,95.0,5.9,mwc,358.0,,14.3,,0.83,earthquake,"67 km ESE of W?ngjing, India",,,
usp000h15z,2009-09-03 00:49:43.520000+00:00,2014-11-07T01:39:39.437Z,14.052,92.895,40.9,4.1,mb,26.0,6.0,82.3,,0.51,earthquake,"260 km N of Bamboo Flat, India",,,4.9
usp000h15m,2009-09-02 17:21:55.570000+00:00,2014-11-07T01:39:38.805Z,11.027,93.603,123.7,4.8,mb,48.0,16.0,74.9,,0.67,earthquake,"117 km SE of Port Blair, India",,,7.9
usp000h136,2009-08-31 10:41:31.590000+00:00,2014-11-07T01:39:35.542Z,14.05,92.822,34.6,4.8,mb,64.0,15.0,82.3,,0.98,earthquake,"260 km N of Bamboo Flat, India",,,13.4
usp000h12d,2009-08-30 19:27:48.840000+00:00,2025-12-22T15:39:15.383Z,25.28,95.101,82.2,5.3,mwc,194.0,,22.5,,0.96,earthquake,"74 km SE of Phek, India",,,
usp000h11p,2009-08-30 09:34:13.180000+00:00,2014-11-07T01:39:35.245Z,14.208,93.075,35.0,4.7,mb,12.0,1.0,198.3,,0.45,earthquake,"280 km N of Bamboo Flat, India",,,
usp000h0y5,2009-08-27 22:39:06.080000+00:00,2014-11-07T01:39:34.107Z,14.34,93.021,35.0,4.7,mb,63.0,24.0,83.5,,0.77,earthquake,"293 km N of Bamboo Flat, India",,,
usp000h0vn,2009-08-26 02:57:50.220000+00:00,2014-11-07T01:39:33.717Z,14.088,93.113,33.0,4.8,mb,95.0,29.0,47.7,,0.74,earthquake,"267 km N of Bamboo Flat, India",,,
usp000h0uw,2009-08-25 08:31:45.860000+00:00,2014-11-07T01:39:33.623Z,14.077,93.163,35.0,4.4,mb,21.0,2.0,102.3,,0.71,earthquake,"267 km N of Bamboo Flat, India",,,
usp000h0uv,2009-08-25 07:51:19.890000+00:00,2014-11-07T01:39:33.620Z,14.092,93.115,35.0,4.2,mb,24.0,2.0,102.3,,0.8,earthquake,"268 km N of Bamboo Flat, India",,,
usp000h0qb,2009-08-21 14:26:02.050000+00:00,2014-11-07T01:39:32.866Z,14.04,92.989,35.0,4.9,mb,83.0,36.0,56.1,,1.15,earthquake,"260 km N of Bamboo Flat, India",,,
usp000h0q9,2009-08-21 12:46:06.040000+00:00,2014-11-07T01:39:32.841Z,14.206,93.085,35.0,4.4,mb,34.0,6.0,83.6,,0.86,earthquake,"280 km N of Bamboo Flat, India",,,
usp000h0n0,2009-08-19 10:45:13.870000+00:00,2022-07-15T16:11:17.314Z,26.556,92.47,10.0,5.0,mb,85.0,27.0,32.4,,1.02,earthquake,"9 km N of Dhing, India",,,
usp000h0m6,2009-08-18 21:04:40.290000+00:00,2014-11-07T01:39:32.275Z,14.112,92.826,35.0,4.2,mb,31.0,9.0,87.6,,1.17,earthquake,"267 km N of Bamboo Flat, India",,,
usp000h0jz,2009-08-18 05:37:56.340000+00:00,2014-11-07T01:39:31.998Z,14.061,92.809,35.0,4.8,mb,56.0,12.0,62.2,,0.78,earthquake,"261 km N of Bamboo Flat, India",,,
usp000h0j2,2009-08-17 21:27:57.330000+00:00,2014-11-07T01:39:31.601Z,13.931,92.945,35.0,4.0,mb,21.0,4.0,103.7,,0.57,earthquake,"248 km N of Bamboo Flat, India",,,
usp000h0gh,2009-08-16 22:50:14.060000+00:00,2014-11-07T01:39:31.290Z,13.93,93.085,35.0,4.1,mb,14.0,3.0,149.2,,0.47,earthquake,"249 km N of Bamboo Flat, India",,,
usp000h0d4,2009-08-15 05:07:55.750000+00:00,2014-11-07T01:39:30.691Z,14.304,93.055,35.0,4.3,mb,35.0,5.0,83.5,,0.69,earthquake,"290 km N of Bamboo Flat, India",,,
usp000h0cf,2009-08-14 19:39:49.900000+00:00,2022-05-02T21:17:08.764Z,13.961,93.023,25.6,5.0,mwc,164.0,,22.6,,0.82,earthquake,"252 km N of Bamboo Flat, India",,,
usp000h0c0,2009-08-14 10:52:56.620000+00:00,2014-11-07T01:39:30.567Z,13.865,92.837,35.0,4.3,mb,15.0,5.0,109.9,,0.89,earthquake,"239 km N of Bamboo Flat, India",,,
usp000h0ba,2009-08-14 03:53:32.230000+00:00,2014-11-07T01:39:30.459Z,13.907,92.912,30.4,4.5,mb,40.0,7.0,84.9,,0.81,earthquake,"245 km N of Bamboo Flat, India",,,
usp000h0at,2009-08-13 20:49:30.820000+00:00,2014-11-07T01:39:30.413Z,13.945,93.05,35.0,4.7,mb,55.0,16.0,74.4,,0.61,earthquake,"250 km N of Bamboo Flat, India",,,
usp000h0aq,2009-08-13 19:30:00.600000+00:00,2014-11-07T01:39:30.398Z,14.1,93.216,35.0,4.0,mb,25.0,4.0,100.9,,0.61,earthquake,"270 km NNE of Bamboo Flat, India",,,
usp000h0a1,2009-08-13 14:43:39.140000+00:00,2014-11-07T01:39:30.326Z,14.304,93.14,35.0,4.8,mb,78.0,23.0,69.3,,0.78,earthquake,"291 km N of Bamboo Flat, India",,,
usp000h09t,2009-08-13 09:21:35.750000+00:00,2022-05-02T21:17:07.623Z,14.052,92.821,35.0,5.9,mwc,197.0,,27.9,,0.91,earthquake,"260 km N of Bamboo Flat, India",,,
usp000h098,2009-08-13 00:54:48.360000+00:00,2014-11-07T01:39:30.157Z,14.144,93.102,35.0,4.7,mb,57.0,18.0,83.7,,0.97,earthquake,"273 km N of Bamboo Flat, India",,,
usp000h091,2009-08-12 22:12:18.780000+00:00,2014-11-07T01:39:30.078Z,13.972,92.926,35.0,4.1,mb,22.0,5.0,150.3,,0.39,earthquake,"252 km N of Bamboo Flat, India",,,
usp000h086,2009-08-12 05:25:15.610000+00:00,2014-11-07T01:39:29.928Z,13.7,93.84,35.0,4.1,mb,16.0,2.0,148.8,,0.99,earthquake,"252 km NNE of Bamboo Flat, India",,,
usp000h082,2009-08-12 04:33:25.690000+00:00,2025-12-22T15:51:41.248Z,9.018,93.723,50.7,5.1,mwc,114.0,,47.3,,0.93,earthquake,"Nicobar Islands, India region",,,6.1
usp000h080,2009-08-12 04:09:03.880000+00:00,2014-11-07T01:39:29.893Z,13.959,93.06,35.0,4.0,mb,25.0,3.0,147.7,,0.9,earthquake,"252 km N of Bamboo Flat, India",,,
usp000h07z,2009-08-12 03:02:53.230000+00:00,2014-11-07T01:39:29.890Z,13.942,93.125,35.0,4.4,mb,34.0,10.0,101.0,,0.77,earthquake,"251 km N of Bamboo Flat, India",,,
usp000h07t,2009-08-12 00:04:11.260000+00:00,2014-11-07T01:39:29.869Z,14.386,93.034,35.0,4.1,mb,29.0,6.0,83.4,,0.62,earthquake,"299 km N of Bamboo Flat, India",,,
usp000h07n,2009-08-11 23:13:40.590000+00:00,2014-11-07T01:39:29.853Z,14.066,93.161,35.0,4.2,mb,28.0,5.0,82.1,,0.65,earthquake,"266 km N of Bamboo Flat, India",,,
usp000h07h,2009-08-11 21:52:49.310000+00:00,2014-11-07T01:39:29.829Z,13.849,93.077,35.0,4.3,mb,17.0,5.0,165.2,,0.7,earthquake,"240 km N of Bamboo Flat, India",,,
usp000h07g,2009-08-11 21:43:47.590000+00:00,2022-07-15T15:40:11.380Z,24.323,94.793,99.0,5.5,mwb,177.0,,29.6,,0.8,earthquake,"79 km ESE of W?ngjing, India",,,
usp000h073,2009-08-11 15:19:05.640000+00:00,2014-11-07T01:39:29.743Z,14.004,93.041,19.3,4.5,mb,45.0,8.0,77.6,,0.89,earthquake,"257 km N of Bamboo Flat, India",,,19.5
usp000h071,2009-08-11 12:57:01.450000+00:00,2014-11-07T01:39:29.739Z,14.117,93.149,35.0,4.1,mb,17.0,2.0,150.2,,0.48,earthquake,"271 km N of Bamboo Flat, India",,,
usp000h06x,2009-08-11 10:18:09.240000+00:00,2014-11-07T01:39:29.729Z,14.156,93.144,35.0,4.6,mb,18.0,2.0,100.9,,1.18,earthquake,"275 km N of Bamboo Flat, India",,,
usp000h06s,2009-08-11 08:51:29.040000+00:00,2014-11-07T01:39:29.715Z,14.127,93.068,38.4,4.6,mb,53.0,12.0,77.0,,1.02,earthquake,"271 km N of Bamboo Flat, India",,,8.0
usp000h06q,2009-08-11 08:32:11.960000+00:00,2014-11-07T01:39:29.708Z,14.12,93.15,35.0,4.5,mb,44.0,8.0,59.0,,0.64,earthquake,"271 km N of Bamboo Flat, India",,,
usp000h06n,2009-08-11 07:54:38.510000+00:00,2014-11-07T01:39:29.695Z,14.353,92.982,38.5,4.9,mb,100.0,41.0,67.2,,0.82,earthquake,"Andaman Islands, India region",,,5.7
usp000h06m,2009-08-11 07:14:36.100000+00:00,2014-11-07T01:39:29.691Z,14.15,93.085,35.0,4.5,mb,46.0,10.0,82.1,,0.83,earthquake,"273 km N of Bamboo Flat, India",,,
usp000h06h,2009-08-11 06:26:02+00:00,2014-11-07T01:39:29.685Z,13.893,93.045,35.0,4.0,mb,24.0,2.0,98.3,,0.63,earthquake,"245 km N of Bamboo Flat, India",,,
usp000h06e,2009-08-11 06:10:02.190000+00:00,2014-11-07T01:39:29.671Z,13.966,93.057,28.4,4.6,mb,79.0,19.0,56.0,,0.69,earthquake,"253 km N of Bamboo Flat, India",,,
usp000h06c,2009-08-11 04:37:59.880000+00:00,2014-11-07T01:39:29.665Z,14.284,93.132,35.3,4.4,mb,28.0,4.0,82.0,,0.83,earthquake,"Andaman Islands, India region",,,8.5
usp000h069,2009-08-11 01:58:39.670000+00:00,2014-11-07T01:39:29.659Z,11.566,92.334,35.0,4.2,mb,26.0,3.0,92.0,,0.67,earthquake,"44 km WSW of Bamboo Flat, India",,,
usp000h068,2009-08-11 01:42:51.850000+00:00,2014-11-07T01:39:29.655Z,13.977,93.121,35.0,4.2,mb,36.0,5.0,83.3,,0.81,earthquake,"255 km N of Bamboo Flat, India",,,
usp000h067,2009-08-11 00:20:10.810000+00:00,2022-07-15T15:39:34.464Z,13.979,92.991,35.0,4.5,mb,58.0,16.0,76.3,,0.86,earthquake,"253 km N of Bamboo Flat, India",,,
usp000h065,2009-08-10 23:14:50+00:00,2014-11-07T01:39:29.642Z,13.935,93.013,35.0,4.2,mb,30.0,7.0,94.4,,0.41,earthquake,"249 km N of Bamboo Flat, India",,,
usp000h064,2009-08-10 23:05:29.650000+00:00,2014-11-07T01:39:29.640Z,13.941,92.926,36.2,4.1,mb,28.0,7.0,82.3,,0.89,earthquake,"248 km N of Bamboo Flat, India",,,11.5
usp000h063,2009-08-10 22:56:17.390000+00:00,2014-11-07T01:39:29.637Z,14.061,93.102,37.3,4.2,mb,30.0,11.0,85.4,,0.72,earthquake,"264 km N of Bamboo Flat, India",,,10.1
usp000h05z,2009-08-10 21:19:40.120000+00:00,2014-11-07T01:39:29.623Z,14.311,92.965,29.8,4.7,mb,62.0,19.0,82.1,,0.9,earthquake,"290 km N of Bamboo Flat, India",,,12.7
usp000h05x,2009-08-10 19:55:38.730000+00:00,2022-07-15T15:33:51.153Z,14.099,92.902,24.0,7.5,mwc,303.0,,18.2,,1.03,earthquake,"266 km N of Bamboo Flat, India",,,
usp000gzrv,2009-07-28 19:14:09.690000+00:00,2025-12-22T15:38:19.086Z,10.64,94.179,29.1,5.0,mwc,56.0,,71.2,,1.13,earthquake,"193 km SE of Port Blair, India",,,20.0
usp000gzrs,2009-07-28 13:09:00.030000+00:00,2014-11-07T01:39:22.927Z,12.281,92.51,26.4,4.6,mb,39.0,6.0,73.1,,1.43,earthquake,"Andaman Islands, India region",,,22.8
usp000gzr7,2009-07-28 06:51:22.920000+00:00,2014-11-07T01:39:22.649Z,10.565,94.091,10.0,4.1,mb,31.0,4.0,77.8,,0.74,earthquake,"190 km SE of Port Blair, India",,,
usp000gzr6,2009-07-28 06:36:16.510000+00:00,2014-11-07T01:39:22.646Z,10.609,94.143,10.0,4.1,mb,30.0,4.0,77.8,,0.88,earthquake,"192 km SE of Port Blair, India",,,
usp000gzr5,2009-07-28 06:04:02.750000+00:00,2014-11-07T01:39:22.644Z,10.578,94.104,10.0,4.0,mb,19.0,2.0,151.7,,1.08,earthquake,"Andaman Islands, India region",,,
usp000gzr4,2009-07-28 05:14:57.530000+00:00,2025-12-22T15:17:38.687Z,10.591,94.122,10.0,5.2,mwc,94.0,,58.0,,0.85,earthquake,"191 km SE of Port Blair, India",,,
usp000gzr3,2009-07-28 05:10:57.130000+00:00,2014-11-07T01:39:22.633Z,10.5,93.978,10.0,4.4,mb,33.0,6.0,81.4,,0.89,earthquake,"186 km SE of Port Blair, India",,,
usp000gzqv,2009-07-27 21:15:01.110000+00:00,2016-11-10T02:15:23.230Z,10.604,94.332,10.0,4.9,mwc,48.0,,50.6,,1.01,earthquake,"209 km SE of Port Blair, India",,,
usp000gzqu,2009-07-27 21:02:36+00:00,2014-11-07T01:39:22.607Z,10.702,94.207,10.0,4.2,mb,27.0,8.0,81.7,,0.57,earthquake,"191 km SE of Port Blair, India",,,
usp000gzqp,2009-07-27 19:15:22.420000+00:00,2014-11-07T01:39:22.591Z,10.641,94.248,10.0,4.5,mb,29.0,6.0,102.5,,0.98,earthquake,"199 km SE of Port Blair, India",,,
usp000gzq9,2009-07-27 12:08:14.210000+00:00,2014-11-07T01:39:22.539Z,10.666,94.234,10.0,4.8,mb,53.0,15.0,69.1,,0.68,earthquake,"196 km SE of Port Blair, India",,,
usp000gzpy,2009-07-27 05:39:37.650000+00:00,2014-11-07T01:39:22.423Z,10.692,94.268,28.1,4.5,mb,37.0,6.0,70.8,,0.67,earthquake,"198 km ESE of Port Blair, India",,,15.3
usp000gzpw,2009-07-27 03:31:51.510000+00:00,2016-11-10T02:15:20.199Z,10.585,94.232,14.3,4.9,mwc,35.0,,84.5,,0.85,earthquake,"201 km SE of Port Blair, India",,,23.2
usp000gzpv,2009-07-27 03:12:09.890000+00:00,2014-11-07T01:39:22.331Z,10.615,94.227,10.0,4.3,mb,29.0,4.0,77.9,,0.79,earthquake,"199 km SE of Port Blair, India",,,
usp000gzpu,2009-07-27 02:09:14.450000+00:00,2016-11-10T02:15:19.695Z,10.667,94.184,10.0,4.9,mwc,41.0,,77.9,,0.76,earthquake,"192 km SE of Port Blair, India",,,
usp000gzpp,2009-07-26 22:16:47.630000+00:00,2014-11-07T01:39:22.213Z,10.65,94.22,10.0,4.2,mb,17.0,4.0,151.6,,0.39,earthquake,"196 km SE of Port Blair, India",,,
usp000gzpm,2009-07-26 21:49:21.680000+00:00,2025-12-22T15:38:15.494Z,10.609,94.188,10.0,5.1,mwc,66.0,,34.6,,0.79,earthquake,"196 km SE of Port Blair, India",,,
usp000gzpk,2009-07-26 19:45:07.040000+00:00,2014-11-07T01:39:22.100Z,10.695,94.311,10.0,4.8,mb,45.0,6.0,71.3,,1.23,earthquake,"201 km ESE of Port Blair, India",,,
usp000gzpe,2009-07-26 17:47:54.840000+00:00,2025-12-22T15:59:21.760Z,10.742,94.352,10.0,5.0,mwc,50.0,,78.1,,1.25,earthquake,"202 km ESE of Port Blair, India",,,
usp000gzpd,2009-07-26 17:11:30.200000+00:00,2014-11-07T01:39:21.977Z,10.761,94.24,10.0,4.5,mb,30.0,4.0,78.0,,0.94,earthquake,"191 km ESE of Port Blair, India",,,
usp000gzpc,2009-07-26 17:01:04.540000+00:00,2014-11-07T01:39:21.937Z,10.608,94.319,10.0,4.4,mb,34.0,3.0,69.2,,1.32,earthquake,"207 km SE of Port Blair, India",,,
usp000gzpa,2009-07-26 15:51:02.130000+00:00,2025-12-22T15:38:14.259Z,10.659,94.317,10.0,5.0,mwc,45.0,,74.9,,0.97,earthquake,"204 km ESE of Port Blair, India",,,
usp000gzp9,2009-07-26 15:26:57.520000+00:00,2025-12-22T15:38:32.029Z,10.764,94.294,10.0,5.0,mwc,65.0,,59.5,,1.09,earthquake,"196 km ESE of Port Blair, India",,,
usp000gzp8,2009-07-26 14:58:14.080000+00:00,2025-12-22T15:38:12.908Z,10.644,94.201,10.0,5.0,mwc,49.0,,50.5,,1.17,earthquake,"195 km SE of Port Blair, India",,,
usp000gzp6,2009-07-26 14:49:23.800000+00:00,2014-11-07T01:39:21.881Z,10.61,94.235,10.0,4.6,mb,21.0,1.0,108.1,,0.64,earthquake,"200 km SE of Port Blair, India",,,
usp000gzp5,2009-07-26 14:26:59.780000+00:00,2014-11-07T01:39:21.878Z,10.54,94.57,10.0,4.6,mb,35.0,9.0,78.3,,1.34,earthquake,"234 km ESE of Port Blair, India",,,
usp000gzp3,2009-07-26 13:48:55.110000+00:00,2016-11-10T02:15:15.648Z,10.739,94.238,10.0,4.9,mwc,34.0,,77.9,,0.82,earthquake,"192 km ESE of Port Blair, India",,,
usp000gzp2,2009-07-26 13:29:15.980000+00:00,2025-12-22T15:38:11.731Z,10.691,94.308,10.0,5.1,mwc,69.0,,59.6,,1.06,earthquake,"201 km ESE of Port Blair, India",,,
usp000gzp0,2009-07-26 12:48:36.440000+00:00,2025-12-22T15:59:20.573Z,10.733,94.288,16.3,5.0,mwc,62.0,,69.4,,0.81,earthquake,"197 km ESE of Port Blair, India",,,15.7
usp000gzny,2009-07-26 12:34:32.980000+00:00,2016-11-10T02:15:14.073Z,10.705,94.337,18.3,4.8,mwc,61.0,,71.3,,0.84,earthquake,"203 km ESE of Port Blair, India",,,15.9
usp000gznx,2009-07-26 12:25:51.320000+00:00,2016-11-10T02:15:13.575Z,10.657,94.213,10.0,4.9,mwc,59.0,,37.4,,1.15,earthquake,"195 km SE of Port Blair, India",,,
usp000gznw,2009-07-26 12:14:26.240000+00:00,2014-11-07T01:39:21.822Z,10.695,94.26,19.4,4.5,mb,43.0,8.0,78.0,,0.66,earthquake,"197 km ESE of Port Blair, India",,,16.7
usp000gznv,2009-07-26 11:55:44.040000+00:00,2025-12-22T15:38:10.484Z,10.608,94.186,10.0,5.1,mwc,59.0,,68.9,,1.02,earthquake,"196 km SE of Port Blair, India",,,
usp000gznu,2009-07-26 11:34:12.590000+00:00,2014-11-07T01:39:21.813Z,10.696,94.3,10.0,4.7,mb,22.0,4.0,177.7,,1.27,earthquake,"200 km ESE of Port Blair, India",,,
usp000gznt,2009-07-26 11:18:50.890000+00:00,2014-11-07T01:39:21.810Z,10.735,94.446,10.0,4.5,mb,38.0,8.0,78.2,,1.14,earthquake,"212 km ESE of Port Blair, India",,,
usp000gzns,2009-07-26 10:58:02.020000+00:00,2025-12-22T15:38:09.345Z,10.67,94.317,16.1,5.1,mwc,54.0,,69.3,,1.15,earthquake,"203 km ESE of Port Blair, India",,,21.1
usp000gznr,2009-07-26 10:42:29+00:00,2014-11-07T01:39:21.801Z,10.799,94.329,24.1,4.7,mb,45.0,10.0,78.0,,0.82,earthquake,"197 km ESE of Port Blair, India",,,16.3
usp000gznq,2009-07-26 10:29:27.890000+00:00,2014-11-07T01:39:21.799Z,10.764,94.26,10.0,4.4,mb,24.0,3.0,84.6,,0.99,earthquake,"193 km ESE of Port Blair, India",,,
usp000gznn,2009-07-26 10:24:25.480000+00:00,2014-11-07T01:39:21.794Z,10.701,94.286,10.0,4.4,mb,17.0,2.0,148.4,,0.77,earthquake,"199 km ESE of Port Blair, India",,,
usp000gznm,2009-07-26 10:14:15.640000+00:00,2025-12-22T15:18:29.557Z,10.75,94.388,17.2,5.0,mwc,69.0,,50.9,,0.95,earthquake,"205 km ESE of Port Blair, India",,,14.5
usp000gznh,2009-07-26 09:40:26.020000+00:00,2025-12-22T15:38:08.125Z,10.639,94.332,10.0,5.1,mwc,63.0,,69.3,,0.98,earthquake,"207 km ESE of Port Blair, India",,,
usp000gzng,2009-07-26 09:33:16.630000+00:00,2014-11-07T01:39:21.776Z,10.605,94.163,10.0,4.4,mb,32.0,6.0,148.5,,0.97,earthquake,"194 km SE of Port Blair, India",,,
usp000gznf,2009-07-26 09:15:35.310000+00:00,2014-11-07T01:39:21.774Z,10.752,94.304,22.4,4.2,mb,21.0,5.0,174.6,,0.91,earthquake,"197 km ESE of Port Blair, India",,,28.3
usp000gzne,2009-07-26 09:06:45.190000+00:00,2025-12-22T15:39:29.809Z,11.279,94.65,10.0,5.0,mwc,41.0,,136.1,,1.45,earthquake,"212 km ESE of Port Blair, India",,,
usp000gznb,2009-07-26 08:40:55.440000+00:00,2025-12-22T15:38:06.884Z,10.713,94.397,10.0,5.1,mwc,56.0,,81.7,,0.85,earthquake,"208 km ESE of Port Blair, India",,,
usp000gzna,2009-07-26 08:32:35.960000+00:00,2014-11-07T01:39:21.756Z,10.68,94.25,10.0,4.4,mb,31.0,4.0,77.9,,0.75,earthquake,"197 km ESE of Port Blair, India",,,
usp000gzn9,2009-07-26 08:11:15.880000+00:00,2025-12-22T15:38:05.702Z,10.769,94.374,10.0,5.2,mwc,59.0,,50.9,,0.93,earthquake,"203 km ESE of Port Blair, India",,,
usp000gzn8,2009-07-26 07:40:13.210000+00:00,2025-12-22T15:38:04.544Z,10.751,94.286,10.0,5.1,mwc,55.0,,50.8,,0.71,earthquake,"196 km ESE of Port Blair, India",,,
usp000gzn7,2009-07-26 07:12:04.070000+00:00,2025-12-22T15:39:50.621Z,10.702,94.315,10.0,5.0,mwc,35.0,,50.7,,0.77,earthquake,"201 km ESE of Port Blair, India",,,
usp000gzn6,2009-07-26 06:59:30.610000+00:00,2014-11-07T01:39:21.741Z,10.704,94.407,10.0,4.5,mb,26.0,4.0,100.9,,1.02,earthquake,"210 km ESE of Port Blair, India",,,
usp000gzn5,2009-07-26 06:54:47.160000+00:00,2014-11-07T01:39:21.736Z,10.838,94.447,10.0,4.8,mb,54.0,7.0,51.1,,0.97,earthquake,"207 km ESE of Port Blair, India",,,
usp000gzn4,2009-07-26 06:49:22.460000+00:00,2014-11-07T01:39:21.732Z,10.747,94.294,10.0,4.5,mb,43.0,5.0,62.8,,0.77,earthquake,"197 km ESE of Port Blair, India",,,
usp000gzn2,2009-07-26 06:45:35.980000+00:00,2014-11-07T01:39:21.718Z,10.837,94.436,10.0,4.8,mb,58.0,11.0,47.2,,0.9,earthquake,"206 km ESE of Port Blair, India",,,
usp000gzck,2009-07-17 11:07:52.400000+00:00,2014-11-07T01:39:20.166Z,32.716,76.709,35.0,4.6,mb,39.0,9.0,143.6,,1.22,earthquake,"33 km WNW of Kyelang, India",,,
usp000gyzc,2009-07-06 09:55:26.030000+00:00,2014-11-07T01:39:17.759Z,24.286,94.176,52.0,4.1,mb,18.0,2.0,180.1,,0.86,earthquake,"30 km SE of Kakching, India",,,10.5
usp000gysn,2009-06-30 09:12:57.030000+00:00,2014-11-07T01:39:12.656Z,10.59,92.284,35.0,4.8,mb,46.0,13.0,65.4,,0.79,earthquake,"129 km SSW of Port Blair, India",,,
usp000gyn9,2009-06-26 23:48:12.370000+00:00,2014-11-07T01:39:11.923Z,10.168,93.612,87.3,4.4,mb,41.0,11.0,93.0,,0.68,earthquake,"190 km SSE of Port Blair, India",,,10.8
usp000gygv,2009-06-22 23:16:28.490000+00:00,2025-12-22T15:59:19.354Z,12.034,94.831,14.8,5.1,mwc,105.0,,41.4,,0.95,earthquake,"230 km E of Port Blair, India",,,14.9
usp000gygu,2009-06-22 23:10:04.920000+00:00,2025-12-22T15:16:46.674Z,12.14,94.996,26.9,5.2,mwc,129.0,,41.7,,0.6,earthquake,"250 km ENE of Port Blair, India",,,7.8
usp000gygq,2009-06-22 22:44:24.380000+00:00,2014-11-07T01:39:11.192Z,12.153,95.127,45.0,4.5,mb,37.0,7.0,79.4,,0.97,earthquake,"264 km ENE of Port Blair, India",,,12.4
usp000gyfn,2009-06-22 13:26:20.520000+00:00,2014-11-07T01:39:10.945Z,25.668,93.276,32.8,4.3,mb,32.0,8.0,92.3,,1.15,earthquake,"13 km SE of Lumding Railway Colony, India",,,
usp000gy80,2009-06-15 12:05:26.750000+00:00,2025-12-22T15:33:22.682Z,9.045,93.624,42.6,5.2,mwc,250.0,,34.4,,0.79,earthquake,"Nicobar Islands, India region",,,4.8
usp000gy2r,2009-06-11 03:17:19.350000+00:00,2014-11-07T01:39:08.559Z,13.072,93.295,51.6,4.4,mb,30.0,5.0,76.7,,0.71,earthquake,"164 km NNE of Bamboo Flat, India",,,13.0
usp000gy0m,2009-06-09 05:38:23.020000+00:00,2014-11-07T01:39:08.152Z,10.823,91.722,35.0,5.2,mb,158.0,72.0,57.2,,0.75,earthquake,"145 km SW of Bamboo Flat, India",,,
usp000gxu6,2009-06-03 18:42:59.810000+00:00,2014-11-07T01:39:06.145Z,23.356,93.21,45.3,4.3,mb,39.0,10.0,143.0,,1.28,earthquake,"8 km ESE of Khawhai, India",,,8.0
usp000gxp7,2009-05-30 01:55:10.420000+00:00,2014-11-07T01:39:02.145Z,10.018,93.541,27.4,4.5,mb,67.0,18.0,72.1,,0.95,earthquake,"Andaman Islands, India region",,,
usp000gxap,2009-05-19 19:29:48.900000+00:00,2022-05-02T20:37:50.659Z,33.198,75.787,20.8,4.9,mb,172.0,57.0,44.0,,0.83,earthquake,"12 km S of Kishtw?r, India",,,10.7
usp000gx51,2009-05-15 15:06:32.850000+00:00,2014-11-07T01:38:57.335Z,24.577,94.555,74.0,4.7,mb,83.0,38.0,67.3,,0.96,earthquake,"49 km E of W?ngjing, India",,,
usp000gwye,2009-05-09 02:51:17.340000+00:00,2014-11-07T01:38:55.999Z,11.737,92.013,29.1,4.8,mb,123.0,46.0,48.5,,0.88,earthquake,"76 km W of Bamboo Flat, India",,,
usp000gwjv,2009-04-25 14:29:28.110000+00:00,2014-11-07T01:38:49.822Z,26.112,91.446,37.8,4.4,mb,27.0,2.0,100.1,,0.73,earthquake,"9 km W of Pal?sb?ri, India",,,9.0
usp000gwhg,2009-04-24 03:58:35.840000+00:00,2014-11-07T01:38:49.573Z,11.865,95.011,29.0,4.5,mb,19.0,5.0,150.5,,0.73,earthquake,"247 km E of Port Blair, India",,,37.9
usp000gwck,2009-04-19 18:07:10.190000+00:00,2014-11-07T01:38:48.510Z,12.499,95.134,10.0,4.7,mb,20.0,12.0,103.8,,0.68,earthquake,"275 km ENE of Port Blair, India",,,
usp000gwa2,2009-04-17 21:14:25.470000+00:00,2014-11-07T01:38:47.873Z,25.324,95.098,104.8,4.6,mb,111.0,46.0,68.2,,0.67,earthquake,"71 km ESE of Phek, India",,,6.8
usp000gw5e,2009-04-15 03:17:58.950000+00:00,2014-11-07T01:38:46.983Z,6.796,82.616,10.0,4.5,mb,18.0,1.0,148.1,,1.29,earthquake,"109 km SE of Kalmunai, Sri Lanka",,,
usp000gvy3,2009-04-09 01:46:58.260000+00:00,2025-12-22T15:36:07.475Z,27.143,70.749,44.3,5.1,mwc,202.0,,76.7,,0.87,earthquake,"29 km NNW of Jaisalmer, India",,,
usp000gveb,2009-03-26 04:44:11.650000+00:00,2021-10-20T17:52:20.146Z,22.399,85.903,10.0,4.1,mb,17.0,3.0,131.8,,1.11,earthquake,"19 km SSE of Ch??b?sa, India",,,
usp000gvbm,2009-03-23 13:44:44.640000+00:00,2014-11-07T01:38:37.107Z,10.878,91.836,25.1,4.5,mb,39.0,15.0,71.1,,0.76,earthquake,"132 km SW of Port Blair, India",,,
usp000gv2m,2009-03-17 05:46:14.230000+00:00,2014-11-07T01:38:35.740Z,6.427,92.355,35.0,4.5,mb,23.0,6.0,104.3,,0.88,earthquake,"Nicobar Islands, India region",,,
usp000gv28,2009-03-17 01:03:10.280000+00:00,2014-11-07T01:38:35.693Z,9.822,91.839,38.6,4.8,mb,47.0,20.0,106.5,,0.77,earthquake,"226 km SSW of Port Blair, India",,,
usp000gv1u,2009-03-16 18:40:55.570000+00:00,2014-11-07T01:38:35.616Z,36.12,77.091,20.0,4.6,mb,46.0,13.0,107.4,,1.23,earthquake,"135 km NNE of Thang, India",,,20.5
usp000guxn,2009-03-12 16:34:44.270000+00:00,2014-11-07T01:38:34.599Z,10.963,91.781,10.0,4.2,mb,18.0,5.0,149.2,,0.68,earthquake,"131 km SW of Bamboo Flat, India",,,
usp000guv2,2009-03-11 14:31:52.520000+00:00,2014-11-07T01:38:33.883Z,11.178,92.526,35.0,4.5,mb,10.0,3.0,175.6,,1.42,earthquake,"59 km SSW of Port Blair, India",,,
usp000guv0,2009-03-11 12:58:43.260000+00:00,2025-12-22T15:35:58.034Z,10.67,91.688,10.0,5.1,mwc,94.0,,97.6,,0.87,earthquake,"159 km SW of Port Blair, India",,,
usp000gujq,2009-03-03 01:27:41.800000+00:00,2014-11-07T01:38:31.607Z,24.823,95.179,115.5,4.7,mb,96.0,45.0,65.8,,0.95,earthquake,"115 km E of Yairipok, India",,,
usp000guef,2009-02-27 10:42:38.010000+00:00,2014-11-07T01:38:27.582Z,20.473,89.107,10.0,4.8,mb,92.0,27.0,63.5,,0.79,earthquake,"174 km SSE of Kultali, India",,,
usp000gudu,2009-02-26 15:32:30.910000+00:00,2014-11-07T01:38:27.225Z,13.176,92.291,35.0,4.4,mb,34.0,6.0,54.7,,1.18,earthquake,"169 km NNW of Bamboo Flat, India",,,
usp000guda,2009-02-25 23:51:35.040000+00:00,2014-11-07T01:38:27.147Z,23.291,92.82,35.0,4.5,mb,31.0,7.0,94.4,,0.71,earthquake,"2 km W of Serchh?p, India",,,
usp000guc8,2009-02-24 17:46:16.120000+00:00,2014-11-07T01:38:26.791Z,25.836,94.67,33.0,4.8,mb,74.0,40.0,66.4,,1.01,earthquake,"21 km SE of Zunheboto, India",,,
usp000gu73,2009-02-20 03:48:48.520000+00:00,2022-07-15T04:39:06.554Z,34.203,73.9,12.0,5.5,mwc,220.0,,36.0,,0.96,earthquake,"19 km NW of Uri, India",,,
usp000gu46,2009-02-17 21:38:10+00:00,2014-11-07T01:38:24.951Z,10.91,91.769,35.0,4.2,mb,15.0,5.0,179.7,,0.47,earthquake,"135 km SW of Bamboo Flat, India",,,
usp000gtgx,2009-02-06 20:01:54.060000+00:00,2014-11-07T01:38:20.754Z,10.051,93.747,142.1,4.4,mb,30.0,10.0,108.1,,0.7,earthquake,"209 km SSE of Port Blair, India",,,18.9
usp000gtdp,2009-02-03 04:30:34.190000+00:00,2014-11-07T01:38:19.715Z,8.475,93.339,86.9,4.4,mb,27.0,9.0,158.4,,0.95,earthquake,"Nicobar Islands, India region",,,16.6
usp000gt9w,2009-01-31 04:27:35.840000+00:00,2025-12-22T15:35:36.643Z,11.803,94.962,26.4,5.1,mwc,147.0,,58.1,,0.79,earthquake,"241 km E of Port Blair, India",,,
usp000gt7z,2009-01-29 10:23:23.920000+00:00,2014-11-07T01:38:16.123Z,11.712,95.006,26.6,4.4,mb,39.0,9.0,147.8,,0.7,earthquake,"246 km E of Port Blair, India",,,
usp000gt7x,2009-01-29 08:34:21.300000+00:00,2014-11-07T01:38:16.118Z,8.718,93.703,35.0,4.2,mb,27.0,7.0,98.7,,0.8,earthquake,"Nicobar Islands, India region",,,
usp000gt79,2009-01-28 20:29:56.860000+00:00,2022-05-02T21:09:05.569Z,13.727,92.819,35.0,5.1,mwc,177.0,,42.9,,0.86,earthquake,"224 km N of Bamboo Flat, India",,,
usp000gsdg,2009-01-09 12:40:20.960000+00:00,2014-11-07T01:38:11.184Z,31.807,78.343,28.2,4.2,mb,39.0,4.0,144.5,,1.07,earthquake,"61 km ENE of Sar?han, India",,,14.2
usp000gsc7,2009-01-08 15:49:29.940000+00:00,2014-11-07T01:38:10.957Z,7.976,92.163,35.0,4.3,mb,31.0,5.0,182.4,,0.96,earthquake,"Nicobar Islands, India region",,,
usp000gsbv,2009-01-08 08:13:55.950000+00:00,2014-11-07T01:38:10.912Z,7.73,91.935,35.0,4.5,mb,25.0,4.0,182.9,,1.0,earthquake,"Nicobar Islands, India region",,,
usp000gsat,2009-01-07 10:27:06.710000+00:00,2014-11-07T01:38:10.772Z,27.692,92.756,19.7,4.7,mb,34.0,5.0,105.3,,0.6,earthquake,"57 km NE of Bomdila, India",,,
usp000gs72,2009-01-05 07:04:10.330000+00:00,2014-11-07T01:38:10.268Z,23.011,88.706,35.0,4.2,mb,35.0,5.0,147.4,,1.25,earthquake,"10 km NE of Nagarukhra, India",,,
usp000gs5u,2009-01-04 13:22:15.580000+00:00,2014-11-07T01:38:10.007Z,10.251,93.937,35.0,4.9,mb,28.0,4.0,102.8,,0.73,earthquake,"203 km SE of Port Blair, India",,,
usp000gs4n,2009-01-04 05:20:06.550000+00:00,2014-11-07T01:38:09.862Z,21.585,75.332,10.0,4.1,mb,34.0,5.0,132.3,,1.0,earthquake,"26 km ESE of Sendhwa, India",,,
usp000grzs,2009-01-02 01:56:46.200000+00:00,2014-11-07T01:38:07.692Z,6.805,92.217,35.0,4.1,mb,14.0,4.0,190.4,,0.55,earthquake,"Nicobar Islands, India region",,,
usp000grvc,2008-12-30 17:00:01.260000+00:00,2014-11-07T01:38:04.643Z,8.366,93.947,110.2,4.4,mb,44.0,11.0,77.6,,0.66,earthquake,"Nicobar Islands, India region",,,14.6
usp000grdq,2008-12-25 00:26:36.210000+00:00,2014-11-07T01:38:02.409Z,27.235,88.631,49.2,4.8,mb,93.0,32.0,90.1,,0.83,earthquake,"10 km S of Gangtok, India",,,4.5
usp000gr9a,2008-12-23 16:02:22.370000+00:00,2014-11-07T01:38:01.565Z,24.612,94.729,87.2,4.4,mb,16.0,1.0,112.8,,0.74,earthquake,"67 km E of W?ngjing, India",,,8.6
usp000gr89,2008-12-23 08:34:59.160000+00:00,2014-11-07T01:38:01.385Z,7.919,91.907,35.0,4.2,mb,16.0,5.0,182.7,,0.81,earthquake,"Nicobar Islands, India region",,,
usp000gqmp,2008-12-15 05:06:15.240000+00:00,2014-11-07T01:37:58.323Z,36.398,76.959,98.2,4.2,mb,10.0,2.0,146.3,,0.71,earthquake,"163 km N of Thang, India",,,25.9
usp000gqku,2008-12-14 16:54:48.910000+00:00,2014-11-07T01:37:58.186Z,24.899,94.656,79.6,4.0,mb,33.0,4.0,140.2,,0.92,earthquake,"66 km ENE of Yairipok, India",,,
usp000gqa1,2008-12-09 21:00:52.430000+00:00,2025-12-22T15:21:52.372Z,7.665,92.217,43.1,5.1,mwc,132.0,,40.2,,0.92,earthquake,"Nicobar Islands, India region",,,8.0
usp000gq74,2008-12-08 20:14:35.460000+00:00,2014-11-07T01:37:55.907Z,8.501,93.074,35.0,4.3,mb,21.0,11.0,184.8,,1.13,earthquake,"Nicobar Islands, India region",,,
usp000gq6w,2008-12-08 17:08:40.610000+00:00,2014-11-07T01:37:55.850Z,6.633,68.636,10.0,4.4,mb,17.0,2.0,150.8,,0.63,earthquake,North Indian Ocean,,,
usp000gq0j,2008-12-06 01:35:03+00:00,2014-11-07T01:37:54.493Z,8.613,93.917,25.5,4.1,mb,35.0,8.0,99.9,,0.59,earthquake,"Nicobar Islands, India region",,,
usp000gq0f,2008-12-06 00:43:08.790000+00:00,2022-05-02T21:06:34.505Z,8.723,93.984,38.2,5.3,mwc,146.0,,47.0,,0.93,earthquake,"Nicobar Islands, India region",,,7.6
usp000gq09,2008-12-05 23:33:45.690000+00:00,2014-11-07T01:37:54.444Z,8.71,93.971,41.8,4.6,mb,18.0,7.0,180.1,,0.75,earthquake,"Nicobar Islands, India region",,,16.3
usp000gq08,2008-12-05 23:24:36.990000+00:00,2022-05-02T19:53:56.913Z,8.74,94.079,28.3,5.2,mwc,113.0,,50.6,,0.96,earthquake,"Nicobar Islands, India region",,,
usp000gpsw,2008-12-02 05:11:42.030000+00:00,2014-11-07T01:37:52.109Z,27.373,88.051,24.7,5.2,mb,103.0,35.0,93.6,,0.82,earthquake,"22 km WNW of Gyalshing, India",,,5.4
usp000gp22,2008-11-19 17:14:20.220000+00:00,2022-05-02T21:06:11.514Z,8.657,93.64,44.3,5.2,mwc,204.0,,33.7,,0.98,earthquake,"Nicobar Islands, India region",,,7.2
usp000gnyq,2008-11-18 02:01:25.580000+00:00,2014-11-07T01:37:45.585Z,10.778,91.66,10.0,4.3,mb,14.0,2.0,176.5,,0.64,earthquake,"153 km SW of Bamboo Flat, India",,,
usp000gnug,2008-11-16 14:27:39.640000+00:00,2014-11-07T01:37:44.760Z,10.835,91.896,41.6,4.0,mb,16.0,5.0,201.0,,0.3,earthquake,"130 km SW of Port Blair, India",,,22.1
usp000gnuc,2008-11-16 13:46:26.350000+00:00,2014-11-07T01:37:44.745Z,10.837,91.792,38.2,4.6,mb,41.0,11.0,102.9,,0.82,earthquake,"138 km SW of Port Blair, India",,,11.6
usp000gnub,2008-11-16 13:41:25.780000+00:00,2014-11-07T01:37:44.743Z,10.803,91.817,33.3,4.3,mb,24.0,6.0,184.2,,0.85,earthquake,"139 km SW of Port Blair, India",,,28.1
usp000gnu9,2008-11-16 12:25:09.150000+00:00,2014-11-07T01:37:44.735Z,10.829,91.701,35.0,4.6,mb,17.0,3.0,184.2,,1.22,earthquake,"146 km SW of Bamboo Flat, India",,,
usp000gnu8,2008-11-16 12:20:36.880000+00:00,2022-05-02T19:51:41.734Z,10.833,91.711,26.7,5.5,mwc,179.0,,25.8,,0.97,earthquake,"145 km SW of Bamboo Flat, India",,,11.8
usp000gnu7,2008-11-16 11:37:40+00:00,2014-11-07T01:37:44.717Z,10.844,91.785,39.1,4.6,mb,36.0,10.0,102.9,,0.82,earthquake,"138 km SW of Port Blair, India",,,19.0
usp000gnfs,2008-11-11 17:15:00.560000+00:00,2014-11-07T01:37:43.471Z,13.127,92.555,38.3,4.6,mb,40.0,10.0,106.5,,0.89,earthquake,"158 km N of Bamboo Flat, India",,,9.2
usp000gn8d,2008-11-08 16:51:37.950000+00:00,2014-11-07T01:37:42.250Z,23.636,87.36,10.0,4.2,mb,17.0,2.0,183.1,,1.38,earthquake,"14 km NNE of Durgapur, India",,,0.0
usp000gmq9,2008-11-02 18:07:27.940000+00:00,2014-11-07T01:37:39.572Z,11.271,95.032,10.0,4.3,mb,31.0,8.0,145.7,,0.44,earthquake,"253 km E of Port Blair, India",,,
usp000gmhw,2008-10-31 20:00:53.870000+00:00,2014-11-07T01:37:34.817Z,12.772,92.234,30.0,4.1,mb,29.0,4.0,150.6,,1.36,earthquake,"129 km NNW of Bamboo Flat, India",,,0.0
usp000gm9h,2008-10-29 05:16:20.090000+00:00,2014-11-07T01:37:33.803Z,10.941,92.195,10.0,4.3,mb,10.0,1.0,216.1,,0.47,earthquake,"100 km SW of Port Blair, India",,,
usp000gkvr,2008-10-23 15:31:34.570000+00:00,2014-11-07T01:37:31.811Z,10.885,91.523,30.4,4.2,mb,13.0,3.0,118.9,,1.26,earthquake,"158 km SW of Bamboo Flat, India",,,
usp000gkrq,2008-10-21 15:09:10.500000+00:00,2014-11-07T01:37:31.062Z,31.655,77.465,17.1,4.5,mb,67.0,16.0,65.0,,1.04,earthquake,"11 km E of Banj?r, India",,,14.7
usp000gkk4,2008-10-19 13:26:46.730000+00:00,2014-11-07T01:37:30.455Z,11.015,91.783,6.8,4.5,mb,26.0,8.0,121.9,,0.87,earthquake,"126 km SW of Bamboo Flat, India",,,23.1
usp000gkha,2008-10-18 14:14:47.240000+00:00,2014-11-07T01:37:30.225Z,13.767,93.615,79.6,4.8,mb,21.0,9.0,104.5,,1.36,earthquake,"248 km NNE of Bamboo Flat, India",,,13.3
usp000gkfj,2008-10-17 19:12:32.060000+00:00,2014-11-07T01:37:30.013Z,12.309,94.849,10.0,4.2,mb,16.0,6.0,153.6,,0.9,earthquake,"239 km ENE of Port Blair, India",,,
usp000gkf7,2008-10-17 17:23:11.210000+00:00,2014-11-07T01:37:29.987Z,12.508,95.031,30.0,4.2,mb,21.0,8.0,172.7,,0.66,earthquake,"265 km ENE of Port Blair, India",,,0.0
usp000gk04,2008-10-11 17:16:08.040000+00:00,2014-11-07T01:37:27.548Z,13.676,93.785,64.6,4.3,mb,24.0,8.0,83.6,,0.85,earthquake,"247 km NNE of Bamboo Flat, India",,,10.3
usp000gju5,2008-10-10 03:24:06.130000+00:00,2014-11-07T01:37:26.705Z,8.409,92.327,35.0,4.1,mb,13.0,5.0,204.5,,0.5,earthquake,"Nicobar Islands, India region",,,
usp000gjtv,2008-10-10 00:45:23.940000+00:00,2014-11-07T01:37:26.637Z,9.727,92.608,35.0,4.4,mb,16.0,2.0,106.9,,0.62,earthquake,"215 km S of Port Blair, India",,,
usp000gjar,2008-10-04 16:20:29.160000+00:00,2014-11-07T01:37:23.628Z,10.784,91.702,26.2,4.0,mb,15.0,4.0,119.6,,1.04,earthquake,"150 km SW of Port Blair, India",,,29.4
usp000gjaq,2008-10-04 16:10:30.930000+00:00,2014-11-07T01:37:23.624Z,10.716,91.718,10.0,4.3,mb,36.0,12.0,137.7,,0.95,earthquake,"153 km SW of Port Blair, India",,,
usp000gjae,2008-10-04 13:59:35.360000+00:00,2014-11-07T01:37:23.560Z,10.546,91.663,10.0,4.2,mb,15.0,4.0,124.3,,0.95,earthquake,"171 km SW of Port Blair, India",,,
usp000gj9z,2008-10-04 10:28:57.660000+00:00,2014-11-07T01:37:23.497Z,10.443,91.866,10.0,4.5,mb,14.0,2.0,180.0,,1.27,earthquake,"166 km SW of Port Blair, India",,,
usp000gj9k,2008-10-04 04:16:47.320000+00:00,2014-11-07T01:37:23.406Z,10.595,91.608,10.0,4.1,mb,14.0,2.0,120.4,,0.67,earthquake,"171 km SW of Port Blair, India",,,
usp000gj9f,2008-10-04 02:05:52.730000+00:00,2014-11-07T01:37:23.391Z,10.63,91.738,10.0,4.4,mb,47.0,14.0,84.8,,0.93,earthquake,"158 km SW of Port Blair, India",,,
usp000gj9d,2008-10-04 01:37:41.810000+00:00,2014-11-07T01:37:23.385Z,10.595,91.722,10.0,4.2,mb,24.0,9.0,179.9,,0.77,earthquake,"162 km SW of Port Blair, India",,,
usp000gj94,2008-10-03 23:57:05.770000+00:00,2014-11-07T01:37:23.321Z,10.742,91.765,30.8,4.0,mb,18.0,6.0,106.4,,0.82,earthquake,"148 km SW of Port Blair, India",,,
usp000gj91,2008-10-03 23:02:17.270000+00:00,2014-11-07T01:37:23.313Z,10.743,91.725,28.0,4.2,mb,26.0,7.0,103.0,,1.02,earthquake,"151 km SW of Port Blair, India",,,
usp000gj90,2008-10-03 22:57:34.760000+00:00,2014-11-07T01:37:23.306Z,10.595,91.569,10.0,4.6,mb,68.0,29.0,84.2,,0.79,earthquake,"174 km SW of Port Blair, India",,,
usp000gj8x,2008-10-03 22:15:43.340000+00:00,2014-11-07T01:37:23.297Z,10.585,91.628,10.0,4.3,mb,19.0,4.0,106.5,,0.82,earthquake,"170 km SW of Port Blair, India",,,
usp000gj8w,2008-10-03 21:57:34.810000+00:00,2014-11-07T01:37:23.296Z,10.662,91.498,10.0,4.3,mb,9.0,1.0,202.2,,0.88,earthquake,"175 km SW of Bamboo Flat, India",,,
usp000gj8v,2008-10-03 21:40:41.330000+00:00,2014-11-07T01:37:23.293Z,10.526,91.578,10.0,4.0,mb,18.0,3.0,174.5,,0.72,earthquake,"179 km SW of Port Blair, India",,,
usp000gj8t,2008-10-03 21:20:23.760000+00:00,2025-12-22T15:34:19.209Z,10.764,91.659,19.0,5.6,mwb,243.0,,18.5,,1.02,earthquake,"155 km SW of Port Blair, India",,,12.8
usp000gj8s,2008-10-03 21:19:48.410000+00:00,2014-11-07T01:37:23.244Z,10.67,91.687,10.0,4.3,mb,27.0,4.0,120.1,,1.02,earthquake,"159 km SW of Port Blair, India",,,
usp000gj89,2008-10-03 17:48:24.310000+00:00,2014-11-07T01:37:23.137Z,10.733,91.715,28.4,4.5,mb,39.0,13.0,119.8,,0.9,earthquake,"152 km SW of Port Blair, India",,,16.8
usp000ghe8,2008-09-20 17:35:49.300000+00:00,2014-11-07T01:37:13.840Z,8.443,93.891,51.1,4.5,mb,28.0,6.0,66.4,,1.11,earthquake,"Nicobar Islands, India region",,,10.2
usp000ghac,2008-09-18 20:32:45.170000+00:00,2022-05-02T21:03:28.014Z,10.932,91.784,11.6,5.0,mwc,235.0,,49.7,,0.72,earthquake,"132 km SW of Bamboo Flat, India",,,8.5
usp000gh63,2008-09-16 21:47:14.540000+00:00,2024-06-11T01:46:58.823Z,17.438,73.915,10.0,5.0,mb,116.0,65.0,41.5,,1.21,earthquake,"7 km NNE of P?tan, India",,,
usp000gh4q,2008-09-16 05:38:17.050000+00:00,2014-11-07T01:37:12.435Z,10.848,91.805,10.0,4.3,mb,13.0,4.0,209.7,,0.73,earthquake,"136 km SW of Port Blair, India",,,
usp000gh4f,2008-09-16 01:20:00.550000+00:00,2014-11-07T01:37:12.373Z,13.494,92.724,10.0,4.9,mb,29.0,9.0,108.6,,0.76,earthquake,"198 km N of Bamboo Flat, India",,,
usp000gh2w,2008-09-15 06:16:03.180000+00:00,2014-11-07T01:37:12.180Z,10.327,92.972,57.2,4.3,mb,28.0,6.0,91.0,,0.91,earthquake,"150 km S of Port Blair, India",,,20.2
usp000ggu0,2008-09-10 22:23:20.480000+00:00,2014-11-07T01:37:10.739Z,9.054,93.183,30.3,4.1,mb,14.0,5.0,137.0,,0.74,earthquake,"292 km S of Port Blair, India",,,24.3
usp000ggtu,2008-09-10 19:07:16.140000+00:00,2014-11-07T01:37:10.715Z,26.662,96.773,60.8,4.2,mb,12.0,1.0,129.2,,0.55,earthquake,"50 km N of Sarupathar, India",,,12.4
usp000ggka,2008-09-07 09:00:28.530000+00:00,2016-11-10T02:01:21.217Z,12.943,92.389,40.3,5.0,mwc,195.0,,37.8,,0.77,earthquake,"142 km NNW of Bamboo Flat, India",,,5.1
usp000gghh,2008-09-06 11:37:54.660000+00:00,2014-11-07T01:37:08.374Z,8.565,93.453,35.0,4.3,mb,14.0,2.0,180.7,,0.72,earthquake,"Nicobar Islands, India region",,,
usp000ggg0,2008-09-05 18:54:21.290000+00:00,2014-11-07T01:37:08.046Z,10.301,93.737,33.4,4.1,mb,23.0,6.0,175.4,,0.82,earthquake,"185 km SE of Port Blair, India",,,36.2
usp000gge6,2008-09-04 20:33:37.950000+00:00,2014-11-07T01:37:07.765Z,26.017,95.131,80.8,4.4,mb,22.0,2.0,117.1,,0.63,earthquake,"41 km SE of Tuensang, India",,,
usp000ggda,2008-09-04 12:53:11.290000+00:00,2025-12-22T15:34:06.490Z,30.279,80.349,10.0,5.0,mwc,176.0,,48.2,,0.9,earthquake,"50 km NNW of Dh?rchula, India",,,
usp000ggch,2008-09-04 06:46:46.950000+00:00,2014-11-07T01:37:07.555Z,9.929,93.062,35.0,4.2,mb,8.0,2.0,204.9,,0.34,earthquake,"195 km S of Port Blair, India",,,
usp000gg0j,2008-08-30 14:41:48.020000+00:00,2014-11-07T01:37:01.964Z,26.035,95.676,99.9,4.3,mb,34.0,9.0,113.9,,0.94,earthquake,"88 km ESE of Tuensang, India",,,
usp000gfzv,2008-08-30 07:45:08.700000+00:00,2014-11-07T01:37:01.407Z,11.053,91.673,10.0,4.8,mb,109.0,59.0,75.3,,0.99,earthquake,"134 km WSW of Bamboo Flat, India",,,
usp000gfyc,2008-08-29 17:44:46.200000+00:00,2014-11-07T01:37:01.158Z,13.569,93.337,10.0,4.0,mb,6.0,1.0,212.7,,0.29,earthquake,"217 km NNE of Bamboo Flat, India",,,
usp000gfy7,2008-08-29 16:48:46.220000+00:00,2014-11-07T01:37:01.148Z,10.734,91.732,10.0,4.1,mb,19.0,6.0,176.5,,0.74,earthquake,"151 km SW of Port Blair, India",,,
usp000gfwy,2008-08-29 06:43:08.210000+00:00,2014-11-07T01:37:01.016Z,10.915,91.803,10.0,4.5,mb,32.0,14.0,119.0,,0.82,earthquake,"132 km SW of Bamboo Flat, India",,,
usp000gfte,2008-08-28 07:07:11.420000+00:00,2014-11-07T01:37:00.594Z,12.021,92.406,25.9,4.4,mb,15.0,1.0,205.6,,1.05,earthquake,"49 km NW of Bamboo Flat, India",,,
usp000gfp1,2008-08-27 05:35:18.100000+00:00,2014-11-07T01:36:59.932Z,27.149,92.012,50.7,4.2,mb,28.0,2.0,154.0,,1.08,earthquake,"42 km WSW of Bomdila, India",,,11.7
usp000gfc7,2008-08-23 23:11:15.420000+00:00,2014-11-07T01:36:58.258Z,8.961,92.209,25.7,4.3,mb,19.0,4.0,79.0,,0.84,earthquake,"Nicobar Islands, India region",,,19.2
usp000gf0e,2008-08-19 10:54:26.720000+00:00,2014-11-07T01:36:56.748Z,30.077,80.013,15.5,4.2,mb,21.0,2.0,178.9,,0.81,earthquake,"35 km NE of B?geshwar, India",,,27.5
usp000gejj,2008-08-13 10:11:14.560000+00:00,2014-11-07T01:36:53.587Z,10.901,91.644,10.0,4.3,mb,13.0,2.0,179.6,,0.6,earthquake,"146 km SW of Bamboo Flat, India",,,
usp000gegw,2008-08-12 19:52:06.710000+00:00,2014-11-07T01:36:53.401Z,10.993,91.785,10.0,4.5,mb,70.0,28.0,73.8,,0.82,earthquake,"128 km SW of Bamboo Flat, India",,,
usp000gegq,2008-08-12 17:38:45.280000+00:00,2014-11-07T01:36:53.387Z,10.873,91.803,10.0,4.3,mb,21.0,6.0,179.5,,0.82,earthquake,"135 km SW of Port Blair, India",,,
usp000geg9,2008-08-12 09:18:59.140000+00:00,2014-11-07T01:36:53.353Z,26.795,97.093,35.0,4.5,mb,16.0,2.0,142.8,,1.11,earthquake,"71 km NNE of Sarupathar, India",,,
usp000gedk,2008-08-11 06:19:07.720000+00:00,2014-11-07T01:36:53.006Z,10.887,91.69,10.0,4.0,mb,15.0,3.0,152.7,,0.9,earthquake,"143 km SW of Bamboo Flat, India",,,
usp000gecg,2008-08-10 19:13:07.020000+00:00,2014-11-07T01:36:52.892Z,11.013,91.846,10.0,4.7,mb,14.0,1.0,118.6,,0.83,earthquake,"121 km SW of Bamboo Flat, India",,,
usp000gec2,2008-08-10 15:28:56.540000+00:00,2014-11-07T01:36:52.481Z,10.818,91.711,10.0,4.3,mb,17.0,1.0,176.5,,0.78,earthquake,"146 km SW of Bamboo Flat, India",,,
usp000gec1,2008-08-10 15:06:34.730000+00:00,2014-11-07T01:36:52.479Z,10.775,91.803,10.0,4.2,mb,20.0,2.0,119.7,,1.31,earthquake,"142 km SW of Port Blair, India",,,
usp000gebz,2008-08-10 14:57:38.210000+00:00,2014-11-07T01:36:52.476Z,10.566,91.072,10.0,4.5,mb,9.0,1.0,216.8,,1.05,earthquake,"219 km SW of Bamboo Flat, India",,,
usp000gebv,2008-08-10 14:16:50.570000+00:00,2014-11-07T01:36:52.468Z,10.859,91.843,10.0,4.5,mb,8.0,1.0,119.4,,0.8,earthquake,"133 km SW of Port Blair, India",,,
usp000gebs,2008-08-10 13:36:01.960000+00:00,2014-11-07T01:36:52.464Z,10.82,91.719,10.0,4.2,mb,12.0,2.0,179.7,,0.66,earthquake,"146 km SW of Bamboo Flat, India",,,
usp000gebp,2008-08-10 13:01:31.580000+00:00,2025-12-22T15:24:38.147Z,10.985,91.79,10.0,5.3,mwc,188.0,,54.4,,0.87,earthquake,"128 km SW of Bamboo Flat, India",,,
usp000gebn,2008-08-10 12:59:02.220000+00:00,2014-11-07T01:36:52.443Z,10.976,91.757,17.4,4.4,mb,50.0,12.0,102.8,,0.64,earthquake,"131 km SW of Bamboo Flat, India",,,15.2
usp000gebj,2008-08-10 12:37:55.460000+00:00,2014-11-07T01:36:52.434Z,10.876,91.635,10.0,4.5,mb,19.0,5.0,107.7,,0.69,earthquake,"149 km SW of Bamboo Flat, India",,,
usp000gebh,2008-08-10 12:21:11.800000+00:00,2022-07-13T04:12:23.263Z,10.947,91.711,13.0,5.7,mwc,278.0,,45.6,,1.14,earthquake,"137 km SW of Bamboo Flat, India",,,
usp000gebg,2008-08-10 12:20:52.630000+00:00,2014-11-07T01:36:52.401Z,10.881,91.734,10.0,4.3,mb,28.0,5.0,73.7,,1.09,earthquake,"140 km SW of Bamboo Flat, India",,,
usp000gebb,2008-08-10 11:48:08.990000+00:00,2014-11-07T01:36:52.389Z,10.862,91.823,18.4,4.2,mb,27.0,7.0,102.9,,0.59,earthquake,"134 km SW of Port Blair, India",,,19.6
usp000geba,2008-08-10 11:18:54.570000+00:00,2014-11-07T01:36:52.387Z,10.933,91.683,28.5,4.5,mb,15.0,2.0,122.0,,0.5,earthquake,"141 km SW of Bamboo Flat, India",,,19.5
usp000geb8,2008-08-10 10:43:51.220000+00:00,2014-11-07T01:36:52.382Z,10.866,91.79,10.0,4.3,mb,20.0,4.0,101.1,,1.36,earthquake,"136 km SW of Port Blair, India",,,
usp000geb7,2008-08-10 10:38:58.080000+00:00,2014-11-07T01:36:52.380Z,10.737,91.474,10.0,4.1,mb,12.0,2.0,180.0,,0.42,earthquake,"172 km SW of Bamboo Flat, India",,,
usp000geb2,2008-08-10 09:46:07.430000+00:00,2014-11-07T01:36:52.368Z,10.77,91.504,10.0,4.2,mb,15.0,4.0,180.0,,0.88,earthquake,"167 km SW of Bamboo Flat, India",,,
usp000geb0,2008-08-10 09:27:57.410000+00:00,2025-12-22T15:07:12.707Z,11.025,91.757,29.5,5.3,mwc,272.0,,25.9,,0.76,earthquake,"128 km SW of Bamboo Flat, India",,,8.9
usp000geay,2008-08-10 09:16:21.190000+00:00,2014-11-07T01:36:52.342Z,10.913,91.777,10.0,4.4,mb,21.0,5.0,149.2,,0.69,earthquake,"134 km SW of Bamboo Flat, India",,,
usp000geax,2008-08-10 09:01:13.370000+00:00,2014-11-07T01:36:52.340Z,10.788,91.673,10.0,4.2,mb,19.0,3.0,152.8,,0.7,earthquake,"152 km SW of Bamboo Flat, India",,,
usp000geas,2008-08-10 08:20:33.420000+00:00,2022-07-13T04:13:55.560Z,11.055,91.814,20.0,6.2,mwc,447.0,,18.4,,0.79,earthquake,"121 km SW of Bamboo Flat, India",,,
usp000gdxg,2008-08-05 21:58:49.620000+00:00,2014-11-07T01:36:50.608Z,10.821,91.693,10.0,4.8,mb,81.0,37.0,56.8,,0.67,earthquake,"148 km SW of Bamboo Flat, India",,,
usp000gdw8,2008-08-05 10:08:11.950000+00:00,2022-05-02T21:01:52.786Z,13.865,93.581,35.0,5.2,mwc,276.0,,36.8,,0.79,earthquake,"257 km NNE of Bamboo Flat, India",,,
usp000gdv1,2008-08-04 23:28:17.940000+00:00,2014-11-07T01:36:50.221Z,13.694,93.145,72.7,4.3,mb,32.0,5.0,53.9,,0.6,earthquake,"225 km NNE of Bamboo Flat, India",,,7.6
usp000gddk,2008-07-29 19:10:59.640000+00:00,2020-09-21T15:40:20.372Z,17.644,74.166,45.0,4.5,mb,31.0,12.0,103.2,,1.9,earthquake,"6 km NNW of Rahimatpur, India",,,0.0
usp000gd6q,2008-07-26 16:49:53.120000+00:00,2014-11-07T01:36:43.215Z,10.326,93.138,84.4,4.8,mb,123.0,72.0,44.3,,0.78,earthquake,"154 km SSE of Port Blair, India",,,
usp000gd6e,2008-07-26 13:23:55.230000+00:00,2014-11-07T01:36:43.190Z,12.965,92.557,11.5,4.1,mb,16.0,1.0,112.6,,0.8,earthquake,"141 km N of Bamboo Flat, India",,,22.9
usp000gd65,2008-07-26 09:45:52.730000+00:00,2014-11-07T01:36:43.174Z,10.653,91.704,10.0,4.4,mb,25.0,8.0,120.2,,0.79,earthquake,"159 km SW of Port Blair, India",,,
usp000gd5x,2008-07-26 05:35:33.750000+00:00,2025-12-22T15:00:47.691Z,11.611,91.659,11.6,5.1,mwc,295.0,,53.3,,0.82,earthquake,"115 km W of Bamboo Flat, India",,,8.8
usp000gd4t,2008-07-25 20:24:38.820000+00:00,2014-11-07T01:36:43.002Z,10.738,91.914,24.3,4.5,mb,11.0,1.0,123.2,,1.3,earthquake,"137 km SW of Port Blair, India",,,38.2
usp000gd1z,2008-07-24 12:19:02.260000+00:00,2014-11-07T01:36:42.588Z,12.784,92.026,35.0,4.5,mb,12.0,2.0,198.7,,0.61,earthquake,"141 km NNW of Bamboo Flat, India",,,
usp000gd1t,2008-07-24 09:51:35.250000+00:00,2014-11-07T01:36:42.577Z,10.701,91.694,10.0,4.6,mb,32.0,14.0,176.6,,0.96,earthquake,"156 km SW of Port Blair, India",,,
usp000gcxj,2008-07-22 22:32:55.440000+00:00,2014-11-07T01:36:41.612Z,10.776,91.778,25.5,4.1,mb,28.0,5.0,85.8,,0.59,earthquake,"144 km SW of Port Blair, India",,,14.3
usp000gcxg,2008-07-22 21:26:03.650000+00:00,2014-11-07T01:36:41.605Z,29.93,95.204,10.0,4.7,mb,62.0,20.0,79.8,,0.87,earthquake,"174 km NNE of Shi Yomi, India",,,
usp000gcxf,2008-07-22 21:19:44.770000+00:00,2014-11-07T01:36:41.595Z,10.786,91.749,36.1,4.8,mb,139.0,57.0,31.9,,0.69,earthquake,"146 km SW of Port Blair, India",,,4.5
usp000gcrk,2008-07-20 23:06:37.570000+00:00,2014-11-07T01:36:41.032Z,28.836,95.845,39.1,4.1,mb,18.0,5.0,119.0,,0.54,earthquake,"99 km NNE of P?sigh?t, India",,,10.4
usp000gcm5,2008-07-19 13:39:55.500000+00:00,2014-11-07T01:36:40.491Z,13.017,93.262,28.3,4.0,mb,22.0,3.0,104.2,,0.9,earthquake,"157 km NNE of Bamboo Flat, India",,,33.8
usp000gcgq,2008-07-18 13:10:02.090000+00:00,2014-11-07T01:36:39.926Z,25.049,95.066,103.8,4.4,mb,15.0,7.0,173.5,,1.18,earthquake,"89 km SE of Phek, India",,,13.4
usp000gc71,2008-07-15 03:16:13.240000+00:00,2014-11-07T01:36:38.018Z,10.676,92.005,10.0,4.2,mb,24.0,5.0,87.9,,0.7,earthquake,"136 km SW of Port Blair, India",,,
usp000gc53,2008-07-14 13:28:43.650000+00:00,2014-11-07T01:36:37.814Z,27.419,92.021,61.1,4.1,mb,17.0,5.0,152.5,,1.39,earthquake,"19 km SSE of Tawang, India",,,16.1
usp000gc4f,2008-07-14 07:16:08.390000+00:00,2014-11-07T01:36:37.744Z,10.547,91.625,10.0,4.3,mb,13.0,5.0,188.1,,0.55,earthquake,"174 km SW of Port Blair, India",,,
usp000gc3q,2008-07-14 00:40:32.220000+00:00,2014-11-07T01:36:37.601Z,10.646,91.767,10.0,4.5,mb,41.0,11.0,103.0,,0.86,earthquake,"155 km SW of Port Blair, India",,,
usp000gbw6,2008-07-11 09:37:38.650000+00:00,2014-11-07T01:36:36.758Z,10.768,91.733,10.0,4.5,mb,35.0,6.0,75.8,,0.83,earthquake,"148 km SW of Port Blair, India",,,
usp000gbnh,2008-07-08 16:05:58.630000+00:00,2014-11-07T01:36:35.801Z,10.73,91.826,10.0,4.6,mb,10.0,1.0,137.9,,1.27,earthquake,"144 km SW of Port Blair, India",,,
usp000gbne,2008-07-08 15:51:40.120000+00:00,2014-11-07T01:36:35.793Z,10.902,91.099,10.0,4.0,mb,11.0,1.0,159.9,,0.69,earthquake,"197 km WSW of Bamboo Flat, India",,,
usp000gbj4,2008-07-07 09:58:52.390000+00:00,2014-11-07T01:36:35.342Z,10.742,91.695,10.0,5.0,mb,80.0,36.0,53.2,,0.88,earthquake,"153 km SW of Port Blair, India",,,
usp000gbh9,2008-07-07 02:50:36.670000+00:00,2016-11-10T01:58:24.424Z,25.972,95.33,72.0,4.9,mwc,112.0,,65.0,,0.78,earthquake,"60 km ESE of Tuensang, India",,,
usp000gbgy,2008-07-06 23:23:52.290000+00:00,2014-11-07T01:36:35.210Z,10.73,91.833,35.0,4.0,mb,15.0,5.0,176.2,,0.7,earthquake,"143 km SW of Port Blair, India",,,
usp000gben,2008-07-06 02:49:06.100000+00:00,2014-11-07T01:36:34.809Z,11.018,91.95,50.5,4.3,mb,35.0,10.0,102.8,,0.73,earthquake,"112 km SW of Bamboo Flat, India",,,14.5
usp000gbd6,2008-07-05 13:25:50.970000+00:00,2014-11-07T01:36:34.623Z,11.061,92.369,10.0,4.0,mb,10.0,1.0,121.8,,1.23,earthquake,"78 km SSW of Port Blair, India",,,
usp000gbbz,2008-07-05 01:39:29.730000+00:00,2014-11-07T01:36:34.356Z,10.18,91.601,35.0,4.4,mb,13.0,4.0,180.6,,0.53,earthquake,"206 km SW of Port Blair, India",,,
usp000gbbc,2008-07-04 21:35:27.800000+00:00,2014-11-07T01:36:34.277Z,29.325,96.321,35.0,4.7,mb,99.0,56.0,69.6,,0.83,earthquake,"140 km N of Hayuliang, India",,,
usp000gb46,2008-07-02 00:34:03.110000+00:00,2014-11-07T01:36:32.300Z,12.259,94.344,35.0,4.1,mb,10.0,2.0,171.7,,0.8,earthquake,"185 km ENE of Port Blair, India",,,
usp000gb22,2008-07-01 05:50:55.200000+00:00,2014-11-07T01:36:31.522Z,10.841,91.605,10.0,4.5,mb,12.0,3.0,201.8,,0.47,earthquake,"154 km SW of Bamboo Flat, India",,,
usp000gazr,2008-06-30 03:41:10.580000+00:00,2014-11-07T01:36:28.763Z,10.709,91.805,27.3,4.3,mb,13.0,2.0,179.7,,0.45,earthquake,"147 km SW of Port Blair, India",,,
usp000gazh,2008-06-30 02:10:04.810000+00:00,2014-11-07T01:36:28.657Z,10.866,91.734,20.4,4.6,mb,49.0,21.0,102.9,,0.8,earthquake,"141 km SW of Bamboo Flat, India",,,
usp000gaze,2008-06-30 01:23:09.180000+00:00,2014-11-07T01:36:28.532Z,10.876,91.722,24.7,4.0,mb,18.0,1.0,122.3,,0.6,earthquake,"141 km SW of Bamboo Flat, India",,,19.4
usp000gaxw,2008-06-29 13:21:09.170000+00:00,2014-11-07T01:36:28.074Z,10.843,91.68,10.0,4.4,mb,25.0,1.0,83.9,,0.79,earthquake,"147 km SW of Bamboo Flat, India",,,
usp000gaxm,2008-06-29 10:53:30.820000+00:00,2014-11-07T01:36:28.016Z,10.838,91.819,10.0,4.4,mb,33.0,10.0,74.2,,0.73,earthquake,"136 km SW of Port Blair, India",,,
usp000gaxe,2008-06-29 08:22:05.780000+00:00,2014-11-07T01:36:27.976Z,10.597,91.477,10.0,4.2,mb,21.0,3.0,197.0,,0.63,earthquake,"182 km SW of Port Blair, India",,,
usp000gaxc,2008-06-29 07:33:51.350000+00:00,2014-11-07T01:36:27.971Z,10.486,91.151,10.0,4.3,mb,9.0,2.0,218.4,,0.74,earthquake,"217 km SW of Bamboo Flat, India",,,
usp000gax7,2008-06-29 05:43:56.850000+00:00,2014-11-07T01:36:27.960Z,10.696,91.552,10.0,4.1,mb,10.0,1.0,202.0,,0.83,earthquake,"168 km SW of Bamboo Flat, India",,,
usp000gax3,2008-06-29 04:47:56.600000+00:00,2014-11-07T01:36:27.928Z,10.501,91.449,10.0,4.2,mb,19.0,4.0,176.9,,0.8,earthquake,"191 km SW of Port Blair, India",,,
usp000gax1,2008-06-29 04:39:00.410000+00:00,2014-11-07T01:36:27.922Z,10.761,91.703,25.1,4.3,mb,40.0,15.0,74.4,,0.78,earthquake,"151 km SW of Port Blair, India",,,16.3
usp000gax0,2008-06-29 04:33:42.300000+00:00,2014-11-07T01:36:27.921Z,10.926,91.749,10.0,4.0,mb,9.0,2.0,210.0,,0.74,earthquake,"135 km SW of Bamboo Flat, India",,,
usp000gawy,2008-06-29 04:23:08.160000+00:00,2014-11-07T01:36:27.918Z,11.282,91.813,10.0,4.1,mb,9.0,3.0,205.8,,0.41,earthquake,"108 km WSW of Bamboo Flat, India",,,
usp000gawx,2008-06-29 04:14:37.010000+00:00,2025-12-22T15:00:33.244Z,10.75,91.64,23.0,5.2,mwc,138.0,,36.7,,1.02,earthquake,"157 km SW of Bamboo Flat, India",,,16.8
usp000gawp,2008-06-29 01:33:16.720000+00:00,2014-11-07T01:36:27.889Z,10.57,91.537,10.0,4.1,mb,17.0,5.0,180.2,,1.13,earthquake,"179 km SW of Port Blair, India",,,
usp000gawn,2008-06-29 01:14:16.830000+00:00,2014-11-07T01:36:27.887Z,10.576,91.377,10.0,4.3,mb,14.0,2.0,180.3,,1.21,earthquake,"192 km SW of Bamboo Flat, India",,,
usp000gawf,2008-06-29 00:32:13.400000+00:00,2025-12-22T15:33:13.068Z,11.003,91.728,24.1,5.0,mwc,130.0,,52.2,,0.85,earthquake,"132 km SW of Bamboo Flat, India",,,11.9
usp000gawb,2008-06-28 23:19:07.500000+00:00,2014-11-07T01:36:27.849Z,10.943,91.748,13.6,4.3,mb,21.0,3.0,106.0,,0.77,earthquake,"134 km SW of Bamboo Flat, India",,,23.8
usp000gaw1,2008-06-28 21:21:03.040000+00:00,2014-11-07T01:36:27.834Z,10.892,91.928,10.0,4.1,mb,8.0,3.0,144.3,,1.11,earthquake,"123 km SW of Port Blair, India",,,
usp000gavx,2008-06-28 20:17:59.650000+00:00,2014-11-07T01:36:27.819Z,10.753,91.755,21.5,4.4,mb,58.0,26.0,64.2,,0.9,earthquake,"148 km SW of Port Blair, India",,,17.4
usp000gavp,2008-06-28 17:37:36.040000+00:00,2014-11-07T01:36:27.804Z,10.934,91.945,10.0,4.1,mb,10.0,2.0,195.2,,0.92,earthquake,"119 km SW of Port Blair, India",,,
usp000gavn,2008-06-28 17:27:16.910000+00:00,2014-11-07T01:36:27.803Z,10.919,92.075,10.0,4.1,mb,11.0,1.0,122.4,,0.91,earthquake,"110 km SW of Port Blair, India",,,
usp000gavk,2008-06-28 17:16:59.470000+00:00,2014-11-07T01:36:27.791Z,10.889,91.998,28.5,4.7,mb,55.0,27.0,65.0,,0.88,earthquake,"118 km SW of Port Blair, India",,,
usp000gavc,2008-06-28 16:22:53.360000+00:00,2014-11-07T01:36:27.761Z,10.888,92.056,10.0,4.0,mb,8.0,1.0,216.4,,0.57,earthquake,"114 km SW of Port Blair, India",,,
usp000gav7,2008-06-28 15:55:07.290000+00:00,2014-11-07T01:36:27.671Z,10.677,91.673,10.0,4.8,mb,74.0,31.0,67.4,,0.83,earthquake,"160 km SW of Port Blair, India",,,
usp000gav4,2008-06-28 15:47:54.910000+00:00,2014-11-07T01:36:27.667Z,10.909,92.102,10.0,4.0,mb,10.0,1.0,216.3,,0.46,earthquake,"109 km SW of Port Blair, India",,,
usp000gav2,2008-06-28 15:39:59.140000+00:00,2014-11-07T01:36:27.662Z,10.409,91.146,10.0,4.2,mb,13.0,2.0,88.5,,1.5,earthquake,"223 km SW of Bamboo Flat, India",,,
usp000gav1,2008-06-28 15:29:11.500000+00:00,2022-05-02T19:42:05.418Z,10.902,91.925,20.0,5.4,mwc,246.0,,31.8,,0.88,earthquake,"123 km SW of Port Blair, India",,,10.3
usp000gaus,2008-06-28 14:33:35.810000+00:00,2014-11-07T01:36:27.612Z,10.713,91.514,10.0,4.5,mb,12.0,2.0,208.0,,0.77,earthquake,"170 km SW of Bamboo Flat, India",,,
usp000gauq,2008-06-28 14:30:06.560000+00:00,2014-11-07T01:36:27.607Z,10.83,91.788,9.7,4.7,mb,55.0,22.0,64.9,,0.77,earthquake,"139 km SW of Port Blair, India",,,15.9
usp000gauk,2008-06-28 13:57:03.570000+00:00,2014-11-07T01:36:27.594Z,10.727,91.707,10.0,4.9,mb,116.0,53.0,43.2,,0.72,earthquake,"153 km SW of Port Blair, India",,,
usp000gauj,2008-06-28 13:52:56.200000+00:00,2014-11-07T01:36:27.591Z,10.66,91.609,10.0,4.5,mb,35.0,7.0,71.3,,0.94,earthquake,"166 km SW of Port Blair, India",,,
usp000gauf,2008-06-28 13:40:42.460000+00:00,2014-11-07T01:36:27.584Z,10.758,91.593,14.1,4.4,mb,27.0,5.0,103.0,,0.93,earthquake,"160 km SW of Bamboo Flat, India",,,24.1
usp000gaue,2008-06-28 13:31:01.470000+00:00,2014-11-07T01:36:27.579Z,10.739,91.696,10.0,4.6,mb,45.0,16.0,73.6,,1.01,earthquake,"153 km SW of Port Blair, India",,,
usp000gaub,2008-06-28 13:09:06.450000+00:00,2014-11-07T01:36:27.570Z,10.762,91.803,10.0,4.5,mb,9.0,2.0,217.0,,1.33,earthquake,"143 km SW of Port Blair, India",,,
usp000gaua,2008-06-28 12:54:46.360000+00:00,2022-07-13T04:42:18.558Z,10.847,91.712,15.0,6.1,mwc,450.0,,18.5,,0.73,earthquake,"144 km SW of Bamboo Flat, India",,,
usp000gau3,2008-06-28 11:08:09.500000+00:00,2014-11-07T01:36:27.486Z,11.19,92.304,10.0,4.4,mb,8.0,1.0,121.5,,1.46,earthquake,"71 km SW of Port Blair, India",,,
usp000gatp,2008-06-28 06:18:19.610000+00:00,2014-11-07T01:36:27.426Z,10.741,91.555,10.0,4.1,mb,12.0,2.0,180.1,,0.61,earthquake,"165 km SW of Bamboo Flat, India",,,
usp000gath,2008-06-28 05:45:28.180000+00:00,2014-11-07T01:36:27.418Z,10.664,91.568,10.0,4.2,mb,10.0,2.0,184.3,,0.2,earthquake,"169 km SW of Port Blair, India",,,
usp000gatg,2008-06-28 05:21:21.510000+00:00,2014-11-07T01:36:27.415Z,10.753,91.85,24.5,4.4,mb,23.0,7.0,119.9,,0.74,earthquake,"140 km SW of Port Blair, India",,,18.2
usp000gatb,2008-06-28 05:00:01.160000+00:00,2014-11-07T01:36:27.404Z,10.958,91.836,10.0,4.4,mb,27.0,5.0,84.6,,0.8,earthquake,"126 km SW of Bamboo Flat, India",,,
usp000gata,2008-06-28 04:44:49.380000+00:00,2014-11-07T01:36:27.402Z,10.684,91.838,10.0,4.0,mb,12.0,2.0,179.7,,0.88,earthquake,"147 km SW of Port Blair, India",,,
usp000gat9,2008-06-28 04:43:22.440000+00:00,2014-11-07T01:36:27.400Z,10.822,91.769,10.0,4.1,mb,9.0,2.0,201.9,,0.47,earthquake,"141 km SW of Port Blair, India",,,
usp000gat8,2008-06-28 04:40:20.960000+00:00,2014-11-07T01:36:27.398Z,10.839,91.717,10.0,4.2,mb,14.0,3.0,131.9,,0.65,earthquake,"144 km SW of Bamboo Flat, India",,,
usp000gat7,2008-06-28 04:35:01.650000+00:00,2016-11-10T01:57:57.027Z,10.862,91.683,5.0,4.9,mwc,192.0,,33.2,,1.0,earthquake,"146 km SW of Bamboo Flat, India",,,15.0
usp000gat4,2008-06-28 03:34:27.240000+00:00,2014-11-07T01:36:27.314Z,10.771,91.784,17.9,4.7,mb,94.0,41.0,65.4,,0.83,earthquake,"144 km SW of Port Blair, India",,,14.8
usp000gat3,2008-06-28 03:33:31.250000+00:00,2014-11-07T01:36:27.313Z,10.394,91.311,10.0,4.0,mb,9.0,1.0,202.4,,0.96,earthquake,"210 km SW of Port Blair, India",,,
usp000gat2,2008-06-28 03:32:07.830000+00:00,2014-11-07T01:36:27.311Z,10.356,91.326,10.0,4.1,mb,10.0,2.0,180.7,,0.79,earthquake,"212 km SW of Port Blair, India",,,
usp000gat1,2008-06-28 03:26:52.650000+00:00,2022-05-02T21:00:26.754Z,10.873,91.899,29.0,5.1,mwc,148.0,,48.7,,0.78,earthquake,"127 km SW of Port Blair, India",,,11.9
usp000gask,2008-06-27 23:17:31.110000+00:00,2014-11-07T01:36:27.261Z,10.79,91.626,12.3,4.2,mb,20.0,6.0,119.5,,0.85,earthquake,"155 km SW of Bamboo Flat, India",,,28.1
usp000gasj,2008-06-27 23:07:46.050000+00:00,2014-11-07T01:36:27.259Z,10.88,91.702,10.0,4.0,mb,19.0,6.0,179.6,,0.68,earthquake,"143 km SW of Bamboo Flat, India",,,
usp000gasd,2008-06-27 21:34:45.490000+00:00,2014-11-07T01:36:27.243Z,10.576,91.34,10.0,4.0,mb,21.0,5.0,120.3,,0.86,earthquake,"195 km SW of Bamboo Flat, India",,,
usp000gas9,2008-06-27 20:57:39.680000+00:00,2014-11-07T01:36:27.233Z,10.795,91.72,21.9,4.7,mb,64.0,30.0,48.4,,1.15,earthquake,"147 km SW of Port Blair, India",,,17.3
usp000gas7,2008-06-27 20:37:34.010000+00:00,2014-11-07T01:36:27.230Z,10.717,91.581,10.0,4.1,mb,22.0,7.0,106.4,,0.73,earthquake,"164 km SW of Bamboo Flat, India",,,
usp000gas6,2008-06-27 20:20:57.260000+00:00,2014-11-07T01:36:27.227Z,10.589,91.353,10.0,4.0,mb,21.0,4.0,176.9,,0.85,earthquake,"193 km SW of Bamboo Flat, India",,,
usp000gas1,2008-06-27 19:31:01.840000+00:00,2014-11-07T01:36:27.215Z,10.822,91.682,24.4,4.4,mb,45.0,13.0,102.9,,0.58,earthquake,"148 km SW of Bamboo Flat, India",,,
usp000gas0,2008-06-27 19:27:57.650000+00:00,2014-11-07T01:36:27.214Z,10.792,91.729,10.0,4.3,mb,12.0,1.0,179.7,,0.73,earthquake,"147 km SW of Port Blair, India",,,
usp000garx,2008-06-27 19:19:46.410000+00:00,2014-11-07T01:36:27.199Z,10.882,91.787,10.0,4.9,mb,120.0,70.0,48.6,,0.84,earthquake,"135 km SW of Bamboo Flat, India",,,
usp000garv,2008-06-27 18:34:00.120000+00:00,2014-11-07T01:36:27.196Z,10.773,91.581,10.0,4.0,mb,13.0,2.0,179.9,,0.55,earthquake,"160 km SW of Bamboo Flat, India",,,
usp000garr,2008-06-27 18:05:13.650000+00:00,2022-05-02T20:01:49.864Z,10.892,91.782,25.7,5.0,mwc,181.0,,30.1,,0.75,earthquake,"135 km SW of Bamboo Flat, India",,,
usp000gaqx,2008-06-27 15:01:58+00:00,2014-11-07T01:36:27.059Z,9.853,90.178,10.0,4.0,mb,9.0,2.0,200.6,,1.18,earthquake,"Nicobar Islands, India region",,,
usp000gaqv,2008-06-27 15:00:14.420000+00:00,2014-11-07T01:36:27.055Z,10.841,91.724,10.0,4.5,mb,30.0,7.0,73.7,,0.89,earthquake,"144 km SW of Bamboo Flat, India",,,
usp000gaqs,2008-06-27 14:54:46.950000+00:00,2014-11-07T01:36:27.049Z,10.849,91.709,10.0,4.5,mb,27.0,11.0,158.2,,1.07,earthquake,"144 km SW of Bamboo Flat, India",,,
usp000gaqp,2008-06-27 14:36:42.820000+00:00,2014-11-07T01:36:27.044Z,10.736,91.535,10.0,4.5,mb,25.0,5.0,170.9,,0.6,earthquake,"167 km SW of Bamboo Flat, India",,,
usp000gaqj,2008-06-27 14:16:50.220000+00:00,2014-11-07T01:36:26.980Z,10.15,91.468,10.0,4.4,mb,8.0,2.0,216.4,,0.89,earthquake,"218 km SW of Port Blair, India",,,
usp000gaqf,2008-06-27 14:14:09.330000+00:00,2014-11-07T01:36:26.786Z,10.854,91.78,10.0,4.7,mb,57.0,21.0,48.6,,0.74,earthquake,"138 km SW of Port Blair, India",,,
usp000gaqd,2008-06-27 14:02:13.060000+00:00,2014-11-07T01:36:26.714Z,10.73,91.526,10.0,4.1,mb,8.0,1.0,219.4,,1.4,earthquake,"168 km SW of Bamboo Flat, India",,,
usp000gaqb,2008-06-27 13:53:06.410000+00:00,2014-11-07T01:36:26.704Z,11.353,92.535,10.0,4.4,mb,9.0,1.0,120.9,,1.75,earthquake,"41 km SSW of Port Blair, India",,,
usp000gaq8,2008-06-27 13:31:23.260000+00:00,2014-11-07T01:36:26.699Z,10.821,91.696,10.0,4.4,mb,15.0,2.0,179.7,,0.53,earthquake,"147 km SW of Bamboo Flat, India",,,
usp000gaq5,2008-06-27 13:10:12.400000+00:00,2014-11-07T01:36:26.691Z,10.89,92.003,10.0,5.2,mb,42.0,8.0,55.2,,1.08,earthquake,"118 km SW of Port Blair, India",,,
usp000gaq4,2008-06-27 13:07:08.200000+00:00,2022-07-13T04:43:50.873Z,10.894,91.777,17.0,5.9,mwc,304.0,,39.0,,0.88,earthquake,"135 km SW of Bamboo Flat, India",,,11.8
usp000gaq1,2008-06-27 12:50:31.820000+00:00,2014-11-07T01:36:26.651Z,10.849,91.788,10.0,4.3,mb,8.0,2.0,209.8,,0.23,earthquake,"138 km SW of Port Blair, India",,,
usp000gapz,2008-06-27 12:29:11.910000+00:00,2014-11-07T01:36:26.647Z,10.946,91.814,10.0,4.5,mb,33.0,8.0,97.7,,0.84,earthquake,"129 km SW of Bamboo Flat, India",,,
usp000gapv,2008-06-27 11:59:06.040000+00:00,2014-11-07T01:36:26.641Z,10.904,91.789,10.0,4.4,mb,12.0,1.0,117.4,,0.26,earthquake,"134 km SW of Bamboo Flat, India",,,
usp000gapt,2008-06-27 11:40:13.990000+00:00,2022-07-13T04:45:24.191Z,11.005,91.824,17.0,6.6,mwc,630.0,,18.4,,0.85,earthquake,"124 km SW of Bamboo Flat, India",,,
usp000gagy,2008-06-25 05:40:44.170000+00:00,2014-11-07T01:36:25.890Z,9.418,93.122,85.1,4.8,mb,25.0,7.0,190.8,,1.13,earthquake,"252 km S of Port Blair, India",,,16.0
usp000ga1c,2008-06-19 00:35:33.370000+00:00,2025-12-22T15:00:32.246Z,6.791,92.701,35.3,5.1,mwc,146.0,,59.7,,0.9,earthquake,"Nicobar Islands, India region",,,7.9
usp000g9qn,2008-06-15 11:02:01.990000+00:00,2014-11-07T01:36:21.676Z,32.97,76.371,36.3,4.3,mb,54.0,13.0,145.2,,0.99,earthquake,"51 km NNE of Chamba, India",,,6.6
usp000g9f8,2008-06-13 11:16:04.110000+00:00,2014-11-07T01:36:20.625Z,28.379,95.245,10.0,4.1,mb,29.0,1.0,109.0,,0.98,earthquake,"35 km NNW of P?sigh?t, India",,,
usp000g9bn,2008-06-12 13:22:11.490000+00:00,2014-11-07T01:36:20.198Z,11.078,92.864,10.0,4.2,mb,14.0,3.0,197.9,,0.71,earthquake,"66 km S of Port Blair, India",,,
usp000g8zs,2008-06-09 08:27:11.200000+00:00,2014-11-07T01:36:16.948Z,28.218,93.346,31.8,4.3,mb,33.0,8.0,110.9,,1.11,earthquake,"84 km NW of Ziro, India",,,
usp000g8te,2008-06-07 11:13:31.270000+00:00,2014-11-07T01:36:15.826Z,13.183,92.654,35.0,4.4,mb,19.0,7.0,197.9,,0.8,earthquake,"164 km N of Bamboo Flat, India",,,
usp000g8ew,2008-06-03 03:42:12.210000+00:00,2014-11-07T01:36:13.883Z,26.666,96.784,35.0,4.0,mb,12.0,2.0,136.6,,1.22,earthquake,"51 km N of Sarupathar, India",,,
usp000g89k,2008-06-01 07:38:59.560000+00:00,2014-11-07T01:36:11.754Z,10.234,91.573,21.1,4.8,mb,114.0,57.0,47.5,,0.83,earthquake,"203 km SW of Port Blair, India",,,
usp000g838,2008-05-30 02:46:29.770000+00:00,2014-11-07T01:36:07.767Z,13.257,95.292,35.0,4.0,mb,8.0,3.0,194.3,,0.84,earthquake,"Andaman Islands, India region",,,
usp000g81k,2008-05-29 10:34:46.710000+00:00,2014-11-07T01:36:07.566Z,26.308,91.791,45.5,4.5,mb,33.0,7.0,124.7,,0.93,earthquake,"14 km NNE of North Guw?h?ti, India",,,
usp000g7cu,2008-05-21 07:35:25.380000+00:00,2014-11-07T01:36:04.068Z,12.271,93.205,32.3,4.4,mb,30.0,4.0,176.3,,0.6,earthquake,"82 km NE of Bamboo Flat, India",,,23.4
usp000g6x4,2008-05-15 23:38:17.110000+00:00,2014-11-07T01:36:00.996Z,10.077,92.829,63.4,4.4,mb,45.0,19.0,58.8,,1.07,earthquake,"176 km S of Port Blair, India",,,16.1
usp000g5zr,2008-05-10 06:35:55.860000+00:00,2014-11-07T01:35:54.769Z,33.06,76.116,44.7,4.4,mb,56.0,25.0,107.3,,0.93,earthquake,"38 km ENE of Bhadarw?h, India",,,9.2
usp000g5zm,2008-05-10 05:58:56.470000+00:00,2014-11-07T01:35:54.758Z,27.622,92.758,67.5,4.3,mb,42.0,16.0,97.3,,0.78,earthquake,"51 km NE of Bomdila, India",,,7.8
usp000g5j8,2008-05-05 11:53:48.200000+00:00,2014-11-07T01:35:51.399Z,6.987,92.442,29.5,4.7,mb,48.0,16.0,46.4,,0.91,earthquake,"Nicobar Islands, India region",,,16.3
usp000g5f9,2008-05-04 05:54:44.110000+00:00,2014-11-07T01:35:50.903Z,11.398,92.52,35.0,4.4,mb,12.0,1.0,200.4,,0.74,earthquake,"38 km SW of Port Blair, India",,,
usp000g50a,2008-04-28 03:34:41.290000+00:00,2014-11-07T01:35:44.578Z,12.221,92.551,35.0,4.5,mb,13.0,1.0,150.8,,0.76,earthquake,"60 km NNW of Bamboo Flat, India",,,
usp000g4w0,2008-04-26 08:37:16.950000+00:00,2014-11-07T01:35:43.909Z,10.373,91.628,20.6,4.2,mb,17.0,6.0,85.0,,0.59,earthquake,"188 km SW of Port Blair, India",,,
usp000g4hc,2008-04-21 23:00:16.550000+00:00,2014-11-07T01:35:41.402Z,8.235,91.733,35.8,4.5,mb,26.0,4.0,99.0,,0.64,earthquake,"Nicobar Islands, India region",,,7.3
usp000g45b,2008-04-17 10:17:58.470000+00:00,2014-11-07T01:35:39.321Z,8.203,91.875,35.0,4.6,mb,37.0,11.0,101.9,,1.0,earthquake,"Nicobar Islands, India region",,,
usp000g456,2008-04-17 08:31:27.220000+00:00,2014-11-07T01:35:39.307Z,8.338,91.86,35.0,5.1,mb,98.0,43.0,90.8,,0.67,earthquake,"Nicobar Islands, India region",,,
usp000g455,2008-04-17 08:29:07.920000+00:00,2025-12-22T15:03:51.194Z,8.264,91.78,35.0,5.1,mwc,292.0,,40.2,,0.77,earthquake,"Nicobar Islands, India region",,,
usp000g449,2008-04-17 01:12:24.330000+00:00,2014-11-07T01:35:38.887Z,26.07,92.244,43.8,4.6,mb,89.0,41.0,95.1,,0.77,earthquake,"22 km SSW of Morigaon, India",,,
usp000g3hc,2008-04-10 03:16:47.470000+00:00,2014-11-07T01:35:34.680Z,14.505,92.891,10.0,4.3,mb,8.0,1.0,148.8,,0.98,earthquake,"Andaman Islands, India region",,,
usp000g3e1,2008-04-09 06:55:15.270000+00:00,2014-11-07T01:35:34.084Z,8.7,93.404,10.0,4.2,mb,10.0,1.0,137.7,,1.25,earthquake,"Nicobar Islands, India region",,,
usp000g3cy,2008-04-08 19:10:26.210000+00:00,2014-11-07T01:35:33.966Z,22.768,92.428,39.5,4.2,mb,26.0,6.0,76.2,,1.0,earthquake,"35 km WSW of Lunglei, India",,,12.0
usp000g32d,2008-04-03 22:12:54.710000+00:00,2014-11-07T01:35:29.863Z,26.106,96.915,30.2,4.6,mb,117.0,55.0,102.2,,0.61,earthquake,"15 km SE of Sarupathar, India",,,8.1
usp000g31z,2008-04-03 19:05:28.120000+00:00,2014-11-07T01:35:29.787Z,26.312,92.982,45.6,4.3,mb,27.0,7.0,139.9,,0.95,earthquake,"36 km NNE of Hoj?i, India",,,
usp000g2xm,2008-04-02 00:48:34.060000+00:00,2014-11-07T01:35:27.416Z,7.944,91.61,35.0,4.0,mb,18.0,5.0,139.3,,0.55,earthquake,"Nicobar Islands, India region",,,
usp000g2qk,2008-03-30 13:10:27.150000+00:00,2014-11-07T01:35:21.300Z,13.067,93.928,35.0,4.7,mb,59.0,27.0,70.4,,0.84,earthquake,"200 km NE of Bamboo Flat, India",,,
usp000g2kv,2008-03-29 03:14:20.900000+00:00,2014-11-07T01:35:20.530Z,13.661,92.912,35.0,4.4,mb,51.0,11.0,80.8,,1.03,earthquake,"217 km N of Bamboo Flat, India",,,
usp000g2cn,2008-03-26 04:38:47.520000+00:00,2014-11-07T01:35:19.368Z,24.041,93.295,35.0,4.1,mb,13.0,1.0,161.1,,0.83,earthquake,"37 km E of Darlawn, India",,,
usp000g1ra,2008-03-18 15:31:55.160000+00:00,2014-11-07T01:35:16.523Z,26.472,92.841,56.2,4.1,mb,18.0,1.0,141.1,,0.82,earthquake,"18 km SSE of Tezpur, India",,,16.8
usp000g1pn,2008-03-17 17:50:33.110000+00:00,2014-11-07T01:35:16.313Z,12.075,92.503,3.9,4.3,mb,33.0,9.0,116.8,,0.71,earthquake,"47 km NNW of Bamboo Flat, India",,,16.6
usp000g1eb,2008-03-14 00:11:09.860000+00:00,2014-11-07T01:35:15.179Z,13.284,93.047,35.0,4.0,mb,7.0,2.0,217.1,,0.78,earthquake,"178 km NNE of Bamboo Flat, India",,,0.0
usp000g1dk,2008-03-13 15:42:33.180000+00:00,2014-11-07T01:35:15.068Z,26.784,91.937,38.0,4.4,mb,57.0,21.0,95.2,,0.92,earthquake,"16 km WNW of Udalguri, India",,,6.4
usp000g19n,2008-03-12 03:18:48.830000+00:00,2014-11-07T01:35:14.107Z,27.133,96.977,17.2,4.7,mb,104.0,38.0,68.9,,0.88,earthquake,"104 km N of Sarupathar, India",,,13.3
usp000g17a,2008-03-11 06:13:34.480000+00:00,2014-11-07T01:35:13.831Z,34.127,73.9,47.4,4.1,mb,29.0,5.0,104.1,,1.03,earthquake,"14 km WNW of Uri, India",,,9.7
usp000g11x,2008-03-09 13:56:47.320000+00:00,2014-11-07T01:35:13.279Z,8.847,93.759,41.2,4.6,mb,45.0,13.0,86.6,,0.81,earthquake,"Nicobar Islands, India region",,,7.3
usp000g11k,2008-03-09 11:10:41.030000+00:00,2020-09-18T22:08:53.650Z,23.33,70.592,10.0,4.5,mb,40.0,13.0,95.8,,1.23,earthquake,"25 km E of Bhach?u, India",,,
usp000g0zq,2008-03-08 16:51:26.750000+00:00,2014-11-07T01:35:12.970Z,24.8,94.838,35.0,4.3,mb,55.0,16.0,115.9,,0.67,earthquake,"81 km E of Yairipok, India",,,
usp000g0tf,2008-03-05 22:57:12.520000+00:00,2014-11-07T01:35:11.618Z,33.768,75.028,39.4,4.2,mb,47.0,6.0,55.2,,1.03,earthquake,"7 km WSW of Bijbehara, India",,,7.6
usp000g0s1,2008-03-05 13:17:26.290000+00:00,2014-11-07T01:35:11.443Z,10.115,91.457,35.0,4.3,mb,22.0,12.0,85.0,,0.77,earthquake,"222 km SW of Port Blair, India",,,
usp000g04v,2008-02-27 15:39:15.650000+00:00,2014-11-07T01:35:04.519Z,10.499,91.658,35.0,4.1,mb,18.0,5.0,203.9,,0.66,earthquake,"175 km SW of Port Blair, India",,,
usp000fzz1,2008-02-26 01:35:40.200000+00:00,2014-11-07T01:35:03.768Z,10.195,91.453,35.0,4.0,mb,9.0,2.0,180.7,,0.69,earthquake,"215 km SW of Port Blair, India",,,
usp000fzx0,2008-02-25 07:25:06.430000+00:00,2014-11-07T01:35:03.328Z,33.706,74.941,28.3,4.3,mb,40.0,3.0,94.7,,1.06,earthquake,"9 km NW of Kulgam, India",,,13.5
usp000fyzm,2008-02-15 18:27:15.930000+00:00,2014-11-07T01:34:57.358Z,9.877,93.142,96.7,4.4,mb,56.0,21.0,76.8,,0.78,earthquake,"202 km SSE of Port Blair, India",,,8.0
usp000fyv8,2008-02-14 01:35:13.530000+00:00,2014-11-07T01:34:56.793Z,25.73,94.871,63.4,4.5,mb,59.0,23.0,116.6,,0.86,earthquake,"37 km E of Phek, India",,,6.5
usp000fy9n,2008-02-06 06:09:40.420000+00:00,2021-10-20T17:34:07.315Z,23.433,87.111,10.0,4.3,mb,34.0,13.0,80.5,,1.06,earthquake,"16 km NW of Beli?tor, India",,,
usp000fy4z,2008-02-04 10:15:05.160000+00:00,2014-11-07T01:34:53.667Z,8.192,91.467,10.0,4.3,mb,12.0,2.0,205.5,,0.91,earthquake,"Nicobar Islands, India region",,,
usp000fxv7,2008-01-31 13:22:18.760000+00:00,2014-11-07T01:34:47.371Z,22.787,92.403,45.1,4.9,mb,70.0,27.0,61.5,,0.72,earthquake,"36 km WSW of Lunglei, India",,,6.3
usp000fxpt,2008-01-29 12:23:53.810000+00:00,2014-11-07T01:34:46.684Z,27.528,92.728,45.1,4.1,mb,18.0,5.0,120.3,,1.38,earthquake,"41 km NE of Bomdila, India",,,28.3
usp000fxes,2008-01-25 15:10:28.860000+00:00,2014-11-07T01:34:45.926Z,28.018,94.453,35.0,4.0,mb,25.0,5.0,127.2,,1.35,earthquake,"23 km W of B?s?r, India",,,
usp000fwx0,2008-01-17 19:21:55.880000+00:00,2014-11-07T01:34:43.212Z,29.052,95.963,53.8,4.6,mb,42.0,11.0,115.0,,0.83,earthquake,"122 km NNW of Hayuliang, India",,,8.9
usp000fwqa,2008-01-14 13:38:35.990000+00:00,2022-05-02T20:57:53.999Z,10.413,92.869,34.0,5.9,mwc,373.0,,37.9,,0.8,earthquake,"139 km S of Port Blair, India",,,
usp000fwkg,2008-01-12 22:44:47.360000+00:00,2021-10-20T18:13:20.876Z,22.761,92.333,33.8,4.9,mwc,129.0,,73.5,,0.65,earthquake,"44 km WSW of Lunglei, India",,,9.5
usp000fwkc,2008-01-12 20:15:24.640000+00:00,2014-11-07T01:34:41.166Z,13.584,92.687,35.0,4.0,mb,16.0,3.0,150.7,,0.88,earthquake,"208 km N of Bamboo Flat, India",,,
usp000fwjw,2008-01-12 16:40:37.460000+00:00,2014-11-07T01:34:41.137Z,26.486,96.355,35.0,4.3,mb,17.0,4.0,132.7,,0.9,earthquake,"55 km NW of Sarupathar, India",,,
usp000fwge,2008-01-11 20:12:58.270000+00:00,2014-11-07T01:34:40.490Z,11.936,93.336,102.3,4.4,mb,36.0,14.0,81.3,,0.72,earthquake,"70 km ENE of Port Blair, India",,,10.8
usp000fvze,2008-01-04 20:52:24.180000+00:00,2014-11-07T01:34:36.711Z,12.922,92.563,62.3,4.1,mb,13.0,2.0,151.1,,0.68,earthquake,"136 km N of Bamboo Flat, India",,,25.4
usp000fvhv,2007-12-29 00:47:12.740000+00:00,2014-11-07T01:34:30.848Z,7.055,91.989,35.0,4.6,mb,18.0,4.0,143.8,,1.03,earthquake,"Nicobar Islands, India region",,,
usp000fva0,2007-12-26 19:31:23.870000+00:00,2014-11-07T01:34:29.246Z,35.222,76.655,74.2,4.0,mb,13.0,2.0,141.6,,1.36,earthquake,"35 km NNW of Thang, India",,,18.5
usp000fukk,2007-12-16 23:31:52.060000+00:00,2014-11-07T01:34:26.047Z,11.189,93.499,132.1,4.6,mb,43.0,14.0,75.8,,0.96,earthquake,"97 km ESE of Port Blair, India",,,14.5
usp000fu91,2007-12-11 16:01:32.250000+00:00,2014-11-07T01:34:23.774Z,34.923,77.428,10.0,4.3,mb,16.0,1.0,139.2,,0.94,earthquake,"57 km E of Thang, India",,,
usp000fu90,2007-12-11 15:56:38.640000+00:00,2025-12-22T15:31:32.926Z,34.99,77.478,15.5,5.1,mwc,230.0,,25.9,,0.91,earthquake,"62 km E of Thang, India",,,
usp000fu8w,2007-12-11 13:45:11.910000+00:00,2014-11-07T01:34:23.746Z,24.307,94.314,76.3,4.3,mb,25.0,2.0,115.7,,0.71,earthquake,"39 km ESE of Kakching, India",,,6.8
usp000fu62,2007-12-10 04:07:18.280000+00:00,2014-11-07T01:34:23.388Z,8.086,93.568,100.9,4.1,mb,36.0,3.0,80.7,,0.69,earthquake,"Nicobar Islands, India region",,,10.0
usp000ftqq,2007-12-02 15:49:29.100000+00:00,2014-11-07T01:34:20.188Z,12.829,92.084,35.0,4.2,mb,23.0,7.0,177.5,,1.13,earthquake,"142 km NNW of Bamboo Flat, India",,,
usp000ftk1,2007-11-30 08:44:23.800000+00:00,2014-11-07T01:34:16.217Z,26.031,95.307,93.2,4.4,mb,32.0,5.0,123.2,,0.98,earthquake,"54 km ESE of Tuensang, India",,,9.4
usp000ftje,2007-11-29 22:36:51.500000+00:00,2014-11-07T01:34:16.149Z,10.831,93.418,114.7,4.0,mb,20.0,1.0,92.5,,0.82,earthquake,"117 km SE of Port Blair, India",,,21.5
usp000ftab,2007-11-25 23:12:17.020000+00:00,2022-07-14T00:47:28.381Z,28.555,77.057,10.0,4.7,mb,71.0,18.0,52.9,,1.02,earthquake,"9 km SE of Najafgarh, India",,,
usp000ft72,2007-11-24 11:35:47.270000+00:00,2014-11-07T01:34:14.210Z,17.151,73.892,10.0,4.2,mb,9.0,3.0,223.8,,1.13,earthquake,"Maharashtra, India",,,
usp000ft71,2007-11-24 10:57:46.980000+00:00,2020-09-18T21:55:50.719Z,16.878,73.735,10.0,4.8,mb,14.0,8.0,143.9,,1.13,earthquake,"19 km E of L?nja, India",,,
usp000ft1j,2007-11-21 16:54:12.760000+00:00,2014-11-07T01:34:13.290Z,10.911,91.267,35.0,4.2,mb,8.0,1.0,219.8,,1.34,earthquake,"180 km WSW of Bamboo Flat, India",,,
usp000fsrn,2007-11-17 03:59:40.460000+00:00,2014-11-07T01:34:11.340Z,26.329,93.25,35.0,4.2,mb,15.0,2.0,137.5,,1.3,earthquake,"49 km SW of Bok?kh?t, India",,,
usp000fsns,2007-11-16 01:28:34.010000+00:00,2014-11-07T01:34:10.874Z,10.188,91.587,30.0,4.3,mb,16.0,4.0,149.6,,0.53,earthquake,"Andaman Islands, India region",,,
usp000fsb1,2007-11-10 19:36:24.430000+00:00,2014-11-07T01:34:09.294Z,29.387,95.481,24.3,5.0,mb,148.0,55.0,73.1,,0.94,earthquake,"143 km NE of Shi Yomi, India",,,9.5
usp000fsax,2007-11-10 17:53:23.320000+00:00,2014-11-07T01:34:09.285Z,8.746,93.852,80.5,4.6,mb,54.0,24.0,99.4,,0.74,earthquake,"Nicobar Islands, India region",,,11.9
usp000fs1z,2007-11-06 09:38:05.780000+00:00,2022-07-14T01:37:27.562Z,21.181,70.724,10.0,5.1,mwc,90.0,,85.6,,1.43,earthquake,"17 km S of V?s?vadar, India",,,0.0
usp000fs18,2007-11-06 00:27:31.720000+00:00,2020-09-18T21:52:33.065Z,21.229,70.898,10.0,4.9,mb,35.0,17.0,89.5,,1.29,earthquake,"17 km SW of Dh?ri, India",,,
usp000fra3,2007-10-26 13:12:44.180000+00:00,2014-11-07T01:33:59.588Z,8.769,93.086,35.0,4.5,mb,18.0,9.0,218.6,,1.35,earthquake,"Nicobar Islands, India region",,,
usp000fr9g,2007-10-26 06:50:06.660000+00:00,2022-05-02T20:48:17.482Z,35.304,76.753,10.0,5.2,mwc,228.0,,78.3,,1.16,earthquake,"41 km N of Thang, India",,,
usp000fr70,2007-10-24 23:14:22.580000+00:00,2014-11-07T01:33:59.084Z,35.649,77.428,81.9,4.2,mb,18.0,3.0,158.6,,0.57,earthquake,"98 km NE of Thang, India",,,12.1
usp000fqtm,2007-10-18 05:54:42.400000+00:00,2020-09-18T21:51:05.400Z,27.794,77.614,10.0,4.7,ml,12.0,,220.7,,,earthquake,"13 km NE of Chh?ta, India",,,
usp000fqsz,2007-10-17 23:04:05.660000+00:00,2014-11-07T01:33:56.961Z,12.699,92.554,35.0,4.3,mb,33.0,13.0,103.9,,0.91,earthquake,"111 km N of Bamboo Flat, India",,,
usp000fqdq,2007-10-12 21:33:16.360000+00:00,2014-11-07T01:33:55.193Z,10.655,92.547,29.3,4.7,mb,81.0,36.0,65.9,,1.13,earthquake,"113 km S of Port Blair, India",,,
usp000fqbv,2007-10-12 01:59:43.620000+00:00,2014-11-07T01:33:54.963Z,7.259,91.914,30.0,4.1,mb,9.0,2.0,219.9,,0.75,earthquake,"Nicobar Islands, India region",,,
usp000fq8r,2007-10-10 12:25:36.670000+00:00,2025-12-22T15:29:41.735Z,9.702,91.8,36.6,5.2,mwc,89.0,,54.1,,1.35,earthquake,"240 km SSW of Port Blair, India",,,18.8
usp000fq6y,2007-10-09 18:30:47.030000+00:00,2014-11-07T01:33:53.139Z,8.658,93.564,35.0,4.0,mb,9.0,1.0,157.5,,1.2,earthquake,"Nicobar Islands, India region",,,
usp000fq5w,2007-10-09 02:35:40.310000+00:00,2014-11-07T01:33:52.364Z,9.645,93.049,30.0,4.5,mb,61.0,25.0,94.6,,0.79,earthquake,"226 km S of Port Blair, India",,,
usp000fq4x,2007-10-08 18:10:43.980000+00:00,2014-11-07T01:33:52.223Z,13.681,93.14,64.3,4.4,mb,23.0,5.0,79.8,,1.28,earthquake,"223 km NNE of Bamboo Flat, India",,,16.5
usp000fq37,2007-10-08 01:12:34.710000+00:00,2020-09-18T21:49:55.064Z,23.104,69.983,10.0,4.5,mb,33.0,14.0,98.6,,0.89,earthquake,"4 km WSW of Anj?r, India",,,
usp000fpz7,2007-10-06 01:39:05.380000+00:00,2014-11-07T01:33:51.409Z,34.517,74.396,51.2,4.2,mb,16.0,1.0,144.6,,1.05,earthquake,"25 km WNW of Bandipura, India",,,15.0
usp000fpup,2007-10-04 05:14:18.150000+00:00,2014-11-07T01:33:50.345Z,32.685,76.336,10.0,4.6,mb,20.0,3.0,116.9,,1.44,earthquake,"24 km NE of Chamba, India",,,
usp000fppu,2007-10-02 09:39:51.690000+00:00,2014-11-07T01:33:47.839Z,9.8,93.894,35.0,4.5,mb,12.0,2.0,196.4,,0.94,earthquake,"241 km SSE of Port Blair, India",,,
usp000fnx8,2007-09-22 22:57:08.640000+00:00,2014-11-07T01:33:38.346Z,25.019,95.489,53.3,4.2,mb,17.0,2.0,130.3,,0.83,earthquake,"122 km SE of Phek, India",,,10.9
usp000fnve,2007-09-22 00:07:52.510000+00:00,2014-11-07T01:33:38.006Z,7.174,92.03,35.0,4.2,mb,8.0,1.0,221.5,,0.55,earthquake,"Nicobar Islands, India region",,,
usp000fnqk,2007-09-19 21:10:02.540000+00:00,2014-11-07T01:33:37.457Z,10.82,92.202,31.8,4.5,mb,21.0,7.0,86.4,,0.78,earthquake,"110 km SSW of Port Blair, India",,,21.7
usp000fnq9,2007-09-19 17:20:13.570000+00:00,2014-11-07T01:33:37.434Z,10.532,91.584,38.5,4.7,mb,16.0,1.0,120.7,,0.62,earthquake,"178 km SW of Port Blair, India",,,12.0
usp000fnq8,2007-09-19 17:18:11.980000+00:00,2014-11-07T01:33:37.431Z,10.715,91.986,45.3,4.8,mb,22.0,4.0,93.9,,0.63,earthquake,"134 km SW of Port Blair, India",,,21.9
usp000fnpp,2007-09-19 12:43:58.330000+00:00,2014-11-07T01:33:37.369Z,10.019,93.629,115.5,4.8,mb,36.0,14.0,85.1,,0.77,earthquake,"206 km SSE of Port Blair, India",,,18.9
usp000fnmg,2007-09-18 19:49:04.900000+00:00,2014-11-07T01:33:37.076Z,25.241,91.13,40.0,4.3,mb,21.0,5.0,106.3,,0.82,earthquake,"33 km SSW of Nongstoin, India",,,9.8
usp000fng9,2007-09-17 00:33:42.670000+00:00,2014-11-07T01:33:36.202Z,30.039,95.182,75.7,4.2,mb,14.0,1.0,124.7,,1.35,earthquake,"184 km NNE of Shi Yomi, India",,,22.6
usp000fnd8,2007-09-16 01:09:03.830000+00:00,2014-11-07T01:33:35.751Z,11.063,95.034,24.9,4.5,mb,45.0,22.0,101.6,,0.68,earthquake,"258 km ESE of Port Blair, India",,,
usp000fn6p,2007-09-13 23:24:25.860000+00:00,2014-11-07T01:33:34.824Z,12.955,93.144,35.0,4.2,mb,16.0,2.0,149.9,,0.7,earthquake,"146 km NNE of Bamboo Flat, India",,,
usp000fmn9,2007-09-07 20:14:56.970000+00:00,2014-11-07T01:33:31.607Z,23.005,92.707,38.6,4.2,mb,19.0,8.0,103.1,,0.97,earthquake,"12 km NNW of Lunglei, India",,,13.0
usp000fm3z,2007-09-01 01:33:16.100000+00:00,2014-11-07T01:33:27.181Z,27.853,87.873,73.1,4.0,mb,24.0,1.0,73.6,,0.75,earthquake,"73 km NNW of Gyalshing, India",,,6.7
usp000fkam,2007-08-20 19:15:53.500000+00:00,2021-10-20T18:13:09.732Z,17.2,73.7,5.0,4.4,mb,28.0,7.0,194.4,,,earthquake,"22 km ESE of M?khjan, India",,,
usp000fjyr,2007-08-16 19:38:56.300000+00:00,2014-11-07T01:33:17.509Z,7.834,92.176,44.5,4.9,mb,131.0,52.0,59.8,,0.79,earthquake,"Nicobar Islands, India region",,,
usp000fjj1,2007-08-13 02:02:57.510000+00:00,2014-11-07T01:33:15.427Z,26.566,97.167,10.0,4.4,mb,46.0,12.0,78.8,,1.07,earthquake,"53 km NE of Sarupathar, India",,,
usp000fjb0,2007-08-10 12:35:17.330000+00:00,2014-11-07T01:33:14.000Z,26.752,97.274,35.0,4.4,mb,13.0,1.0,115.1,,0.83,earthquake,"76 km NE of Sarupathar, India",,,
usp000fja4,2007-08-10 01:47:11.210000+00:00,2014-11-07T01:33:13.889Z,24.344,94.79,100.8,4.0,mb,15.0,6.0,116.8,,0.54,earthquake,"78 km ESE of W?ngjing, India",,,9.6
usp000fj9j,2007-08-09 20:33:46.250000+00:00,2014-11-07T01:33:13.821Z,31.343,80.155,10.0,4.5,mb,17.0,3.0,89.2,,0.89,earthquake,"103 km NNE of Josh?math, India",,,
usp000fj76,2007-08-08 20:59:14.030000+00:00,2014-11-07T01:33:13.489Z,9.049,93.876,49.4,4.3,mb,20.0,3.0,101.3,,0.92,earthquake,"Nicobar Islands, India region",,,17.0
usp000fj1c,2007-08-06 14:38:12.850000+00:00,2025-12-22T15:27:53.117Z,6.691,90.998,30.0,5.0,mwc,115.0,,42.7,,0.87,earthquake,"Nicobar Islands, India region",,,
usp000fhum,2007-08-04 06:14:46.750000+00:00,2014-11-07T01:33:11.619Z,9.468,93.301,44.2,4.9,mb,158.0,64.0,56.4,,0.91,earthquake,"250 km SSE of Port Blair, India",,,
usp000fh8c,2007-07-28 01:00:33.540000+00:00,2014-11-07T01:33:04.603Z,22.83,92.359,32.0,4.0,mb,7.0,1.0,190.4,,0.26,earthquake,"39 km W of Lunglei, India",,,45.8
usp000fh38,2007-07-25 23:37:31.520000+00:00,2022-07-14T05:29:11.318Z,7.157,92.518,15.0,6.1,mwb,442.0,,32.3,,1.04,earthquake,"Nicobar Islands, India region",,,
usp000fh1a,2007-07-25 01:19:33.440000+00:00,2014-11-07T01:33:03.316Z,10.961,91.67,30.0,4.2,mb,14.0,2.0,152.7,,0.86,earthquake,"140 km SW of Bamboo Flat, India",,,
usp000fh13,2007-07-24 23:55:21.240000+00:00,2014-11-07T01:33:03.143Z,13.579,92.766,30.0,4.5,mb,34.0,8.0,101.2,,0.85,earthquake,"207 km N of Bamboo Flat, India",,,
usp000fgwd,2007-07-22 23:02:14.790000+00:00,2022-05-02T20:22:28.209Z,30.881,78.239,19.0,5.1,mb,179.0,88.0,52.0,,0.74,earthquake,"Uttaranchal, India",,,14.9
usp000fghe,2007-07-18 04:27:24.380000+00:00,2022-07-14T05:39:19.357Z,6.465,84.395,10.0,5.2,mb,276.0,123.0,64.6,,0.76,earthquake,Bay of Bengal,,,
usp000fg2t,2007-07-13 06:18:55.550000+00:00,2014-11-07T01:32:57.137Z,23.641,70.639,10.0,4.2,mb,20.0,5.0,186.1,,0.84,earthquake,"7 km N of R?par, India",,,
usp000ffmv,2007-07-07 01:56:10.030000+00:00,2014-11-07T01:32:55.000Z,6.787,92.593,35.0,4.6,mb,15.0,2.0,140.6,,0.85,earthquake,"Nicobar Islands, India region",,,
usp000ffh9,2007-07-05 07:14:19.520000+00:00,2014-11-07T01:32:54.592Z,9.823,92.733,30.0,4.6,mb,35.0,14.0,113.7,,1.19,earthquake,"203 km S of Port Blair, India",,,
usp000ffcp,2007-07-03 14:47:31.180000+00:00,2014-11-07T01:32:53.550Z,10.121,91.505,30.0,4.4,mb,28.0,7.0,71.3,,0.79,earthquake,"218 km SW of Port Blair, India",,,
usp000fezg,2007-06-27 18:40:24.150000+00:00,2014-11-07T01:32:46.464Z,28.892,95.024,49.2,4.0,mb,14.0,1.0,142.8,,1.05,earthquake,"75 km ENE of Shi Yomi, India",,,22.1
usp000fewv,2007-06-26 08:26:33.620000+00:00,2014-11-07T01:32:46.107Z,11.295,95.432,30.0,4.4,mb,15.0,4.0,184.7,,0.89,earthquake,"295 km E of Port Blair, India",,,
usp000fev8,2007-06-25 18:09:50.350000+00:00,2014-11-07T01:32:45.999Z,25.946,94.24,15.4,4.8,mb,78.0,33.0,67.2,,1.1,earthquake,"16 km S of Wokha, India",,,
usp000fern,2007-06-24 21:29:11.480000+00:00,2014-11-07T01:32:45.654Z,9.503,93.231,78.2,4.5,mb,43.0,13.0,75.2,,0.9,earthquake,"245 km SSE of Port Blair, India",,,7.8
usp000fege,2007-06-21 14:26:21.340000+00:00,2014-11-07T01:32:44.610Z,24.979,95.376,10.0,4.0,mb,24.0,6.0,144.1,,1.36,earthquake,"116 km SE of Phek, India",,,
usp000fefy,2007-06-21 08:57:46.280000+00:00,2014-11-07T01:32:44.376Z,10.338,92.889,72.7,4.6,mb,71.0,27.0,55.6,,1.03,earthquake,"147 km S of Port Blair, India",,,7.8
usp000fe0s,2007-06-14 19:52:38.600000+00:00,2014-11-07T01:32:42.535Z,32.112,76.823,10.0,4.3,mb,16.0,4.0,259.2,,1.4,earthquake,"14 km NNE of Jogindarnagar, India",,,
usp000fdsj,2007-06-10 19:41:26.150000+00:00,2014-11-07T01:32:40.952Z,26.065,96.823,46.1,4.2,mb,45.0,16.0,120.1,,0.84,earthquake,"15 km S of Sarupathar, India",,,7.9
usp000fdja,2007-06-07 11:37:48.820000+00:00,2014-11-07T01:32:40.037Z,10.556,91.568,30.0,4.5,mb,25.0,12.0,103.1,,1.44,earthquake,"177 km SW of Port Blair, India",,,
usp000fdar,2007-06-04 01:22:14.910000+00:00,2014-11-07T01:32:38.732Z,9.378,93.864,123.1,5.0,mb,50.0,24.0,99.2,,0.67,earthquake,"281 km SSE of Port Blair, India",,,8.4
usp000fd8s,2007-06-03 00:57:21.050000+00:00,2014-11-07T01:32:38.107Z,13.045,93.437,74.7,4.1,mb,15.0,1.0,86.5,,0.23,earthquake,"Andaman Islands, India region",,,13.5
usp000fd4b,2007-05-31 23:18:05.060000+00:00,2022-05-02T20:18:45.590Z,8.305,93.864,35.0,5.4,mwc,271.0,,33.9,,1.11,earthquake,"Nicobar Islands, India region",,,
usp000fd16,2007-05-30 03:58:06.750000+00:00,2014-11-07T01:32:33.522Z,10.59,92.52,36.3,4.3,mb,24.0,9.0,106.7,,0.63,earthquake,"121 km SSW of Port Blair, India",,,
usp000fccm,2007-05-20 14:18:21.330000+00:00,2016-11-10T01:40:18.865Z,27.334,88.236,42.8,4.9,mwc,167.0,,76.7,,0.94,earthquake,"5 km NNW of Gyalshing, India",,,11.4
usp000fc7u,2007-05-18 12:40:01.190000+00:00,2014-11-07T01:32:29.290Z,27.276,88.147,15.4,4.7,mb,83.0,40.0,70.7,,1.04,earthquake,"11 km W of Gyalshing, India",,,18.2
usp000fc2e,2007-05-16 04:17:27.950000+00:00,2014-11-07T01:32:28.542Z,27.291,87.851,31.7,4.0,mb,29.0,6.0,87.6,,0.87,earthquake,"40 km W of Gyalshing, India",,,18.8
usp000fc1y,2007-05-15 23:23:24.920000+00:00,2014-11-07T01:32:28.492Z,26.182,95.817,114.2,4.3,mb,19.0,8.0,138.4,,0.9,earthquake,"95 km SSE of Khonsa, India",,,11.8
usp000fb2m,2007-05-02 09:08:33.310000+00:00,2014-11-07T01:32:22.360Z,13.34,93.359,93.4,4.5,mb,14.0,1.0,155.1,,1.15,earthquake,"194 km NNE of Bamboo Flat, India",,,18.3
usp000fb1k,2007-05-01 20:51:38.020000+00:00,2014-11-07T01:32:22.009Z,26.141,96.622,10.0,4.1,mb,19.0,10.0,155.3,,1.34,earthquake,"20 km WSW of Sarupathar, India",,,
usp000fb13,2007-05-01 16:40:57.470000+00:00,2014-11-07T01:32:21.850Z,8.385,92.375,42.9,4.4,mb,31.0,8.0,132.4,,0.73,earthquake,"Nicobar Islands, India region",,,7.2
usp000fa4n,2007-04-20 03:13:14.570000+00:00,2014-11-07T01:32:14.229Z,10.119,93.543,30.0,4.2,mb,9.0,2.0,186.9,,0.56,earthquake,"192 km SSE of Port Blair, India",,,
usp000f9bb,2007-04-10 13:56:53.890000+00:00,2022-05-02T20:10:13.143Z,12.99,92.525,30.0,5.5,mwc,400.0,,36.3,,0.76,earthquake,"144 km N of Bamboo Flat, India",,,
usp000f93d,2007-04-08 16:20:13.550000+00:00,2014-11-07T01:32:08.853Z,23.083,70.187,10.0,4.2,mb,11.0,1.0,150.2,,0.43,earthquake,"5 km E of G?ndh?dh?m, India",,,
usp000f8zh,2007-04-07 11:46:33.370000+00:00,2014-11-07T01:32:08.393Z,28.614,96.418,30.0,4.0,mb,9.0,3.0,220.4,,1.06,earthquake,"61 km NNW of Hayuliang, India",,,
usp000f8xq,2007-04-07 01:25:11.820000+00:00,2014-11-07T01:32:08.018Z,13.635,93.964,30.0,4.0,mb,10.0,1.0,100.3,,1.01,earthquake,"253 km NNE of Bamboo Flat, India",,,
usp000f8xf,2007-04-07 00:17:49.970000+00:00,2014-11-07T01:32:07.978Z,7.84,92.788,30.0,4.3,mb,8.0,1.0,138.5,,0.5,earthquake,"Nicobar Islands, India region",,,
usp000f8rx,2007-04-05 08:42:16.280000+00:00,2014-11-07T01:32:06.975Z,24.886,95.207,125.2,4.5,mb,22.0,3.0,86.5,,0.91,earthquake,"112 km SE of Phek, India",,,10.2
usp000f81q,2007-04-01 07:08:59.890000+00:00,2025-12-22T15:13:55.264Z,9.203,91.516,30.0,5.1,mwc,79.0,,62.2,,1.16,earthquake,"Nicobar Islands, India region",,,
usp000f7tz,2007-03-29 23:49:49.260000+00:00,2014-11-07T01:31:57.765Z,10.846,92.141,44.2,4.5,mb,75.0,35.0,53.6,,0.47,earthquake,"112 km SW of Port Blair, India",,,5.4
usp000f7qy,2007-03-28 20:39:59.200000+00:00,2014-11-07T01:31:57.323Z,12.914,92.471,30.0,4.0,mb,13.0,3.0,112.0,,1.06,earthquake,"136 km NNW of Bamboo Flat, India",,,
usp000f7gb,2007-03-26 10:02:22.400000+00:00,2014-11-07T01:31:56.163Z,10.333,93.079,54.1,4.6,mb,56.0,17.0,73.4,,0.9,earthquake,"151 km SSE of Port Blair, India",,,
usp000f7dv,2007-03-25 18:27:09.410000+00:00,2014-11-07T01:31:55.804Z,8.777,93.604,30.0,4.3,mb,9.0,1.0,200.4,,0.55,earthquake,"Nicobar Islands, India region",,,
usp000f79w,2007-03-24 11:58:40.110000+00:00,2014-11-07T01:31:55.214Z,10.138,93.718,87.6,4.4,mb,10.0,4.0,186.0,,0.78,earthquake,"199 km SSE of Port Blair, India",,,20.8
usp000f6th,2007-03-16 07:19:42.830000+00:00,2014-11-07T01:31:52.912Z,12.892,91.863,30.0,4.7,mb,9.0,1.0,111.0,,1.03,earthquake,"161 km NW of Bamboo Flat, India",,,
usp000f6nm,2007-03-13 20:42:49.410000+00:00,2014-11-07T01:31:52.303Z,7.169,92.178,30.0,4.2,mb,13.0,7.0,143.0,,1.04,earthquake,"Nicobar Islands, India region",,,
usp000f6kk,2007-03-13 00:12:16.410000+00:00,2014-11-07T01:31:52.027Z,10.791,92.994,30.0,4.4,mb,21.0,6.0,93.5,,0.93,earthquake,"100 km SSE of Port Blair, India",,,
usp000f6fy,2007-03-11 06:09:00.330000+00:00,2014-11-07T01:31:51.298Z,13.009,93.593,28.2,4.4,mb,20.0,4.0,174.7,,0.93,earthquake,"173 km NNE of Bamboo Flat, India",,,
usp000f6cr,2007-03-09 14:50:27.090000+00:00,2014-11-07T01:31:50.696Z,24.335,94.751,91.3,4.2,mb,30.0,10.0,97.3,,0.66,earthquake,"75 km ESE of W?ngjing, India",,,8.4
usp000f5vr,2007-03-01 05:08:20.740000+00:00,2025-12-22T15:12:20.365Z,10.292,93.059,78.9,5.0,mwc,221.0,,39.8,,0.77,earthquake,"155 km SSE of Port Blair, India",,,
usp000f5da,2007-02-22 14:41:34.340000+00:00,2014-11-07T01:31:40.876Z,10.129,92.189,30.0,4.3,mb,11.0,1.0,215.3,,0.86,earthquake,"180 km SSW of Port Blair, India",,,
usp000f5ac,2007-02-21 09:23:09.910000+00:00,2014-11-07T01:31:40.579Z,12.506,95.116,28.9,4.8,mb,90.0,31.0,76.5,,0.84,earthquake,"274 km ENE of Port Blair, India",,,
usp000f5a2,2007-02-21 06:35:08.370000+00:00,2014-11-07T01:31:40.523Z,12.376,95.042,30.0,4.6,mb,27.0,9.0,149.0,,0.58,earthquake,"262 km ENE of Port Blair, India",,,
usp000f59e,2007-02-21 00:33:25.880000+00:00,2014-11-07T01:31:40.436Z,31.373,77.752,36.6,4.1,mb,34.0,5.0,97.5,,0.97,earthquake,"14 km SE of R?mpur, India",,,8.0
usp000f574,2007-02-20 04:20:37.710000+00:00,2014-11-07T01:31:40.110Z,6.513,90.669,10.0,4.7,mb,22.0,5.0,143.5,,0.45,earthquake,"Nicobar Islands, India region",,,
usp000f56w,2007-02-20 02:45:14.940000+00:00,2014-11-07T01:31:40.099Z,10.692,94.653,10.0,4.4,mb,11.0,2.0,177.5,,0.8,earthquake,"234 km ESE of Port Blair, India",,,
usp000f528,2007-02-17 23:52:39.950000+00:00,2014-11-07T01:31:39.352Z,24.415,94.811,110.0,4.4,mb,13.0,3.0,177.4,,0.78,earthquake,"78 km ESE of W?ngjing, India",,,10.5
usp000f4nw,2007-02-11 09:53:55.920000+00:00,2014-11-07T01:31:36.546Z,27.087,96.821,73.7,4.4,mb,7.0,1.0,120.8,,1.2,earthquake,"97 km N of Sarupathar, India",,,31.0
usp000f4ag,2007-02-05 09:24:37.750000+00:00,2014-11-07T01:31:34.749Z,11.24,92.218,30.0,4.7,mb,45.0,18.0,97.8,,0.75,earthquake,"74 km SW of Port Blair, India",,,
usp000f47n,2007-02-03 20:31:48.080000+00:00,2014-11-07T01:31:33.880Z,10.219,91.603,21.2,4.7,mb,60.0,25.0,57.6,,0.77,earthquake,"203 km SW of Port Blair, India",,,
usp000f45y,2007-02-03 00:51:15.610000+00:00,2014-11-07T01:31:33.179Z,32.098,78.582,35.0,4.7,mb,17.0,2.0,119.1,,0.81,earthquake,"99 km NE of Sar?han, India",,,
usp000f45x,2007-02-03 00:47:59.770000+00:00,2014-11-07T01:31:33.164Z,13.949,93.862,30.0,4.8,mb,43.0,15.0,81.4,,0.66,earthquake,"278 km NNE of Bamboo Flat, India",,,
usp000f443,2007-02-02 00:41:16.240000+00:00,2014-11-07T01:31:32.426Z,28.272,94.224,36.7,4.3,mb,22.0,6.0,100.4,,0.74,earthquake,"32 km SSW of Shi Yomi, India",,,11.0
usp000f3ww,2007-01-29 19:48:34.440000+00:00,2025-12-22T14:59:40.211Z,8.359,93.595,30.0,5.4,mwc,254.0,,27.2,,0.79,earthquake,"Nicobar Islands, India region",,,
usp000f3sk,2007-01-28 00:18:51.940000+00:00,2014-11-07T01:31:28.331Z,7.757,88.367,10.0,4.6,mb,29.0,12.0,109.8,,0.95,earthquake,Bay of Bengal,,,
usp000f3jw,2007-01-25 14:46:23.170000+00:00,2014-11-07T01:31:27.309Z,8.962,92.287,16.0,4.2,mb,25.0,8.0,96.3,,0.75,earthquake,"Nicobar Islands, India region",,,36.6
usp000f3fz,2007-01-24 11:03:31.440000+00:00,2014-11-07T01:31:27.012Z,24.702,94.491,71.4,4.7,mb,19.0,3.0,146.2,,1.06,earthquake,"44 km E of Yairipok, India",,,12.2
usp000f3fu,2007-01-24 10:29:27.290000+00:00,2014-11-07T01:31:27.004Z,25.686,89.86,19.6,4.1,mb,17.0,2.0,145.8,,1.0,earthquake,"16 km N of Mank?char, India",,,59.9
usp000f33s,2007-01-21 02:48:24.460000+00:00,2014-11-07T01:31:25.035Z,22.56,93.065,50.5,4.0,mb,23.0,5.0,115.5,,0.97,earthquake,"11 km NE of Saiha, India",,,11.6
usp000f2w7,2007-01-17 20:05:04.340000+00:00,2014-11-07T01:31:24.069Z,11.411,92.152,10.0,4.8,mb,38.0,12.0,84.2,,0.64,earthquake,"69 km WSW of Bamboo Flat, India",,,
usp000f2uc,2007-01-17 03:59:32.620000+00:00,2014-11-07T01:31:23.837Z,8.179,92.552,30.0,4.2,mb,15.0,3.0,153.9,,0.75,earthquake,"Nicobar Islands, India region",,,
usp000f2n6,2007-01-15 06:13:38.940000+00:00,2014-11-07T01:31:23.043Z,12.598,92.704,30.0,4.7,mb,47.0,13.0,66.1,,0.97,earthquake,"99 km N of Bamboo Flat, India",,,
usp000f28d,2007-01-12 04:41:24.360000+00:00,2014-11-07T01:31:21.063Z,8.847,92.247,31.1,4.9,mb,67.0,20.0,51.3,,0.94,earthquake,"Nicobar Islands, India region",,,
usp000f23k,2007-01-10 07:17:24+00:00,2014-11-07T01:31:20.531Z,10.487,93.019,51.7,4.6,mb,29.0,3.0,94.5,,1.07,earthquake,"133 km SSE of Port Blair, India",,,19.0
usp000f20b,2007-01-08 23:29:00.740000+00:00,2014-11-07T01:31:20.106Z,9.867,92.07,30.0,4.1,mb,10.0,2.0,173.8,,0.74,earthquake,"212 km SSW of Port Blair, India",,,
usp000f1z8,2007-01-08 12:48:40.510000+00:00,2022-05-02T19:33:03.558Z,8.077,92.437,11.0,6.1,mwb,252.0,,37.6,,0.91,earthquake,"Nicobar Islands, India region",,,
usp000f1tc,2007-01-06 07:46:26.700000+00:00,2014-11-07T01:31:19.081Z,9.385,93.148,30.0,4.8,mb,12.0,1.0,152.9,,0.46,earthquake,"256 km S of Port Blair, India",,,
usp000f1q5,2007-01-04 17:03:51.600000+00:00,2014-11-07T01:31:18.438Z,6.734,92.48,26.7,4.0,mb,11.0,3.0,186.1,,1.35,earthquake,"Nicobar Islands, India region",,,
usp000f1nx,2007-01-04 01:00:34.150000+00:00,2014-11-07T01:31:18.201Z,13.777,93.174,30.0,4.4,mb,19.0,2.0,98.3,,0.86,earthquake,"235 km NNE of Bamboo Flat, India",,,
usp000f1fb,2006-12-31 21:36:54.070000+00:00,2014-11-07T01:31:13.739Z,28.216,88.232,35.0,4.1,mb,34.0,9.0,118.5,,1.32,earthquake,"83 km NNW of Mangan, India",,,
usp000f0xu,2006-12-25 00:28:21.060000+00:00,2014-11-07T01:31:11.282Z,12.774,93.244,30.0,4.3,mb,49.0,13.0,86.1,,0.76,earthquake,"131 km NNE of Bamboo Flat, India",,,
usp000f0xp,2006-12-24 22:43:26.730000+00:00,2021-10-20T18:11:28.873Z,26.881,76.154,10.0,4.2,mb,6.0,2.0,228.3,,0.68,earthquake,"11 km ENE of Basi, India",,,
usp000f0t4,2006-12-22 19:50:44.630000+00:00,2022-05-02T18:33:58.518Z,10.653,92.361,24.0,6.2,mwc,358.0,,18.4,,0.9,earthquake,"Andaman Islands, India region",,,
usp000ezya,2006-12-10 08:19:25.950000+00:00,2014-11-07T01:31:06.798Z,31.507,77.027,8.2,4.0,mb,18.0,3.0,244.2,,0.87,earthquake,"12 km ESE of Sundarnagar, India",,,68.7
usp000eznk,2006-12-06 14:33:15.940000+00:00,2014-11-07T01:31:05.604Z,13.518,92.956,30.0,4.2,mb,21.0,3.0,104.0,,0.72,earthquake,"Andaman Islands, India region",,,
usp000ez42,2006-11-29 05:41:14.180000+00:00,2014-11-07T01:30:58.701Z,27.348,76.83,10.0,4.0,mb,9.0,3.0,206.0,,1.32,earthquake,"23 km ENE of R?jgarh, India",,,
usp000ez35,2006-11-28 23:28:38.630000+00:00,2014-11-07T01:30:58.503Z,13.124,93.234,30.0,4.5,mb,56.0,15.0,53.4,,1.09,earthquake,"167 km NNE of Bamboo Flat, India",,,
usp000eysv,2006-11-25 08:50:34.530000+00:00,2014-11-07T01:30:56.861Z,35.703,78.199,10.0,4.1,mb,21.0,6.0,174.6,,1.13,earthquake,"154 km ENE of Thang, India",,,
usp000eymw,2006-11-23 15:14:56.900000+00:00,2014-11-07T01:30:56.127Z,13.759,93.884,78.8,4.5,mb,12.0,2.0,159.9,,0.65,earthquake,"260 km NNE of Bamboo Flat, India",,,11.4
usp000ex3b,2006-11-10 13:21:24.340000+00:00,2016-11-10T01:30:46.374Z,24.536,92.326,42.5,4.9,mwc,127.0,,25.9,,0.68,earthquake,"24 km NE of Dharmanagar, India",,,
usp000ewys,2006-11-09 05:05:51.470000+00:00,2014-11-07T01:30:47.075Z,8.247,93.944,38.4,4.5,mb,27.0,9.0,129.6,,0.99,earthquake,"Nicobar Islands, India region",,,12.9
usp000ewqd,2006-11-06 01:19:57.480000+00:00,2014-11-07T01:30:45.767Z,24.694,95.146,120.0,4.8,mb,202.0,119.0,51.0,,0.66,earthquake,"110 km E of W?ngjing, India",,,5.1
usp000ewja,2006-11-03 14:43:10.270000+00:00,2022-05-02T18:31:30.467Z,22.104,93.351,49.3,5.0,mwc,91.0,,57.9,,0.82,earthquake,"57 km SE of Saiha, India",,,
usp000ewd8,2006-11-01 04:02:19.690000+00:00,2014-11-07T01:30:41.537Z,8.6,93.896,30.0,4.6,mb,24.0,5.0,153.0,,0.81,earthquake,"Nicobar Islands, India region",,,
usp000ewb1,2006-10-30 17:15:19.490000+00:00,2014-11-07T01:30:39.308Z,10.551,92.339,30.0,4.2,mb,7.0,1.0,217.9,,0.27,earthquake,"131 km SSW of Port Blair, India",,,
usp000ew7x,2006-10-29 09:23:49.130000+00:00,2014-11-07T01:30:38.672Z,7.444,89.623,10.0,4.1,mb,12.0,1.0,142.6,,0.85,earthquake,Bay of Bengal,,,
usp000ew7v,2006-10-29 08:51:37.920000+00:00,2014-11-07T01:30:38.668Z,8.664,93.75,30.0,4.3,mb,12.0,1.0,103.8,,0.96,earthquake,"Nicobar Islands, India region",,,
usp000ew73,2006-10-29 01:15:55.650000+00:00,2014-11-07T01:30:38.561Z,12.887,91.924,23.7,4.2,mb,12.0,4.0,176.9,,0.56,earthquake,"157 km NNW of Bamboo Flat, India",,,
usp000ew43,2006-10-27 07:55:01.980000+00:00,2014-11-07T01:30:38.246Z,29.875,80.035,10.0,4.2,mb,22.0,3.0,69.4,,1.09,earthquake,"25 km E of B?geshwar, India",,,
usp000ew3t,2006-10-27 03:53:21.620000+00:00,2014-11-07T01:30:38.221Z,5.864,92.292,33.2,4.6,mb,35.0,8.0,104.1,,0.83,earthquake,off the west coast of northern Sumatra,,,
usp000ew3p,2006-10-27 01:07:32.960000+00:00,2014-11-07T01:30:38.199Z,29.854,80.545,38.8,4.1,mb,16.0,1.0,87.3,,0.83,earthquake,"2 km ENE of Dh?rchula, India",,,12.7
usp000evts,2006-10-22 22:24:08.730000+00:00,2014-11-07T01:30:37.042Z,10.639,93.879,30.0,4.0,mb,11.0,3.0,186.8,,0.86,earthquake,"167 km SE of Port Blair, India",,,
usp000evtf,2006-10-22 19:55:41.880000+00:00,2014-11-07T01:30:37.016Z,10.133,91.626,19.9,4.2,mb,16.0,2.0,109.8,,0.6,earthquake,"209 km SW of Port Blair, India",,,41.3
usp000evsm,2006-10-22 11:23:22.350000+00:00,2014-11-07T01:30:36.951Z,10.331,91.794,30.0,4.6,mb,22.0,2.0,86.0,,1.3,earthquake,"180 km SW of Port Blair, India",,,
usp000evk9,2006-10-20 06:12:29.530000+00:00,2014-11-07T01:30:36.140Z,11.588,92.695,30.0,4.5,mb,16.0,2.0,151.2,,1.3,earthquake,"10 km SSW of Port Blair, India",,,
usp000evj5,2006-10-19 19:53:58.480000+00:00,2014-11-07T01:30:36.022Z,10.251,93.729,25.1,4.7,mb,82.0,16.0,58.9,,0.8,earthquake,"189 km SE of Port Blair, India",,,
usp000evhz,2006-10-19 17:35:23.300000+00:00,2014-11-07T01:30:36.010Z,22.154,93.046,44.1,4.3,mb,32.0,6.0,81.8,,0.8,earthquake,"37 km S of Saiha, India",,,
usp000eved,2006-10-18 01:46:55.800000+00:00,2014-11-07T01:30:35.285Z,10.312,92.38,30.0,4.4,mb,19.0,4.0,79.4,,0.79,earthquake,"155 km SSW of Port Blair, India",,,
usp000evcn,2006-10-17 07:59:16.970000+00:00,2014-11-07T01:30:35.050Z,10.441,91.755,28.2,5.0,mb,103.0,46.0,68.0,,1.1,earthquake,"173 km SW of Port Blair, India",,,
usp000ev4q,2006-10-13 17:39:59.550000+00:00,2014-11-07T01:30:33.799Z,13.595,92.705,30.0,4.3,mb,34.0,8.0,82.6,,1.03,earthquake,"209 km N of Bamboo Flat, India",,,
usp000ev3u,2006-10-13 07:18:26.600000+00:00,2014-11-07T01:30:33.637Z,34.659,80.203,10.0,4.4,mb,26.0,10.0,129.5,,0.94,earthquake,"246 km ENE of Leh, India",,,
usp000euxk,2006-10-11 05:39:01.500000+00:00,2014-11-07T01:30:32.225Z,13.421,92.81,30.0,4.0,mb,8.0,1.0,176.3,,0.38,earthquake,"190 km N of Bamboo Flat, India",,,
usp000eurw,2006-10-09 09:32:38.460000+00:00,2014-11-07T01:30:31.483Z,13.823,93.075,48.6,4.5,mb,28.0,7.0,82.3,,1.1,earthquake,"238 km N of Bamboo Flat, India",,,14.7
usp000eujg,2006-10-06 04:23:07.760000+00:00,2016-11-10T01:29:17.169Z,9.455,93.125,49.9,4.9,mwc,103.0,,47.5,,0.9,earthquake,"248 km S of Port Blair, India",,,6.8
usp000eugz,2006-10-05 04:53:01.340000+00:00,2014-11-07T01:30:30.413Z,13.251,92.188,27.3,4.7,mb,85.0,33.0,52.9,,0.83,earthquake,"180 km NNW of Bamboo Flat, India",,,
usp000eudp,2006-10-03 09:42:14.820000+00:00,2014-11-07T01:30:29.792Z,9.417,93.055,68.5,4.7,mb,65.0,28.0,55.9,,1.08,earthquake,"251 km S of Port Blair, India",,,9.0
usp000eubc,2006-10-02 12:50:51.530000+00:00,2014-11-07T01:30:29.122Z,10.004,91.893,30.0,4.1,mb,9.0,1.0,113.9,,0.78,earthquake,"206 km SSW of Port Blair, India",,,
usp000eu9r,2006-10-01 22:48:21.460000+00:00,2014-11-07T01:30:28.673Z,12.758,92.562,48.5,4.0,mb,25.0,4.0,112.8,,1.06,earthquake,"118 km N of Bamboo Flat, India",,,18.4
usp000eu9p,2006-10-01 22:34:12.050000+00:00,2014-11-07T01:30:28.664Z,12.674,92.292,30.0,4.3,mb,13.0,2.0,177.5,,0.93,earthquake,"117 km NNW of Bamboo Flat, India",,,
usp000eu6w,2006-10-01 03:28:03.600000+00:00,2014-11-07T01:30:27.129Z,11.684,94.918,23.9,4.7,mb,68.0,25.0,98.5,,0.8,earthquake,"236 km E of Port Blair, India",,,
usp000eu6v,2006-10-01 03:25:43.930000+00:00,2016-11-10T01:28:57.936Z,11.779,94.962,26.3,4.9,mwc,87.0,,78.7,,1.18,earthquake,"241 km E of Port Blair, India",,,
usp000eu4b,2006-09-30 06:58:05.810000+00:00,2014-11-07T01:30:21.587Z,11.912,95.394,30.0,4.2,mb,11.0,2.0,117.7,,1.1,earthquake,"289 km E of Port Blair, India",,,
usp000eu0x,2006-09-28 20:47:13.920000+00:00,2014-11-07T01:30:19.838Z,33.227,75.493,10.0,4.0,mb,17.0,2.0,106.9,,0.77,earthquake,"10 km NNW of Doda, India",,,
usp000eu0n,2006-09-28 18:22:07.520000+00:00,2014-11-07T01:30:19.808Z,9.442,93.132,30.0,4.1,mb,19.0,2.0,112.0,,0.69,earthquake,"249 km S of Port Blair, India",,,
usp000eu0j,2006-09-28 15:55:07.880000+00:00,2014-11-07T01:30:19.801Z,11.791,95.596,30.0,4.2,mb,18.0,4.0,148.9,,1.37,earthquake,"Andaman Islands, India region",,,
usp000eu0d,2006-09-28 14:39:15.240000+00:00,2016-11-10T01:28:44.530Z,11.788,95.001,22.6,4.9,mwc,118.0,,53.3,,0.98,earthquake,"246 km E of Port Blair, India",,,
usp000eu0b,2006-09-28 13:49:40.830000+00:00,2014-11-07T01:30:19.747Z,7.104,92.472,8.1,4.3,mb,25.0,6.0,74.2,,0.77,earthquake,"Nicobar Islands, India region",,,20.5
usp000eu07,2006-09-28 13:22:47.130000+00:00,2014-11-07T01:30:19.732Z,11.746,95.014,23.2,4.9,mb,111.0,61.0,55.2,,0.75,earthquake,"247 km E of Port Blair, India",,,
usp000eu06,2006-09-28 13:14:58.260000+00:00,2014-11-07T01:30:19.729Z,11.758,95.211,29.2,4.5,mb,24.0,7.0,105.2,,1.02,earthquake,"268 km E of Port Blair, India",,,25.0
usp000eu05,2006-09-28 13:08:06.340000+00:00,2014-11-07T01:30:19.726Z,11.847,95.202,23.5,4.4,mb,22.0,6.0,116.5,,1.19,earthquake,"268 km E of Port Blair, India",,,
usp000etst,2006-09-25 11:40:49.820000+00:00,2014-11-07T01:30:16.592Z,10.55,92.324,30.0,4.8,mb,68.0,23.0,53.8,,0.91,earthquake,"131 km SSW of Port Blair, India",,,
usp000etrt,2006-09-25 00:27:45.780000+00:00,2014-11-07T01:30:16.488Z,28.389,96.518,35.0,4.0,mb,18.0,6.0,145.5,,0.63,earthquake,"35 km N of Hayuliang, India",,,
usp000etre,2006-09-24 19:55:24.760000+00:00,2014-11-07T01:30:16.382Z,8.196,92.092,30.0,4.3,mb,12.0,3.0,137.3,,0.51,earthquake,"Nicobar Islands, India region",,,
usp000etq3,2006-09-24 03:22:24.700000+00:00,2014-11-07T01:30:16.276Z,11.194,92.087,29.8,4.2,mb,11.0,2.0,179.2,,0.58,earthquake,"88 km SW of Bamboo Flat, India",,,
usp000etj0,2006-09-21 22:43:22.950000+00:00,2014-11-07T01:30:15.690Z,26.803,96.735,61.7,4.2,mb,13.0,3.0,160.7,,0.84,earthquake,"66 km N of Sarupathar, India",,,18.5
usp000et5d,2006-09-16 00:48:34.100000+00:00,2014-11-07T01:30:13.743Z,6.364,95.471,169.3,4.1,mb,9.0,1.0,129.2,,0.47,earthquake,"Nicobar Islands, India region",,,14.4
usp000eszh,2006-09-12 21:10:24.740000+00:00,2014-11-07T01:30:12.581Z,11.069,93.6,141.8,4.3,mb,29.0,12.0,67.5,,0.93,earthquake,"114 km SE of Port Blair, India",,,14.9
usp000esxc,2006-09-11 18:12:22.330000+00:00,2022-05-02T15:36:31.446Z,35.472,78.225,14.9,5.5,mwc,416.0,,24.0,,0.82,earthquake,"143 km ENE of Thang, India",,,
usp000esxb,2006-09-11 16:10:00.010000+00:00,2014-11-07T01:30:12.011Z,10.187,94.439,30.0,4.0,mb,9.0,3.0,171.9,,0.73,earthquake,"246 km SE of Port Blair, India",,,
usp000esu2,2006-09-10 06:12:18.080000+00:00,2014-11-07T01:30:11.501Z,24.635,94.597,96.1,4.2,mb,70.0,23.0,111.4,,0.76,earthquake,"54 km E of W?ngjing, India",,,6.5
usp000espf,2006-09-08 09:16:36.250000+00:00,2014-11-07T01:30:10.813Z,10.582,91.731,30.0,4.7,mb,35.0,8.0,58.0,,1.1,earthquake,"163 km SW of Port Blair, India",,,
usp000eskh,2006-09-06 21:48:52.080000+00:00,2014-11-07T01:30:10.457Z,11.096,91.921,26.8,4.0,mb,12.0,2.0,149.1,,1.46,earthquake,"109 km SW of Bamboo Flat, India",,,
usp000erws,2006-08-27 16:58:54.360000+00:00,2014-11-07T01:30:02.522Z,10.644,92.016,43.0,4.5,mb,42.0,14.0,59.4,,0.92,earthquake,"138 km SW of Port Blair, India",,,13.4
usp000erq4,2006-08-25 08:03:06.810000+00:00,2014-11-07T01:30:01.596Z,12.149,95.489,30.0,4.9,mb,109.0,71.0,45.4,,1.31,earthquake,"Andaman Islands, India region",,,
usp000ergw,2006-08-22 12:32:11.290000+00:00,2014-11-07T01:30:00.640Z,29.418,95.358,10.0,4.2,mb,11.0,1.0,142.5,,0.3,earthquake,"137 km NE of Shi Yomi, India",,,
usp000erbv,2006-08-20 02:37:17.930000+00:00,2014-11-07T01:29:59.988Z,23.26,70.72,10.0,4.4,mb,53.0,20.0,153.3,,0.96,earthquake,"35 km SSE of R?par, India",,,
usp000er7p,2006-08-18 02:59:13.030000+00:00,2014-11-07T01:29:59.511Z,7.093,92.488,30.0,4.4,mb,12.0,3.0,103.8,,0.47,earthquake,"Nicobar Islands, India region",,,
usp000er5v,2006-08-17 14:07:51.170000+00:00,2014-11-07T01:29:59.262Z,8.53,92.158,19.8,4.5,mb,18.0,7.0,126.7,,0.83,earthquake,"Nicobar Islands, India region",,,31.9
usp000er0c,2006-08-15 16:33:08.290000+00:00,2014-11-07T01:29:58.335Z,11.685,91.747,30.0,4.2,mb,9.0,3.0,178.6,,0.29,earthquake,"105 km W of Bamboo Flat, India",,,
usp000eqya,2006-08-14 21:29:21.970000+00:00,2014-11-07T01:29:57.986Z,7.238,92.511,30.0,4.4,mb,11.0,1.0,209.9,,1.03,earthquake,"Nicobar Islands, India region",,,
usp000eqvy,2006-08-13 19:22:41.050000+00:00,2014-11-07T01:29:57.718Z,26.854,97.105,38.6,4.3,mb,17.0,2.0,140.5,,0.51,earthquake,"77 km NNE of Sarupathar, India",,,13.8
usp000eque,2006-08-13 02:02:40.550000+00:00,2014-11-07T01:29:57.437Z,8.61,92.009,29.6,4.8,mb,98.0,45.0,52.8,,0.87,earthquake,"Nicobar Islands, India region",,,
usp000eqtx,2006-08-12 20:46:11.300000+00:00,2022-05-02T15:34:49.855Z,24.662,92.71,42.8,5.0,mwc,141.0,,51.9,,0.68,earthquake,"15 km NE of L?la, India",,,
usp000eqkg,2006-08-09 14:37:18.010000+00:00,2014-11-07T01:29:56.280Z,26.467,96.325,88.0,4.5,mb,98.0,43.0,74.5,,0.78,earthquake,"56 km WNW of Sarupathar, India",,,
usp000eqc9,2006-08-06 17:14:52.930000+00:00,2014-11-07T01:29:54.957Z,11.116,92.053,30.0,4.2,mb,20.0,5.0,110.8,,0.95,earthquake,"97 km SW of Bamboo Flat, India",,,
usp000eq9d,2006-08-05 07:33:02.490000+00:00,2014-11-07T01:29:54.485Z,29.887,80.098,10.0,4.5,mb,61.0,19.0,57.1,,0.87,earthquake,"32 km E of B?geshwar, India",,,
usp000eq2z,2006-08-02 13:11:57.780000+00:00,2014-11-07T01:29:52.776Z,8.632,91.926,17.3,5.1,mb,105.0,51.0,53.3,,0.82,earthquake,"Nicobar Islands, India region",,,
usp000eq2y,2006-08-02 13:06:27.510000+00:00,2014-11-07T01:29:52.767Z,24.283,94.453,92.0,4.2,mb,27.0,5.0,116.0,,0.93,earthquake,"52 km SE of W?ngjing, India",,,
usp000epp9,2006-07-27 08:02:06.390000+00:00,2014-11-07T01:29:46.910Z,11.631,92.894,30.0,4.8,mb,28.0,5.0,85.0,,0.83,earthquake,"16 km ESE of Port Blair, India",,,
usp000epn9,2006-07-26 21:27:10.480000+00:00,2014-11-07T01:29:46.792Z,6.964,92.425,25.8,4.3,mb,20.0,4.0,105.2,,0.97,earthquake,"Nicobar Islands, India region",,,
usp000epkm,2006-07-26 02:22:44.800000+00:00,2014-11-07T01:29:46.552Z,11.613,92.586,30.0,4.3,mb,18.0,5.0,106.7,,0.65,earthquake,"17 km SW of Bamboo Flat, India",,,
usp000epg3,2006-07-24 15:50:09.940000+00:00,2014-11-07T01:29:45.620Z,11.062,92.002,26.4,4.5,mb,36.0,8.0,98.0,,0.9,earthquake,"105 km SW of Bamboo Flat, India",,,
usp000ep50,2006-07-20 00:10:58.240000+00:00,2014-11-07T01:29:43.508Z,31.642,78.038,35.0,4.0,mb,21.0,9.0,104.2,,1.03,earthquake,"27 km ENE of Sar?han, India",,,
usp000enzn,2006-07-18 10:42:29.530000+00:00,2014-11-07T01:29:42.679Z,32.783,77.38,31.1,4.2,mb,19.0,3.0,145.2,,0.88,earthquake,"40 km NE of Kyelang, India",,,45.4
usp000enu7,2006-07-17 13:47:48.360000+00:00,2014-11-07T01:29:41.581Z,26.744,89.432,10.0,4.1,mb,18.0,1.0,127.9,,0.99,earthquake,"7 km E of H?sim?ra, India",,,
usp000enfr,2006-07-12 21:43:08.970000+00:00,2014-11-07T01:29:38.212Z,9.975,92.864,30.0,4.4,mb,18.0,4.0,184.1,,0.53,earthquake,"187 km S of Port Blair, India",,,
usp000en17,2006-07-06 22:17:11.510000+00:00,2014-11-07T01:29:36.158Z,13.749,93.08,30.0,4.2,mb,23.0,9.0,145.3,,0.85,earthquake,"230 km N of Bamboo Flat, India",,,
usp000emn5,2006-06-30 15:25:02.310000+00:00,2014-11-07T01:29:30.396Z,9.391,93.086,30.0,4.5,mb,32.0,14.0,94.9,,0.9,earthquake,"254 km S of Port Blair, India",,,
usp000emdn,2006-06-27 15:02:16.090000+00:00,2022-05-02T18:22:34.660Z,8.811,93.596,15.4,5.0,mwc,143.0,,46.8,,0.86,earthquake,"Nicobar Islands, India region",,,
usp000em1v,2006-06-23 05:34:06.400000+00:00,2020-07-08T02:05:06.414Z,23.462,70.116,10.0,4.8,mwc,141.0,,56.6,,0.97,earthquake,"29 km NW of Bhach?u, India",,,
usp000em0u,2006-06-22 19:16:04.560000+00:00,2014-11-07T01:29:26.361Z,24.822,94.29,58.8,4.6,mb,124.0,52.0,74.0,,0.76,earthquake,"29 km ENE of Yairipok, India",,,
usp000ekzs,2006-06-22 03:57:30.510000+00:00,2014-11-07T01:29:26.188Z,13.014,93.279,30.0,4.3,mb,13.0,2.0,135.9,,0.46,earthquake,"157 km NNE of Bamboo Flat, India",,,
usp000eky0,2006-06-21 12:52:55.220000+00:00,2014-11-07T01:29:26.014Z,6.706,92.343,10.0,4.7,mb,20.0,3.0,120.5,,1.19,earthquake,"Nicobar Islands, India region",,,
usp000ekxx,2006-06-21 12:34:52.680000+00:00,2022-05-02T15:31:23.440Z,6.938,92.454,16.0,6.0,mwc,411.0,,21.2,,0.85,earthquake,"Nicobar Islands, India region",,,
usp000ekwf,2006-06-21 00:41:46.380000+00:00,2014-11-07T01:29:25.799Z,6.778,92.582,42.0,4.7,mb,56.0,27.0,70.3,,1.06,earthquake,"Nicobar Islands, India region",,,14.9
usp000ekwe,2006-06-21 00:18:47.480000+00:00,2014-11-07T01:29:25.798Z,7.079,91.728,30.0,4.1,mb,14.0,1.0,109.5,,1.0,earthquake,"Nicobar Islands, India region",,,
usp000ektv,2006-06-19 16:57:35.960000+00:00,2014-11-07T01:29:25.330Z,25.529,90.676,40.9,4.2,mb,36.0,7.0,106.7,,0.66,earthquake,"47 km E of Tura, India",,,6.8
usp000ejky,2006-06-03 13:01:14.730000+00:00,2014-11-07T01:29:18.690Z,13.033,92.51,38.6,4.7,mb,88.0,40.0,47.4,,0.78,earthquake,"149 km N of Bamboo Flat, India",,,
usp000ejfx,2006-06-01 18:54:31.950000+00:00,2014-11-07T01:29:16.845Z,10.888,92.82,37.4,4.8,mb,66.0,22.0,64.1,,0.91,earthquake,"86 km S of Port Blair, India",,,8.6
usp000ejcv,2006-05-31 17:44:18.440000+00:00,2014-11-07T01:29:13.317Z,10.3,91.723,30.0,4.1,mb,9.0,2.0,217.7,,0.88,earthquake,"188 km SW of Port Blair, India",,,
usp000ehzt,2006-05-26 04:52:09.510000+00:00,2014-11-07T01:29:11.296Z,26.209,96.858,27.2,4.6,mb,67.0,35.0,64.7,,1.07,earthquake,"4 km E of Sarupathar, India",,,14.5
usp000ehyz,2006-05-26 00:41:41.660000+00:00,2022-05-02T15:30:58.672Z,33.148,76.241,66.8,5.0,mb,199.0,106.0,44.6,,0.73,earthquake,"47 km ESE of Kishtw?r, India",,,
usp000ehww,2006-05-25 06:50:02.230000+00:00,2016-11-10T01:22:45.821Z,10.437,91.802,30.0,4.9,mwc,44.0,,69.6,,1.17,earthquake,"170 km SW of Port Blair, India",,,
usp000ehr8,2006-05-22 23:32:08+00:00,2014-11-07T01:29:09.833Z,10.786,92.806,30.0,4.1,mb,12.0,5.0,206.1,,0.87,earthquake,"97 km S of Port Blair, India",,,
usp000ehpa,2006-05-22 10:09:50.440000+00:00,2014-11-07T01:29:09.525Z,12.78,92.242,30.0,4.3,mb,20.0,5.0,176.7,,1.0,earthquake,"130 km NNW of Bamboo Flat, India",,,
usp000ehar,2006-05-17 06:46:30.080000+00:00,2016-11-10T01:22:23.737Z,6.984,92.457,28.3,4.9,mwc,51.0,,64.4,,1.02,earthquake,"Nicobar Islands, India region",,,
usp000eh7e,2006-05-15 23:58:48.950000+00:00,2014-11-07T01:29:07.464Z,24.936,95.081,112.8,4.2,mb,51.0,16.0,95.2,,0.87,earthquake,"99 km SE of Phek, India",,,
usp000eh43,2006-05-14 15:33:15.220000+00:00,2014-11-07T01:29:07.010Z,13.952,93.01,30.0,4.0,mb,13.0,2.0,196.3,,1.1,earthquake,"251 km N of Bamboo Flat, India",,,
usp000egv1,2006-05-11 09:49:58.500000+00:00,2014-11-07T01:29:05.563Z,24.805,95.239,106.2,4.8,mb,36.0,12.0,75.8,,1.04,earthquake,"121 km SE of Phek, India",,,
usp000egq1,2006-05-09 23:17:40.960000+00:00,2014-11-07T01:29:04.934Z,26.029,95.756,106.3,4.6,mb,41.0,13.0,85.1,,0.95,earthquake,"96 km ESE of Tuensang, India",,,
usp000egp1,2006-05-09 13:30:19.390000+00:00,2014-11-07T01:29:04.869Z,32.661,76.686,14.3,4.4,mb,35.0,12.0,70.8,,0.88,earthquake,"33 km WNW of Kyelang, India",,,
usp000egme,2006-05-08 22:36:33.750000+00:00,2014-11-07T01:29:04.575Z,10.078,92.094,30.0,4.4,mb,12.0,2.0,202.0,,0.33,earthquake,"189 km SSW of Port Blair, India",,,
usp000eggx,2006-05-07 16:01:01.880000+00:00,2014-11-07T01:29:04.154Z,28.975,76.561,10.0,4.3,mb,26.0,5.0,127.3,,1.17,earthquake,"9 km NNW of Rohtak, India",,,0.0
usp000eggr,2006-05-07 14:54:57.560000+00:00,2014-11-07T01:29:04.136Z,23.144,70.196,26.9,4.0,mb,8.0,1.0,150.2,,0.55,earthquake,"9 km NE of G?ndh?dh?m, India",,,
usp000eftr,2006-04-30 07:52:13.720000+00:00,2014-11-07T01:28:56.370Z,5.984,93.112,39.0,4.7,mb,47.0,7.0,62.7,,1.09,earthquake,off the west coast of northern Sumatra,,,
usp000efrr,2006-04-29 10:29:01.940000+00:00,2014-11-07T01:28:56.023Z,8.928,93.772,49.7,4.3,mb,29.0,8.0,87.2,,0.85,earthquake,"Nicobar Islands, India region",,,14.3
usp000efr4,2006-04-29 03:36:36.680000+00:00,2014-11-07T01:28:55.952Z,7.58,91.962,30.4,4.4,mb,27.0,6.0,105.4,,0.83,earthquake,"Nicobar Islands, India region",,,
usp000efg6,2006-04-25 13:18:14.830000+00:00,2014-11-07T01:28:54.987Z,24.918,94.978,86.6,4.1,mb,31.0,11.0,116.1,,0.77,earthquake,"95 km SSE of Phek, India",,,11.8
usp000efd8,2006-04-24 06:49:12.300000+00:00,2014-11-07T01:28:54.313Z,13.297,92.617,28.2,4.5,mb,47.0,15.0,90.7,,1.1,earthquake,"177 km N of Bamboo Flat, India",,,
usp000ef5d,2006-04-21 09:46:14.930000+00:00,2022-05-02T18:16:32.215Z,30.347,94.97,38.7,4.9,mb,97.0,48.0,51.1,,0.68,earthquake,"209 km NNE of Shi Yomi, India",,,7.2
usp000ef0z,2006-04-20 20:09:56.410000+00:00,2014-11-07T01:28:52.686Z,9.369,93.168,30.0,4.0,mb,10.0,1.0,187.8,,0.57,earthquake,"258 km S of Port Blair, India",,,
usp000eesr,2006-04-17 16:39:58.870000+00:00,2020-07-08T02:03:44.034Z,17.069,73.689,10.0,4.7,mb,50.0,17.0,92.9,,1.0,earthquake,"27 km NNE of L?nja, India",,,
usp000eepe,2006-04-16 13:40:58.980000+00:00,2014-11-07T01:28:50.946Z,8.741,93.912,30.0,4.3,mb,19.0,3.0,94.7,,0.88,earthquake,"Nicobar Islands, India region",,,
usp000eek2,2006-04-15 09:13:55.150000+00:00,2014-11-07T01:28:50.527Z,9.339,93.078,30.0,4.5,mb,6.0,1.0,217.9,,0.33,earthquake,"259 km S of Port Blair, India",,,
usp000eeh8,2006-04-14 16:24:56.620000+00:00,2014-11-07T01:28:50.308Z,24.241,94.628,106.4,4.8,mb,36.0,5.0,80.3,,1.26,earthquake,"69 km SE of W?ngjing, India",,,
usp000eegq,2006-04-14 10:26:09.510000+00:00,2022-05-02T18:16:07.707Z,9.406,93.217,39.1,5.0,mwc,85.0,,58.6,,0.93,earthquake,"255 km SSE of Port Blair, India",,,
usp000eee2,2006-04-13 16:34:26.810000+00:00,2014-11-07T01:28:49.929Z,6.756,92.559,30.0,4.2,mb,18.0,3.0,145.0,,1.09,earthquake,"Nicobar Islands, India region",,,
usp000eebs,2006-04-12 23:51:45.920000+00:00,2014-11-07T01:28:48.484Z,9.932,93.809,30.0,4.0,mb,19.0,6.0,113.3,,1.08,earthquake,"224 km SSE of Port Blair, India",,,
usp000eea7,2006-04-12 15:37:20.010000+00:00,2014-11-07T01:28:47.801Z,8.62,92.378,30.0,4.3,mb,19.0,5.0,109.9,,0.78,earthquake,"Nicobar Islands, India region",,,
usp000ee9a,2006-04-12 07:55:44.070000+00:00,2014-11-07T01:28:47.071Z,11.87,93.339,30.0,4.3,mb,16.0,4.0,183.1,,1.27,earthquake,"68 km ENE of Port Blair, India",,,
usp000ee5p,2006-04-11 03:54:06.590000+00:00,2014-11-07T01:28:46.102Z,27.271,92.237,48.7,4.1,mb,32.0,5.0,136.8,,0.89,earthquake,"18 km W of Bomdila, India",,,8.1
usp000ee4h,2006-04-10 22:05:43.060000+00:00,2020-09-18T20:56:47.604Z,23.467,70.074,20.0,4.9,mb,111.0,55.0,83.9,,1.04,earthquake,"33 km NW of Bhach?u, India",,,0.0
usp000edxh,2006-04-07 23:41:03.610000+00:00,2014-11-07T01:28:44.351Z,10.845,92.074,30.0,4.4,mb,50.0,14.0,79.5,,0.77,earthquake,"116 km SW of Port Blair, India",,,
usp000eduw,2006-04-06 17:59:16.440000+00:00,2022-07-14T11:59:02.935Z,23.322,70.477,10.0,5.5,mwb,255.0,,27.7,,1.05,earthquake,"13 km E of Bhach?u, India",,,
usp000eduj,2006-04-06 15:14:25.290000+00:00,2014-11-07T01:28:43.920Z,10.218,93.397,30.0,4.0,mb,14.0,3.0,202.6,,0.65,earthquake,"175 km SSE of Port Blair, India",,,
usp000edug,2006-04-06 14:56:37.210000+00:00,2014-11-07T01:28:43.916Z,26.209,96.668,29.5,4.4,mb,16.0,3.0,132.4,,1.07,earthquake,"14 km W of Sarupathar, India",,,36.5
usp000edu5,2006-04-06 12:02:54.590000+00:00,2022-05-02T15:28:52.386Z,23.726,70.682,10.0,5.0,mwc,121.0,,62.7,,1.08,earthquake,"17 km NNE of R?par, India",,,
usp000edpa,2006-04-04 13:06:47.050000+00:00,2014-11-07T01:28:43.217Z,13.612,92.829,25.8,4.4,mb,14.0,4.0,103.4,,0.88,earthquake,"211 km N of Bamboo Flat, India",,,
usp000edkd,2006-04-03 05:55:16.220000+00:00,2014-11-07T01:28:42.689Z,11.693,93.784,30.0,4.2,mb,18.0,5.0,119.5,,1.4,earthquake,"113 km E of Port Blair, India",,,
usp000edb1,2006-03-31 07:30:56.510000+00:00,2014-11-07T01:28:37.305Z,10.5,94.0,10.0,4.1,mb,9.0,1.0,140.5,,0.49,earthquake,"188 km SE of Port Blair, India",,,
usp000ed3y,2006-03-28 05:37:12.170000+00:00,2014-11-07T01:28:36.308Z,10.804,94.564,10.0,4.5,mb,21.0,6.0,198.1,,0.71,earthquake,"220 km ESE of Port Blair, India",,,
usp000eczh,2006-03-26 07:23:47.610000+00:00,2014-11-07T01:28:35.740Z,10.537,94.71,10.0,4.7,mb,13.0,3.0,182.7,,1.0,earthquake,"248 km ESE of Port Blair, India",,,
usp000ecw1,2006-03-25 05:51:51.410000+00:00,2014-11-07T01:28:35.011Z,26.788,92.242,10.0,4.8,mb,110.0,59.0,99.1,,0.63,earthquake,"14 km ENE of Udalguri, India",,,
usp000ecn0,2006-03-21 12:45:07.440000+00:00,2014-11-07T01:28:34.077Z,10.798,94.47,22.2,4.7,mb,34.0,17.0,94.2,,0.71,earthquake,"211 km ESE of Port Blair, India",,,
usp000ecmp,2006-03-21 09:30:04.150000+00:00,2014-11-07T01:28:34.041Z,10.699,94.537,35.2,4.7,mb,45.0,20.0,57.6,,1.16,earthquake,"222 km ESE of Port Blair, India",,,
usp000ecmn,2006-03-21 09:15:31.290000+00:00,2014-11-07T01:28:34.040Z,10.752,94.497,29.8,4.3,mb,12.0,4.0,129.0,,0.56,earthquake,"216 km ESE of Port Blair, India",,,58.4
usp000ecme,2006-03-21 07:29:34.990000+00:00,2014-11-07T01:28:34.025Z,24.685,94.073,46.4,4.4,mb,17.0,2.0,114.2,,1.08,earthquake,"2 km ENE of Yairipok, India",,,
usp000ecm9,2006-03-21 06:10:04.980000+00:00,2014-11-07T01:28:33.985Z,7.872,91.92,35.2,4.3,mb,23.0,7.0,134.6,,0.69,earthquake,"Nicobar Islands, India region",,,9.6
usp000ecgu,2006-03-19 21:57:09.110000+00:00,2025-12-22T15:01:36.948Z,10.718,94.35,10.0,5.0,mwc,54.0,,50.8,,0.86,earthquake,"204 km ESE of Port Blair, India",,,
usp000ecgj,2006-03-19 19:12:13.640000+00:00,2016-11-10T01:19:06.600Z,10.676,94.298,10.0,4.9,mwc,17.0,,97.5,,0.77,earthquake,"201 km ESE of Port Blair, India",,,
usp000ecgh,2006-03-19 19:11:06.400000+00:00,2014-11-07T01:28:33.443Z,10.68,94.34,20.1,4.7,mb,43.0,15.0,88.8,,1.07,earthquake,"205 km ESE of Port Blair, India",,,
usp000ecgd,2006-03-19 18:12:16.900000+00:00,2014-11-07T01:28:33.436Z,10.804,94.652,10.0,4.3,mb,12.0,2.0,159.5,,1.14,earthquake,"228 km ESE of Port Blair, India",,,
usp000ecgc,2006-03-19 18:12:03.170000+00:00,2014-11-07T01:28:33.435Z,10.844,94.744,10.0,4.4,mb,11.0,5.0,197.5,,0.88,earthquake,"236 km ESE of Port Blair, India",,,
usp000ecdg,2006-03-18 10:56:39.370000+00:00,2014-11-07T01:28:32.518Z,6.856,92.782,12.8,4.3,mb,18.0,4.0,179.9,,0.79,earthquake,"Nicobar Islands, India region",,,31.4
usp000ecae,2006-03-17 00:03:19.930000+00:00,2014-11-07T01:28:32.212Z,13.516,92.808,30.0,4.6,mb,8.0,2.0,176.2,,0.56,earthquake,"201 km N of Bamboo Flat, India",,,
usp000ec9h,2006-03-16 13:59:22+00:00,2025-12-22T15:01:28.752Z,10.798,94.426,23.4,5.4,mwc,80.0,,51.0,,1.23,earthquake,"207 km ESE of Port Blair, India",,,
usp000ec71,2006-03-15 09:01:12.770000+00:00,2014-11-07T01:28:31.852Z,9.239,92.925,30.0,4.3,mb,10.0,1.0,131.7,,0.69,earthquake,"269 km S of Port Blair, India",,,
usp000ec6z,2006-03-15 08:41:00.520000+00:00,2014-11-07T01:28:31.847Z,10.609,94.286,10.0,4.5,mb,21.0,7.0,159.6,,0.74,earthquake,"204 km SE of Port Blair, India",,,
usp000ec6r,2006-03-15 07:30:40.910000+00:00,2014-11-07T01:28:31.824Z,10.647,94.447,10.0,4.8,mb,35.0,11.0,111.6,,0.99,earthquake,"217 km ESE of Port Blair, India",,,
usp000ec6g,2006-03-15 05:49:25.790000+00:00,2014-11-07T01:28:31.796Z,10.669,94.328,10.0,4.4,mb,11.0,2.0,94.0,,0.66,earthquake,"204 km ESE of Port Blair, India",,,
usp000ec3v,2006-03-14 01:29:40.380000+00:00,2014-11-07T01:28:31.423Z,10.665,94.423,10.0,4.5,mb,33.0,9.0,47.7,,1.01,earthquake,"214 km ESE of Port Blair, India",,,
usp000ec1g,2006-03-12 22:59:20.940000+00:00,2022-05-02T15:26:36.592Z,13.879,93.638,44.1,5.2,mwc,110.0,,49.4,,0.83,earthquake,"260 km NNE of Bamboo Flat, India",,,
usp000ec17,2006-03-12 20:00:58.600000+00:00,2014-11-07T01:28:31.086Z,10.404,93.988,10.0,4.1,mb,10.0,2.0,209.1,,0.84,earthquake,"194 km SE of Port Blair, India",,,
usp000ec0v,2006-03-12 16:52:47.460000+00:00,2014-11-07T01:28:31.032Z,10.147,91.589,28.0,4.4,mb,27.0,5.0,60.4,,0.86,earthquake,"210 km SW of Port Blair, India",,,
usp000ec0m,2006-03-12 13:22:11.250000+00:00,2014-11-07T01:28:31.018Z,10.06,91.515,10.0,4.5,mb,12.0,3.0,123.2,,1.24,earthquake,"222 km SW of Port Blair, India",,,
usp000ec0j,2006-03-12 12:58:27.930000+00:00,2014-11-07T01:28:31.015Z,10.792,94.592,10.0,4.3,mb,16.0,4.0,94.5,,1.04,earthquake,"223 km ESE of Port Blair, India",,,
usp000ebzq,2006-03-12 02:15:20.640000+00:00,2014-11-07T01:28:30.928Z,10.51,94.104,10.0,4.2,mb,11.0,4.0,178.2,,0.59,earthquake,"195 km SE of Port Blair, India",,,
usp000ebzp,2006-03-12 02:13:23.570000+00:00,2014-11-07T01:28:30.927Z,10.645,94.349,10.0,4.2,mb,15.0,6.0,108.2,,1.19,earthquake,"208 km ESE of Port Blair, India",,,
usp000ebyy,2006-03-11 19:44:52.040000+00:00,2014-11-07T01:28:30.854Z,10.731,94.474,10.0,4.2,mb,19.0,10.0,177.6,,0.71,earthquake,"215 km ESE of Port Blair, India",,,
usp000ebyc,2006-03-11 13:32:19.040000+00:00,2014-11-07T01:28:30.804Z,10.626,94.269,10.0,4.7,mb,50.0,24.0,66.7,,1.06,earthquake,"202 km SE of Port Blair, India",,,
usp000ebyb,2006-03-11 13:05:40.920000+00:00,2014-11-07T01:28:30.799Z,10.735,94.261,25.4,4.5,mb,40.0,17.0,84.6,,1.14,earthquake,"194 km ESE of Port Blair, India",,,
usp000eby9,2006-03-11 11:48:51.750000+00:00,2025-12-22T15:01:26.402Z,10.641,94.23,24.9,5.0,mwc,77.0,,52.4,,0.85,earthquake,"197 km SE of Port Blair, India",,,
usp000eby2,2006-03-11 10:39:34.540000+00:00,2014-11-07T01:28:30.739Z,10.964,94.402,26.9,4.8,mb,37.0,8.0,65.8,,0.9,earthquake,"196 km ESE of Port Blair, India",,,
usp000eby1,2006-03-11 10:39:04.290000+00:00,2014-11-07T01:28:30.703Z,10.62,94.214,25.2,5.0,mb,38.0,16.0,52.6,,0.96,earthquake,"197 km SE of Port Blair, India",,,
usp000ebxr,2006-03-11 04:47:30.600000+00:00,2014-11-07T01:28:30.675Z,10.672,94.276,22.3,4.8,mb,79.0,33.0,50.6,,0.96,earthquake,"200 km ESE of Port Blair, India",,,
usp000ebxk,2006-03-11 03:08:37.940000+00:00,2014-11-07T01:28:30.661Z,10.688,94.384,10.0,4.3,mb,15.0,5.0,180.6,,0.48,earthquake,"209 km ESE of Port Blair, India",,,
usp000ebxf,2006-03-11 02:06:09.870000+00:00,2014-11-07T01:28:30.647Z,10.435,93.965,24.7,4.2,mb,16.0,7.0,178.3,,0.9,earthquake,"190 km SE of Port Blair, India",,,
usp000ebxc,2006-03-10 23:37:31.840000+00:00,2014-11-07T01:28:30.637Z,10.476,94.128,19.8,4.5,mb,27.0,14.0,136.4,,0.94,earthquake,"200 km SE of Port Blair, India",,,
usp000ebxb,2006-03-10 23:12:12.200000+00:00,2014-11-07T01:28:30.634Z,10.631,94.285,22.7,4.6,mb,35.0,19.0,103.5,,0.97,earthquake,"203 km SE of Port Blair, India",,,
usp000ebx6,2006-03-10 22:13:53.740000+00:00,2014-11-07T01:28:30.621Z,10.597,94.246,23.0,4.7,mb,42.0,21.0,93.7,,0.91,earthquake,"202 km SE of Port Blair, India",,,
usp000ebx4,2006-03-10 22:00:31.830000+00:00,2014-11-07T01:28:30.616Z,10.429,94.273,10.0,4.1,mb,15.0,7.0,136.2,,1.08,earthquake,"215 km SE of Port Blair, India",,,
usp000ebx2,2006-03-10 20:45:42.640000+00:00,2014-11-07T01:28:30.611Z,10.633,94.238,21.2,4.6,mb,30.0,13.0,93.7,,0.98,earthquake,"199 km SE of Port Blair, India",,,
usp000ebx1,2006-03-10 20:04:08.620000+00:00,2014-11-07T01:28:30.606Z,10.638,94.195,21.9,4.6,mb,47.0,23.0,71.2,,0.95,earthquake,"194 km SE of Port Blair, India",,,
usp000ebwy,2006-03-10 19:29:15.100000+00:00,2014-11-07T01:28:30.581Z,9.958,93.322,10.0,4.1,mb,11.0,4.0,203.3,,1.07,earthquake,"199 km SSE of Port Blair, India",,,
usp000ebwu,2006-03-10 18:46:31.970000+00:00,2014-11-07T01:28:30.571Z,10.569,94.273,10.0,4.2,mb,26.0,7.0,108.2,,0.83,earthquake,"206 km SE of Port Blair, India",,,
usp000ebws,2006-03-10 17:59:14.830000+00:00,2014-11-07T01:28:30.563Z,10.722,94.349,24.4,4.6,mb,44.0,21.0,93.9,,0.96,earthquake,"203 km ESE of Port Blair, India",,,
usp000ebwn,2006-03-10 16:30:47.160000+00:00,2014-11-07T01:28:30.548Z,10.703,94.324,23.3,4.8,mb,50.0,28.0,69.4,,0.89,earthquake,"202 km ESE of Port Blair, India",,,
usp000ebwj,2006-03-10 15:29:24.720000+00:00,2014-11-07T01:28:30.522Z,10.652,94.329,21.7,4.5,mb,33.0,15.0,159.9,,1.08,earthquake,"206 km ESE of Port Blair, India",,,
usp000ebwg,2006-03-10 15:08:22.690000+00:00,2014-11-07T01:28:30.508Z,10.668,94.257,20.1,4.8,mb,73.0,40.0,68.2,,1.03,earthquake,"198 km SE of Port Blair, India",,,
usp000ebwe,2006-03-10 14:21:11.020000+00:00,2014-11-07T01:28:30.501Z,10.579,94.334,10.0,4.5,mb,32.0,14.0,107.5,,0.78,earthquake,"211 km SE of Port Blair, India",,,
usp000ebwa,2006-03-10 13:51:06.190000+00:00,2014-11-07T01:28:30.491Z,10.598,94.354,10.0,4.7,mb,31.0,15.0,94.0,,1.08,earthquake,"211 km SE of Port Blair, India",,,
usp000ebw4,2006-03-10 12:31:12.910000+00:00,2014-11-07T01:28:30.478Z,10.645,94.374,21.7,4.4,mb,22.0,12.0,159.7,,0.99,earthquake,"210 km ESE of Port Blair, India",,,
usp000ebw0,2006-03-10 12:03:58.220000+00:00,2025-12-22T15:00:08.284Z,10.689,94.4,21.8,5.2,mwc,71.0,,71.4,,0.93,earthquake,"210 km ESE of Port Blair, India",,,
usp000ebvv,2006-03-10 11:40:45.910000+00:00,2014-11-07T01:28:30.458Z,10.579,94.075,10.0,4.3,mb,6.0,1.0,178.1,,0.37,earthquake,"188 km SE of Port Blair, India",,,
usp000ebvu,2006-03-10 11:30:23.910000+00:00,2014-11-07T01:28:30.455Z,10.353,94.034,10.0,4.3,mb,27.0,12.0,93.4,,1.09,earthquake,"202 km SE of Port Blair, India",,,
usp000ebvt,2006-03-10 11:26:09.460000+00:00,2014-11-07T01:28:30.453Z,10.606,94.303,10.0,4.2,mb,19.0,2.0,108.2,,1.67,earthquake,"206 km SE of Port Blair, India",,,
usp000ebvq,2006-03-10 10:52:46.030000+00:00,2014-11-07T01:28:30.444Z,10.704,94.515,10.0,4.6,mb,24.0,11.0,140.8,,1.03,earthquake,"220 km ESE of Port Blair, India",,,
usp000ebvj,2006-03-10 09:31:40.070000+00:00,2014-11-07T01:28:30.424Z,10.73,94.365,10.0,4.8,mb,14.0,3.0,94.0,,0.84,earthquake,"204 km ESE of Port Blair, India",,,
usp000ebvf,2006-03-10 09:13:09.350000+00:00,2014-11-07T01:28:30.409Z,10.532,94.167,10.0,4.7,mb,35.0,16.0,161.2,,0.92,earthquake,"199 km SE of Port Blair, India",,,
usp000ebvb,2006-03-10 08:20:29.700000+00:00,2014-11-07T01:28:30.398Z,10.888,94.84,10.0,4.3,mb,15.0,3.0,158.9,,1.34,earthquake,"244 km ESE of Port Blair, India",,,
usp000ebv5,2006-03-10 07:33:28.460000+00:00,2014-11-07T01:28:30.375Z,10.527,94.145,10.0,4.3,mb,15.0,6.0,178.1,,1.01,earthquake,"198 km SE of Port Blair, India",,,
usp000ebv4,2006-03-10 07:19:24.970000+00:00,2014-11-07T01:28:30.357Z,10.615,94.213,10.0,4.6,mb,39.0,12.0,61.6,,0.81,earthquake,"197 km SE of Port Blair, India",,,
usp000ebv3,2006-03-10 07:04:37.850000+00:00,2014-11-07T01:28:30.355Z,10.53,94.224,10.0,4.4,mb,18.0,5.0,174.9,,0.85,earthquake,"204 km SE of Port Blair, India",,,
usp000ebuy,2006-03-10 05:27:46.520000+00:00,2014-11-07T01:28:30.341Z,10.518,94.213,21.9,4.7,mb,56.0,29.0,49.8,,0.81,earthquake,"204 km SE of Port Blair, India",,,
usp000ebux,2006-03-10 05:09:41.080000+00:00,2014-11-07T01:28:30.338Z,10.529,94.214,10.0,4.1,mb,18.0,5.0,108.1,,0.92,earthquake,"203 km SE of Port Blair, India",,,
usp000ebuw,2006-03-10 05:06:09.400000+00:00,2025-12-22T15:00:07.473Z,10.55,94.258,22.6,5.1,mwc,66.0,,71.3,,0.93,earthquake,"206 km SE of Port Blair, India",,,
usp000ebuu,2006-03-10 04:43:33.640000+00:00,2025-12-22T15:01:25.716Z,10.632,94.284,22.7,5.2,mwc,130.0,,41.0,,0.8,earthquake,"203 km SE of Port Blair, India",,,
usp000ebus,2006-03-10 04:34:05.900000+00:00,2014-11-07T01:28:30.297Z,10.527,94.257,22.4,4.8,mb,63.0,30.0,71.3,,0.83,earthquake,"207 km SE of Port Blair, India",,,
usp000ebur,2006-03-10 04:23:57.440000+00:00,2014-11-07T01:28:30.293Z,10.562,94.331,20.4,4.5,mb,35.0,13.0,94.0,,0.98,earthquake,"211 km SE of Port Blair, India",,,
usp000ebup,2006-03-10 04:05:42.660000+00:00,2025-12-22T15:00:06.687Z,10.716,94.256,23.7,5.4,mwc,140.0,,40.9,,0.8,earthquake,"195 km ESE of Port Blair, India",,,
usp000ebun,2006-03-10 03:42:45.230000+00:00,2014-11-07T01:28:30.275Z,7.905,92.05,30.0,4.2,mb,10.0,3.0,138.9,,0.78,earthquake,"Nicobar Islands, India region",,,
usp000ebum,2006-03-10 03:36:25.690000+00:00,2014-11-07T01:28:30.272Z,10.971,95.099,27.7,4.3,mb,20.0,8.0,108.7,,1.28,earthquake,"268 km ESE of Port Blair, India",,,
usp000ebuh,2006-03-10 03:05:18.240000+00:00,2014-11-07T01:28:30.265Z,10.573,94.036,10.0,4.1,mb,10.0,4.0,203.8,,0.55,earthquake,"185 km SE of Port Blair, India",,,
usp000ebub,2006-03-10 01:13:41.390000+00:00,2016-11-10T01:18:36.325Z,10.788,94.372,22.5,4.9,mwc,57.0,,82.8,,0.84,earthquake,"202 km ESE of Port Blair, India",,,
usp000ebu7,2006-03-10 00:49:19.910000+00:00,2014-11-07T01:28:30.233Z,9.978,92.945,10.0,4.2,mb,7.0,2.0,209.9,,0.52,earthquake,"187 km S of Port Blair, India",,,
usp000ebu6,2006-03-10 00:48:38.560000+00:00,2014-11-07T01:28:30.231Z,11.06,93.894,10.0,4.3,mb,11.0,5.0,207.7,,1.36,earthquake,"142 km ESE of Port Blair, India",,,
usp000ebu3,2006-03-10 00:26:27.200000+00:00,2014-11-07T01:28:30.221Z,10.506,94.117,10.0,4.3,mb,26.0,12.0,108.1,,1.22,earthquake,"197 km SE of Port Blair, India",,,
usp000ebu1,2006-03-10 00:14:36.160000+00:00,2014-11-07T01:28:30.216Z,10.734,94.37,22.4,4.5,mb,36.0,16.0,57.8,,1.18,earthquake,"205 km ESE of Port Blair, India",,,
usp000ebtw,2006-03-09 23:00:22.130000+00:00,2014-11-07T01:28:30.196Z,10.721,94.172,10.0,4.8,mb,65.0,23.0,50.6,,1.32,earthquake,"187 km SE of Port Blair, India",,,
usp000ebtv,2006-03-09 22:59:54.130000+00:00,2014-11-07T01:28:30.194Z,10.672,94.213,10.0,4.2,mb,13.0,7.0,177.9,,0.87,earthquake,"194 km SE of Port Blair, India",,,
usp000ebtt,2006-03-09 22:39:09.510000+00:00,2014-11-07T01:28:30.192Z,10.727,94.18,10.0,4.2,mb,8.0,2.0,177.9,,0.4,earthquake,"187 km ESE of Port Blair, India",,,
usp000ebts,2006-03-09 22:32:27.960000+00:00,2014-11-07T01:28:30.187Z,10.654,94.134,10.0,4.9,mb,48.0,17.0,47.8,,1.01,earthquake,"188 km SE of Port Blair, India",,,
usp000ebtr,2006-03-09 22:30:46.630000+00:00,2025-12-22T15:01:24.926Z,10.73,94.358,10.0,5.2,mwc,77.0,,59.7,,1.23,earthquake,"204 km ESE of Port Blair, India",,,
usp000ebtn,2006-03-09 21:37:00.950000+00:00,2025-12-22T15:01:24.241Z,10.708,94.359,18.0,5.3,mwc,70.0,,50.8,,0.96,earthquake,"205 km ESE of Port Blair, India",,,
usp000ebtk,2006-03-09 21:18:55.470000+00:00,2016-11-10T01:18:34.514Z,10.773,94.57,24.1,4.9,mwc,50.0,,60.4,,0.96,earthquake,"222 km ESE of Port Blair, India",,,
usp000ebtj,2006-03-09 21:11:14.600000+00:00,2014-11-07T01:28:30.153Z,10.8,94.58,20.8,4.7,mb,36.0,18.0,140.0,,1.03,earthquake,"221 km ESE of Port Blair, India",,,
usp000ebth,2006-03-09 20:47:58.940000+00:00,2014-11-07T01:28:30.150Z,10.802,94.668,10.0,4.4,mb,18.0,9.0,162.9,,0.61,earthquake,"230 km ESE of Port Blair, India",,,
usp000ebtg,2006-03-09 20:25:46.140000+00:00,2025-12-22T15:01:23.630Z,10.712,94.429,20.8,5.2,mwc,57.0,,81.3,,0.9,earthquake,"211 km ESE of Port Blair, India",,,
usp000ebtf,2006-03-09 20:23:04.960000+00:00,2014-11-07T01:28:30.141Z,10.88,94.601,10.0,4.0,mb,15.0,5.0,197.8,,0.7,earthquake,"220 km ESE of Port Blair, India",,,
usp000ebtc,2006-03-09 20:00:18.050000+00:00,2014-11-07T01:28:30.134Z,10.684,94.424,10.0,4.3,mb,23.0,8.0,195.6,,0.72,earthquake,"213 km ESE of Port Blair, India",,,
usp000ebta,2006-03-09 19:53:23.810000+00:00,2014-11-07T01:28:30.130Z,11.92,94.123,10.0,4.2,mb,7.0,2.0,304.3,,1.27,earthquake,"152 km E of Port Blair, India",,,
usp000ebt8,2006-03-09 19:39:23.570000+00:00,2014-11-07T01:28:30.124Z,10.765,94.585,10.0,4.6,mb,27.0,13.0,128.9,,0.57,earthquake,"224 km ESE of Port Blair, India",,,
usp000ebt7,2006-03-09 19:25:01.850000+00:00,2014-11-07T01:28:30.119Z,10.866,94.699,10.0,4.8,mb,40.0,16.0,94.7,,0.71,earthquake,"230 km ESE of Port Blair, India",,,
usp000ebt6,2006-03-09 19:15:43.700000+00:00,2025-12-22T15:00:05.850Z,10.719,94.335,22.4,5.2,mwc,59.0,,82.9,,1.03,earthquake,"202 km ESE of Port Blair, India",,,
usp000ebt5,2006-03-09 19:15:26.660000+00:00,2014-11-07T01:28:30.111Z,10.707,94.536,10.0,5.0,mb,23.0,8.0,155.2,,1.07,earthquake,"222 km ESE of Port Blair, India",,,
usp000ebt4,2006-03-09 19:03:33.900000+00:00,2014-11-07T01:28:30.108Z,10.62,94.311,10.0,4.3,mb,10.0,2.0,204.4,,0.78,earthquake,"206 km SE of Port Blair, India",,,
usp000ebt3,2006-03-09 19:03:21.190000+00:00,2014-11-07T01:28:30.106Z,10.849,94.545,10.0,4.3,mb,13.0,6.0,198.0,,0.49,earthquake,"216 km ESE of Port Blair, India",,,
usp000ebt2,2006-03-09 18:51:51.220000+00:00,2014-11-07T01:28:30.102Z,10.968,94.856,10.0,4.6,mb,23.0,10.0,140.4,,0.93,earthquake,"242 km ESE of Port Blair, India",,,
usp000ebt0,2006-03-09 18:40:41.990000+00:00,2014-11-07T01:28:30.097Z,10.743,94.452,10.0,4.5,mb,24.0,11.0,175.8,,0.68,earthquake,"212 km ESE of Port Blair, India",,,
usp000ebsz,2006-03-09 18:36:30.520000+00:00,2014-11-07T01:28:30.094Z,10.796,94.693,10.0,4.4,mb,25.0,7.0,107.0,,0.82,earthquake,"233 km ESE of Port Blair, India",,,
usp000ebsy,2006-03-09 18:26:27.320000+00:00,2025-12-22T15:00:05.027Z,10.659,94.239,10.0,5.3,mwc,43.0,,73.7,,1.15,earthquake,"197 km SE of Port Blair, India",,,
usp000ebsx,2006-03-09 18:21:51.560000+00:00,2025-12-22T15:00:04.190Z,10.84,94.58,10.0,5.4,mwc,88.0,,41.5,,1.06,earthquake,"220 km ESE of Port Blair, India",,,
usp000ebsw,2006-03-09 18:20:23.620000+00:00,2014-11-07T01:28:30.075Z,10.773,94.557,10.0,4.5,mb,47.0,18.0,94.4,,0.76,earthquake,"221 km ESE of Port Blair, India",,,
usp000ebsv,2006-03-09 18:10:00.040000+00:00,2014-11-07T01:28:30.071Z,10.822,94.649,10.0,4.4,mb,21.0,6.0,101.8,,0.71,earthquake,"227 km ESE of Port Blair, India",,,
usp000ebst,2006-03-09 18:02:58.870000+00:00,2014-11-07T01:28:30.066Z,10.55,94.024,10.0,4.5,mb,12.0,1.0,186.3,,1.26,earthquake,"186 km SE of Port Blair, India",,,
usp000ebss,2006-03-09 18:02:21.310000+00:00,2014-11-07T01:28:30.063Z,10.763,94.553,10.0,4.2,mb,15.0,4.0,195.1,,0.59,earthquake,"221 km ESE of Port Blair, India",,,
usp000ebsq,2006-03-09 17:55:40.420000+00:00,2014-11-07T01:28:30.027Z,10.738,94.408,19.1,4.5,mb,40.0,18.0,66.8,,0.87,earthquake,"208 km ESE of Port Blair, India",,,
usp000ebsn,2006-03-09 17:52:11.620000+00:00,2014-11-07T01:28:30.019Z,10.827,94.788,20.6,4.6,mb,32.0,17.0,158.3,,1.38,earthquake,"241 km ESE of Port Blair, India",,,
usp000ebsm,2006-03-09 17:48:41.210000+00:00,2014-11-07T01:28:30.018Z,10.721,94.44,21.1,4.5,mb,8.0,2.0,208.2,,0.21,earthquake,"212 km ESE of Port Blair, India",,,
usp000ebsj,2006-03-09 17:46:50.650000+00:00,2014-11-07T01:28:30.011Z,10.57,94.671,10.0,4.1,mb,10.0,4.0,202.7,,1.11,earthquake,"242 km ESE of Port Blair, India",,,
usp000ebsh,2006-03-09 17:43:18.240000+00:00,2014-11-07T01:28:30.008Z,10.816,94.482,19.6,4.5,mb,21.0,5.0,95.2,,0.8,earthquake,"211 km ESE of Port Blair, India",,,
usp000ebsg,2006-03-09 17:41:28.180000+00:00,2014-11-07T01:28:30.005Z,10.85,94.631,24.8,4.5,mb,23.0,10.0,170.9,,1.46,earthquake,"224 km ESE of Port Blair, India",,,
usp000ebsf,2006-03-09 17:38:23.620000+00:00,2014-11-07T01:28:30.002Z,10.826,94.722,10.0,4.5,mb,26.0,9.0,175.2,,0.92,earthquake,"234 km ESE of Port Blair, India",,,
usp000ebsd,2006-03-09 17:25:39.640000+00:00,2014-11-07T01:28:29.999Z,10.72,94.402,10.0,4.6,mb,12.0,2.0,105.5,,1.08,earthquake,"208 km ESE of Port Blair, India",,,
usp000ebsc,2006-03-09 17:24:36.060000+00:00,2014-11-07T01:28:29.997Z,10.622,94.325,18.8,4.3,mb,16.0,5.0,130.3,,1.18,earthquake,"207 km SE of Port Blair, India",,,
usp000ebsb,2006-03-09 17:20:43.120000+00:00,2014-11-07T01:28:29.993Z,10.69,94.495,26.7,4.6,mb,25.0,11.0,95.9,,1.05,earthquake,"219 km ESE of Port Blair, India",,,
usp000ebsa,2006-03-09 17:14:34.380000+00:00,2014-11-07T01:28:29.991Z,10.744,94.449,10.0,4.2,mb,17.0,5.0,167.1,,0.8,earthquake,"212 km ESE of Port Blair, India",,,
usp000ebs9,2006-03-09 17:09:11.440000+00:00,2016-11-10T01:18:31.109Z,10.559,94.154,10.0,4.9,mwc,13.0,,108.0,,1.01,earthquake,"196 km SE of Port Blair, India",,,
usp000ebs8,2006-03-09 17:08:51.940000+00:00,2014-11-07T01:28:29.983Z,10.728,94.507,21.8,4.8,mb,50.0,26.0,51.0,,1.1,earthquake,"218 km ESE of Port Blair, India",,,
usp000ebs7,2006-03-09 17:03:30.480000+00:00,2014-11-07T01:28:29.981Z,10.534,94.678,10.0,4.2,mb,25.0,11.0,94.8,,0.98,earthquake,"245 km ESE of Port Blair, India",,,
usp000ebs6,2006-03-09 16:51:23.960000+00:00,2014-11-07T01:28:29.979Z,10.86,94.745,21.8,4.5,mb,17.0,5.0,94.8,,0.96,earthquake,"235 km ESE of Port Blair, India",,,
usp000ebs4,2006-03-09 16:42:31.770000+00:00,2016-11-10T01:18:30.511Z,10.726,94.531,21.0,4.9,mwc,37.0,,68.1,,0.89,earthquake,"220 km ESE of Port Blair, India",,,
usp000ebs3,2006-03-09 16:34:04.990000+00:00,2014-11-07T01:28:29.970Z,10.765,94.636,23.7,4.0,mb,19.0,5.0,155.1,,0.89,earthquake,"229 km ESE of Port Blair, India",,,
usp000ebs2,2006-03-09 16:28:49.330000+00:00,2014-11-07T01:28:29.965Z,10.79,94.508,20.4,4.7,mb,47.0,26.0,61.6,,0.85,earthquake,"215 km ESE of Port Blair, India",,,
usp000ebs1,2006-03-09 16:24:28.970000+00:00,2014-11-07T01:28:29.962Z,10.852,94.754,10.0,4.5,mb,25.0,14.0,139.8,,0.86,earthquake,"236 km ESE of Port Blair, India",,,
usp000ebrz,2006-03-09 16:17:36.970000+00:00,2014-11-07T01:28:29.955Z,10.762,94.682,10.0,4.5,mb,29.0,14.0,81.3,,0.92,earthquake,"233 km ESE of Port Blair, India",,,
usp000ebry,2006-03-09 16:14:30.870000+00:00,2014-11-07T01:28:29.952Z,10.637,94.385,20.1,4.6,mb,27.0,8.0,156.0,,1.09,earthquake,"212 km ESE of Port Blair, India",,,
usp000ebrw,2006-03-09 16:10:32.580000+00:00,2014-11-07T01:28:29.948Z,10.692,94.361,10.0,4.3,mb,26.0,8.0,102.9,,0.93,earthquake,"206 km ESE of Port Blair, India",,,
usp000ebrv,2006-03-09 16:07:56.480000+00:00,2014-11-07T01:28:29.945Z,10.795,94.609,23.2,4.6,mb,33.0,14.0,94.5,,0.73,earthquake,"225 km ESE of Port Blair, India",,,
usp000ebrt,2006-03-09 15:59:05.370000+00:00,2014-11-07T01:28:29.940Z,10.539,94.295,17.2,4.3,mb,30.0,9.0,93.9,,0.95,earthquake,"210 km SE of Port Blair, India",,,
usp000ebrs,2006-03-09 15:46:51.630000+00:00,2025-12-22T15:00:03.464Z,10.725,94.359,22.0,5.0,mwc,49.0,,50.8,,0.98,earthquake,"204 km ESE of Port Blair, India",,,
usp000ebrr,2006-03-09 15:40:10.640000+00:00,2014-11-07T01:28:29.931Z,10.843,94.475,10.0,4.4,mb,20.0,5.0,81.7,,0.84,earthquake,"209 km ESE of Port Blair, India",,,
usp000ebrq,2006-03-09 15:37:48.130000+00:00,2014-11-07T01:28:29.929Z,10.622,94.214,15.5,4.5,mb,13.0,5.0,181.1,,1.3,earthquake,"197 km SE of Port Blair, India",,,
usp000ebrp,2006-03-09 15:36:35.230000+00:00,2014-11-07T01:28:29.928Z,10.739,94.613,10.0,4.2,mb,10.0,1.0,99.2,,0.62,earthquake,"228 km ESE of Port Blair, India",,,
usp000ebrn,2006-03-09 15:30:10.180000+00:00,2014-11-07T01:28:29.926Z,10.994,94.834,10.0,4.4,mb,19.0,11.0,139.2,,0.82,earthquake,"239 km ESE of Port Blair, India",,,
usp000ebrm,2006-03-09 15:27:11.260000+00:00,2014-11-07T01:28:29.924Z,10.472,94.241,10.0,4.8,mb,9.0,1.0,192.6,,1.21,earthquake,"210 km SE of Port Blair, India",,,
usp000ebrk,2006-03-09 15:26:39.920000+00:00,2014-11-07T01:28:29.922Z,10.926,95.107,10.0,4.4,mb,13.0,5.0,158.3,,1.56,earthquake,"270 km ESE of Port Blair, India",,,
usp000ebrj,2006-03-09 15:24:35.080000+00:00,2014-11-07T01:28:29.919Z,10.9,94.677,19.7,4.6,mb,24.0,7.0,139.8,,0.82,earthquake,"227 km ESE of Port Blair, India",,,
usp000ebrh,2006-03-09 15:19:15.530000+00:00,2025-12-22T15:00:02.663Z,10.801,94.51,21.4,5.2,mwc,64.0,,60.8,,0.92,earthquake,"215 km ESE of Port Blair, India",,,
usp000ebrg,2006-03-09 15:16:42.340000+00:00,2014-11-07T01:28:29.900Z,10.736,94.498,10.0,4.6,mb,8.0,1.0,111.1,,0.6,earthquake,"217 km ESE of Port Blair, India",,,
usp000ebrf,2006-03-09 15:12:02.630000+00:00,2025-12-22T15:00:01.800Z,10.789,94.45,20.8,5.2,mwc,79.0,,59.3,,1.0,earthquake,"209 km ESE of Port Blair, India",,,
usp000ebrd,2006-03-09 15:04:28.830000+00:00,2014-11-07T01:28:29.884Z,10.672,94.321,23.6,4.7,mb,18.0,4.0,83.7,,0.97,earthquake,"204 km ESE of Port Blair, India",,,
usp000ebrc,2006-03-09 15:03:12.610000+00:00,2025-12-22T15:00:00.887Z,10.736,94.275,15.7,5.1,mwc,33.0,,83.3,,0.92,earthquake,"196 km ESE of Port Blair, India",,,
usp000ebrb,2006-03-09 15:00:40.840000+00:00,2014-11-07T01:28:29.872Z,8.922,94.599,18.6,5.1,mb,29.0,23.0,167.6,,1.55,earthquake,"Nicobar Islands, India region",,,
usp000ebra,2006-03-09 14:57:09.390000+00:00,2025-12-22T14:59:59.988Z,10.698,93.901,15.1,5.1,mwc,16.0,,181.7,,0.97,earthquake,"165 km SE of Port Blair, India",,,
usp000ebr9,2006-03-09 14:54:10.830000+00:00,2014-11-07T01:28:29.867Z,10.716,94.467,20.4,4.7,mb,14.0,7.0,190.7,,1.05,earthquake,"215 km ESE of Port Blair, India",,,
usp000ebr8,2006-03-09 14:51:25.830000+00:00,2014-11-07T01:28:29.865Z,10.929,94.78,24.9,4.5,mb,15.0,5.0,81.3,,1.15,earthquake,"236 km ESE of Port Blair, India",,,
usp000ebr5,2006-03-09 14:48:54.910000+00:00,2016-11-10T01:18:27.131Z,10.75,94.404,21.2,4.9,mwc,32.0,,77.0,,0.8,earthquake,"207 km ESE of Port Blair, India",,,
usp000ebr4,2006-03-09 14:47:56+00:00,2014-11-07T01:28:29.851Z,10.818,94.578,19.9,4.7,mb,30.0,13.0,97.6,,0.92,earthquake,"220 km ESE of Port Blair, India",,,
usp000ebr3,2006-03-09 14:45:37.570000+00:00,2014-11-07T01:28:29.850Z,11.036,94.888,10.0,4.2,mb,10.0,3.0,198.8,,1.33,earthquake,"243 km ESE of Port Blair, India",,,
usp000ebp7,2006-03-08 14:49:44.740000+00:00,2014-11-07T01:28:29.561Z,13.627,92.723,30.2,4.5,mb,42.0,17.0,82.3,,1.34,earthquake,"213 km N of Bamboo Flat, India",,,
usp000ebng,2006-03-08 05:27:37.010000+00:00,2014-11-07T01:28:29.429Z,9.604,92.101,30.0,4.1,mb,16.0,4.0,188.3,,1.51,earthquake,"238 km SSW of Port Blair, India",,,
usp000ebma,2006-03-07 18:20:46.110000+00:00,2022-07-14T12:17:55.188Z,23.777,70.899,10.0,5.5,mwb,199.0,,42.2,,1.08,earthquake,"34 km NE of R?par, India",,,
usp000eb93,2006-03-03 07:22:56.210000+00:00,2014-11-07T01:28:27.512Z,29.099,95.275,10.0,4.1,mb,7.0,2.0,139.9,,0.36,earthquake,"108 km NE of Shi Yomi, India",,,
usp000eb6g,2006-03-02 17:16:59.970000+00:00,2016-11-10T01:18:11.377Z,24.268,94.526,77.9,4.9,mwc,92.0,,52.2,,1.15,earthquake,"58 km SE of W?ngjing, India",,,
usp000eb4r,2006-03-01 22:06:06.880000+00:00,2014-11-07T01:28:25.966Z,11.102,92.123,26.8,4.9,mb,13.0,2.0,125.9,,1.1,earthquake,"92 km SW of Port Blair, India",,,
usp000eb46,2006-03-01 17:16:37.390000+00:00,2014-11-07T01:28:25.626Z,11.049,92.051,37.4,4.1,mb,27.0,8.0,112.3,,1.15,earthquake,"102 km SW of Port Blair, India",,,13.5
usp000eazp,2006-02-27 12:49:55.600000+00:00,2014-11-07T01:28:22.666Z,27.438,96.791,68.6,4.1,mb,18.0,3.0,137.4,,1.26,earthquake,"74 km SSE of Hayuliang, India",,,
usp000ea52,2006-02-16 07:01:59.560000+00:00,2014-11-07T01:28:18.788Z,24.361,94.204,84.2,4.5,mb,20.0,4.0,131.0,,0.93,earthquake,"27 km SE of Kakching, India",,,12.9
usp000ea4m,2006-02-16 00:47:22.010000+00:00,2014-11-07T01:28:18.748Z,8.572,93.968,30.0,4.3,mb,17.0,6.0,178.6,,0.38,earthquake,"Nicobar Islands, India region",,,
usp000ea2m,2006-02-14 19:17:33.260000+00:00,2014-11-07T01:28:18.517Z,30.265,80.528,62.5,4.5,mb,48.0,17.0,95.5,,1.06,earthquake,"46 km N of Dh?rchula, India",,,10.1
usp000ea1q,2006-02-14 00:55:25.060000+00:00,2022-07-14T12:29:57.071Z,27.382,88.388,30.0,5.3,mwc,260.0,,45.6,,0.81,earthquake,"16 km NE of Gyalshing, India",,,
usp000e9yh,2006-02-12 04:54:40.780000+00:00,2014-11-07T01:28:18.072Z,23.889,91.634,50.1,4.2,mb,23.0,2.0,109.4,,0.77,earthquake,"21 km S of Khowai, India",,,
usp000e9x4,2006-02-11 05:04:21.270000+00:00,2014-11-07T01:28:17.938Z,27.233,92.145,49.3,4.7,mb,50.0,20.0,46.8,,0.83,earthquake,"27 km W of Bomdila, India",,,6.6
usp000e9jg,2006-02-05 17:49:22.590000+00:00,2014-11-07T01:28:16.653Z,7.03,92.46,37.9,4.2,mb,24.0,6.0,139.4,,0.66,earthquake,"Nicobar Islands, India region",,,9.2
usp000e9hy,2006-02-05 13:40:33.100000+00:00,2016-11-10T01:17:20.192Z,10.902,91.83,28.8,4.8,mwc,132.0,,63.7,,0.77,earthquake,"130 km SW of Port Blair, India",,,
usp000e9hw,2006-02-05 13:27:26.590000+00:00,2014-11-07T01:28:16.568Z,10.365,94.319,30.0,4.4,mb,9.0,1.0,183.0,,1.41,earthquake,"224 km SE of Port Blair, India",,,
usp000e9dz,2006-02-03 22:56:32.990000+00:00,2014-11-07T01:28:15.797Z,11.695,92.388,30.0,4.3,mb,14.0,3.0,123.2,,0.47,earthquake,"35 km W of Bamboo Flat, India",,,
usp000e9dn,2006-02-03 20:34:10.980000+00:00,2022-07-14T12:33:20.311Z,11.86,92.372,19.0,6.1,mwc,442.0,,18.4,,0.89,earthquake,"41 km WNW of Bamboo Flat, India",,,
usp000e9bt,2006-02-03 00:54:23.460000+00:00,2020-09-18T20:52:05.399Z,23.827,70.559,10.0,4.5,mb,78.0,36.0,174.9,,0.93,earthquake,"29 km NNW of R?par, India",,,
usp000e99p,2006-02-01 22:24:15.920000+00:00,2016-11-10T01:17:12.538Z,30.288,80.483,50.6,4.7,mwc,150.0,,61.4,,0.96,earthquake,"49 km N of Dh?rchula, India",,,7.6
usp000e99c,2006-02-01 18:02:24.950000+00:00,2014-11-07T01:28:13.710Z,9.384,93.105,30.0,4.2,mb,15.0,4.0,180.2,,0.75,earthquake,"255 km S of Port Blair, India",,,
usp000e98w,2006-02-01 13:52:38.500000+00:00,2014-11-07T01:28:13.481Z,34.197,73.858,10.0,4.6,mb,85.0,35.0,84.6,,0.86,earthquake,"21 km NW of Uri, India",,,
usp000e946,2006-01-30 01:57:34.500000+00:00,2014-11-07T01:28:10.620Z,30.168,80.225,40.8,4.1,mb,26.0,3.0,69.8,,1.03,earthquake,"45 km NW of Dh?rchula, India",,,11.2
usp000e8wb,2006-01-26 13:32:45.890000+00:00,2014-11-07T01:28:09.733Z,8.487,92.627,30.0,4.3,mb,12.0,1.0,212.2,,0.68,earthquake,"Nicobar Islands, India region",,,
usp000e8vv,2006-01-26 04:14:24.740000+00:00,2014-11-07T01:28:09.692Z,10.624,91.681,24.5,4.2,mb,9.0,3.0,214.0,,0.45,earthquake,"163 km SW of Port Blair, India",,,
usp000e8vm,2006-01-26 02:15:18.830000+00:00,2014-11-07T01:28:09.584Z,6.982,92.703,30.0,4.0,mb,17.0,4.0,185.8,,1.31,earthquake,"Nicobar Islands, India region",,,
usp000e8tr,2006-01-25 02:26:45.030000+00:00,2014-11-07T01:28:09.342Z,6.972,92.471,22.4,4.4,mb,31.0,9.0,100.2,,1.0,earthquake,"Nicobar Islands, India region",,,18.4
usp000e8n4,2006-01-22 03:20:01.990000+00:00,2014-11-07T01:28:08.197Z,34.681,80.234,10.0,4.3,mb,49.0,19.0,79.3,,1.0,earthquake,"250 km ENE of Leh, India",,,
usp000e8jv,2006-01-21 04:07:03.710000+00:00,2022-05-02T18:11:38.245Z,13.002,93.245,44.0,5.6,mwb,577.0,,20.4,,0.75,earthquake,"155 km NNE of Bamboo Flat, India",,,
usp000e8j9,2006-01-20 22:13:46.270000+00:00,2014-11-07T01:28:07.811Z,9.064,93.857,30.0,4.5,mb,47.0,17.0,109.2,,1.07,earthquake,"Nicobar Islands, India region",,,
usp000e8gy,2006-01-20 01:39:47.700000+00:00,2014-11-07T01:28:07.299Z,6.938,91.963,30.0,4.6,mb,27.0,5.0,132.3,,0.86,earthquake,"Nicobar Islands, India region",,,
usp000e8f4,2006-01-18 22:44:33.320000+00:00,2014-11-07T01:28:07.128Z,8.538,92.397,30.0,4.1,mb,25.0,7.0,172.8,,0.69,earthquake,"Nicobar Islands, India region",,,
usp000e8cd,2006-01-17 17:26:52.040000+00:00,2014-11-07T01:28:06.801Z,32.791,78.581,10.0,4.6,mb,31.0,13.0,113.8,,0.92,earthquake,"144 km ENE of Man?li, India",,,
usp000e8b5,2006-01-16 21:10:57.540000+00:00,2014-11-07T01:28:06.709Z,10.394,92.314,30.0,4.1,mb,9.0,4.0,96.9,,1.38,earthquake,"148 km SSW of Port Blair, India",,,
usp000e88t,2006-01-15 06:35:25.800000+00:00,2014-11-07T01:28:06.449Z,13.599,92.732,32.9,4.2,mb,20.0,4.0,137.3,,1.16,earthquake,"210 km N of Bamboo Flat, India",,,
usp000e81y,2006-01-11 18:29:34.230000+00:00,2014-11-07T01:28:05.807Z,12.187,92.773,30.0,4.1,mb,21.0,4.0,174.6,,0.45,earthquake,"54 km N of Bamboo Flat, India",,,
usp000e814,2006-01-11 05:48:41.370000+00:00,2014-11-07T01:28:05.695Z,34.083,73.927,10.0,4.7,mb,97.0,36.0,78.7,,0.94,earthquake,"11 km W of Uri, India",,,
usp000e7zs,2006-01-10 16:38:36.220000+00:00,2014-11-07T01:28:05.579Z,9.937,93.613,30.0,4.0,mb,11.0,1.0,113.0,,1.22,earthquake,"213 km SSE of Port Blair, India",,,
usp000e7z3,2006-01-10 09:16:01.350000+00:00,2014-11-07T01:28:05.514Z,12.743,93.071,38.4,4.1,mb,19.0,10.0,156.1,,1.2,earthquake,"121 km NNE of Bamboo Flat, India",,,
usp000e7pm,2006-01-06 04:25:05.750000+00:00,2025-12-22T16:14:28.554Z,12.235,95.2,25.1,5.4,mwc,254.0,,53.1,,1.08,earthquake,"274 km ENE of Port Blair, India",,,
usp000e7e0,2006-01-02 14:00:30.160000+00:00,2014-11-07T01:28:02.197Z,12.44,92.63,30.0,4.6,mb,12.0,4.0,194.5,,1.02,earthquake,"82 km N of Bamboo Flat, India",,,
usp000e7am,2005-12-31 23:45:36.850000+00:00,2014-11-07T01:27:58.594Z,8.808,91.814,30.0,4.2,mb,5.0,1.0,138.2,,0.41,earthquake,"Nicobar Islands, India region",,,
usp000e792,2005-12-31 06:31:43.980000+00:00,2014-11-07T01:27:58.462Z,25.732,90.384,35.0,4.2,mb,6.0,1.0,195.8,,0.89,earthquake,"30 km NE of Tura, India",,,
usp000e71f,2005-12-27 16:19:15.760000+00:00,2014-11-07T01:27:57.566Z,24.783,93.991,86.5,4.7,mb,107.0,50.0,112.5,,0.63,earthquake,"5 km ESE of Imph?l, India",,,
usp000e714,2005-12-27 12:06:05.630000+00:00,2014-11-07T01:27:57.547Z,12.161,92.913,30.0,4.1,mb,8.0,2.0,189.9,,0.36,earthquake,"55 km NNE of Bamboo Flat, India",,,
usp000e6yu,2005-12-26 14:31:59.460000+00:00,2014-11-07T01:27:57.269Z,11.783,92.271,30.0,4.4,mb,19.0,6.0,156.9,,0.7,earthquake,"49 km W of Bamboo Flat, India",,,
usp000e6yc,2005-12-26 11:40:41.570000+00:00,2014-11-07T01:27:57.204Z,11.545,92.299,35.2,4.3,mb,26.0,5.0,142.8,,0.7,earthquake,"48 km WSW of Bamboo Flat, India",,,
usp000e6y7,2005-12-26 10:46:06.950000+00:00,2014-11-07T01:27:57.193Z,17.285,73.884,10.0,4.1,mb,20.0,8.0,117.6,,1.18,earthquake,"10 km S of P?tan, India",,,
usp000e6wh,2005-12-26 00:54:50.930000+00:00,2014-11-07T01:27:57.016Z,13.893,92.672,27.2,4.5,mb,29.0,11.0,150.1,,1.13,earthquake,"242 km N of Bamboo Flat, India",,,
usp000e6sp,2005-12-24 14:42:49.840000+00:00,2014-11-07T01:27:56.314Z,12.929,92.265,30.0,4.0,mb,14.0,3.0,189.7,,0.54,earthquake,"144 km NNW of Bamboo Flat, India",,,
usp000e6rb,2005-12-24 01:46:12.560000+00:00,2014-11-07T01:27:56.184Z,8.837,93.698,30.0,4.4,mb,20.0,9.0,103.8,,0.9,earthquake,"Nicobar Islands, India region",,,
usp000e6qe,2005-12-23 19:45:19.910000+00:00,2014-11-07T01:27:56.034Z,8.102,93.206,30.0,4.1,mb,12.0,5.0,318.8,,0.73,earthquake,"Nicobar Islands, India region",,,
usp000e6mj,2005-12-22 14:35:10.870000+00:00,2014-11-07T01:27:55.773Z,6.571,91.808,30.0,4.5,mb,17.0,5.0,151.1,,0.62,earthquake,"Nicobar Islands, India region",,,
usp000e6ff,2005-12-19 21:45:25.550000+00:00,2014-11-07T01:27:55.120Z,7.559,92.263,30.0,4.1,mb,19.0,9.0,116.8,,1.04,earthquake,"Nicobar Islands, India region",,,
usp000e6d1,2005-12-18 21:23:09.220000+00:00,2014-11-07T01:27:54.824Z,11.035,93.896,30.0,4.2,mb,17.0,9.0,196.5,,1.23,earthquake,"143 km ESE of Port Blair, India",,,
usp000e6am,2005-12-17 09:45:43.540000+00:00,2014-11-07T01:27:54.550Z,13.452,92.595,28.9,4.4,mb,18.0,5.0,112.3,,1.15,earthquake,"194 km N of Bamboo Flat, India",,,
usp000e68g,2005-12-16 12:12:57.960000+00:00,2014-11-07T01:27:54.337Z,10.683,93.975,30.0,4.0,mb,10.0,4.0,204.2,,1.36,earthquake,"172 km SE of Port Blair, India",,,
usp000e65g,2005-12-15 01:19:56.780000+00:00,2014-11-07T01:27:53.838Z,34.806,77.471,10.0,4.0,mb,9.0,1.0,166.8,,1.42,earthquake,"63 km ESE of Thang, India",,,0.0
usp000e650,2005-12-14 18:26:38.610000+00:00,2014-11-07T01:27:53.639Z,13.446,92.734,30.0,4.1,mb,14.0,3.0,175.4,,0.96,earthquake,"193 km N of Bamboo Flat, India",,,
usp000e64b,2005-12-14 08:07:32.820000+00:00,2014-11-07T01:27:53.578Z,8.762,93.974,30.0,4.2,mb,21.0,4.0,109.6,,0.76,earthquake,"Nicobar Islands, India region",,,
usp000e647,2005-12-14 07:09:54.190000+00:00,2022-05-02T18:10:00.475Z,30.476,79.255,44.0,5.1,mwc,194.0,,86.8,,0.68,earthquake,"17 km WNW of P?palkoti, India",,,8.2
usp000e61c,2005-12-12 15:42:30.990000+00:00,2014-11-07T01:27:53.099Z,11.967,94.929,30.0,4.2,mb,23.0,8.0,153.8,,0.72,earthquake,"240 km E of Port Blair, India",,,
usp000e610,2005-12-12 08:58:24.460000+00:00,2014-11-07T01:27:53.046Z,10.335,93.934,30.0,4.6,mb,18.0,10.0,106.1,,1.05,earthquake,"196 km SE of Port Blair, India",,,
usp000e60t,2005-12-12 07:12:44.940000+00:00,2014-11-07T01:27:53.023Z,25.961,92.313,35.0,4.3,mb,17.0,2.0,121.4,,1.3,earthquake,"32 km S of Morigaon, India",,,
usp000e5v0,2005-12-09 14:15:28.560000+00:00,2014-11-07T01:27:52.114Z,9.106,92.808,30.0,4.1,mb,19.0,2.0,95.0,,1.33,earthquake,"283 km S of Port Blair, India",,,
usp000e5uy,2005-12-09 14:15:18.210000+00:00,2014-11-07T01:27:52.110Z,9.111,92.615,30.0,4.3,mb,14.0,2.0,90.9,,0.92,earthquake,"282 km S of Port Blair, India",,,
usp000e5st,2005-12-08 11:46:11.510000+00:00,2014-11-07T01:27:51.910Z,7.611,91.966,30.0,4.2,mb,10.0,7.0,215.5,,0.94,earthquake,"Nicobar Islands, India region",,,
usp000e5cj,2005-12-02 19:12:05.090000+00:00,2014-11-07T01:27:49.273Z,12.867,93.3,30.0,4.2,mb,21.0,6.0,104.7,,0.72,earthquake,"143 km NNE of Bamboo Flat, India",,,
usp000e54u,2005-11-29 09:27:22.810000+00:00,2014-11-07T01:27:44.962Z,34.748,80.073,35.0,4.5,mb,39.0,11.0,109.8,,1.02,earthquake,"237 km ENE of Leh, India",,,
usp000e53j,2005-11-28 16:57:13.040000+00:00,2014-11-07T01:27:44.849Z,21.015,89.158,10.0,4.7,mb,13.0,2.0,176.2,,0.86,earthquake,"125 km SE of Kultali, India",,,
usp000e4wv,2005-11-26 01:07:24.200000+00:00,2014-11-07T01:27:43.467Z,10.547,91.66,30.0,4.7,mb,50.0,20.0,71.2,,0.71,earthquake,"171 km SW of Port Blair, India",,,
usp000e4wh,2005-11-25 20:47:45.730000+00:00,2014-11-07T01:27:43.392Z,6.979,92.385,25.5,4.8,mb,55.0,17.0,105.2,,0.82,earthquake,"Nicobar Islands, India region",,,
usp000e4qf,2005-11-22 15:28:31.640000+00:00,2014-11-07T01:27:42.382Z,25.43,94.289,10.0,4.5,ml,7.0,,266.0,,0.72,earthquake,"32 km SSE of Koh?ma, India",,,
usp000e4q5,2005-11-22 12:20:00.150000+00:00,2014-11-07T01:27:42.289Z,14.022,93.417,30.0,4.7,mb,40.0,14.0,45.2,,1.34,earthquake,"267 km NNE of Bamboo Flat, India",,,
usp000e4kb,2005-11-20 18:50:40.740000+00:00,2014-11-07T01:27:41.644Z,17.65,73.721,10.0,4.2,mb,9.0,3.0,246.3,,1.53,earthquake,"25 km ENE of Chipl?n, India",,,
usp000e4fv,2005-11-19 04:05:55.520000+00:00,2014-11-07T01:27:41.055Z,12.843,92.473,30.0,4.5,mb,13.0,1.0,176.4,,0.29,earthquake,"129 km NNW of Bamboo Flat, India",,,
usp000e4f1,2005-11-18 18:56:55.530000+00:00,2014-11-07T01:27:40.601Z,26.466,96.379,90.7,4.8,mb,141.0,65.0,34.6,,0.91,earthquake,"51 km WNW of Sarupathar, India",,,
usp000e49j,2005-11-16 02:26:54.990000+00:00,2014-11-07T01:27:39.848Z,34.507,75.563,10.0,4.7,mb,110.0,41.0,78.5,,0.79,earthquake,"52 km W of Kargil, India",,,
usp000e46c,2005-11-15 00:23:21.640000+00:00,2014-11-07T01:27:39.477Z,12.352,90.639,30.0,4.6,mb,25.0,10.0,110.1,,1.25,earthquake,"237 km WNW of Bamboo Flat, India",,,
usp000e45v,2005-11-14 18:44:05.100000+00:00,2014-11-07T01:27:39.368Z,9.904,92.141,30.0,4.3,mb,6.0,2.0,215.5,,0.63,earthquake,"205 km SSW of Port Blair, India",,,
usp000e43s,2005-11-13 18:14:23.130000+00:00,2014-11-07T01:27:39.179Z,13.498,92.773,30.0,4.2,mb,15.0,3.0,141.1,,0.75,earthquake,"199 km N of Bamboo Flat, India",,,
usp000e3ub,2005-11-09 13:22:12.680000+00:00,2014-11-07T01:27:37.540Z,10.056,91.491,30.0,4.5,mb,16.0,3.0,150.4,,1.05,earthquake,"224 km SW of Port Blair, India",,,
usp000e3u0,2005-11-09 08:17:40.090000+00:00,2014-11-07T01:27:37.427Z,11.787,92.438,30.0,4.6,mb,39.0,9.0,88.9,,0.67,earthquake,"31 km WNW of Bamboo Flat, India",,,
usp000e3kg,2005-11-05 23:03:49.390000+00:00,2014-11-07T01:27:36.480Z,34.188,73.826,10.0,4.1,mb,26.0,6.0,146.3,,1.31,earthquake,"23 km WNW of Uri, India",,,
usp000e3ew,2005-11-03 22:52:32.970000+00:00,2014-11-07T01:27:35.484Z,7.065,92.419,30.0,4.7,mb,42.0,15.0,82.1,,0.8,earthquake,"Nicobar Islands, India region",,,
usp000e3en,2005-11-03 21:08:56.700000+00:00,2014-11-07T01:27:35.419Z,7.416,92.396,23.2,4.7,mb,31.0,10.0,91.1,,0.94,earthquake,"Nicobar Islands, India region",,,
usp000e3db,2005-11-03 06:09:55.020000+00:00,2014-11-07T01:27:34.765Z,13.702,92.958,30.0,4.5,mb,25.0,9.0,102.8,,0.76,earthquake,"223 km N of Bamboo Flat, India",,,
usp000e3bk,2005-11-02 06:51:46.740000+00:00,2014-11-07T01:27:34.182Z,9.425,93.159,30.0,4.7,mb,34.0,10.0,108.2,,1.27,earthquake,"251 km S of Port Blair, India",,,
usp000e37v,2005-10-31 17:57:42.780000+00:00,2014-11-07T01:27:30.870Z,9.19,93.521,30.0,4.8,mb,107.0,45.0,66.9,,0.97,earthquake,"286 km SSE of Port Blair, India",,,
usp000e2yv,2005-10-27 19:26:21.230000+00:00,2014-11-07T01:27:29.665Z,34.167,73.841,10.0,4.2,mb,34.0,8.0,167.1,,1.12,earthquake,"21 km WNW of Uri, India",,,
usp000e2vj,2005-10-26 01:59:10.950000+00:00,2014-11-07T01:27:29.288Z,13.538,93.011,11.3,4.4,mb,36.0,7.0,82.3,,0.87,earthquake,"205 km N of Bamboo Flat, India",,,22.5
usp000e2vg,2005-10-26 01:42:41.880000+00:00,2016-11-10T01:13:38.201Z,34.206,73.928,16.2,4.8,mwc,137.0,,56.5,,0.79,earthquake,"17 km NW of Uri, India",,,
usp000e2tq,2005-10-25 09:22:16.300000+00:00,2014-11-07T01:27:29.077Z,13.135,93.411,41.5,4.5,mb,22.0,6.0,188.8,,0.61,earthquake,"175 km NNE of Bamboo Flat, India",,,14.7
usp000e2kd,2005-10-23 01:45:56.780000+00:00,2014-11-07T01:27:27.875Z,11.433,91.977,30.0,4.2,mb,26.0,9.0,91.4,,0.96,earthquake,"85 km WSW of Bamboo Flat, India",,,
usp000e2j3,2005-10-22 15:43:25.480000+00:00,2014-11-07T01:27:27.789Z,12.343,95.031,15.7,4.5,mb,18.0,8.0,148.4,,0.95,earthquake,"259 km ENE of Port Blair, India",,,
usp000e2hs,2005-10-22 13:45:20.400000+00:00,2014-11-07T01:27:27.770Z,25.568,96.05,102.8,5.0,mb,20.0,10.0,117.0,,1.14,earthquake,"103 km SW of Sarupathar, India",,,9.9
usp000e2hc,2005-10-22 11:09:12.620000+00:00,2014-11-07T01:27:27.678Z,12.355,94.98,77.7,4.7,mb,50.0,26.0,75.8,,1.05,earthquake,"254 km ENE of Port Blair, India",,,13.2
usp000e2ep,2005-10-21 14:45:36.030000+00:00,2014-11-07T01:27:27.480Z,34.458,73.981,10.0,4.0,mb,18.0,3.0,196.6,,0.78,earthquake,"42 km N of Uri, India",,,
usp000e26d,2005-10-18 21:36:46.360000+00:00,2014-11-07T01:27:26.440Z,13.668,92.958,30.0,4.2,mb,16.0,1.0,113.0,,0.39,earthquake,"219 km N of Bamboo Flat, India",,,
usp000e1y6,2005-10-16 09:59:29.710000+00:00,2014-11-07T01:27:25.025Z,10.562,92.297,26.4,4.7,mb,63.0,21.0,64.0,,0.94,earthquake,"131 km SSW of Port Blair, India",,,
usp000e1y0,2005-10-16 07:18:59.480000+00:00,2014-11-07T01:27:25.011Z,7.66,92.772,30.0,4.8,mb,47.0,20.0,58.4,,0.99,earthquake,"Nicobar Islands, India region",,,
usp000e1x8,2005-10-15 23:16:32.930000+00:00,2014-11-07T01:27:24.592Z,12.889,93.177,12.2,4.0,mb,28.0,7.0,180.6,,0.72,earthquake,"140 km NNE of Bamboo Flat, India",,,22.8
usp000e1w1,2005-10-15 06:52:13.970000+00:00,2014-11-07T01:27:24.210Z,34.026,73.871,10.0,4.5,mb,79.0,22.0,57.9,,0.74,earthquake,"17 km WSW of Uri, India",,,
usp000e1vt,2005-10-15 04:43:01.720000+00:00,2014-11-07T01:27:24.193Z,34.29,73.883,10.0,4.2,mb,12.0,3.0,200.7,,0.49,earthquake,"27 km NNW of Uri, India",,,
usp000e1vs,2005-10-15 04:32:21.040000+00:00,2022-05-02T18:04:16.506Z,33.954,73.93,10.0,5.0,mb,172.0,88.0,59.0,,0.84,earthquake,"17 km SW of Uri, India",,,
usp000e1vp,2005-10-15 04:24:06.250000+00:00,2022-05-02T18:04:11.080Z,34.014,74.003,10.0,5.2,mb,222.0,117.0,94.5,,0.77,earthquake,"8 km SSW of Uri, India",,,
usp000e1mw,2005-10-11 22:53:53.120000+00:00,2014-11-07T01:27:22.692Z,33.078,76.208,10.0,4.1,mb,8.0,3.0,310.1,,0.92,earthquake,"47 km ENE of Bhadarw?h, India",,,
usp000e1mp,2005-10-11 20:51:15.050000+00:00,2014-11-07T01:27:22.674Z,34.275,73.868,13.9,4.2,mb,26.0,6.0,67.2,,1.43,earthquake,"27 km NW of Uri, India",,,36.7
usp000e1ky,2005-10-11 14:21:03.140000+00:00,2014-11-07T01:27:22.564Z,12.144,92.39,20.5,4.8,mb,41.0,19.0,174.9,,0.66,earthquake,"60 km NW of Bamboo Flat, India",,,
usp000e1jz,2005-10-11 03:37:56.850000+00:00,2022-05-02T18:04:02.423Z,10.894,92.296,22.8,5.4,mwb,319.0,,19.6,,0.74,earthquake,"98 km SSW of Port Blair, India",,,
usp000e1ja,2005-10-10 20:26:44.100000+00:00,2014-11-07T01:27:22.214Z,8.035,91.916,30.0,4.3,mb,17.0,8.0,138.8,,0.82,earthquake,"Nicobar Islands, India region",,,
usp000e1hw,2005-10-10 17:51:27.360000+00:00,2014-11-07T01:27:22.189Z,11.626,92.847,30.0,4.1,mb,15.0,5.0,190.4,,0.47,earthquake,"11 km ESE of Port Blair, India",,,
usp000e1hu,2005-10-10 17:37:55.070000+00:00,2014-11-07T01:27:22.186Z,7.795,91.714,30.0,4.4,mb,10.0,5.0,187.4,,1.05,earthquake,"Nicobar Islands, India region",,,
usp000e1fh,2005-10-10 01:07:08.820000+00:00,2014-11-07T01:27:21.944Z,12.159,94.7,30.0,4.2,mb,8.0,1.0,180.1,,0.39,earthquake,"219 km ENE of Port Blair, India",,,
usp000e1f4,2005-10-09 22:37:53.180000+00:00,2014-11-07T01:27:21.222Z,34.233,73.788,10.0,4.4,mb,46.0,17.0,127.1,,0.88,earthquake,"29 km NW of Uri, India",,,
usp000e1ee,2005-10-09 18:41:00.390000+00:00,2014-11-07T01:27:20.667Z,25.374,95.692,82.7,4.0,mb,10.0,1.0,142.3,,1.07,earthquake,"124 km ESE of Phek, India",,,21.4
usp000e1a9,2005-10-09 01:11:59.640000+00:00,2014-11-07T01:27:20.118Z,34.211,73.783,10.0,4.4,mb,22.0,4.0,108.6,,0.89,earthquake,"28 km WNW of Uri, India",,,
usp000e17p,2005-10-08 14:39:26.480000+00:00,2014-11-07T01:27:19.761Z,34.095,73.773,10.0,4.0,mb,25.0,7.0,79.0,,0.96,earthquake,"25 km W of Uri, India",,,
usp000e15n,2005-10-08 09:36:50.930000+00:00,2022-05-02T18:06:17.192Z,34.202,73.888,10.0,4.8,mb,123.0,50.0,56.6,,0.81,earthquake,"20 km NW of Uri, India",,,
usp000e14a,2005-10-08 06:14:44.370000+00:00,2014-11-07T01:27:19.033Z,34.054,73.954,10.0,4.5,mb,20.0,2.0,108.8,,0.83,earthquake,"9 km WSW of Uri, India",,,
usp000e13f,2005-10-08 04:56:26.520000+00:00,2014-11-07T01:27:18.863Z,34.122,73.807,10.0,4.7,mb,29.0,4.0,122.9,,1.06,earthquake,"22 km WNW of Uri, India",,,
usp000e11g,2005-10-07 15:57:27.100000+00:00,2014-11-07T01:27:18.089Z,12.989,93.211,30.0,4.2,mb,8.0,1.0,189.0,,0.53,earthquake,"152 km NNE of Bamboo Flat, India",,,
usp000e0xb,2005-10-05 12:19:09.280000+00:00,2025-12-19T23:23:15.277Z,7.897,92.063,46.7,5.3,mwc,297.0,,43.0,,0.8,earthquake,"Nicobar Islands, India region",,,
usp000e0ww,2005-10-05 05:14:49.700000+00:00,2014-11-07T01:27:17.257Z,13.549,93.06,38.0,4.6,mb,44.0,10.0,88.8,,0.9,earthquake,"207 km N of Bamboo Flat, India",,,13.7
usp000e0uw,2005-10-04 03:59:39.180000+00:00,2014-11-07T01:27:16.803Z,12.273,93.114,30.0,4.5,mb,6.0,1.0,199.2,,1.33,earthquake,"76 km NE of Bamboo Flat, India",,,
usp000e0u9,2005-10-03 20:26:58.890000+00:00,2014-11-07T01:27:16.608Z,13.453,92.719,30.0,4.2,mb,21.0,3.0,173.6,,1.08,earthquake,"193 km N of Bamboo Flat, India",,,
usp000e0u2,2005-10-03 16:29:08.060000+00:00,2014-11-07T01:27:16.582Z,12.909,92.5,30.0,4.3,mb,16.0,6.0,184.8,,0.28,earthquake,"135 km N of Bamboo Flat, India",,,
usp000e0rp,2005-10-02 19:20:34.530000+00:00,2014-11-07T01:27:15.868Z,13.021,92.329,30.0,4.4,mb,17.0,5.0,176.3,,1.22,earthquake,"152 km NNW of Bamboo Flat, India",,,
usp000e0j3,2005-09-30 01:20:45.910000+00:00,2014-11-07T01:27:11.690Z,8.259,92.864,30.0,4.2,mb,14.0,2.0,185.9,,1.35,earthquake,"Nicobar Islands, India region",,,
usp000e0cc,2005-09-27 11:31:42.840000+00:00,2014-11-07T01:27:10.730Z,6.751,93.138,30.0,4.4,mb,9.0,1.0,135.5,,1.23,earthquake,"Nicobar Islands, India region",,,
usp000e083,2005-09-25 16:55:16.630000+00:00,2014-11-07T01:27:09.595Z,10.177,93.518,30.0,4.0,mb,12.0,2.0,115.7,,1.12,earthquake,"185 km SSE of Port Blair, India",,,
usp000dzzj,2005-09-23 00:04:48.680000+00:00,2014-11-07T01:27:07.997Z,8.013,91.818,30.0,4.2,mb,8.0,1.0,138.8,,1.28,earthquake,"Nicobar Islands, India region",,,
usp000dzzd,2005-09-22 23:30:29.650000+00:00,2014-11-07T01:27:07.985Z,8.182,92.431,28.7,4.6,mb,28.0,10.0,178.1,,1.4,earthquake,"Nicobar Islands, India region",,,43.1
usp000dzx6,2005-09-22 05:51:12.070000+00:00,2014-11-07T01:27:07.258Z,13.605,92.732,30.0,4.7,mb,91.0,41.0,67.4,,0.64,earthquake,"210 km N of Bamboo Flat, India",,,
usp000dzrh,2005-09-19 19:24:01.900000+00:00,2014-11-07T01:27:06.108Z,10.072,93.095,30.0,4.3,mb,11.0,2.0,198.0,,0.58,earthquake,"180 km SSE of Port Blair, India",,,
usp000dznh,2005-09-18 07:25:59.460000+00:00,2022-07-14T14:48:58.676Z,24.561,94.781,84.0,5.7,mwb,490.0,,16.9,,0.78,earthquake,"72 km E of W?ngjing, India",,,
usp000dzf4,2005-09-14 19:07:55.930000+00:00,2014-11-07T01:27:04.273Z,8.17,91.537,30.0,4.2,mb,9.0,1.0,204.5,,0.31,earthquake,"Nicobar Islands, India region",,,
usp000dze8,2005-09-14 09:03:46.830000+00:00,2014-11-07T01:27:04.035Z,7.984,91.926,31.1,4.6,mb,18.0,5.0,138.8,,0.66,earthquake,"Nicobar Islands, India region",,,
usp000dze7,2005-09-14 08:17:02.860000+00:00,2016-11-10T01:11:31.700Z,8.042,91.913,34.5,4.9,mwc,131.0,,54.7,,0.76,earthquake,"Nicobar Islands, India region",,,15.8
usp000dzd1,2005-09-13 15:27:17.050000+00:00,2014-11-07T01:27:03.920Z,8.009,91.936,40.1,4.2,mb,9.0,1.0,186.9,,0.95,earthquake,"Nicobar Islands, India region",,,28.2
usp000dzcz,2005-09-13 14:42:35.250000+00:00,2014-11-07T01:27:03.916Z,7.942,91.874,30.0,4.3,mb,16.0,4.0,135.0,,1.15,earthquake,"Nicobar Islands, India region",,,
usp000dzcy,2005-09-13 14:32:57.820000+00:00,2022-05-02T17:57:51.323Z,8.073,91.912,30.0,5.5,mwb,210.0,,36.1,,0.8,earthquake,"Nicobar Islands, India region",,,
usp000dzc6,2005-09-13 05:12:44.120000+00:00,2014-11-07T01:27:03.846Z,11.267,91.926,30.0,4.0,mb,9.0,1.0,178.9,,0.25,earthquake,"98 km WSW of Bamboo Flat, India",,,
usp000dzay,2005-09-12 16:59:52.130000+00:00,2014-11-07T01:27:03.670Z,25.881,90.529,35.0,4.2,mb,14.0,2.0,175.0,,1.27,earthquake,"27 km SE of Lakhipur, India",,,
usp000dz72,2005-09-10 19:35:52.010000+00:00,2014-11-07T01:27:03.241Z,10.5,91.732,30.0,4.2,mb,8.0,2.0,198.6,,0.89,earthquake,"170 km SW of Port Blair, India",,,
usp000dyyv,2005-09-08 01:24:41.370000+00:00,2014-11-07T01:27:01.839Z,13.526,92.797,30.0,4.2,mb,17.0,6.0,104.5,,1.0,earthquake,"202 km N of Bamboo Flat, India",,,
usp000dyyq,2005-09-07 21:42:46.430000+00:00,2014-11-07T01:27:01.828Z,11.914,93.206,30.0,4.9,mb,18.0,5.0,105.6,,1.1,earthquake,"57 km ENE of Port Blair, India",,,
usp000dyx3,2005-09-07 02:57:47.920000+00:00,2014-11-07T01:27:01.491Z,33.025,80.698,10.0,4.0,mb,10.0,3.0,207.0,,0.84,earthquake,"294 km NNE of Josh?math, India",,,0.0
usp000dyvs,2005-09-06 11:10:29.110000+00:00,2025-12-19T23:24:59.576Z,7.686,92.199,31.7,5.2,mwc,80.0,,47.0,,0.88,earthquake,"Nicobar Islands, India region",,,
usp000dysq,2005-09-05 01:45:43+00:00,2014-11-07T01:27:00.528Z,30.406,79.151,10.0,4.6,mb,37.0,16.0,116.1,,0.76,earthquake,"20 km NE of Rudrapray?g, India",,,
usp000dys7,2005-09-04 19:06:14.670000+00:00,2014-11-07T01:27:00.405Z,13.013,92.525,43.4,4.2,mb,21.0,4.0,174.1,,0.6,earthquake,"146 km N of Bamboo Flat, India",,,27.9
usp000dyqd,2005-09-04 00:00:30.740000+00:00,2014-11-07T01:27:00.123Z,10.302,91.778,30.0,4.4,mb,16.0,5.0,183.5,,0.97,earthquake,"184 km SW of Port Blair, India",,,
usp000dypk,2005-09-03 15:44:46.690000+00:00,2014-11-07T01:26:59.939Z,12.247,94.749,30.0,4.1,mb,11.0,4.0,179.9,,1.44,earthquake,"227 km ENE of Port Blair, India",,,
usp000dygn,2005-09-01 13:02:35.820000+00:00,2014-11-07T01:26:58.023Z,10.985,91.815,30.0,4.1,mb,16.0,7.0,91.0,,0.71,earthquake,"Andaman Islands, India region",,,
usp000dyct,2005-08-31 01:54:47.710000+00:00,2014-11-07T01:26:54.888Z,7.769,91.864,30.0,4.4,mb,20.0,8.0,183.4,,0.78,earthquake,"Nicobar Islands, India region",,,
usp000dyb2,2005-08-30 08:53:17.460000+00:00,2020-09-18T20:39:39.588Z,17.067,73.773,10.0,4.7,mb,44.0,18.0,82.1,,0.92,earthquake,"23 km NW of Malk?pur, India",,,
usp000dy9e,2005-08-29 14:44:47.780000+00:00,2022-05-02T17:57:23.407Z,11.044,92.251,36.0,5.1,mwc,170.0,,25.9,,0.95,earthquake,"87 km SW of Port Blair, India",,,
usp000dy3x,2005-08-26 18:30:32.560000+00:00,2014-11-07T01:26:52.902Z,7.528,91.792,30.0,4.1,mb,9.0,1.0,194.5,,0.88,earthquake,"Nicobar Islands, India region",,,
usp000dy3t,2005-08-26 16:39:43.960000+00:00,2014-11-07T01:26:52.854Z,9.005,92.342,30.7,4.7,mb,98.0,47.0,65.0,,0.81,earthquake,"297 km S of Port Blair, India",,,
usp000dy3d,2005-08-26 13:29:16.090000+00:00,2014-11-07T01:26:52.822Z,10.416,91.521,30.8,4.3,mb,25.0,5.0,158.9,,0.74,earthquake,"192 km SW of Port Blair, India",,,
usp000dxs9,2005-08-21 08:27:19.970000+00:00,2014-11-07T01:26:51.112Z,12.981,92.405,33.2,4.5,mb,32.0,13.0,87.9,,0.67,earthquake,"145 km NNW of Bamboo Flat, India",,,
usp000dxkj,2005-08-18 13:57:29.620000+00:00,2014-11-07T01:26:50.077Z,12.943,93.269,30.0,4.4,mb,25.0,9.0,104.5,,0.59,earthquake,"150 km NNE of Bamboo Flat, India",,,
usp000dxf0,2005-08-16 12:04:00.710000+00:00,2014-11-07T01:26:49.570Z,8.352,92.095,30.0,4.3,mb,13.0,4.0,192.4,,0.97,earthquake,"Nicobar Islands, India region",,,
usp000dxe6,2005-08-16 03:45:54.190000+00:00,2021-10-20T18:09:38.786Z,30.924,78.56,42.6,4.4,mb,49.0,12.0,157.4,,0.81,earthquake,"24 km NNE of Uttark?shi, India",,,7.7
usp000dxba,2005-08-14 20:18:07.070000+00:00,2014-11-07T01:26:49.073Z,13.244,92.544,30.0,4.8,mb,59.0,22.0,71.6,,1.17,earthquake,"171 km N of Bamboo Flat, India",,,
usp000dxa6,2005-08-14 06:33:32.500000+00:00,2021-10-20T18:09:27.231Z,17.398,74.118,35.0,4.4,mb,16.0,2.0,222.7,,0.99,earthquake,"13 km NNW of Kar?d, India",,,
usp000dx6p,2005-08-12 12:13:28.280000+00:00,2014-11-07T01:26:48.468Z,9.952,91.328,30.0,4.0,mb,7.0,3.0,177.4,,0.89,earthquake,"244 km SW of Port Blair, India",,,
usp000dx0p,2005-08-09 15:16:10.880000+00:00,2014-11-07T01:26:47.686Z,13.787,93.457,30.0,4.7,mb,25.0,4.0,71.8,,0.59,earthquake,"244 km NNE of Bamboo Flat, India",,,
usp000dwzv,2005-08-09 05:05:44.770000+00:00,2014-11-07T01:26:47.462Z,13.19,92.183,30.0,4.1,mb,8.0,2.0,207.3,,1.09,earthquake,"174 km NNW of Bamboo Flat, India",,,
usp000dwtn,2005-08-06 11:49:35.660000+00:00,2014-11-07T01:26:45.151Z,8.132,92.422,30.0,4.5,mb,12.0,1.0,134.4,,1.23,earthquake,"Nicobar Islands, India region",,,
usp000dwrh,2005-08-05 16:31:03.700000+00:00,2014-11-07T01:26:44.739Z,6.737,92.704,30.0,4.4,mb,18.0,2.0,99.7,,0.5,earthquake,"Nicobar Islands, India region",,,
usp000dwqg,2005-08-05 06:12:25.220000+00:00,2014-11-07T01:26:44.330Z,10.762,91.448,28.9,4.7,mb,40.0,17.0,64.3,,1.38,earthquake,"173 km SW of Bamboo Flat, India",,,26.1
usp000dwmk,2005-08-04 03:09:01.460000+00:00,2014-11-07T01:26:43.587Z,12.857,91.799,30.0,4.5,mb,18.0,6.0,104.2,,0.72,earthquake,"Andaman Islands, India region",,,
usp000dwm0,2005-08-03 23:43:47.150000+00:00,2025-12-19T23:25:47.696Z,6.725,92.667,5.1,5.4,mwb,236.0,,47.5,,1.11,earthquake,"Nicobar Islands, India region",,,22.2
usp000dwjf,2005-08-03 07:33:10.630000+00:00,2014-11-07T01:26:42.970Z,11.429,92.775,30.0,4.7,mb,23.0,4.0,177.0,,0.89,earthquake,"26 km S of Port Blair, India",,,
usp000dwjd,2005-08-03 07:20:23.050000+00:00,2014-11-07T01:26:42.963Z,7.201,92.164,36.1,4.4,mb,13.0,3.0,109.6,,0.47,earthquake,"Nicobar Islands, India region",,,
usp000dwh3,2005-08-02 16:23:47.140000+00:00,2014-11-07T01:26:42.568Z,9.004,92.28,30.0,4.3,mb,21.0,5.0,92.7,,0.89,earthquake,"298 km S of Port Blair, India",,,
usp000dwh2,2005-08-02 16:18:49.190000+00:00,2014-11-07T01:26:42.564Z,8.247,92.477,30.0,4.2,mb,10.0,3.0,186.2,,1.25,earthquake,"Nicobar Islands, India region",,,
usp000dwgb,2005-08-02 07:09:30.850000+00:00,2014-11-07T01:26:42.060Z,9.283,92.993,30.0,4.0,mb,6.0,1.0,215.8,,0.54,earthquake,"264 km S of Port Blair, India",,,
usp000dwda,2005-07-31 19:29:57.550000+00:00,2014-11-07T01:26:37.785Z,13.875,93.216,30.0,4.8,mb,95.0,33.0,43.7,,0.72,earthquake,"246 km NNE of Bamboo Flat, India",,,
usp000dwax,2005-07-30 23:46:01.860000+00:00,2014-11-07T01:26:36.601Z,13.031,93.351,51.9,4.4,mb,31.0,7.0,70.1,,0.72,earthquake,"162 km NNE of Bamboo Flat, India",,,
usp000dwa4,2005-07-30 12:24:38.280000+00:00,2025-12-19T23:22:33.449Z,8.016,91.958,30.0,5.1,mwc,121.0,,112.6,,0.72,earthquake,"Nicobar Islands, India region",,,
usp000dw9t,2005-07-30 09:26:05.140000+00:00,2014-11-07T01:26:36.200Z,10.864,91.602,30.0,4.6,mb,19.0,6.0,87.8,,1.11,earthquake,"152 km SW of Bamboo Flat, India",,,
usp000dw86,2005-07-29 21:46:20.740000+00:00,2014-11-07T01:26:36.013Z,10.84,93.091,30.0,4.6,mb,39.0,15.0,85.9,,0.97,earthquake,"98 km SSE of Port Blair, India",,,
usp000dw6r,2005-07-29 12:27:01.540000+00:00,2025-12-19T23:14:03.345Z,8.381,92.328,33.5,5.3,mwc,69.0,,49.7,,1.11,earthquake,"Nicobar Islands, India region",,,
usp000dw6j,2005-07-29 09:35:39.030000+00:00,2014-11-07T01:26:35.431Z,7.935,91.736,31.4,4.4,mb,20.0,6.0,83.2,,1.31,earthquake,"Nicobar Islands, India region",,,
usp000dw2f,2005-07-27 16:05:04.440000+00:00,2014-11-07T01:26:34.642Z,7.971,92.009,28.5,4.2,mb,14.0,2.0,110.5,,0.92,earthquake,"Nicobar Islands, India region",,,
usp000dw1f,2005-07-27 06:52:30.080000+00:00,2014-11-07T01:26:34.322Z,12.04,94.986,26.1,4.5,mb,27.0,10.0,78.7,,1.04,earthquake,"247 km E of Port Blair, India",,,
usp000dw0d,2005-07-26 20:59:04.580000+00:00,2014-11-07T01:26:34.163Z,11.427,92.229,23.8,4.8,mb,62.0,28.0,57.1,,0.78,earthquake,"61 km WSW of Bamboo Flat, India",,,
usp000dw08,2005-07-26 19:03:24.280000+00:00,2014-11-07T01:26:34.131Z,7.44,92.044,30.0,4.5,mb,9.0,3.0,181.5,,0.92,earthquake,"Nicobar Islands, India region",,,
usp000dw06,2005-07-26 18:27:05.300000+00:00,2014-11-07T01:26:34.127Z,23.273,91.406,38.1,4.0,mb,16.0,4.0,177.7,,1.16,earthquake,"5 km WNW of Belonia, India",,,27.4
usp000dvyk,2005-07-26 07:15:32.540000+00:00,2014-11-07T01:26:33.806Z,8.397,91.714,30.0,4.1,mb,15.0,4.0,178.4,,1.13,earthquake,"Nicobar Islands, India region",,,
usp000dvyd,2005-07-26 06:32:11.440000+00:00,2025-12-19T23:13:57.263Z,8.372,91.639,25.5,5.3,mwc,207.0,,36.3,,0.85,earthquake,"Nicobar Islands, India region",,,
usp000dvy6,2005-07-26 05:47:40.280000+00:00,2014-11-07T01:26:33.742Z,7.994,91.801,30.0,4.7,mb,18.0,4.0,101.8,,1.22,earthquake,"Nicobar Islands, India region",,,
usp000dvxn,2005-07-26 01:18:59.550000+00:00,2014-11-07T01:26:33.599Z,7.712,92.298,31.7,4.4,mb,20.0,2.0,119.2,,0.92,earthquake,"Nicobar Islands, India region",,,
usp000dvxm,2005-07-26 00:56:15.510000+00:00,2014-11-07T01:26:33.596Z,8.061,91.889,30.0,4.7,mb,40.0,14.0,175.8,,0.88,earthquake,"Nicobar Islands, India region",,,
usp000dvww,2005-07-25 17:51:35.050000+00:00,2014-11-07T01:26:33.403Z,8.226,92.894,14.9,4.3,mb,18.0,8.0,185.9,,1.29,earthquake,"Nicobar Islands, India region",,,
usp000dvwm,2005-07-25 15:10:43.060000+00:00,2014-11-07T01:26:33.290Z,7.713,92.225,30.0,4.4,mb,27.0,8.0,76.6,,0.78,earthquake,"Nicobar Islands, India region",,,
usp000dvwa,2005-07-25 12:43:46.450000+00:00,2025-12-19T23:25:46.580Z,8.02,93.002,30.9,5.2,mwc,42.0,,174.8,,0.95,earthquake,"Nicobar Islands, India region",,,
usp000dvw4,2005-07-25 11:07:15.140000+00:00,2014-11-07T01:26:33.249Z,7.816,91.905,31.1,4.4,mb,22.0,9.0,143.9,,0.49,earthquake,"Nicobar Islands, India region",,,
usp000dvvz,2005-07-25 09:24:01.360000+00:00,2014-11-07T01:26:33.232Z,7.827,92.12,42.6,4.2,mb,12.0,2.0,143.7,,0.86,earthquake,"Nicobar Islands, India region",,,23.7
usp000dvvv,2005-07-25 08:50:24.380000+00:00,2014-11-07T01:26:33.219Z,8.114,91.932,30.0,4.7,mb,44.0,13.0,51.2,,1.01,earthquake,"Nicobar Islands, India region",,,
usp000dvvu,2005-07-25 08:49:28.400000+00:00,2014-11-07T01:26:33.217Z,7.905,91.955,35.0,4.4,mb,20.0,5.0,97.0,,1.27,earthquake,"Nicobar Islands, India region",,,
usp000dvvs,2005-07-25 07:44:34.440000+00:00,2014-11-07T01:26:33.214Z,8.119,91.83,25.0,4.6,mb,9.0,2.0,138.7,,0.66,earthquake,"Nicobar Islands, India region",,,
usp000dvvh,2005-07-25 06:17:12.280000+00:00,2014-11-07T01:26:33.198Z,7.655,92.17,30.0,4.2,mb,10.0,2.0,144.7,,1.32,earthquake,"Nicobar Islands, India region",,,
usp000dvve,2005-07-25 05:10:02.050000+00:00,2014-11-07T01:26:33.194Z,7.98,91.855,30.0,4.5,mb,12.0,3.0,142.9,,1.12,earthquake,"Nicobar Islands, India region",,,
usp000dvv5,2005-07-25 03:26:17.600000+00:00,2022-05-02T17:16:05.107Z,8.123,91.926,31.3,5.6,mwc,250.0,,36.3,,1.12,earthquake,"Nicobar Islands, India region",,,
usp000dvuy,2005-07-25 02:17:15.570000+00:00,2025-12-19T23:13:55.058Z,7.791,92.01,30.0,5.0,mwc,163.0,,43.2,,0.9,earthquake,"Nicobar Islands, India region",,,
usp000dvuk,2005-07-24 23:06:10.020000+00:00,2014-11-07T01:26:33.058Z,7.6,92.016,37.7,4.2,mb,20.0,5.0,109.4,,0.8,earthquake,"Nicobar Islands, India region",,,11.9
usp000dvuj,2005-07-24 22:27:31.920000+00:00,2014-11-07T01:26:33.056Z,6.784,92.587,30.0,4.4,mb,17.0,4.0,85.9,,0.8,earthquake,"Nicobar Islands, India region",,,
usp000dvuf,2005-07-24 22:08:04.960000+00:00,2014-11-07T01:26:33.045Z,7.827,92.258,35.6,4.5,mb,28.0,6.0,77.3,,0.97,earthquake,"Nicobar Islands, India region",,,11.4
usp000dvue,2005-07-24 22:00:28.430000+00:00,2014-11-07T01:26:33.044Z,7.83,91.87,24.9,4.4,mb,15.0,5.0,139.9,,0.85,earthquake,"Nicobar Islands, India region",,,25.3
usp000dvuc,2005-07-24 21:29:17.440000+00:00,2014-11-07T01:26:33.039Z,7.977,91.827,29.4,4.6,mb,31.0,10.0,138.9,,0.97,earthquake,"Nicobar Islands, India region",,,
usp000dvua,2005-07-24 20:57:34.780000+00:00,2014-11-07T01:26:33.034Z,7.901,92.143,37.3,4.4,mb,27.0,6.0,62.8,,1.1,earthquake,"Nicobar Islands, India region",,,13.0
usp000dvu6,2005-07-24 19:39:03.750000+00:00,2014-11-07T01:26:33.026Z,8.009,91.805,9.7,4.6,mb,35.0,14.0,101.8,,1.13,earthquake,"Nicobar Islands, India region",,,28.7
usp000dvu5,2005-07-24 19:21:36.940000+00:00,2014-11-07T01:26:33.013Z,7.9,91.889,30.0,4.4,mb,33.0,11.0,135.1,,1.05,earthquake,"Nicobar Islands, India region",,,
usp000dvu1,2005-07-24 18:25:50.650000+00:00,2014-11-07T01:26:32.821Z,7.695,92.138,27.4,4.6,mb,20.0,8.0,101.1,,1.03,earthquake,"Nicobar Islands, India region",,,
usp000dvtw,2005-07-24 17:46:13.420000+00:00,2014-11-07T01:26:32.795Z,7.942,91.838,30.0,4.0,mb,12.0,4.0,187.1,,0.65,earthquake,"Nicobar Islands, India region",,,
usp000dvtv,2005-07-24 17:39:41.170000+00:00,2014-11-07T01:26:32.793Z,7.824,91.778,31.3,4.4,mb,13.0,6.0,187.3,,0.84,earthquake,"Nicobar Islands, India region",,,
usp000dvtu,2005-07-24 17:38:31.300000+00:00,2014-11-07T01:26:32.791Z,7.891,92.042,30.4,4.2,mb,11.0,3.0,138.9,,1.26,earthquake,"Nicobar Islands, India region",,,
usp000dvts,2005-07-24 17:28:23.470000+00:00,2014-11-07T01:26:32.778Z,8.026,91.958,30.3,4.9,mb,82.0,24.0,62.7,,0.92,earthquake,"Nicobar Islands, India region",,,
usp000dvtq,2005-07-24 17:18:47.630000+00:00,2014-11-07T01:26:32.774Z,7.65,92.33,27.9,4.1,mb,8.0,2.0,194.1,,1.42,earthquake,"Nicobar Islands, India region",,,
usp000dvtn,2005-07-24 17:10:05.790000+00:00,2014-11-07T01:26:32.764Z,8.067,92.011,29.2,4.8,mb,54.0,23.0,44.4,,1.05,earthquake,"Nicobar Islands, India region",,,
usp000dvtm,2005-07-24 16:55:58.830000+00:00,2014-11-07T01:26:32.763Z,7.68,92.108,30.1,4.2,mb,10.0,1.0,187.2,,0.78,earthquake,"Nicobar Islands, India region",,,
usp000dvtk,2005-07-24 16:48:04.200000+00:00,2014-11-07T01:26:32.761Z,7.784,91.824,30.0,4.3,mb,11.0,4.0,187.3,,1.06,earthquake,"Nicobar Islands, India region",,,
usp000dvtj,2005-07-24 16:45:21.110000+00:00,2014-11-07T01:26:32.760Z,7.707,91.966,30.0,4.1,mb,11.0,1.0,140.6,,0.58,earthquake,"Nicobar Islands, India region",,,
usp000dvth,2005-07-24 16:15:08.360000+00:00,2014-11-07T01:26:32.759Z,7.634,92.599,30.0,4.2,mb,9.0,1.0,176.5,,0.94,earthquake,"Nicobar Islands, India region",,,
usp000dvtg,2005-07-24 16:11:44.580000+00:00,2014-11-07T01:26:32.754Z,8.034,91.905,33.6,4.8,mb,46.0,13.0,58.3,,0.94,earthquake,"Nicobar Islands, India region",,,
usp000dvtf,2005-07-24 16:00:12.340000+00:00,2014-11-07T01:26:32.749Z,8.091,92.109,30.7,5.1,mb,44.0,17.0,75.6,,0.96,earthquake,"Nicobar Islands, India region",,,
usp000dvte,2005-07-24 15:54:33.980000+00:00,2014-11-07T01:26:32.738Z,8.064,91.816,19.5,5.1,mb,109.0,38.0,37.0,,1.09,earthquake,"Nicobar Islands, India region",,,
usp000dvtc,2005-07-24 15:42:06.210000+00:00,2022-07-14T15:22:28.618Z,7.92,92.19,16.0,7.2,mwc,636.0,,26.4,,0.93,earthquake,"Nicobar Islands, India region",,,
usp000dvr7,2005-07-23 10:16:30.720000+00:00,2014-11-07T01:26:31.991Z,12.744,93.292,44.5,4.5,mb,11.0,1.0,108.4,,0.43,earthquake,"131 km NNE of Bamboo Flat, India",,,60.1
usp000dvq3,2005-07-22 22:45:38.460000+00:00,2014-11-07T01:26:31.736Z,13.027,93.307,33.9,4.6,mb,85.0,36.0,77.9,,0.71,earthquake,"Andaman Islands, India region",,,12.1
usp000dvjs,2005-07-20 10:54:49.520000+00:00,2014-11-07T01:26:31.200Z,35.34,77.791,10.0,4.2,mb,22.0,4.0,145.5,,1.02,earthquake,"101 km ENE of Thang, India",,,
usp000dvdj,2005-07-17 22:06:38.790000+00:00,2014-11-07T01:26:30.586Z,7.575,92.179,30.0,4.1,mb,12.0,4.0,145.1,,1.32,earthquake,"Nicobar Islands, India region",,,
usp000dvcc,2005-07-17 06:12:40.710000+00:00,2014-11-07T01:26:30.436Z,26.413,93.388,26.1,4.8,mb,157.0,78.0,41.3,,0.81,earthquake,"32 km SW of Bok?kh?t, India",,,
usp000dvc5,2005-07-17 02:42:40.590000+00:00,2014-11-07T01:26:30.420Z,8.302,93.562,30.0,4.2,mb,19.0,8.0,158.3,,0.81,earthquake,"Nicobar Islands, India region",,,
usp000dva7,2005-07-16 06:25:20.750000+00:00,2014-11-07T01:26:30.202Z,8.687,92.37,30.0,4.3,mb,8.0,2.0,178.8,,0.37,earthquake,"Nicobar Islands, India region",,,
usp000dv9n,2005-07-16 00:11:18.080000+00:00,2014-11-07T01:26:30.116Z,12.76,93.442,30.0,4.2,mb,16.0,6.0,180.5,,0.86,earthquake,"141 km NE of Bamboo Flat, India",,,
usp000dv8g,2005-07-15 11:58:18.300000+00:00,2014-11-07T01:26:29.885Z,11.014,91.816,30.0,4.2,mb,19.0,7.0,90.9,,0.66,earthquake,"124 km SW of Bamboo Flat, India",,,
usp000dv68,2005-07-14 11:09:14.820000+00:00,2014-11-07T01:26:29.421Z,10.958,91.6,27.4,4.3,mb,14.0,4.0,118.6,,0.69,earthquake,"146 km SW of Bamboo Flat, India",,,
usp000dv3y,2005-07-13 08:40:39.440000+00:00,2014-11-07T01:26:29.049Z,8.527,92.258,43.0,4.8,mb,82.0,43.0,80.4,,0.77,earthquake,"Nicobar Islands, India region",,,
usp000dv38,2005-07-13 00:29:29.810000+00:00,2022-05-02T17:15:28.610Z,10.351,92.903,49.6,5.5,mwb,331.0,,45.3,,0.89,earthquake,"146 km S of Port Blair, India",,,
usp000duvv,2005-07-09 23:47:27.950000+00:00,2014-11-07T01:26:27.995Z,9.315,93.013,41.1,4.8,mb,87.0,47.0,74.9,,0.85,earthquake,"261 km S of Port Blair, India",,,
usp000duv2,2005-07-09 12:58:14.910000+00:00,2014-11-07T01:26:27.862Z,13.658,92.833,5.2,4.4,mb,34.0,16.0,72.1,,1.04,earthquake,"216 km N of Bamboo Flat, India",,,23.3
usp000duuy,2005-07-09 12:25:38.110000+00:00,2014-11-07T01:26:27.845Z,13.658,92.892,10.0,4.4,mb,37.0,12.0,82.5,,0.79,earthquake,"217 km N of Bamboo Flat, India",,,0.0
usp000duqm,2005-07-07 17:41:10.890000+00:00,2014-11-07T01:26:26.987Z,26.938,97.254,36.0,4.4,mb,29.0,10.0,70.5,,1.13,earthquake,"92 km NNE of Sarupathar, India",,,10.5
usp000dujm,2005-07-05 05:03:07.240000+00:00,2014-11-07T01:26:25.891Z,10.465,92.239,30.0,4.6,mb,8.0,2.0,218.2,,0.59,earthquake,"143 km SSW of Port Blair, India",,,
usp000duht,2005-07-04 20:29:42.360000+00:00,2014-11-07T01:26:25.695Z,10.257,93.481,30.0,4.4,mb,17.0,2.0,102.9,,0.72,earthquake,"175 km SSE of Port Blair, India",,,
usp000duhq,2005-07-04 19:44:05.760000+00:00,2014-11-07T01:26:25.680Z,32.729,76.312,20.0,4.8,mb,93.0,36.0,98.2,,0.83,earthquake,"25 km NE of Chamba, India",,,0.0
usp000duhe,2005-07-04 16:07:36.040000+00:00,2025-12-19T23:13:36.465Z,10.251,93.582,36.8,5.3,mwc,96.0,,50.5,,1.06,earthquake,"181 km SSE of Port Blair, India",,,
usp000dufx,2005-07-04 04:35:33.560000+00:00,2014-11-07T01:26:24.738Z,8.317,93.073,30.0,4.5,mb,15.0,7.0,155.3,,0.95,earthquake,"Nicobar Islands, India region",,,
usp000due9,2005-07-03 12:27:16.750000+00:00,2014-11-07T01:26:24.172Z,11.665,93.046,30.0,4.2,mb,7.0,1.0,185.5,,0.28,earthquake,"32 km E of Port Blair, India",,,
usp000ducs,2005-07-02 18:12:21.880000+00:00,2022-05-02T17:15:00.049Z,13.849,93.607,39.7,5.1,mwc,210.0,,42.4,,0.7,earthquake,"256 km NNE of Bamboo Flat, India",,,
usp000duck,2005-07-02 16:10:55.140000+00:00,2014-11-07T01:26:23.122Z,9.103,92.605,30.0,4.6,mb,24.0,7.0,158.5,,1.09,earthquake,"283 km S of Port Blair, India",,,
usp000duc5,2005-07-02 10:01:12.820000+00:00,2014-11-07T01:26:22.956Z,28.794,96.089,46.1,4.6,mb,23.0,3.0,100.0,,0.95,earthquake,"91 km NNW of Hayuliang, India",,,8.3
usp000duah,2005-07-01 15:11:26.240000+00:00,2014-11-07T01:26:21.763Z,7.563,91.657,30.0,4.0,mb,6.0,2.0,218.2,,0.27,earthquake,"Nicobar Islands, India region",,,
usp000du8n,2005-06-30 18:43:10.140000+00:00,2014-11-07T01:26:18.731Z,7.492,91.749,30.0,4.2,mb,11.0,3.0,145.8,,1.14,earthquake,"Nicobar Islands, India region",,,
usp000du8b,2005-06-30 16:02:33.140000+00:00,2016-11-10T01:07:57.272Z,7.743,91.958,30.0,4.9,mwc,47.0,,101.4,,0.88,earthquake,"Nicobar Islands, India region",,,
usp000du37,2005-06-28 13:53:12.140000+00:00,2014-11-07T01:26:18.160Z,6.034,92.688,30.0,4.5,mb,17.0,3.0,179.6,,1.05,earthquake,"Nicobar Islands, India region",,,
usp000du2m,2005-06-28 06:41:08.040000+00:00,2014-11-07T01:26:18.124Z,12.147,92.456,30.0,4.3,mb,23.0,8.0,183.1,,0.69,earthquake,"57 km NNW of Bamboo Flat, India",,,
usp000du2g,2005-06-28 05:22:07.930000+00:00,2014-11-07T01:26:18.104Z,10.643,92.03,30.0,4.5,mb,7.0,1.0,206.5,,0.29,earthquake,"137 km SW of Port Blair, India",,,
usp000dtxm,2005-06-26 05:03:43.050000+00:00,2014-11-07T01:26:17.551Z,11.988,95.008,30.0,4.3,mb,18.0,10.0,169.3,,1.2,earthquake,"249 km E of Port Blair, India",,,
usp000dtwx,2005-06-25 20:57:03.890000+00:00,2014-11-07T01:26:17.488Z,33.871,80.81,10.0,4.0,mb,16.0,6.0,93.9,,1.24,earthquake,"299 km E of Leh, India",,,0.0
usp000dtsv,2005-06-24 01:46:20.200000+00:00,2014-11-07T01:26:17.054Z,26.478,93.139,54.2,4.3,mb,55.0,22.0,89.9,,0.78,earthquake,"37 km ESE of Tezpur, India",,,5.2
usp000dtrv,2005-06-23 17:53:51.260000+00:00,2014-11-07T01:26:16.608Z,10.116,93.021,30.0,4.5,mb,19.0,7.0,137.2,,1.39,earthquake,"174 km S of Port Blair, India",,,
usp000dtp7,2005-06-22 15:00:55.820000+00:00,2014-11-07T01:26:16.308Z,11.755,92.811,55.2,4.2,mb,26.0,10.0,104.7,,0.92,earthquake,"11 km ENE of Bamboo Flat, India",,,15.9
usp000dtjx,2005-06-21 01:37:37.680000+00:00,2016-11-10T01:07:43.265Z,6.606,92.617,22.2,4.7,mwc,108.0,,141.5,,0.67,earthquake,"Nicobar Islands, India region",,,
usp000dtdj,2005-06-19 02:44:57.500000+00:00,2014-11-07T01:26:15.260Z,13.456,92.72,26.2,4.6,mb,10.0,1.0,184.1,,0.56,earthquake,"194 km N of Bamboo Flat, India",,,
usp000dtdg,2005-06-19 02:09:32.460000+00:00,2014-11-07T01:26:15.256Z,7.427,93.08,36.0,4.5,mb,19.0,6.0,141.4,,0.95,earthquake,"Nicobar Islands, India region",,,16.4
usp000dt7r,2005-06-17 00:11:18.920000+00:00,2014-11-07T01:26:14.389Z,11.043,94.805,30.0,4.3,mb,6.0,2.0,181.2,,1.22,earthquake,"235 km ESE of Port Blair, India",,,
usp000dt7j,2005-06-16 22:38:58.770000+00:00,2014-11-07T01:26:14.372Z,10.264,69.7,10.0,4.5,mb,58.0,29.0,104.0,,0.8,earthquake,Arabian Sea,,,
usp000dt71,2005-06-16 16:06:36.520000+00:00,2016-11-10T01:07:30.156Z,7.705,92.126,31.1,4.8,mwc,46.0,,77.5,,0.67,earthquake,"Nicobar Islands, India region",,,
usp000dt3t,2005-06-15 10:07:47.840000+00:00,2014-11-07T01:26:13.202Z,13.508,92.87,30.0,4.5,mb,25.0,10.0,82.6,,1.23,earthquake,"200 km N of Bamboo Flat, India",,,
usp000dt32,2005-06-15 06:15:22.370000+00:00,2014-11-07T01:26:13.139Z,12.21,92.348,30.0,4.5,mb,15.0,1.0,185.6,,1.0,earthquake,"69 km NW of Bamboo Flat, India",,,
usp000dsz4,2005-06-14 14:23:18.470000+00:00,2014-11-07T01:26:12.404Z,27.205,87.92,44.4,4.6,mb,48.0,10.0,70.4,,0.89,earthquake,"32 km WNW of Naya B?z?r, India",,,5.6
usp000dsye,2005-06-14 11:37:19.420000+00:00,2014-11-07T01:26:12.316Z,26.072,95.691,83.7,4.9,mb,49.0,15.0,54.9,,1.04,earthquake,"89 km ESE of Tuensang, India",,,7.4
usp000dsvd,2005-06-13 17:14:17.670000+00:00,2014-11-07T01:26:11.602Z,13.584,92.746,30.0,4.6,mb,29.0,10.0,181.3,,1.2,earthquake,"208 km N of Bamboo Flat, India",,,
usp000dsvb,2005-06-13 16:13:56.870000+00:00,2014-11-07T01:26:11.597Z,11.275,95.098,30.0,4.1,mb,19.0,5.0,172.4,,0.87,earthquake,"260 km E of Port Blair, India",,,
usp000dsum,2005-06-13 05:48:20.120000+00:00,2014-11-07T01:26:11.514Z,8.731,92.717,30.8,4.5,mb,25.0,12.0,264.7,,0.86,earthquake,"Nicobar Islands, India region",,,
usp000dstw,2005-06-12 20:22:59.770000+00:00,2014-11-07T01:26:11.240Z,10.428,91.699,25.1,4.0,mb,10.0,2.0,208.8,,0.89,earthquake,"178 km SW of Port Blair, India",,,
usp000dss2,2005-06-12 03:42:33.350000+00:00,2014-11-07T01:26:10.954Z,26.454,96.249,91.3,4.1,mb,21.0,2.0,105.2,,1.13,earthquake,"62 km WNW of Sarupathar, India",,,9.9
usp000dsq5,2005-06-11 04:46:47.210000+00:00,2014-11-07T01:26:10.239Z,12.217,94.696,18.1,4.7,mb,15.0,4.0,180.0,,0.68,earthquake,"220 km ENE of Port Blair, India",,,
usp000dsq4,2005-06-11 04:39:04.730000+00:00,2014-11-07T01:26:10.237Z,12.145,94.701,15.5,4.6,mb,17.0,4.0,180.1,,0.96,earthquake,"219 km ENE of Port Blair, India",,,
usp000dsmg,2005-06-10 01:29:10.540000+00:00,2014-11-07T01:26:09.903Z,8.291,93.535,30.0,4.2,mb,11.0,1.0,185.3,,1.19,earthquake,"Nicobar Islands, India region",,,
usp000dsk8,2005-06-09 12:40:26+00:00,2014-11-07T01:26:09.724Z,10.987,91.798,43.9,4.3,mb,19.0,8.0,118.7,,1.09,earthquake,"127 km SW of Bamboo Flat, India",,,24.5
usp000dshd,2005-06-08 16:25:31.050000+00:00,2014-11-07T01:26:09.534Z,7.566,91.764,46.3,4.2,mb,16.0,5.0,141.0,,0.85,earthquake,"Nicobar Islands, India region",,,14.1
usp000dsfn,2005-06-07 21:32:07.330000+00:00,2014-11-07T01:26:09.302Z,17.144,73.854,10.0,4.4,mb,17.0,5.0,103.5,,0.97,earthquake,"26 km S of P?tan, India",,,
usp000dsdp,2005-06-07 05:49:15.940000+00:00,2014-11-07T01:26:09.067Z,12.007,92.262,30.0,4.1,mb,17.0,6.0,178.2,,1.09,earthquake,"60 km NW of Bamboo Flat, India",,,
usp000dsdh,2005-06-07 05:03:19.150000+00:00,2014-11-07T01:26:09.047Z,12.697,93.155,30.0,4.5,mb,33.0,8.0,103.6,,0.84,earthquake,"120 km NNE of Bamboo Flat, India",,,
usp000dsd7,2005-06-07 03:27:07.530000+00:00,2016-11-10T01:07:07.009Z,12.318,94.861,30.0,4.8,mwc,121.0,,52.7,,0.61,earthquake,"241 km ENE of Port Blair, India",,,
usp000dsck,2005-06-06 22:01:44.790000+00:00,2014-11-07T01:26:08.908Z,9.487,92.845,30.0,4.5,mb,11.0,7.0,202.0,,1.41,earthquake,"241 km S of Port Blair, India",,,
usp000dsca,2005-06-06 18:30:36.730000+00:00,2014-11-07T01:26:08.847Z,8.115,91.916,37.2,4.4,mb,26.0,12.0,178.5,,0.61,earthquake,"Nicobar Islands, India region",,,
usp000ds6v,2005-06-04 13:55:15.610000+00:00,2014-11-07T01:26:05.927Z,11.683,92.319,30.0,4.4,mb,22.0,3.0,109.8,,1.24,earthquake,"43 km W of Bamboo Flat, India",,,
usp000ds10,2005-06-01 20:06:41.450000+00:00,2022-05-02T16:45:28.551Z,28.881,94.626,25.8,5.8,mwc,362.0,,35.9,,0.72,earthquake,"46 km NNE of Shi Yomi, India",,,
usp000ds0u,2005-06-01 18:55:49.060000+00:00,2014-11-07T01:26:03.925Z,6.526,92.439,30.0,4.2,mb,12.0,7.0,190.5,,0.66,earthquake,"Nicobar Islands, India region",,,
usp000drz0,2005-05-31 18:18:23.220000+00:00,2014-11-07T01:26:00.663Z,8.823,94.261,24.5,4.5,mb,19.0,9.0,107.1,,0.94,earthquake,"Nicobar Islands, India region",,,
usp000drxh,2005-05-31 00:33:30.510000+00:00,2014-11-07T01:25:59.985Z,10.007,91.462,30.0,4.8,mb,33.0,22.0,103.5,,1.13,earthquake,"231 km SW of Port Blair, India",,,
usp000drv9,2005-05-29 23:27:58.540000+00:00,2014-11-07T01:25:59.336Z,9.526,92.788,30.0,4.6,mb,17.0,4.0,158.2,,0.99,earthquake,"236 km S of Port Blair, India",,,
usp000drtt,2005-05-29 13:45:44.350000+00:00,2014-11-07T01:25:59.154Z,12.739,92.688,29.6,4.2,mb,11.0,2.0,129.0,,0.66,earthquake,"114 km N of Bamboo Flat, India",,,
usp000drtf,2005-05-29 10:46:16.440000+00:00,2014-11-07T01:25:59.111Z,26.934,92.423,56.0,4.3,mb,9.0,1.0,170.2,,0.61,earthquake,"26 km NNW of Dhekiajuli, India",,,12.1
usp000drs7,2005-05-29 01:59:28.860000+00:00,2014-11-07T01:25:58.918Z,11.982,92.155,30.0,4.1,mb,20.0,8.0,180.5,,0.67,earthquake,"68 km WNW of Bamboo Flat, India",,,
usp000drqf,2005-05-28 04:36:34.050000+00:00,2014-11-07T01:25:58.765Z,12.291,94.709,30.0,4.1,mb,9.0,1.0,184.5,,0.75,earthquake,"Andaman Islands, India region",,,
usp000drpn,2005-05-27 18:31:13.360000+00:00,2014-11-07T01:25:58.689Z,13.011,92.519,30.0,4.2,mb,8.0,1.0,177.0,,0.63,earthquake,"146 km N of Bamboo Flat, India",,,
usp000drhz,2005-05-25 07:51:20.860000+00:00,2014-11-07T01:25:58.004Z,12.912,93.212,30.0,4.3,mb,28.0,8.0,176.5,,0.87,earthquake,"144 km NNE of Bamboo Flat, India",,,
usp000drhj,2005-05-25 01:40:21.600000+00:00,2014-11-07T01:25:57.972Z,13.653,92.889,32.7,4.2,mb,30.0,10.0,82.5,,0.78,earthquake,"216 km N of Bamboo Flat, India",,,
usp000drh7,2005-05-24 21:06:33.600000+00:00,2014-11-07T01:25:57.944Z,22.845,92.331,24.6,4.2,mb,18.0,2.0,167.5,,0.85,earthquake,"42 km W of Lunglei, India",,,17.1
usp000drf7,2005-05-23 22:07:53.020000+00:00,2014-11-07T01:25:57.730Z,8.216,91.614,30.0,4.0,mb,11.0,1.0,200.0,,0.99,earthquake,"Nicobar Islands, India region",,,
usp000drae,2005-05-21 21:36:48.750000+00:00,2014-11-07T01:25:57.026Z,7.515,92.69,30.0,4.3,mb,24.0,4.0,78.4,,0.72,earthquake,"Nicobar Islands, India region",,,
usp000dr96,2005-05-21 06:22:20.220000+00:00,2014-11-07T01:25:56.608Z,12.056,95.042,30.0,4.2,mb,9.0,4.0,184.4,,1.37,earthquake,"253 km E of Port Blair, India",,,
usp000dr4z,2005-05-19 05:43:30.790000+00:00,2014-11-07T01:25:55.972Z,35.632,78.375,97.6,4.2,mb,31.0,10.0,149.1,,0.97,earthquake,"163 km ENE of Thang, India",,,14.1
usp000dr18,2005-05-17 13:04:09.020000+00:00,2014-11-07T01:25:55.303Z,13.055,91.847,25.0,4.2,mb,9.0,2.0,176.8,,0.82,earthquake,"177 km NNW of Bamboo Flat, India",,,
usp000dr0q,2005-05-17 08:17:00.010000+00:00,2014-11-07T01:25:55.271Z,9.69,93.925,30.0,4.4,mb,15.0,4.0,167.9,,1.28,earthquake,"253 km SSE of Port Blair, India",,,
usp000dqz3,2005-05-16 16:03:23.980000+00:00,2014-11-07T01:25:55.115Z,9.894,92.031,30.0,4.2,mb,11.0,3.0,128.4,,1.02,earthquake,"211 km SSW of Port Blair, India",,,
usp000dqyq,2005-05-16 11:48:54.580000+00:00,2014-11-07T01:25:55.070Z,8.644,93.72,30.0,4.7,mb,15.0,2.0,93.4,,1.03,earthquake,"Nicobar Islands, India region",,,
usp000dqym,2005-05-16 10:33:55.960000+00:00,2014-11-07T01:25:55.057Z,10.084,92.482,30.0,4.4,mb,12.0,1.0,184.2,,0.73,earthquake,"177 km S of Port Blair, India",,,
usp000dqpm,2005-05-13 07:24:47.930000+00:00,2014-11-07T01:25:52.869Z,13.839,93.283,24.2,4.3,mb,19.0,3.0,174.3,,0.81,earthquake,"244 km NNE of Bamboo Flat, India",,,
usp000dqp1,2005-05-13 03:05:14.260000+00:00,2014-11-07T01:25:52.801Z,12.842,92.311,30.0,4.2,mb,11.0,2.0,176.6,,0.51,earthquake,"133 km NNW of Bamboo Flat, India",,,
usp000dqn9,2005-05-12 23:29:22.460000+00:00,2014-11-07T01:25:52.535Z,7.687,92.064,30.0,4.6,mb,45.0,10.0,104.8,,0.97,earthquake,"Nicobar Islands, India region",,,
usp000dqjb,2005-05-11 22:52:20.680000+00:00,2014-11-07T01:25:51.979Z,11.049,92.062,30.0,4.4,mb,14.0,4.0,179.4,,0.85,earthquake,"101 km SW of Port Blair, India",,,
usp000dqdx,2005-05-10 20:20:09.470000+00:00,2014-11-07T01:25:51.087Z,6.238,92.571,40.7,4.2,mb,9.0,2.0,183.9,,1.23,earthquake,"Nicobar Islands, India region",,,
usp000dqad,2005-05-09 17:38:01.280000+00:00,2014-11-07T01:25:50.700Z,10.72,92.055,27.4,4.0,mb,13.0,3.0,113.6,,1.01,earthquake,"129 km SW of Port Blair, India",,,
usp000dq91,2005-05-09 07:56:49.560000+00:00,2014-11-07T01:25:50.543Z,12.845,93.206,30.0,4.5,mb,11.0,1.0,185.1,,0.87,earthquake,"137 km NNE of Bamboo Flat, India",,,
usp000dq5r,2005-05-08 00:01:48.260000+00:00,2014-11-07T01:25:50.088Z,9.749,90.066,30.0,4.5,mb,10.0,2.0,200.1,,1.12,earthquake,"Nicobar Islands, India region",,,
usp000dq4a,2005-05-07 08:24:19.420000+00:00,2014-11-07T01:25:49.967Z,12.504,91.62,30.0,4.2,mb,15.0,1.0,177.7,,1.11,earthquake,"148 km NW of Bamboo Flat, India",,,
usp000dq3h,2005-05-07 01:47:46.160000+00:00,2014-11-07T01:25:49.871Z,9.925,92.82,35.1,4.4,mb,11.0,3.0,184.1,,0.85,earthquake,"192 km S of Port Blair, India",,,
usp000dq2b,2005-05-06 12:26:19.390000+00:00,2014-11-07T01:25:49.773Z,9.869,92.45,30.0,4.3,mb,9.0,2.0,187.7,,0.88,earthquake,"201 km S of Port Blair, India",,,
usp000dpwu,2005-05-04 12:40:53.160000+00:00,2014-11-07T01:25:49.059Z,9.217,91.802,47.4,4.3,mb,14.0,3.0,185.7,,0.81,earthquake,"289 km SSW of Port Blair, India",,,27.3
usp000dpw0,2005-05-04 02:32:41.250000+00:00,2025-12-19T23:14:50.010Z,9.291,91.688,19.8,5.3,mwb,273.0,,36.6,,0.76,earthquake,"287 km SSW of Port Blair, India",,,
usp000dptb,2005-05-03 00:38:57.730000+00:00,2014-11-07T01:25:48.156Z,25.764,91.059,33.6,4.3,mb,14.0,4.0,90.4,,1.65,earthquake,"34 km NW of Nongstoin, India",,,
usp000dpqm,2005-05-01 21:36:38.160000+00:00,2014-11-07T01:25:46.979Z,13.575,92.849,30.0,4.7,mb,47.0,9.0,69.3,,0.82,earthquake,"207 km N of Bamboo Flat, India",,,
usp000dpq3,2005-05-01 17:39:55.030000+00:00,2014-11-07T01:25:46.563Z,11.379,92.07,26.7,4.5,mb,15.0,2.0,165.5,,0.87,earthquake,"78 km WSW of Bamboo Flat, India",,,
usp000dppw,2005-05-01 14:56:48.600000+00:00,2014-11-07T01:25:46.501Z,9.06,92.706,30.0,4.2,mb,14.0,2.0,180.8,,1.32,earthquake,"288 km S of Port Blair, India",,,
usp000dpp1,2005-05-01 07:39:30.510000+00:00,2014-11-07T01:25:45.556Z,12.155,92.46,30.0,4.5,mb,15.0,1.0,185.5,,0.46,earthquake,"57 km NNW of Bamboo Flat, India",,,
usp000dpng,2005-05-01 03:57:55.310000+00:00,2014-11-07T01:25:45.199Z,9.048,92.121,30.0,4.2,mb,12.0,2.0,188.7,,0.4,earthquake,"297 km SSW of Port Blair, India",,,
usp000dpj3,2005-04-30 00:24:42.810000+00:00,2014-11-07T01:25:42.405Z,9.508,93.142,30.0,4.6,mb,44.0,13.0,75.1,,1.0,earthquake,"242 km S of Port Blair, India",,,
usp000dpf7,2005-04-28 21:17:51.800000+00:00,2014-11-07T01:25:42.120Z,7.287,92.056,30.0,4.4,mb,14.0,6.0,210.8,,1.12,earthquake,"Nicobar Islands, India region",,,
usp000dpf4,2005-04-28 20:12:48.980000+00:00,2014-11-07T01:25:42.111Z,7.305,92.068,30.0,4.5,mb,20.0,5.0,138.2,,0.69,earthquake,"Nicobar Islands, India region",,,
usp000dpey,2005-04-28 18:02:16.140000+00:00,2014-11-07T01:25:42.095Z,11.385,92.169,30.0,4.3,mb,10.0,1.0,175.7,,1.2,earthquake,"69 km WSW of Bamboo Flat, India",,,
usp000dpew,2005-04-28 16:45:12.990000+00:00,2014-11-07T01:25:42.092Z,8.652,92.292,32.1,4.5,mb,8.0,1.0,185.1,,0.49,earthquake,"Nicobar Islands, India region",,,
usp000dpcq,2005-04-27 14:04:44.280000+00:00,2016-11-10T01:05:30.587Z,8.686,93.713,36.1,4.9,mwc,71.0,,64.8,,0.91,earthquake,"Nicobar Islands, India region",,,
usp000dpbc,2005-04-27 02:15:35.310000+00:00,2014-11-07T01:25:41.601Z,8.703,92.349,39.3,4.5,mb,41.0,6.0,40.4,,1.12,earthquake,"Nicobar Islands, India region",,,
usp000dpan,2005-04-26 20:50:10.110000+00:00,2014-11-07T01:25:41.528Z,13.721,93.014,30.0,4.2,mb,17.0,4.0,173.2,,1.02,earthquake,"225 km N of Bamboo Flat, India",,,
usp000dp6y,2005-04-25 14:57:57.650000+00:00,2014-11-07T01:25:40.940Z,10.699,91.689,30.0,4.5,mb,9.0,4.0,118.5,,0.19,earthquake,"157 km SW of Port Blair, India",,,
usp000dp55,2005-04-24 19:57:07.650000+00:00,2014-11-07T01:25:40.518Z,12.897,93.064,30.0,4.3,mb,15.0,1.0,175.7,,0.43,earthquake,"137 km NNE of Bamboo Flat, India",,,
usp000dp2k,2005-04-23 18:49:36.980000+00:00,2014-11-07T01:25:39.855Z,12.923,92.403,30.0,4.5,mb,11.0,3.0,102.7,,1.03,earthquake,"139 km NNW of Bamboo Flat, India",,,
usp000dp1e,2005-04-23 05:19:07.720000+00:00,2014-11-07T01:25:39.712Z,8.93,93.679,30.0,4.7,mb,22.0,3.0,73.6,,1.08,earthquake,"Nicobar Islands, India region",,,
usp000dnys,2005-04-22 01:26:38.380000+00:00,2014-11-07T01:25:39.268Z,8.664,93.47,30.0,4.4,mb,13.0,1.0,122.8,,0.36,earthquake,"Nicobar Islands, India region",,,
usp000dnvp,2005-04-21 00:24:22.180000+00:00,2014-11-07T01:25:38.687Z,6.938,92.649,44.6,4.6,mb,13.0,5.0,116.3,,0.88,earthquake,"Nicobar Islands, India region",,,
usp000dntn,2005-04-20 07:47:49.500000+00:00,2014-11-07T01:25:38.506Z,10.922,92.586,30.0,4.5,mb,29.0,5.0,169.7,,0.96,earthquake,"84 km SSW of Port Blair, India",,,
usp000dnt4,2005-04-20 03:09:14.870000+00:00,2014-11-07T01:25:38.444Z,8.973,93.568,30.0,4.2,mb,12.0,1.0,99.9,,1.14,earthquake,"Nicobar Islands, India region",,,
usp000dnq5,2005-04-18 20:10:34.570000+00:00,2014-11-07T01:25:37.925Z,32.671,76.41,20.0,4.1,mb,20.0,4.0,107.7,,1.23,earthquake,"29 km ENE of Chamba, India",,,0.0
usp000dnq1,2005-04-18 18:33:56.450000+00:00,2014-11-07T01:25:37.884Z,10.726,91.547,22.3,4.0,mb,11.0,4.0,204.5,,0.72,earthquake,"167 km SW of Bamboo Flat, India",,,
usp000dnpn,2005-04-18 14:16:40.930000+00:00,2014-11-07T01:25:37.854Z,10.738,91.611,24.9,4.6,mb,25.0,5.0,73.2,,0.64,earthquake,"160 km SW of Bamboo Flat, India",,,
usp000dnny,2005-04-18 09:50:10.130000+00:00,2014-11-07T01:25:37.777Z,10.692,91.719,28.1,4.4,mb,19.0,5.0,103.0,,0.96,earthquake,"155 km SW of Port Blair, India",,,
usp000dnmt,2005-04-17 23:21:25.510000+00:00,2014-11-07T01:25:37.389Z,10.783,92.041,30.0,4.7,mb,20.0,4.0,176.2,,0.65,earthquake,"124 km SW of Port Blair, India",,,
usp000dnmm,2005-04-17 21:37:53.230000+00:00,2025-12-19T23:22:03.512Z,10.178,93.634,25.9,5.3,mwc,160.0,,49.2,,0.87,earthquake,"191 km SSE of Port Blair, India",,,
usp000dnkv,2005-04-17 17:09:47.720000+00:00,2014-11-07T01:25:37.215Z,13.845,93.156,29.4,4.7,mb,35.0,9.0,77.1,,1.04,earthquake,"242 km NNE of Bamboo Flat, India",,,17.4
usp000dnhp,2005-04-16 20:51:52+00:00,2014-11-07T01:25:36.888Z,12.244,92.743,30.0,4.5,mb,10.0,2.0,199.3,,1.2,earthquake,"60 km N of Bamboo Flat, India",,,
usp000dnha,2005-04-16 16:50:29.130000+00:00,2014-11-07T01:25:36.851Z,14.658,92.493,30.0,4.7,mb,13.0,2.0,201.8,,0.75,earthquake,"Andaman Islands, India region",,,
usp000dngm,2005-04-16 10:13:15.960000+00:00,2014-11-07T01:25:36.705Z,12.887,91.92,30.0,4.6,mb,19.0,4.0,177.4,,0.98,earthquake,"157 km NNW of Bamboo Flat, India",,,
usp000dnf3,2005-04-15 23:28:24.360000+00:00,2014-11-07T01:25:36.330Z,10.319,92.573,30.0,4.4,mb,9.0,2.0,187.2,,0.71,earthquake,"150 km S of Port Blair, India",,,
usp000dndv,2005-04-15 14:40:28.360000+00:00,2014-11-07T01:25:36.198Z,10.01,93.525,30.0,4.3,mb,32.0,12.0,96.4,,0.95,earthquake,"202 km SSE of Port Blair, India",,,
usp000dncv,2005-04-15 03:30:56.260000+00:00,2014-11-07T01:25:35.768Z,10.297,92.336,30.1,4.3,mb,31.0,9.0,84.7,,0.83,earthquake,"157 km SSW of Port Blair, India",,,
usp000dnbr,2005-04-14 18:44:28.870000+00:00,2014-11-07T01:25:35.667Z,8.248,93.571,30.0,4.3,mb,10.0,1.0,198.5,,0.99,earthquake,"Nicobar Islands, India region",,,
usp000dnbq,2005-04-14 18:43:12.840000+00:00,2014-11-07T01:25:35.665Z,8.405,93.703,30.0,4.2,mb,20.0,9.0,185.0,,0.94,earthquake,"Nicobar Islands, India region",,,
usp000dnae,2005-04-14 07:11:27.170000+00:00,2014-11-07T01:25:35.450Z,32.567,76.359,31.3,4.8,mb,56.0,15.0,96.6,,0.74,earthquake,"21 km E of Chamba, India",,,13.5
usp000dn7f,2005-04-13 02:47:51.620000+00:00,2014-11-07T01:25:34.567Z,8.892,93.171,30.0,4.2,mb,26.0,6.0,85.3,,1.15,earthquake,"Nicobar Islands, India region",,,
usp000dn7a,2005-04-13 01:43:13.860000+00:00,2014-11-07T01:25:34.545Z,13.405,92.737,30.0,4.3,mb,25.0,9.0,155.0,,1.24,earthquake,"188 km N of Bamboo Flat, India",,,
usp000dn5p,2005-04-12 13:05:58.860000+00:00,2014-11-07T01:25:34.405Z,10.473,92.753,30.0,4.1,mb,28.0,14.0,102.9,,1.08,earthquake,"131 km S of Port Blair, India",,,
usp000dn39,2005-04-11 20:32:18.160000+00:00,2014-11-07T01:25:34.018Z,11.582,92.644,30.0,4.1,mb,7.0,2.0,204.7,,0.66,earthquake,"14 km SW of Port Blair, India",,,
usp000dn2t,2005-04-11 18:38:38.600000+00:00,2014-11-07T01:25:33.960Z,13.695,92.91,30.0,4.3,mb,12.0,2.0,174.9,,0.33,earthquake,"221 km N of Bamboo Flat, India",,,
usp000dn18,2005-04-11 09:25:14.650000+00:00,2014-11-07T01:25:33.131Z,11.301,90.992,30.0,4.2,mb,21.0,11.0,186.9,,0.56,earthquake,"193 km WSW of Bamboo Flat, India",,,
usp000dmx3,2005-04-10 16:09:30.590000+00:00,2014-11-07T01:25:32.524Z,8.012,91.868,30.0,4.5,mb,35.0,12.0,108.6,,0.6,earthquake,"Nicobar Islands, India region",,,
usp000dmth,2005-04-10 08:14:44.580000+00:00,2014-11-07T01:25:31.954Z,8.184,91.776,30.0,4.6,mb,25.0,6.0,178.6,,0.7,earthquake,"Nicobar Islands, India region",,,
usp000dmte,2005-04-10 07:59:54.980000+00:00,2014-11-07T01:25:31.935Z,8.113,91.663,30.0,4.3,mb,8.0,1.0,210.3,,0.53,earthquake,"Nicobar Islands, India region",,,
usp000dmsp,2005-04-10 02:23:50.290000+00:00,2022-05-02T17:54:17.047Z,10.567,92.232,31.5,5.0,mwc,83.0,,51.6,,0.85,earthquake,"133 km SSW of Port Blair, India",,,
usp000dmpa,2005-04-09 01:36:15.280000+00:00,2014-11-07T01:25:31.504Z,10.69,91.296,30.0,4.2,mb,9.0,4.0,213.2,,1.02,earthquake,"191 km SW of Bamboo Flat, India",,,
usp000dmp4,2005-04-09 01:10:17.860000+00:00,2014-11-07T01:25:31.489Z,13.162,92.463,30.0,4.1,mb,16.0,2.0,176.0,,0.5,earthquake,"164 km N of Bamboo Flat, India",,,
usp000dmmq,2005-04-08 13:32:41.170000+00:00,2014-11-07T01:25:31.344Z,8.148,91.684,32.0,4.2,mb,13.0,4.0,178.6,,0.58,earthquake,"Nicobar Islands, India region",,,
usp000dmmn,2005-04-08 13:27:28.570000+00:00,2014-11-07T01:25:31.339Z,13.475,93.049,30.0,4.1,mb,16.0,5.0,176.1,,1.05,earthquake,"199 km N of Bamboo Flat, India",,,
usp000dmmk,2005-04-08 13:08:03.830000+00:00,2014-11-07T01:25:31.336Z,8.299,91.61,30.4,4.0,mb,13.0,2.0,178.6,,0.8,earthquake,"Nicobar Islands, India region",,,
usp000dmjj,2005-04-08 00:59:24.110000+00:00,2014-11-07T01:25:30.992Z,10.693,91.498,30.0,4.2,mb,14.0,6.0,207.9,,0.67,earthquake,"173 km SW of Bamboo Flat, India",,,
usp000dmd8,2005-04-06 07:17:52.890000+00:00,2014-11-07T01:25:29.856Z,10.235,91.58,34.7,4.8,mb,22.0,8.0,104.2,,0.85,earthquake,"203 km SW of Port Blair, India",,,22.6
usp000dmd7,2005-04-06 07:08:16.770000+00:00,2014-11-07T01:25:29.855Z,8.394,93.887,30.0,4.0,mb,10.0,5.0,220.3,,0.89,earthquake,"Nicobar Islands, India region",,,
usp000dmcy,2005-04-06 04:56:48.980000+00:00,2014-11-07T01:25:29.835Z,7.535,93.157,30.0,4.5,mb,26.0,9.0,194.3,,1.02,earthquake,"Nicobar Islands, India region",,,
usp000dmah,2005-04-05 10:21:51.530000+00:00,2014-11-07T01:25:29.556Z,34.516,74.812,40.1,4.0,mb,13.0,1.0,222.3,,0.57,earthquake,southwestern Kashmir,,,21.6
usp000dm7u,2005-04-04 15:12:24.730000+00:00,2014-11-07T01:25:29.207Z,14.704,93.47,25.3,4.5,mb,33.0,15.0,146.8,,1.05,earthquake,"Andaman Islands, India region",,,
usp000dm4g,2005-04-03 17:21:11.130000+00:00,2014-11-07T01:25:28.780Z,6.729,92.167,30.0,4.0,mb,9.0,2.0,190.5,,1.42,earthquake,"Nicobar Islands, India region",,,
usp000dm41,2005-04-03 14:42:49.360000+00:00,2025-12-19T23:21:41.887Z,9.776,93.661,25.0,5.2,mwc,218.0,,48.5,,0.83,earthquake,"231 km SSE of Port Blair, India",,,
usp000dky1,2005-04-01 19:21:51.830000+00:00,2014-11-07T01:25:26.875Z,13.108,92.72,29.5,4.8,mb,128.0,71.0,81.5,,0.76,earthquake,"155 km N of Bamboo Flat, India",,,
usp000dkx1,2005-04-01 14:11:45.500000+00:00,2014-11-07T01:25:26.458Z,13.123,92.704,29.7,4.6,mb,40.0,20.0,102.3,,0.95,earthquake,"157 km N of Bamboo Flat, India",,,
usp000dkqp,2005-03-31 00:20:34.420000+00:00,2014-11-07T01:25:22.540Z,10.896,92.798,30.0,4.6,mb,47.0,23.0,76.4,,0.76,earthquake,"85 km S of Port Blair, India",,,
usp000dkmx,2005-03-30 08:34:09.330000+00:00,2014-11-07T01:25:21.747Z,11.81,94.926,23.9,4.3,mb,13.0,7.0,176.1,,0.76,earthquake,"238 km E of Port Blair, India",,,
usp000dked,2005-03-29 04:26:42.350000+00:00,2014-11-07T01:25:20.944Z,9.965,93.895,27.8,4.6,mb,46.0,18.0,67.2,,1.35,earthquake,"226 km SSE of Port Blair, India",,,
usp000dkct,2005-03-29 00:19:00.800000+00:00,2014-11-07T01:25:20.769Z,9.712,93.567,30.0,4.4,mb,29.0,12.0,106.6,,1.13,earthquake,"234 km SSE of Port Blair, India",,,
usp000dk9p,2005-03-28 18:36:56.010000+00:00,2014-11-07T01:25:20.341Z,13.441,92.838,30.0,4.4,mb,12.0,1.0,116.7,,0.7,earthquake,"193 km N of Bamboo Flat, India",,,
usp000dk7z,2005-03-28 13:37:20.980000+00:00,2014-11-07T01:25:20.022Z,8.117,91.395,30.0,4.1,mb,13.0,4.0,185.9,,0.57,earthquake,"Nicobar Islands, India region",,,
usp000dk6f,2005-03-27 21:27:00.930000+00:00,2014-11-07T01:25:19.870Z,13.029,91.749,26.0,4.3,mb,29.0,14.0,104.0,,1.33,earthquake,"180 km NW of Bamboo Flat, India",,,
usp000dk5z,2005-03-27 15:09:47.320000+00:00,2014-11-07T01:25:19.828Z,10.852,92.143,30.0,4.1,mb,9.0,4.0,208.6,,0.99,earthquake,"111 km SW of Port Blair, India",,,
usp000dk5s,2005-03-27 13:04:08.020000+00:00,2014-11-07T01:25:19.805Z,10.622,91.276,26.7,4.5,mb,23.0,6.0,119.9,,0.59,earthquake,"197 km SW of Bamboo Flat, India",,,
usp000dk47,2005-03-26 20:32:13.420000+00:00,2016-11-10T01:03:24.491Z,28.259,87.926,70.7,4.7,mwc,159.0,,94.9,,0.73,earthquake,"101 km NW of Mangan, India",,,9.4
usp000dk36,2005-03-26 04:43:44.830000+00:00,2014-11-07T01:25:19.523Z,14.34,92.068,30.0,4.2,mb,7.0,3.0,209.1,,1.06,earthquake,"Andaman Islands, India region",,,
usp000dk2x,2005-03-26 03:58:33.720000+00:00,2014-11-07T01:25:19.497Z,7.326,91.431,30.0,4.3,mb,17.0,4.0,177.7,,0.84,earthquake,"Nicobar Islands, India region",,,
usp000dk2q,2005-03-26 02:02:45.300000+00:00,2014-11-07T01:25:19.445Z,6.403,92.56,30.0,4.2,mb,8.0,2.0,190.5,,1.25,earthquake,"Nicobar Islands, India region",,,
usp000dk2j,2005-03-26 01:13:52.600000+00:00,2014-11-07T01:25:19.431Z,12.724,93.139,30.0,4.5,mb,19.0,2.0,175.8,,0.91,earthquake,"122 km NNE of Bamboo Flat, India",,,
usp000dk2f,2005-03-26 00:56:34.670000+00:00,2014-11-07T01:25:19.425Z,16.822,73.276,10.0,4.3,ml,11.0,,189.1,,1.24,earthquake,"19 km S of Ratnagiri, India",,,
usp000dk2b,2005-03-26 00:03:27.680000+00:00,2014-11-07T01:25:19.418Z,12.914,93.295,50.3,4.3,mb,21.0,2.0,101.0,,0.64,earthquake,"148 km NNE of Bamboo Flat, India",,,
usp000dk17,2005-03-25 13:34:40.020000+00:00,2025-12-19T23:21:28.386Z,25.477,94.842,67.2,5.2,mwc,282.0,,34.9,,0.71,earthquake,"40 km ESE of Phek, India",,,
usp000dk09,2005-03-25 04:01:29.800000+00:00,2014-11-07T01:25:19.216Z,13.384,92.659,33.4,4.0,mb,9.0,3.0,176.5,,0.33,earthquake,"186 km N of Bamboo Flat, India",,,
usp000djwx,2005-03-23 20:30:07.920000+00:00,2014-11-07T01:25:18.228Z,10.295,92.887,30.0,4.2,mb,12.0,3.0,183.9,,0.89,earthquake,"152 km S of Port Blair, India",,,
usp000djvn,2005-03-23 09:17:06.020000+00:00,2022-05-02T17:50:56.020Z,12.312,92.568,30.0,5.2,mwc,84.0,,57.8,,0.96,earthquake,"69 km NNW of Bamboo Flat, India",,,
usp000djvc,2005-03-23 05:59:07.920000+00:00,2016-11-10T01:03:12.232Z,26.08,95.285,68.9,4.9,mwc,177.0,,49.7,,0.65,earthquake,"50 km ESE of Tuensang, India",,,
usp000djun,2005-03-22 23:44:17.710000+00:00,2014-11-07T01:25:17.901Z,8.697,93.545,30.0,4.1,mb,11.0,4.0,180.5,,0.84,earthquake,"Nicobar Islands, India region",,,
usp000djt2,2005-03-22 09:38:28.260000+00:00,2022-05-02T17:50:54.659Z,13.061,92.476,38.0,5.0,mwc,177.0,,51.7,,0.64,earthquake,"152 km N of Bamboo Flat, India",,,
usp000djru,2005-03-21 23:36:40.060000+00:00,2014-11-07T01:25:17.619Z,10.182,93.721,30.0,4.6,mb,43.0,10.0,67.6,,0.98,earthquake,"195 km SSE of Port Blair, India",,,
usp000djqp,2005-03-21 14:14:09.430000+00:00,2014-11-07T01:25:17.469Z,12.339,92.533,20.4,5.0,mb,87.0,42.0,51.3,,0.97,earthquake,"73 km NNW of Bamboo Flat, India",,,
usp000djn6,2005-03-20 18:17:53.770000+00:00,2014-11-07T01:25:17.055Z,7.326,92.285,30.0,4.1,mb,16.0,6.0,189.9,,0.9,earthquake,"Nicobar Islands, India region",,,
usp000djky,2005-03-20 03:33:36.330000+00:00,2014-11-07T01:25:16.781Z,11.555,92.37,30.7,4.4,mb,27.0,8.0,98.4,,0.82,earthquake,"41 km WSW of Bamboo Flat, India",,,
usp000djk7,2005-03-19 19:45:36.660000+00:00,2014-11-07T01:25:16.660Z,6.291,92.351,30.0,4.4,mb,19.0,6.0,179.7,,0.58,earthquake,"Nicobar Islands, India region",,,
usp000djk1,2005-03-19 18:41:51.520000+00:00,2014-11-07T01:25:16.646Z,10.975,92.257,30.0,4.1,mb,25.0,7.0,76.3,,1.21,earthquake,"93 km SW of Port Blair, India",,,
usp000djhg,2005-03-19 04:00:15.980000+00:00,2014-11-07T01:25:16.392Z,9.16,91.831,30.0,4.2,mb,8.0,2.0,181.5,,1.06,earthquake,"294 km SSW of Port Blair, India",,,
usp000djgg,2005-03-19 00:00:10.790000+00:00,2014-11-07T01:25:16.218Z,13.365,92.289,30.0,4.0,mb,9.0,2.0,176.8,,0.99,earthquake,"189 km NNW of Bamboo Flat, India",,,
usp000djcf,2005-03-17 05:28:48.230000+00:00,2014-11-07T01:25:15.243Z,10.27,93.796,30.0,4.5,mb,16.0,7.0,108.0,,0.88,earthquake,"192 km SE of Port Blair, India",,,
usp000djb6,2005-03-16 18:16:08.080000+00:00,2014-11-07T01:25:15.088Z,9.52,93.254,30.0,4.4,mb,21.0,8.0,126.6,,0.83,earthquake,"243 km SSE of Port Blair, India",,,
usp000djay,2005-03-16 14:56:28.330000+00:00,2014-11-07T01:25:15.056Z,8.141,92.001,29.8,4.2,mb,9.0,3.0,189.5,,1.22,earthquake,"Nicobar Islands, India region",,,
usp000djak,2005-03-16 09:26:04.970000+00:00,2014-11-07T01:25:14.921Z,11.043,92.192,23.5,4.8,mb,19.0,7.0,183.8,,0.92,earthquake,"91 km SW of Port Blair, India",,,
usp000djac,2005-03-16 05:44:22.180000+00:00,2014-11-07T01:25:14.869Z,8.608,93.689,30.0,4.3,mb,14.0,6.0,168.8,,0.91,earthquake,"Nicobar Islands, India region",,,
usp000dj8a,2005-03-15 05:48:11.700000+00:00,2014-11-07T01:25:14.631Z,8.641,93.871,30.0,4.4,mb,19.0,5.0,192.2,,1.1,earthquake,"Nicobar Islands, India region",,,
usp000dj88,2005-03-15 05:25:56.360000+00:00,2014-11-07T01:25:14.628Z,8.721,93.678,30.0,4.4,mb,14.0,4.0,192.3,,0.9,earthquake,"Nicobar Islands, India region",,,
usp000dj82,2005-03-15 02:07:06.830000+00:00,2021-10-20T18:08:54.304Z,17.072,73.668,10.0,4.3,mb,14.0,6.0,198.2,,1.11,earthquake,"Maharashtra, India",,,
usp000dj7k,2005-03-14 21:49:04.280000+00:00,2014-11-07T01:25:14.523Z,12.178,92.399,30.0,4.7,mb,58.0,24.0,102.6,,0.97,earthquake,"63 km NNW of Bamboo Flat, India",,,
usp000dj6d,2005-03-14 09:43:49.120000+00:00,2024-06-16T05:45:03.193Z,17.145,73.73,10.0,4.9,mwc,98.0,,86.2,,0.96,earthquake,"28 km ESE of M?khjan, India",,,
usp000dj5z,2005-03-14 05:39:59.030000+00:00,2014-11-07T01:25:14.263Z,11.782,94.387,48.3,4.4,mb,20.0,2.0,108.7,,1.0,earthquake,"179 km E of Port Blair, India",,,23.0
usp000dj5s,2005-03-14 04:27:16.490000+00:00,2016-11-10T01:02:39.875Z,9.439,93.152,57.3,4.9,mwc,80.0,,72.4,,0.89,earthquake,"250 km S of Port Blair, India",,,
usp000dj5q,2005-03-14 04:04:09.320000+00:00,2014-11-07T01:25:14.192Z,11.066,92.086,31.8,4.6,mb,43.0,18.0,87.8,,0.82,earthquake,"97 km SW of Port Blair, India",,,
usp000dj5p,2005-03-14 03:50:12+00:00,2014-11-07T01:25:14.190Z,11.852,94.681,48.9,4.6,mb,12.0,1.0,108.5,,1.2,earthquake,"211 km E of Port Blair, India",,,35.8
usp000dj4p,2005-03-13 20:33:41.390000+00:00,2014-11-07T01:25:14.012Z,11.626,94.032,30.0,4.2,mb,8.0,2.0,208.0,,0.81,earthquake,"140 km E of Port Blair, India",,,
usp000dj4m,2005-03-13 20:23:12.940000+00:00,2014-11-07T01:25:14.008Z,11.834,94.38,32.3,4.2,mb,15.0,5.0,108.0,,0.71,earthquake,"179 km E of Port Blair, India",,,43.9
usp000dj40,2005-03-13 13:18:43.100000+00:00,2014-11-07T01:25:13.918Z,10.143,91.768,49.2,4.3,mb,16.0,4.0,86.3,,0.68,earthquake,"199 km SSW of Port Blair, India",,,20.7
usp000dj3r,2005-03-13 11:00:02.800000+00:00,2014-11-07T01:25:13.895Z,10.628,92.13,21.1,4.5,mb,23.0,11.0,86.6,,0.82,earthquake,"133 km SSW of Port Blair, India",,,
usp000dj3k,2005-03-13 09:36:36.470000+00:00,2014-11-07T01:25:13.885Z,12.335,92.392,30.0,4.2,mb,15.0,3.0,107.4,,1.21,earthquake,"78 km NNW of Bamboo Flat, India",,,
usp000dj34,2005-03-13 02:18:43.780000+00:00,2016-11-10T01:02:36.363Z,11.582,93.019,71.9,4.8,mwc,178.0,,52.6,,0.74,earthquake,"31 km ESE of Port Blair, India",,,7.1
usp000dj2v,2005-03-12 22:43:32.710000+00:00,2025-12-19T23:21:06.596Z,9.735,91.634,30.0,5.2,mwc,96.0,,52.9,,0.8,earthquake,"245 km SSW of Port Blair, India",,,
usp000dj2k,2005-03-12 17:30:02.310000+00:00,2014-11-07T01:25:13.679Z,9.676,91.789,30.0,4.1,mb,12.0,5.0,208.7,,1.03,earthquake,"243 km SSW of Port Blair, India",,,
usp000dj2g,2005-03-12 16:09:05.010000+00:00,2014-11-07T01:25:13.661Z,10.707,92.057,30.0,4.5,mb,11.0,3.0,198.3,,0.54,earthquake,"130 km SW of Port Blair, India",,,
usp000dj25,2005-03-12 12:42:25.100000+00:00,2014-11-07T01:25:13.619Z,10.771,92.233,30.0,4.0,mb,8.0,3.0,208.5,,1.16,earthquake,"113 km SSW of Port Blair, India",,,
usp000dj1h,2005-03-12 05:33:49.710000+00:00,2014-11-07T01:25:13.546Z,10.604,91.528,30.0,4.6,mb,11.0,3.0,127.3,,0.92,earthquake,"177 km SW of Port Blair, India",,,
usp000dj1c,2005-03-12 04:59:26.040000+00:00,2014-11-07T01:25:13.534Z,14.246,92.152,30.0,4.0,mb,6.0,2.0,203.0,,1.28,earthquake,"288 km NNW of Bamboo Flat, India",,,
usp000dj1b,2005-03-12 04:50:51.130000+00:00,2016-11-10T01:02:33.725Z,9.4,93.059,30.0,4.8,mwc,71.0,,98.7,,0.81,earthquake,"252 km S of Port Blair, India",,,
usp000dj0w,2005-03-12 01:11:30.700000+00:00,2014-11-07T01:25:13.485Z,9.456,93.362,30.0,4.0,mb,7.0,2.0,206.2,,0.38,earthquake,"253 km SSE of Port Blair, India",,,
usp000dj0e,2005-03-11 20:08:50.010000+00:00,2014-11-07T01:25:13.452Z,7.166,92.265,30.0,4.6,mb,10.0,2.0,204.3,,0.99,earthquake,"Nicobar Islands, India region",,,
usp000dhyb,2005-03-10 19:50:40.870000+00:00,2014-11-07T01:25:13.196Z,9.886,94.572,30.0,4.0,mb,11.0,3.0,199.8,,1.28,earthquake,"280 km SE of Port Blair, India",,,
usp000dhy6,2005-03-10 18:08:19.130000+00:00,2014-11-07T01:25:13.182Z,9.068,92.706,30.0,4.0,mb,16.0,8.0,188.3,,1.49,earthquake,"287 km S of Port Blair, India",,,
usp000dhut,2005-03-09 06:19:50.530000+00:00,2014-11-07T01:25:12.735Z,9.655,93.846,30.0,4.2,mb,11.0,2.0,93.3,,1.18,earthquake,"252 km SSE of Port Blair, India",,,
usp000dhs9,2005-03-07 21:32:32.570000+00:00,2016-11-10T01:02:26.107Z,9.311,91.834,35.4,4.7,mwc,50.0,,52.8,,0.88,earthquake,"278 km SSW of Port Blair, India",,,12.7
usp000dhqy,2005-03-07 10:04:27.330000+00:00,2014-11-07T01:25:12.199Z,10.646,93.491,30.0,4.6,mb,57.0,29.0,92.0,,0.86,earthquake,"139 km SE of Port Blair, India",,,
usp000dhng,2005-03-06 10:18:50.080000+00:00,2014-11-07T01:25:11.702Z,7.535,91.997,30.0,4.5,mb,18.0,11.0,194.4,,0.71,earthquake,"Nicobar Islands, India region",,,
usp000dhk5,2005-03-05 13:17:29.060000+00:00,2014-11-07T01:25:11.180Z,10.225,93.659,30.0,4.8,mb,51.0,24.0,86.1,,0.93,earthquake,"188 km SSE of Port Blair, India",,,
usp000dhhx,2005-03-04 23:06:59.760000+00:00,2014-11-07T01:25:11.061Z,8.592,94.466,30.0,4.3,mb,9.0,2.0,189.7,,0.84,earthquake,"Nicobar Islands, India region",,,
usp000dhhk,2005-03-04 19:21:45.400000+00:00,2014-11-07T01:25:10.989Z,9.176,92.307,37.1,4.3,mb,12.0,4.0,173.3,,0.64,earthquake,"279 km S of Port Blair, India",,,
usp000dhh9,2005-03-04 16:16:38.020000+00:00,2014-11-07T01:25:10.846Z,8.309,93.397,30.0,4.2,mb,10.0,2.0,200.0,,0.28,earthquake,"Nicobar Islands, India region",,,
usp000dhgn,2005-03-04 10:33:04.620000+00:00,2014-11-07T01:25:10.736Z,10.827,91.732,27.1,4.6,mb,15.0,5.0,184.8,,1.04,earthquake,"144 km SW of Port Blair, India",,,
usp000dhfe,2005-03-04 01:30:18.780000+00:00,2014-11-07T01:25:10.568Z,10.917,92.335,30.0,4.3,mb,9.0,2.0,206.2,,0.67,earthquake,"94 km SSW of Port Blair, India",,,
usp000dhf1,2005-03-03 18:28:15.780000+00:00,2014-11-07T01:25:10.496Z,12.97,93.137,30.0,4.0,mb,18.0,6.0,195.1,,0.8,earthquake,"147 km NNE of Bamboo Flat, India",,,
usp000dhez,2005-03-03 18:11:32.100000+00:00,2014-11-07T01:25:10.488Z,14.595,92.237,30.0,4.3,mb,16.0,5.0,197.4,,1.15,earthquake,"Andaman Islands, India region",,,
usp000dhdq,2005-03-03 06:25:44.580000+00:00,2014-11-07T01:25:10.148Z,14.507,92.362,30.0,4.7,mb,31.0,12.0,173.0,,0.78,earthquake,"Andaman Islands, India region",,,
usp000dhbc,2005-03-02 04:34:32.140000+00:00,2014-11-07T01:25:09.318Z,9.202,93.886,22.7,4.3,mb,25.0,5.0,105.6,,1.14,earthquake,"299 km SSE of Port Blair, India",,,
usp000dhap,2005-03-01 22:22:06.690000+00:00,2014-11-07T01:25:08.945Z,8.593,93.557,23.9,4.8,mb,78.0,32.0,79.6,,0.93,earthquake,"Nicobar Islands, India region",,,
usp000dh9u,2005-03-01 14:20:50.940000+00:00,2014-11-07T01:25:08.574Z,13.701,92.691,30.0,4.0,mb,14.0,5.0,176.1,,1.02,earthquake,"221 km N of Bamboo Flat, India",,,
usp000dh9f,2005-03-01 12:02:20.390000+00:00,2014-11-07T01:25:08.482Z,11.783,92.201,31.5,4.3,mb,23.0,6.0,178.5,,0.56,earthquake,"56 km W of Bamboo Flat, India",,,
usp000dh7h,2005-02-28 20:50:26.160000+00:00,2014-11-07T01:25:05.599Z,8.427,93.298,30.0,4.4,mb,19.0,2.0,188.4,,0.8,earthquake,"Nicobar Islands, India region",,,
usp000dh75,2005-02-28 18:01:59.750000+00:00,2014-11-07T01:25:05.571Z,32.534,76.624,12.0,4.8,mb,79.0,36.0,106.3,,1.05,earthquake,"37 km W of Kyelang, India",,,16.9
usp000dh52,2005-02-28 04:36:24.210000+00:00,2014-11-07T01:25:05.119Z,9.965,91.522,29.6,4.7,mb,35.0,17.0,88.8,,0.61,earthquake,"230 km SW of Port Blair, India",,,
usp000dh4y,2005-02-28 03:37:07.760000+00:00,2014-11-07T01:25:05.101Z,9.885,91.588,30.0,4.5,mb,27.0,11.0,106.9,,0.89,earthquake,"234 km SSW of Port Blair, India",,,
usp000dh4h,2005-02-28 00:35:29.620000+00:00,2014-11-07T01:25:05.018Z,9.871,93.853,23.9,4.7,mb,71.0,21.0,77.3,,0.99,earthquake,"232 km SSE of Port Blair, India",,,
usp000dh3u,2005-02-27 18:32:14.240000+00:00,2014-11-07T01:25:04.886Z,25.371,91.553,24.9,4.2,mb,10.0,1.0,177.4,,0.63,earthquake,"16 km WNW of Cherrapunji, India",,,31.0
usp000dh3p,2005-02-27 16:38:29.020000+00:00,2014-11-07T01:25:04.875Z,13.946,92.981,30.0,4.4,mb,29.0,12.0,85.6,,1.19,earthquake,"250 km N of Bamboo Flat, India",,,
usp000dh3n,2005-02-27 16:14:46.360000+00:00,2014-11-07T01:25:04.874Z,12.846,93.167,30.0,4.3,mb,11.0,2.0,199.3,,0.73,earthquake,"135 km NNE of Bamboo Flat, India",,,
usp000dh3k,2005-02-27 15:31:59.150000+00:00,2014-11-07T01:25:04.867Z,10.038,91.567,30.0,4.7,mb,40.0,17.0,65.0,,0.84,earthquake,"221 km SW of Port Blair, India",,,
usp000dh3j,2005-02-27 15:28:48.790000+00:00,2014-11-07T01:25:04.850Z,8.354,93.659,30.0,4.1,mb,20.0,3.0,180.7,,0.88,earthquake,"Nicobar Islands, India region",,,
usp000dh2t,2005-02-27 07:13:13.490000+00:00,2014-11-07T01:25:04.602Z,13.302,92.527,32.4,4.1,mb,13.0,2.0,176.7,,1.13,earthquake,"178 km N of Bamboo Flat, India",,,
usp000dh1g,2005-02-26 20:04:20.610000+00:00,2014-11-07T01:25:04.236Z,10.804,91.813,30.0,4.3,mb,15.0,6.0,184.2,,0.97,earthquake,"139 km SW of Port Blair, India",,,
usp000dh14,2005-02-26 16:21:57.840000+00:00,2014-11-07T01:25:04.202Z,10.805,91.633,30.0,4.2,mb,26.0,7.0,119.4,,1.11,earthquake,"154 km SW of Bamboo Flat, India",,,
usp000dh0t,2005-02-26 14:33:51.710000+00:00,2014-11-07T01:25:04.183Z,5.694,92.468,30.0,4.7,mb,17.0,3.0,179.8,,1.12,earthquake,off the west coast of northern Sumatra,,,
usp000dh0s,2005-02-26 14:24:58.270000+00:00,2014-11-07T01:25:04.172Z,9.38,93.112,30.0,5.1,mb,112.0,41.0,58.4,,1.05,earthquake,"Nicobar Islands, India region",,,
usp000dh0r,2005-02-26 14:19:55.160000+00:00,2014-11-07T01:25:04.170Z,11.917,93.602,41.9,4.3,mb,10.0,3.0,185.5,,1.06,earthquake,"97 km ENE of Port Blair, India",,,39.2
usp000dh07,2005-02-26 09:59:00.020000+00:00,2014-11-07T01:25:03.896Z,11.954,92.183,3.7,4.5,mb,28.0,8.0,178.5,,0.59,earthquake,"64 km WNW of Bamboo Flat, India",,,24.6
usp000dgzp,2005-02-26 05:12:38.260000+00:00,2014-11-07T01:25:03.831Z,9.142,93.594,30.0,4.3,mb,18.0,3.0,116.5,,0.95,earthquake,"294 km SSE of Port Blair, India",,,
usp000dgzb,2005-02-26 03:02:34.840000+00:00,2014-11-07T01:25:03.810Z,13.741,92.908,30.0,4.0,mb,8.0,2.0,184.7,,0.84,earthquake,"226 km N of Bamboo Flat, India",,,
usp000dgz8,2005-02-26 01:42:19.910000+00:00,2014-11-07T01:25:03.802Z,7.709,91.447,30.0,4.3,mb,7.0,1.0,211.4,,0.67,earthquake,"Nicobar Islands, India region",,,
usp000dgxt,2005-02-25 13:30:07.960000+00:00,2014-11-07T01:25:03.538Z,7.734,94.17,24.2,5.1,mb,113.0,50.0,55.2,,0.98,earthquake,"Nicobar Islands, India region",,,
usp000dgx2,2005-02-25 04:49:20.100000+00:00,2014-11-07T01:25:03.448Z,14.054,93.302,30.0,4.1,mb,22.0,5.0,78.7,,0.74,earthquake,"268 km NNE of Bamboo Flat, India",,,
usp000dgwx,2005-02-25 02:46:08.760000+00:00,2014-11-07T01:25:03.439Z,10.056,93.402,30.0,4.0,mb,11.0,2.0,179.2,,0.49,earthquake,"191 km SSE of Port Blair, India",,,
usp000dgw0,2005-02-24 15:55:58.880000+00:00,2014-11-07T01:25:03.311Z,7.322,93.217,30.0,4.2,mb,17.0,4.0,200.9,,1.53,earthquake,"Nicobar Islands, India region",,,
usp000dgvy,2005-02-24 15:06:47.500000+00:00,2016-11-10T01:01:53.803Z,8.63,93.768,30.0,4.8,mwc,74.0,,80.8,,0.79,earthquake,"Nicobar Islands, India region",,,
usp000dgvx,2005-02-24 14:59:17.110000+00:00,2014-11-07T01:25:03.261Z,7.149,92.103,21.2,4.7,mb,28.0,7.0,179.2,,0.73,earthquake,"Nicobar Islands, India region",,,
usp000dgvm,2005-02-24 13:29:17.810000+00:00,2014-11-07T01:25:03.240Z,7.197,92.165,30.0,4.6,mb,24.0,7.0,186.0,,0.85,earthquake,"Nicobar Islands, India region",,,
usp000dgvc,2005-02-24 11:03:35.600000+00:00,2014-11-07T01:25:03.218Z,13.784,93.143,30.0,4.8,mb,63.0,25.0,94.0,,0.86,earthquake,"235 km NNE of Bamboo Flat, India",,,
usp000dgv6,2005-02-24 06:16:32.780000+00:00,2014-11-07T01:25:03.166Z,13.802,93.094,30.0,4.8,mb,61.0,23.0,142.5,,0.74,earthquake,"236 km N of Bamboo Flat, India",,,
usp000dgus,2005-02-24 02:13:06.470000+00:00,2014-11-07T01:25:03.098Z,8.539,90.446,30.0,4.4,mb,20.0,7.0,108.6,,1.27,earthquake,"Nicobar Islands, India region",,,
usp000dguc,2005-02-23 21:22:04.090000+00:00,2014-11-07T01:25:03.067Z,8.426,93.855,30.0,4.3,mb,17.0,4.0,133.1,,1.39,earthquake,"Nicobar Islands, India region",,,
usp000dgtf,2005-02-23 13:16:25.880000+00:00,2014-11-07T01:25:02.979Z,7.483,91.92,31.7,4.4,mb,12.0,2.0,190.1,,0.7,earthquake,"Nicobar Islands, India region",,,
usp000dgt1,2005-02-23 09:33:48.210000+00:00,2014-11-07T01:25:02.899Z,6.552,91.512,30.0,4.4,mb,10.0,4.0,110.0,,0.56,earthquake,"Nicobar Islands, India region",,,
usp000dgrk,2005-02-22 17:12:00.640000+00:00,2022-05-02T17:49:27.028Z,10.829,91.772,30.0,5.5,mwb,311.0,,27.6,,0.92,earthquake,"141 km SW of Port Blair, India",,,
usp000dgqt,2005-02-22 08:34:16.160000+00:00,2014-11-07T01:25:02.555Z,13.38,91.809,30.0,4.2,mb,15.0,6.0,177.2,,1.42,earthquake,"210 km NNW of Bamboo Flat, India",,,
usp000dgqr,2005-02-22 08:02:23.020000+00:00,2014-11-07T01:25:02.548Z,7.216,92.244,22.3,4.5,mb,25.0,8.0,131.2,,1.1,earthquake,"Nicobar Islands, India region",,,
usp000dgpj,2005-02-21 23:07:05.720000+00:00,2014-11-07T01:25:02.298Z,25.473,95.019,76.3,4.2,mb,26.0,5.0,86.8,,1.03,earthquake,"56 km ESE of Phek, India",,,9.4
usp000dgpc,2005-02-21 21:04:51.100000+00:00,2014-11-07T01:25:02.286Z,7.043,92.36,20.9,4.1,mb,19.0,5.0,183.2,,0.67,earthquake,"Nicobar Islands, India region",,,
usp000dgp3,2005-02-21 18:36:01.290000+00:00,2014-11-07T01:25:02.269Z,10.097,93.429,30.0,4.2,mb,11.0,2.0,179.2,,0.48,earthquake,"188 km SSE of Port Blair, India",,,
usp000dgn8,2005-02-21 11:07:26.940000+00:00,2014-11-07T01:25:02.207Z,6.875,92.303,24.2,4.6,mb,41.0,13.0,168.2,,0.7,earthquake,"Nicobar Islands, India region",,,
usp000dgme,2005-02-20 23:20:30.820000+00:00,2014-11-07T01:25:02.103Z,13.576,92.844,30.0,4.3,mb,21.0,7.0,176.1,,0.84,earthquake,"207 km N of Bamboo Flat, India",,,
usp000dgmd,2005-02-20 23:08:03.960000+00:00,2025-12-19T23:20:52.798Z,10.219,93.608,25.5,5.4,mwc,184.0,,45.3,,0.85,earthquake,"185 km SSE of Port Blair, India",,,
usp000dgk5,2005-02-20 11:43:42.350000+00:00,2016-11-10T01:01:42.679Z,11.405,92.214,32.7,4.8,mwc,100.0,,63.7,,0.78,earthquake,"63 km WSW of Bamboo Flat, India",,,
usp000dgdt,2005-02-18 05:53:52.040000+00:00,2014-11-07T01:25:00.907Z,13.324,91.569,24.0,4.6,mb,34.0,18.0,69.6,,1.15,earthquake,"218 km NW of Bamboo Flat, India",,,
usp000dgd3,2005-02-17 22:41:42.070000+00:00,2014-11-07T01:25:00.855Z,12.823,91.517,30.0,4.0,mb,12.0,4.0,112.6,,1.37,earthquake,"180 km NW of Bamboo Flat, India",,,
usp000dgcv,2005-02-17 20:13:21.930000+00:00,2014-11-07T01:25:00.821Z,13.086,92.245,30.0,4.3,mb,17.0,4.0,91.1,,0.44,earthquake,"161 km NNW of Bamboo Flat, India",,,
usp000dgby,2005-02-17 11:10:43.690000+00:00,2014-11-07T01:25:00.723Z,13.725,92.816,30.0,4.3,mb,28.0,7.0,103.1,,1.08,earthquake,"224 km N of Bamboo Flat, India",,,
usp000dg9v,2005-02-16 15:56:11.560000+00:00,2014-11-07T01:25:00.370Z,13.125,92.284,30.0,4.0,mb,11.0,2.0,155.7,,0.83,earthquake,"164 km NNW of Bamboo Flat, India",,,
usp000dg9r,2005-02-16 14:33:25.970000+00:00,2014-11-07T01:25:00.356Z,9.753,93.595,45.2,4.8,mb,72.0,26.0,71.1,,1.15,earthquake,"231 km SSE of Port Blair, India",,,10.5
usp000dg9n,2005-02-16 13:03:29.390000+00:00,2014-11-07T01:25:00.348Z,8.375,93.881,30.0,4.5,mb,22.0,7.0,237.6,,1.43,earthquake,"Nicobar Islands, India region",,,
usp000dg8w,2005-02-16 07:05:50.930000+00:00,2014-11-07T01:25:00.212Z,9.006,93.519,30.0,4.3,mb,11.0,1.0,172.8,,0.97,earthquake,"Nicobar Islands, India region",,,
usp000dg8v,2005-02-16 06:36:41.670000+00:00,2014-11-07T01:25:00.209Z,13.658,92.756,30.0,4.4,mb,32.0,8.0,77.9,,1.13,earthquake,"216 km N of Bamboo Flat, India",,,
usp000dg89,2005-02-16 00:16:04.180000+00:00,2014-11-07T01:25:00.150Z,13.595,92.958,30.0,4.4,mb,18.0,5.0,101.2,,0.93,earthquake,"211 km N of Bamboo Flat, India",,,
usp000dg83,2005-02-15 22:23:04.230000+00:00,2014-11-07T01:25:00.137Z,8.833,93.932,30.0,4.1,mb,11.0,2.0,99.6,,1.23,earthquake,"Nicobar Islands, India region",,,
usp000dg7z,2005-02-15 21:48:38.440000+00:00,2014-11-07T01:25:00.130Z,31.85,74.991,50.4,4.2,mb,19.0,2.0,170.4,,0.52,earthquake,"3 km ESE of Fatehgarh Ch?ri?n, India",,,9.3
usp000dg7w,2005-02-15 20:42:55.290000+00:00,2014-11-07T01:25:00.119Z,8.693,93.976,30.0,4.2,mb,22.0,6.0,94.0,,1.22,earthquake,"Nicobar Islands, India region",,,
usp000dg7v,2005-02-15 20:20:43.220000+00:00,2014-11-07T01:25:00.109Z,8.769,93.908,30.0,4.7,mb,74.0,26.0,75.4,,0.97,earthquake,"Nicobar Islands, India region",,,
usp000dg7u,2005-02-15 20:08:42.470000+00:00,2014-11-07T01:25:00.098Z,8.778,93.863,30.0,4.9,mb,114.0,52.0,59.1,,0.95,earthquake,"Nicobar Islands, India region",,,
usp000dg6x,2005-02-15 13:05:49.840000+00:00,2025-12-19T22:38:38.621Z,24.428,94.537,69.7,5.2,mwc,199.0,,61.4,,0.9,earthquake,"51 km ESE of W?ngjing, India",,,
usp000dg6k,2005-02-15 11:15:11.700000+00:00,2022-05-02T17:48:33.065Z,24.55,92.524,35.2,5.0,mwc,71.0,,43.1,,0.76,earthquake,"9 km W of L?la, India",,,4.8
usp000dg5v,2005-02-15 02:32:03.850000+00:00,2014-11-07T01:24:59.800Z,13.47,92.946,28.8,4.6,mb,11.0,1.0,182.1,,0.56,earthquake,"197 km N of Bamboo Flat, India",,,
usp000dg4v,2005-02-14 17:19:56.340000+00:00,2014-11-07T01:24:59.602Z,12.911,91.697,23.4,4.6,mb,36.0,12.0,58.4,,1.07,earthquake,"173 km NW of Bamboo Flat, India",,,
usp000dg4r,2005-02-14 16:15:25.660000+00:00,2014-11-07T01:24:59.548Z,7.656,92.257,34.5,4.7,mb,37.0,9.0,106.3,,0.94,earthquake,"Nicobar Islands, India region",,,
usp000dg4q,2005-02-14 16:04:52.610000+00:00,2014-11-07T01:24:59.545Z,12.934,91.519,24.3,4.2,mb,26.0,9.0,177.3,,1.33,earthquake,"188 km NW of Bamboo Flat, India",,,
usp000dg4n,2005-02-14 15:30:16.100000+00:00,2014-11-07T01:24:59.539Z,6.91,91.342,19.8,4.6,mb,27.0,7.0,126.5,,0.77,earthquake,"Nicobar Islands, India region",,,23.3
usp000dg3s,2005-02-14 07:19:53.140000+00:00,2014-11-07T01:24:59.440Z,14.528,92.074,28.1,4.3,mb,14.0,4.0,198.1,,1.38,earthquake,"Andaman Islands, India region",,,
usp000dg3g,2005-02-14 05:02:56.010000+00:00,2014-11-07T01:24:59.414Z,13.123,92.49,30.0,4.4,mb,6.0,1.0,176.9,,0.41,earthquake,"159 km N of Bamboo Flat, India",,,
usp000dg3b,2005-02-14 02:50:23.930000+00:00,2014-11-07T01:24:59.390Z,13.818,92.972,30.0,4.6,mb,36.0,14.0,105.6,,1.27,earthquake,"235 km N of Bamboo Flat, India",,,
usp000dg1k,2005-02-13 10:23:51.170000+00:00,2014-11-07T01:24:59.229Z,13.01,93.222,50.1,4.6,mb,82.0,32.0,83.6,,0.84,earthquake,"154 km NNE of Bamboo Flat, India",,,
usp000dg0g,2005-02-12 22:04:22.460000+00:00,2014-11-07T01:24:59.056Z,8.579,94.148,30.0,4.2,mb,11.0,1.0,109.9,,0.86,earthquake,"Nicobar Islands, India region",,,
usp000dfxr,2005-02-11 18:33:27.320000+00:00,2014-11-07T01:24:58.709Z,13.929,93.048,30.0,4.4,mb,18.0,3.0,175.6,,1.1,earthquake,"249 km N of Bamboo Flat, India",,,
usp000dfwy,2005-02-11 09:29:00.070000+00:00,2014-11-07T01:24:58.341Z,8.427,93.59,30.0,4.3,mb,11.0,2.0,192.6,,1.1,earthquake,"Nicobar Islands, India region",,,
usp000dfwm,2005-02-11 05:14:19.910000+00:00,2014-11-07T01:24:58.251Z,10.653,93.281,30.0,4.3,mb,11.0,2.0,186.7,,0.26,earthquake,"126 km SSE of Port Blair, India",,,
usp000dfuc,2005-02-10 05:43:32.900000+00:00,2014-11-07T01:24:57.935Z,8.706,93.842,30.0,4.4,mb,22.0,11.0,93.7,,0.69,earthquake,"Nicobar Islands, India region",,,
usp000dfub,2005-02-10 05:27:17.340000+00:00,2014-11-07T01:24:57.932Z,8.888,94.016,30.0,4.6,mb,37.0,21.0,94.0,,0.94,earthquake,"Nicobar Islands, India region",,,
usp000dfu2,2005-02-10 03:21:03.830000+00:00,2014-11-07T01:24:57.898Z,8.379,93.289,30.0,4.2,mb,12.0,1.0,184.7,,1.0,earthquake,"Nicobar Islands, India region",,,
usp000dftw,2005-02-10 02:19:45.010000+00:00,2014-11-07T01:24:57.851Z,8.849,94.033,30.0,4.4,mb,30.0,12.0,94.1,,0.85,earthquake,"Nicobar Islands, India region",,,
usp000dftv,2005-02-10 02:15:51.050000+00:00,2014-11-07T01:24:57.849Z,8.923,94.0,30.0,4.0,mb,14.0,1.0,103.5,,0.71,earthquake,"Nicobar Islands, India region",,,
usp000dftu,2005-02-10 02:11:41.300000+00:00,2014-11-07T01:24:57.847Z,8.719,93.643,30.0,4.2,mb,14.0,2.0,109.3,,1.11,earthquake,"Nicobar Islands, India region",,,
usp000dftf,2005-02-09 23:12:31.790000+00:00,2014-11-07T01:24:57.809Z,14.565,92.422,25.0,4.5,mb,15.0,5.0,160.1,,0.88,earthquake,"Andaman Islands, India region",,,
usp000dftc,2005-02-09 21:45:44.950000+00:00,2014-11-07T01:24:57.804Z,10.768,93.368,45.5,4.2,mb,14.0,2.0,109.2,,0.5,earthquake,"120 km SE of Port Blair, India",,,23.1
usp000dft3,2005-02-09 18:37:13.270000+00:00,2014-11-07T01:24:57.721Z,14.626,92.67,30.0,4.5,mb,14.0,3.0,174.0,,0.95,earthquake,"Andaman Islands, India region",,,
usp000dfsr,2005-02-09 14:06:28.310000+00:00,2014-11-07T01:24:57.682Z,8.692,93.766,30.0,4.4,mb,25.0,8.0,109.4,,0.9,earthquake,"Nicobar Islands, India region",,,
usp000dfsj,2005-02-09 12:49:26.670000+00:00,2014-11-07T01:24:57.620Z,10.822,93.165,30.0,4.6,mb,9.0,1.0,282.1,,0.69,earthquake,"103 km SSE of Port Blair, India",,,
usp000dfrh,2005-02-09 02:45:57.780000+00:00,2025-12-19T23:20:37.188Z,6.801,92.618,25.1,5.1,mwc,224.0,,54.1,,0.75,earthquake,"Nicobar Islands, India region",,,
usp000dfre,2005-02-09 01:39:10.140000+00:00,2014-11-07T01:24:57.485Z,13.552,92.83,30.0,4.5,mb,30.0,11.0,173.4,,0.74,earthquake,"205 km N of Bamboo Flat, India",,,
usp000dfr2,2005-02-08 21:20:40.180000+00:00,2014-11-07T01:24:57.446Z,8.469,94.112,30.0,4.7,mb,39.0,27.0,86.0,,1.41,earthquake,"Nicobar Islands, India region",,,
usp000dfnv,2005-02-07 15:57:52.180000+00:00,2014-11-07T01:24:56.981Z,10.586,92.628,30.0,4.4,mb,6.0,4.0,210.4,,0.75,earthquake,"120 km S of Port Blair, India",,,
usp000dfnt,2005-02-07 14:28:21.820000+00:00,2014-11-07T01:24:56.977Z,13.755,92.974,30.0,4.3,mb,15.0,8.0,189.6,,0.95,earthquake,"229 km N of Bamboo Flat, India",,,
usp000dfn6,2005-02-07 01:26:56.390000+00:00,2014-11-07T01:24:56.879Z,13.424,92.835,54.5,4.2,mb,10.0,8.0,115.8,,1.23,earthquake,"191 km N of Bamboo Flat, India",,,17.5
usp000dfn0,2005-02-06 23:12:58.850000+00:00,2014-11-07T01:24:56.854Z,7.365,92.271,32.8,4.5,mb,29.0,17.0,108.4,,0.98,earthquake,"Nicobar Islands, India region",,,
usp000dfmz,2005-02-06 23:01:41.030000+00:00,2014-11-07T01:24:56.850Z,13.343,91.917,30.0,4.5,mb,31.0,22.0,86.5,,1.33,earthquake,"201 km NNW of Bamboo Flat, India",,,
usp000dfm5,2005-02-06 11:12:46.600000+00:00,2014-11-07T01:24:56.763Z,8.346,92.595,39.0,4.8,mb,42.0,21.0,89.0,,1.09,earthquake,"Nicobar Islands, India region",,,
usp000dfkq,2005-02-06 07:16:46.790000+00:00,2014-11-07T01:24:56.713Z,11.009,92.266,30.0,4.2,mb,10.0,5.0,170.7,,1.33,earthquake,"89 km SW of Port Blair, India",,,
usp000dfkf,2005-02-06 04:51:08.380000+00:00,2014-11-07T01:24:56.674Z,13.784,93.286,30.0,4.2,mb,10.0,4.0,186.5,,0.77,earthquake,"238 km NNE of Bamboo Flat, India",,,
usp000dfkd,2005-02-06 04:24:18.630000+00:00,2022-05-02T17:47:58.771Z,13.855,93.58,35.6,5.4,mwb,429.0,,49.5,,0.77,earthquake,"256 km NNE of Bamboo Flat, India",,,
usp000dfjy,2005-02-05 22:58:14.140000+00:00,2014-11-07T01:24:56.567Z,7.878,94.231,30.0,4.4,mb,27.0,20.0,97.5,,1.15,earthquake,"Nicobar Islands, India region",,,
usp000dfhr,2005-02-05 08:14:02.490000+00:00,2014-11-07T01:24:56.250Z,13.683,92.786,30.0,4.5,mb,14.0,4.0,106.3,,1.37,earthquake,"219 km N of Bamboo Flat, India",,,
usp000dfhh,2005-02-05 04:21:23.810000+00:00,2014-11-07T01:24:56.149Z,9.971,92.943,30.0,4.6,mb,27.0,14.0,93.8,,1.02,earthquake,"188 km S of Port Blair, India",,,
usp000dfhg,2005-02-05 04:18:54.970000+00:00,2014-11-07T01:24:56.143Z,10.011,92.982,30.0,5.0,mb,29.0,17.0,86.0,,1.07,earthquake,"184 km S of Port Blair, India",,,
usp000dfh9,2005-02-05 03:07:07.630000+00:00,2014-11-07T01:24:55.988Z,10.102,93.12,30.0,4.6,mb,21.0,10.0,124.1,,0.77,earthquake,"177 km SSE of Port Blair, India",,,
usp000dfh7,2005-02-05 01:58:11.510000+00:00,2014-11-07T01:24:55.971Z,13.581,92.788,30.0,4.6,mb,42.0,20.0,87.2,,0.98,earthquake,"208 km N of Bamboo Flat, India",,,
usp000dfh0,2005-02-04 21:24:22.710000+00:00,2014-11-07T01:24:55.940Z,7.009,92.431,36.2,4.5,mb,6.0,6.0,148.2,,0.48,earthquake,"Nicobar Islands, India region",,,
usp000dffd,2005-02-03 20:13:29.840000+00:00,2016-11-10T01:00:54.327Z,26.125,95.563,75.5,4.9,mwc,236.0,,59.7,,0.75,earthquake,"75 km ESE of Tuensang, India",,,
usp000dfdr,2005-02-02 14:58:08.630000+00:00,2025-12-19T23:20:26.488Z,6.428,90.377,17.9,5.1,mwc,61.0,,71.9,,1.05,earthquake,"Nicobar Islands, India region",,,
usp000dfcy,2005-02-02 04:29:46.340000+00:00,2014-11-07T01:24:54.371Z,9.915,93.956,46.9,4.7,mb,29.0,21.0,74.1,,0.95,earthquake,"234 km SE of Port Blair, India",,,15.8
usp000dfct,2005-02-02 01:30:22.280000+00:00,2022-05-02T17:47:40.659Z,9.962,93.96,39.5,5.5,mwc,176.0,,62.0,,0.98,earthquake,"230 km SE of Port Blair, India",,,9.0
usp000dfca,2005-02-01 19:35:06.970000+00:00,2014-11-07T01:24:53.704Z,9.774,94.001,30.0,4.5,mb,7.0,6.0,190.3,,0.56,earthquake,"250 km SSE of Port Blair, India",,,
usp000dfbu,2005-02-01 15:54:12.030000+00:00,2016-11-10T01:00:46.846Z,9.959,94.099,25.2,4.9,mwc,52.0,,74.2,,1.05,earthquake,"239 km SE of Port Blair, India",,,
usp000dfbp,2005-02-01 14:38:39.700000+00:00,2014-11-07T01:24:53.298Z,9.862,94.044,30.0,4.7,mb,13.0,12.0,187.8,,1.18,earthquake,"244 km SE of Port Blair, India",,,
usp000dfbj,2005-02-01 13:54:38.040000+00:00,2025-12-19T23:20:22.935Z,9.988,93.993,43.6,5.3,mwc,92.0,,100.5,,0.79,earthquake,"230 km SE of Port Blair, India",,,10.4
usp000dfb9,2005-02-01 10:35:16.890000+00:00,2025-12-19T23:20:22.271Z,9.99,93.959,32.0,5.4,mwc,242.0,,59.1,,0.98,earthquake,"227 km SE of Port Blair, India",,,
usp000dfau,2005-02-01 04:41:35.470000+00:00,2014-11-07T01:24:52.501Z,12.884,92.54,30.0,4.9,mb,30.0,19.0,76.9,,1.1,earthquake,"132 km N of Bamboo Flat, India",,,
usp000dfag,2005-02-01 00:02:07.770000+00:00,2014-11-07T01:24:51.473Z,8.803,93.658,30.0,4.6,mb,9.0,10.0,215.4,,1.24,earthquake,"Nicobar Islands, India region",,,
usp000dfaf,2005-01-31 23:51:19.210000+00:00,2014-11-07T01:24:50.305Z,9.347,93.006,30.0,4.6,mb,9.0,4.0,135.5,,1.65,earthquake,"258 km S of Port Blair, India",,,
usp000dfa9,2005-01-31 20:42:50.330000+00:00,2014-11-07T01:24:50.294Z,14.413,92.198,30.0,4.9,mb,16.0,9.0,105.8,,1.0,earthquake,"Andaman Islands, India region",,,
usp000dfa5,2005-01-31 18:09:11.840000+00:00,2014-11-07T01:24:50.257Z,7.452,92.909,30.0,4.4,mb,9.0,7.0,205.2,,1.34,earthquake,"Nicobar Islands, India region",,,
usp000df9j,2005-01-31 09:19:27.740000+00:00,2014-11-07T01:24:50.085Z,13.621,92.815,30.0,4.3,mb,8.0,6.0,187.2,,0.61,earthquake,"212 km N of Bamboo Flat, India",,,
usp000df8t,2005-01-31 03:02:50.010000+00:00,2014-11-07T01:24:50.018Z,13.228,92.942,30.0,4.7,mb,26.0,13.0,90.9,,1.09,earthquake,"170 km N of Bamboo Flat, India",,,
usp000df74,2005-01-30 07:02:26.670000+00:00,2022-05-02T17:47:07.303Z,13.154,92.932,43.4,5.1,mwc,99.0,,82.4,,1.24,earthquake,"162 km N of Bamboo Flat, India",,,11.3
usp000df70,2005-01-30 06:26:15.380000+00:00,2022-05-02T17:47:06.221Z,13.784,93.147,21.8,5.1,mwc,48.0,,76.5,,1.04,earthquake,"235 km NNE of Bamboo Flat, India",,,
usp000df6s,2005-01-30 03:37:34.720000+00:00,2014-11-07T01:24:49.623Z,13.108,93.042,30.0,4.6,mb,33.0,20.0,111.5,,0.83,earthquake,"159 km NNE of Bamboo Flat, India",,,
usp000df65,2005-01-29 23:14:30.370000+00:00,2014-11-07T01:24:49.523Z,7.959,93.509,30.0,5.0,mb,81.0,41.0,58.8,,0.98,earthquake,"Nicobar Islands, India region",,,
usp000df62,2005-01-29 22:59:54.630000+00:00,2014-11-07T01:24:49.510Z,12.377,92.358,30.0,5.0,mb,49.0,23.0,60.8,,0.73,earthquake,"84 km NNW of Bamboo Flat, India",,,
usp000df5q,2005-01-29 20:58:35.670000+00:00,2022-05-02T17:47:05.047Z,8.319,93.959,30.0,5.0,mwc,80.0,,76.6,,1.06,earthquake,"Nicobar Islands, India region",,,
usp000df56,2005-01-29 19:26:49.010000+00:00,2014-11-07T01:24:49.352Z,7.132,92.036,30.0,4.7,mb,19.0,5.0,131.4,,0.99,earthquake,"Nicobar Islands, India region",,,
usp000df51,2005-01-29 18:49:16.130000+00:00,2014-11-07T01:24:49.323Z,7.012,92.498,30.0,4.7,mb,37.0,16.0,113.1,,1.0,earthquake,"Nicobar Islands, India region",,,
usp000df33,2005-01-29 07:45:25.800000+00:00,2014-11-07T01:24:49.055Z,7.637,94.14,30.0,4.5,mb,25.0,8.0,111.1,,1.01,earthquake,"Nicobar Islands, India region",,,
usp000df30,2005-01-29 07:27:40.560000+00:00,2014-11-07T01:24:49.035Z,8.346,93.289,30.0,4.2,mb,9.0,2.0,209.4,,0.76,earthquake,"Nicobar Islands, India region",,,
usp000df2u,2005-01-29 06:52:43.150000+00:00,2014-11-07T01:24:49.017Z,7.731,93.874,30.0,4.2,mb,13.0,2.0,188.5,,0.5,earthquake,"Nicobar Islands, India region",,,
usp000df2k,2005-01-29 05:44:13.890000+00:00,2022-05-02T17:46:59.276Z,13.104,92.996,30.0,5.2,mwc,305.0,,58.0,,0.77,earthquake,"158 km N of Bamboo Flat, India",,,
usp000df2c,2005-01-29 04:08:17.810000+00:00,2014-11-07T01:24:48.914Z,12.036,92.295,30.0,4.5,mb,13.0,2.0,183.2,,0.93,earthquake,"59 km NW of Bamboo Flat, India",,,
usp000df26,2005-01-29 03:22:18.700000+00:00,2014-11-07T01:24:48.886Z,7.132,92.472,30.0,4.5,mb,17.0,3.0,143.0,,0.94,earthquake,"Nicobar Islands, India region",,,
usp000df1k,2005-01-29 01:13:44.390000+00:00,2025-12-19T22:38:33.882Z,7.311,92.528,35.8,5.3,mwc,123.0,,44.3,,0.84,earthquake,"Nicobar Islands, India region",,,
usp000df1e,2005-01-29 00:42:29.840000+00:00,2014-11-07T01:24:48.791Z,7.311,94.973,30.0,4.1,mb,7.0,3.0,206.5,,1.34,earthquake,"Nicobar Islands, India region",,,
usp000df10,2005-01-28 23:21:48.770000+00:00,2014-11-07T01:24:48.737Z,8.445,93.403,30.0,4.4,mb,26.0,4.0,158.4,,0.95,earthquake,"Nicobar Islands, India region",,,
usp000df0e,2005-01-28 21:41:00.670000+00:00,2014-11-07T01:24:48.646Z,7.872,93.324,30.0,4.3,mb,13.0,2.0,187.8,,1.06,earthquake,"Nicobar Islands, India region",,,
usp000df09,2005-01-28 21:20:14.710000+00:00,2014-11-07T01:24:48.635Z,10.304,92.659,30.0,4.5,mb,18.0,3.0,187.4,,0.66,earthquake,"150 km S of Port Blair, India",,,
usp000dezv,2005-01-28 19:16:40.010000+00:00,2014-11-07T01:24:48.585Z,7.655,93.975,30.0,4.4,mb,18.0,5.0,101.5,,0.58,earthquake,"Nicobar Islands, India region",,,
usp000dezm,2005-01-28 18:34:55.600000+00:00,2014-11-07T01:24:48.568Z,8.413,93.811,22.6,4.3,mb,19.0,2.0,133.1,,0.79,earthquake,"Nicobar Islands, India region",,,
usp000deyy,2005-01-28 16:58:36.900000+00:00,2014-11-07T01:24:48.496Z,8.146,93.648,30.0,4.3,mb,15.0,2.0,109.8,,0.98,earthquake,"Nicobar Islands, India region",,,
usp000deyw,2005-01-28 16:38:54.380000+00:00,2014-11-07T01:24:48.490Z,8.244,93.967,30.0,4.5,mb,32.0,11.0,82.3,,1.02,earthquake,"Nicobar Islands, India region",,,
usp000deys,2005-01-28 16:20:40.470000+00:00,2014-11-07T01:24:48.477Z,8.403,93.871,30.0,4.0,mb,11.0,1.0,133.1,,0.86,earthquake,"Nicobar Islands, India region",,,
usp000dey5,2005-01-28 14:41:12.660000+00:00,2014-11-07T01:24:48.408Z,8.348,93.973,30.0,4.4,mb,10.0,2.0,112.9,,1.26,earthquake,"Nicobar Islands, India region",,,
usp000dexx,2005-01-28 13:45:34.170000+00:00,2014-11-07T01:24:48.383Z,8.243,93.846,30.0,4.5,mb,19.0,7.0,102.0,,0.77,earthquake,"Nicobar Islands, India region",,,
usp000dexw,2005-01-28 13:40:55.830000+00:00,2014-11-07T01:24:48.382Z,7.898,93.265,30.0,4.3,mb,10.0,2.0,201.2,,1.06,earthquake,"Nicobar Islands, India region",,,
usp000dewu,2005-01-28 10:03:59.320000+00:00,2014-11-07T01:24:48.143Z,8.425,93.594,30.0,4.2,mb,16.0,2.0,179.0,,0.85,earthquake,"Nicobar Islands, India region",,,
usp000dewg,2005-01-28 09:16:31.450000+00:00,2014-11-07T01:24:48.097Z,7.753,94.072,30.0,4.8,mb,28.0,7.0,138.3,,1.41,earthquake,"Nicobar Islands, India region",,,
usp000dew6,2005-01-28 08:41:21.860000+00:00,2014-11-07T01:24:48.061Z,8.069,94.145,30.0,4.5,mb,35.0,12.0,76.3,,0.96,earthquake,"Nicobar Islands, India region",,,
usp000dew5,2005-01-28 08:38:38.720000+00:00,2014-11-07T01:24:48.059Z,9.04,93.445,30.0,4.1,mb,13.0,1.0,103.1,,1.24,earthquake,"Nicobar Islands, India region",,,
usp000dew4,2005-01-28 08:37:09.270000+00:00,2014-11-07T01:24:48.057Z,13.968,93.367,30.0,4.4,mb,20.0,3.0,103.4,,1.25,earthquake,"260 km NNE of Bamboo Flat, India",,,
usp000devv,2005-01-28 08:07:15.630000+00:00,2014-11-07T01:24:48.003Z,13.782,93.125,30.0,4.5,mb,26.0,7.0,79.2,,0.6,earthquake,"234 km N of Bamboo Flat, India",,,
usp000devf,2005-01-28 06:48:05.720000+00:00,2014-11-07T01:24:47.959Z,8.188,93.833,30.0,4.6,mb,24.0,8.0,100.1,,0.87,earthquake,"Nicobar Islands, India region",,,
usp000dev9,2005-01-28 06:25:04.340000+00:00,2014-11-07T01:24:47.943Z,13.221,92.506,30.0,4.6,mb,15.0,1.0,173.9,,1.06,earthquake,"169 km N of Bamboo Flat, India",,,
usp000deuc,2005-01-28 04:43:42.410000+00:00,2014-11-07T01:24:47.798Z,8.192,93.78,30.0,4.6,mb,16.0,4.0,99.8,,0.89,earthquake,"Nicobar Islands, India region",,,
usp000deu2,2005-01-28 04:04:03.810000+00:00,2014-11-07T01:24:47.771Z,8.17,93.796,30.0,4.8,mb,34.0,11.0,75.4,,1.05,earthquake,"Nicobar Islands, India region",,,
usp000detu,2005-01-28 03:23:56.940000+00:00,2014-11-07T01:24:47.734Z,8.149,93.673,30.0,4.4,mb,20.0,4.0,137.9,,1.21,earthquake,"Nicobar Islands, India region",,,
usp000deth,2005-01-28 02:38:51.600000+00:00,2014-11-07T01:24:47.543Z,12.573,92.501,30.0,4.2,mb,17.0,4.0,177.4,,1.03,earthquake,"99 km NNW of Bamboo Flat, India",,,
usp000dess,2005-01-28 01:10:53.490000+00:00,2014-11-07T01:24:47.361Z,7.935,93.397,30.0,4.1,mb,12.0,3.0,185.8,,0.93,earthquake,"Nicobar Islands, India region",,,
usp000derz,2005-01-27 23:05:43.380000+00:00,2014-11-07T01:24:47.247Z,8.218,93.857,30.0,4.4,mb,26.0,3.0,95.0,,1.18,earthquake,"Nicobar Islands, India region",,,
usp000dere,2005-01-27 21:57:54.340000+00:00,2014-11-07T01:24:46.655Z,8.213,93.713,30.0,4.3,mb,28.0,5.0,103.8,,1.0,earthquake,"Nicobar Islands, India region",,,
usp000der2,2005-01-27 21:20:18.990000+00:00,2014-11-07T01:24:46.619Z,8.227,93.689,30.0,4.3,mb,9.0,1.0,179.2,,0.96,earthquake,"Nicobar Islands, India region",,,
usp000deqt,2005-01-27 21:00:44.610000+00:00,2025-12-19T23:24:57.267Z,9.697,93.471,30.0,5.3,mwc,136.0,,62.1,,1.02,earthquake,"231 km SSE of Port Blair, India",,,
usp000deqr,2005-01-27 20:53:05.720000+00:00,2014-11-07T01:24:46.565Z,8.455,94.061,30.0,4.6,mb,27.0,6.0,110.3,,1.08,earthquake,"Nicobar Islands, India region",,,
usp000deqm,2005-01-27 20:43:02.460000+00:00,2014-11-07T01:24:46.541Z,8.221,93.708,30.0,4.4,mb,19.0,5.0,177.1,,1.01,earthquake,"Nicobar Islands, India region",,,
usp000deqf,2005-01-27 20:27:47.520000+00:00,2014-11-07T01:24:46.524Z,8.267,93.803,30.0,4.6,mb,37.0,14.0,75.4,,1.03,earthquake,"Nicobar Islands, India region",,,
usp000deq9,2005-01-27 20:06:43.820000+00:00,2014-11-07T01:24:46.329Z,8.222,93.883,30.0,4.4,mb,20.0,2.0,133.3,,0.95,earthquake,"Nicobar Islands, India region",,,
usp000demq,2005-01-27 13:52:48.320000+00:00,2014-11-07T01:24:45.966Z,8.283,93.754,30.0,4.4,mb,20.0,4.0,110.7,,0.93,earthquake,"Nicobar Islands, India region",,,
usp000dekx,2005-01-27 12:23:56.630000+00:00,2014-11-07T01:24:45.826Z,13.252,93.188,30.0,4.6,mb,31.0,10.0,154.6,,0.98,earthquake,"179 km NNE of Bamboo Flat, India",,,
usp000dejb,2005-01-27 08:09:30.450000+00:00,2014-11-07T01:24:45.542Z,8.037,93.578,30.0,4.7,mb,15.0,4.0,158.5,,0.54,earthquake,"Nicobar Islands, India region",,,
usp000dehh,2005-01-27 05:55:19.970000+00:00,2014-11-07T01:24:45.394Z,8.224,93.849,30.0,4.6,mb,19.0,2.0,100.2,,0.87,earthquake,"Nicobar Islands, India region",,,
usp000dehg,2005-01-27 05:51:00.290000+00:00,2025-12-19T23:19:39.251Z,10.783,91.777,30.0,5.2,mwc,42.0,,82.0,,1.0,earthquake,"144 km SW of Port Blair, India",,,
usp000dehd,2005-01-27 05:35:23.160000+00:00,2016-11-10T00:59:29.345Z,13.285,92.84,30.0,5.0,mwc,70.0,,80.2,,0.98,earthquake,"175 km N of Bamboo Flat, India",,,
usp000degt,2005-01-27 03:42:58.150000+00:00,2014-11-07T01:24:45.230Z,8.645,93.342,30.0,4.5,mb,18.0,5.0,133.0,,0.86,earthquake,"Nicobar Islands, India region",,,
usp000deea,2005-01-26 16:32:54+00:00,2014-11-07T01:24:44.930Z,13.702,92.947,30.0,4.4,mb,30.0,11.0,78.7,,0.96,earthquake,"222 km N of Bamboo Flat, India",,,
usp000dedn,2005-01-26 14:15:00.230000+00:00,2014-11-07T01:24:44.884Z,9.579,93.397,30.0,4.2,mb,19.0,7.0,179.7,,0.82,earthquake,"241 km SSE of Port Blair, India",,,
usp000dedh,2005-01-26 12:03:24.930000+00:00,2014-11-07T01:24:44.875Z,9.489,93.245,30.0,4.3,mb,23.0,8.0,108.2,,0.85,earthquake,"246 km SSE of Port Blair, India",,,
usp000dect,2005-01-26 05:14:35.670000+00:00,2014-11-07T01:24:44.734Z,13.461,92.465,30.0,4.3,mb,23.0,5.0,101.4,,1.03,earthquake,"196 km N of Bamboo Flat, India",,,
usp000decq,2005-01-26 03:58:49.160000+00:00,2014-11-07T01:24:44.726Z,10.973,91.94,25.6,4.5,mb,16.0,5.0,167.1,,1.19,earthquake,"Andaman Islands, India region",,,
usp000deca,2005-01-26 00:29:43.600000+00:00,2014-11-07T01:24:44.681Z,10.513,92.191,10.4,4.5,mb,33.0,13.0,95.0,,0.85,earthquake,"141 km SSW of Port Blair, India",,,23.0
usp000dec5,2005-01-25 22:24:36.060000+00:00,2014-11-07T01:24:44.673Z,9.623,93.543,30.0,4.5,mb,12.0,5.0,131.7,,1.45,earthquake,"Nicobar Islands, India region",,,
usp000deb7,2005-01-25 16:07:31.670000+00:00,2014-11-07T01:24:44.530Z,11.718,92.325,30.0,4.3,mb,17.0,6.0,200.8,,0.55,earthquake,"42 km W of Bamboo Flat, India",,,
usp000deb3,2005-01-25 15:30:29.460000+00:00,2014-11-07T01:24:44.522Z,12.105,91.367,30.0,4.0,mb,8.0,2.0,201.3,,1.08,earthquake,"153 km WNW of Bamboo Flat, India",,,
usp000deb1,2005-01-25 15:09:05.840000+00:00,2014-11-07T01:24:44.512Z,10.28,91.411,30.0,4.4,mb,22.0,9.0,105.6,,0.82,earthquake,"211 km SW of Port Blair, India",,,
usp000de9q,2005-01-25 06:44:08.830000+00:00,2014-11-07T01:24:44.309Z,14.623,92.518,26.8,4.7,mb,45.0,22.0,101.7,,0.64,earthquake,"Andaman Islands, India region",,,
usp000de93,2005-01-25 01:38:44.240000+00:00,2014-11-07T01:24:44.263Z,12.977,92.519,30.9,4.3,mb,25.0,10.0,110.4,,0.68,earthquake,"142 km N of Bamboo Flat, India",,,15.9
usp000de92,2005-01-25 01:34:20.810000+00:00,2014-11-07T01:24:44.262Z,10.453,93.188,30.0,4.3,mb,7.0,2.0,210.8,,1.11,earthquake,"142 km SSE of Port Blair, India",,,
usp000de8x,2005-01-24 23:42:59.790000+00:00,2014-11-07T01:24:44.245Z,9.181,92.771,21.4,4.3,mb,12.0,3.0,132.0,,0.78,earthquake,"274 km S of Port Blair, India",,,24.7
usp000de8d,2005-01-24 22:02:46.070000+00:00,2014-11-07T01:24:44.167Z,14.385,91.866,30.0,4.3,mb,19.0,4.0,106.2,,1.44,earthquake,"Andaman Islands, India region",,,
usp000de7k,2005-01-24 16:10:39.100000+00:00,2014-11-07T01:24:44.070Z,7.215,92.352,32.2,4.2,mb,15.0,4.0,138.5,,0.7,earthquake,"Nicobar Islands, India region",,,
usp000de79,2005-01-24 14:04:19.870000+00:00,2014-11-07T01:24:44.040Z,7.175,92.477,33.4,4.4,mb,10.0,4.0,185.8,,0.61,earthquake,"Nicobar Islands, India region",,,
usp000de77,2005-01-24 14:01:29.650000+00:00,2014-11-07T01:24:44.037Z,7.231,92.449,36.1,4.2,mb,14.0,4.0,138.4,,0.98,earthquake,"Nicobar Islands, India region",,,
usp000de6g,2005-01-24 09:09:38.840000+00:00,2014-11-07T01:24:43.986Z,7.073,92.345,30.0,4.4,mb,8.0,2.0,180.3,,0.45,earthquake,"Nicobar Islands, India region",,,
usp000de6f,2005-01-24 08:59:21.680000+00:00,2014-11-07T01:24:43.985Z,7.089,91.414,39.9,4.4,mb,5.0,2.0,216.1,,0.48,earthquake,"Nicobar Islands, India region",,,
usp000de68,2005-01-24 07:14:01.600000+00:00,2014-11-07T01:24:43.957Z,10.409,92.813,30.0,4.5,mb,10.0,2.0,183.8,,1.04,earthquake,"139 km S of Port Blair, India",,,
usp000de64,2005-01-24 06:29:13.660000+00:00,2014-11-07T01:24:43.951Z,7.19,92.512,30.0,4.6,mb,8.0,1.0,214.0,,0.18,earthquake,"Nicobar Islands, India region",,,
usp000de5v,2005-01-24 04:16:47.440000+00:00,2022-05-02T17:45:11.074Z,7.33,92.482,30.0,6.3,mwb,557.0,,32.1,,0.89,earthquake,"Nicobar Islands, India region",,,
usp000de4g,2005-01-23 19:42:37.260000+00:00,2014-11-07T01:24:43.419Z,13.471,92.672,30.0,4.3,mb,11.0,1.0,108.6,,0.66,earthquake,"195 km N of Bamboo Flat, India",,,
usp000de49,2005-01-23 18:26:20.780000+00:00,2014-11-07T01:24:43.401Z,9.448,93.201,30.0,4.8,mb,51.0,21.0,79.6,,0.77,earthquake,"250 km SSE of Port Blair, India",,,
usp000de42,2005-01-23 16:55:49.340000+00:00,2022-05-02T17:44:46.280Z,13.635,93.011,28.4,5.1,mwc,87.0,,38.8,,1.04,earthquake,"216 km N of Bamboo Flat, India",,,
usp000de3z,2005-01-23 16:04:23.890000+00:00,2014-11-07T01:24:43.375Z,12.596,92.456,25.5,4.0,mb,12.0,3.0,115.0,,1.47,earthquake,"Andaman Islands, India region",,,
usp000de3q,2005-01-23 15:16:11.390000+00:00,2014-11-07T01:24:43.359Z,8.356,92.838,30.0,4.0,mb,8.0,4.0,181.5,,1.19,earthquake,"Nicobar Islands, India region",,,
usp000de3h,2005-01-23 14:12:27.640000+00:00,2014-11-07T01:24:43.345Z,8.091,92.738,29.8,4.2,mb,15.0,2.0,172.2,,1.29,earthquake,"Nicobar Islands, India region",,,
usp000de35,2005-01-23 10:42:25.900000+00:00,2014-11-07T01:24:43.302Z,11.136,92.222,30.0,4.2,mb,11.0,4.0,107.3,,1.37,earthquake,"81 km SW of Port Blair, India",,,
usp000de2s,2005-01-23 08:47:54.130000+00:00,2014-11-07T01:24:43.261Z,9.791,93.694,30.0,4.5,mb,26.0,8.0,96.6,,0.91,earthquake,"231 km SSE of Port Blair, India",,,
usp000de2q,2005-01-23 08:36:55.880000+00:00,2014-11-07T01:24:43.257Z,14.535,92.151,30.0,4.3,mb,13.0,1.0,110.4,,0.74,earthquake,"Andaman Islands, India region",,,
usp000de2n,2005-01-23 08:22:15.220000+00:00,2016-11-10T00:59:06.242Z,13.558,92.86,29.7,4.8,mwc,65.0,,69.8,,0.9,earthquake,"206 km N of Bamboo Flat, India",,,
usp000de2c,2005-01-23 05:47:19.880000+00:00,2014-11-07T01:24:43.213Z,14.338,92.903,30.0,4.3,mb,10.0,3.0,175.3,,0.71,earthquake,"292 km N of Bamboo Flat, India",,,
usp000de26,2005-01-23 03:47:08.130000+00:00,2014-11-07T01:24:43.197Z,9.405,93.09,30.0,4.3,mb,15.0,3.0,157.9,,0.62,earthquake,"252 km S of Port Blair, India",,,
usp000de14,2005-01-22 18:38:14+00:00,2022-05-02T17:44:16.414Z,14.554,92.938,30.0,5.5,mwb,152.0,,55.4,,1.04,earthquake,"Andaman Islands, India region",,,
usp000de0h,2005-01-22 12:11:56.760000+00:00,2014-11-07T01:24:42.933Z,14.383,92.222,21.1,4.5,mb,23.0,10.0,154.7,,0.93,earthquake,"Andaman Islands, India region",,,
usp000de0g,2005-01-22 12:08:17.280000+00:00,2014-11-07T01:24:42.931Z,14.438,92.346,23.1,4.3,mb,13.0,2.0,183.5,,0.72,earthquake,"Andaman Islands, India region",,,
usp000de0c,2005-01-22 11:24:19.180000+00:00,2014-11-07T01:24:42.905Z,8.394,93.61,23.5,4.6,mb,19.0,4.0,109.6,,1.14,earthquake,"Nicobar Islands, India region",,,
usp000ddzn,2005-01-22 05:05:11.600000+00:00,2014-11-07T01:24:42.818Z,13.429,92.791,30.0,4.5,mb,24.0,7.0,108.9,,0.83,earthquake,"191 km N of Bamboo Flat, India",,,
usp000ddzc,2005-01-22 02:08:41.820000+00:00,2014-11-07T01:24:42.770Z,9.799,93.646,30.0,4.5,mb,18.0,4.0,96.6,,0.84,earthquake,"228 km SSE of Port Blair, India",,,
usp000ddz1,2005-01-21 22:54:22.670000+00:00,2014-11-07T01:24:42.737Z,11.161,91.972,30.0,4.0,mb,11.0,2.0,201.5,,1.25,earthquake,"100 km SW of Bamboo Flat, India",,,
usp000ddyy,2005-01-21 22:21:31.590000+00:00,2014-11-07T01:24:42.728Z,10.751,92.127,25.1,4.7,mb,50.0,24.0,97.6,,0.62,earthquake,"121 km SSW of Port Blair, India",,,
usp000ddx0,2005-01-21 04:20:08.230000+00:00,2014-11-07T01:24:42.440Z,9.783,93.57,30.0,4.1,mb,9.0,2.0,179.4,,0.87,earthquake,"226 km SSE of Port Blair, India",,,
usp000ddvq,2005-01-20 15:17:38.090000+00:00,2014-11-07T01:24:42.257Z,13.097,92.556,30.0,4.8,mb,46.0,28.0,91.4,,0.77,earthquake,"155 km N of Bamboo Flat, India",,,
usp000ddve,2005-01-20 14:15:18.620000+00:00,2014-11-07T01:24:42.212Z,14.462,92.396,30.0,4.9,mb,46.0,35.0,64.9,,1.25,earthquake,"Andaman Islands, India region",,,
usp000ddu8,2005-01-20 01:51:22.700000+00:00,2014-11-07T01:24:42.062Z,8.525,93.689,30.0,4.5,mb,19.0,8.0,107.5,,1.09,earthquake,"Nicobar Islands, India region",,,
usp000ddtz,2005-01-19 22:46:58.940000+00:00,2016-11-10T00:58:41.277Z,13.206,92.189,30.0,4.8,mwc,72.0,,83.1,,0.75,earthquake,"176 km NNW of Bamboo Flat, India",,,
usp000ddtv,2005-01-19 21:34:08.290000+00:00,2014-11-07T01:24:42.018Z,13.017,94.01,30.0,4.2,mb,15.0,7.0,103.9,,0.65,earthquake,"202 km NE of Bamboo Flat, India",,,
usp000ddtj,2005-01-19 19:03:16.860000+00:00,2014-11-07T01:24:41.989Z,12.022,92.925,30.0,4.6,mb,10.0,1.0,177.6,,0.93,earthquake,"42 km NNE of Bamboo Flat, India",,,
usp000ddsx,2005-01-19 14:16:32.070000+00:00,2014-11-07T01:24:41.929Z,8.208,93.86,30.0,4.1,mb,14.0,1.0,180.7,,0.58,earthquake,"Nicobar Islands, India region",,,
usp000ddsw,2005-01-19 14:02:53.310000+00:00,2014-11-07T01:24:41.927Z,13.583,94.367,43.3,4.3,mb,15.0,8.0,153.1,,0.85,earthquake,"274 km NE of Bamboo Flat, India",,,23.2
usp000ddst,2005-01-19 13:48:08.510000+00:00,2014-11-07T01:24:41.914Z,8.385,93.713,30.0,4.3,mb,8.0,3.0,284.3,,1.35,earthquake,"Nicobar Islands, India region",,,
usp000ddsd,2005-01-19 10:42:50.300000+00:00,2014-11-07T01:24:41.760Z,12.739,93.117,30.0,4.2,mb,12.0,3.0,176.7,,1.02,earthquake,"122 km NNE of Bamboo Flat, India",,,
usp000ddr5,2005-01-19 01:43:57.200000+00:00,2014-11-07T01:24:41.597Z,13.517,92.798,30.0,4.3,mb,13.0,4.0,175.2,,0.42,earthquake,"201 km N of Bamboo Flat, India",,,
usp000ddqy,2005-01-18 23:47:26.770000+00:00,2014-11-07T01:24:41.580Z,12.728,91.956,21.9,4.8,mb,55.0,21.0,71.8,,0.86,earthquake,"140 km NW of Bamboo Flat, India",,,
usp000ddqj,2005-01-18 21:05:06.430000+00:00,2014-11-07T01:24:41.531Z,14.59,92.539,30.0,4.0,mb,8.0,2.0,175.4,,0.97,earthquake,"Andaman Islands, India region",,,
usp000ddqh,2005-01-18 20:57:46.530000+00:00,2014-11-07T01:24:41.530Z,12.916,91.923,30.0,4.3,mb,9.0,2.0,106.2,,1.14,earthquake,"159 km NNW of Bamboo Flat, India",,,
usp000ddq8,2005-01-18 17:46:24.500000+00:00,2014-11-07T01:24:41.510Z,13.942,93.374,30.0,4.3,mb,19.0,6.0,153.9,,0.88,earthquake,"258 km NNE of Bamboo Flat, India",,,
usp000ddps,2005-01-18 13:24:50.060000+00:00,2014-11-07T01:24:41.416Z,10.67,91.47,24.8,4.7,mb,8.0,2.0,220.9,,0.96,earthquake,"177 km SW of Bamboo Flat, India",,,
usp000ddpr,2005-01-18 13:17:51.680000+00:00,2014-11-07T01:24:41.414Z,13.465,94.254,30.0,4.1,mb,13.0,3.0,175.0,,1.18,earthquake,"256 km NE of Bamboo Flat, India",,,
usp000ddpq,2005-01-18 13:14:30.480000+00:00,2014-11-07T01:24:41.412Z,13.556,92.653,35.5,4.1,mb,12.0,3.0,185.0,,0.52,earthquake,"205 km N of Bamboo Flat, India",,,35.5
usp000ddp9,2005-01-18 10:49:22.180000+00:00,2014-11-07T01:24:41.173Z,8.505,93.452,30.0,4.3,mb,12.0,1.0,103.8,,0.93,earthquake,"Nicobar Islands, India region",,,
usp000ddp0,2005-01-18 09:23:53.540000+00:00,2014-11-07T01:24:41.151Z,13.49,92.777,26.9,4.5,mb,18.0,5.0,117.5,,0.75,earthquake,"198 km N of Bamboo Flat, India",,,
usp000ddnn,2005-01-18 06:15:34.490000+00:00,2014-11-07T01:24:41.081Z,7.991,91.953,30.6,4.5,mb,17.0,8.0,134.5,,1.05,earthquake,"Nicobar Islands, India region",,,
usp000ddnf,2005-01-18 05:20:35.120000+00:00,2014-11-07T01:24:41.063Z,9.895,92.086,49.8,4.5,mb,11.0,5.0,203.9,,0.78,earthquake,"208 km SSW of Port Blair, India",,,34.9
usp000ddn5,2005-01-18 03:36:19.740000+00:00,2014-11-07T01:24:40.827Z,13.488,92.738,29.4,4.4,mb,14.0,3.0,176.3,,0.64,earthquake,"197 km N of Bamboo Flat, India",,,
usp000ddmz,2005-01-18 02:36:45.530000+00:00,2022-05-02T17:42:53.519Z,10.622,92.019,27.9,5.0,mwc,52.0,,84.5,,0.88,earthquake,"140 km SW of Port Blair, India",,,16.6
usp000ddmv,2005-01-18 01:08:09.570000+00:00,2014-11-07T01:24:40.581Z,13.002,92.203,30.0,4.4,mb,13.0,4.0,174.3,,1.0,earthquake,"154 km NNW of Bamboo Flat, India",,,
usp000ddmp,2005-01-17 22:59:35.470000+00:00,2014-11-07T01:24:40.536Z,8.924,92.206,32.3,4.3,mb,18.0,5.0,133.3,,0.78,earthquake,"Nicobar Islands, India region",,,
usp000ddme,2005-01-17 20:58:19.040000+00:00,2014-11-07T01:24:40.520Z,7.317,92.321,30.0,4.1,mb,12.0,3.0,142.1,,0.64,earthquake,"Nicobar Islands, India region",,,
usp000ddma,2005-01-17 19:22:51.080000+00:00,2014-11-07T01:24:40.509Z,8.351,93.034,30.0,4.5,mb,23.0,8.0,177.5,,0.78,earthquake,"Nicobar Islands, India region",,,
usp000ddm7,2005-01-17 18:45:51.830000+00:00,2014-11-07T01:24:40.503Z,8.312,93.562,30.0,4.0,mb,10.0,2.0,188.3,,1.41,earthquake,"Nicobar Islands, India region",,,
usp000ddm5,2005-01-17 18:28:22.670000+00:00,2014-11-07T01:24:40.499Z,14.407,93.009,30.0,4.2,mb,9.0,2.0,184.1,,0.42,earthquake,"Andaman Islands, India region",,,
usp000ddkx,2005-01-17 17:19:23.110000+00:00,2014-11-07T01:24:40.478Z,10.818,92.145,29.0,4.5,mb,28.0,14.0,164.2,,0.65,earthquake,"114 km SW of Port Blair, India",,,
usp000ddkw,2005-01-17 17:08:06.910000+00:00,2014-11-07T01:24:40.473Z,7.456,92.445,24.1,4.7,mb,59.0,26.0,117.5,,0.86,earthquake,"Nicobar Islands, India region",,,23.5
usp000ddkv,2005-01-17 17:07:51.360000+00:00,2014-11-07T01:24:40.470Z,7.168,92.128,20.6,4.5,mb,24.0,8.0,176.4,,0.6,earthquake,"Nicobar Islands, India region",,,22.1
usp000ddkf,2005-01-17 13:32:50.610000+00:00,2014-11-07T01:24:40.437Z,12.944,93.975,30.0,4.2,mb,12.0,3.0,175.8,,0.41,earthquake,"194 km NE of Bamboo Flat, India",,,
usp000ddkc,2005-01-17 12:03:26.980000+00:00,2014-11-07T01:24:40.432Z,13.673,93.032,8.6,4.4,mb,20.0,7.0,173.2,,0.53,earthquake,"220 km N of Bamboo Flat, India",,,50.6
usp000ddk7,2005-01-17 11:05:55.570000+00:00,2014-11-07T01:24:40.419Z,8.316,91.923,30.0,4.5,mb,21.0,6.0,178.3,,0.62,earthquake,"Nicobar Islands, India region",,,
usp000ddk1,2005-01-17 09:59:47.450000+00:00,2014-11-07T01:24:40.353Z,8.351,93.449,30.0,4.2,mb,15.0,3.0,180.9,,1.01,earthquake,"Nicobar Islands, India region",,,
usp000ddju,2005-01-17 08:35:37.260000+00:00,2014-11-07T01:24:40.337Z,11.046,91.745,30.0,4.4,mb,16.0,5.0,121.4,,0.94,earthquake,"128 km SW of Bamboo Flat, India",,,
usp000ddjr,2005-01-17 07:19:24.120000+00:00,2014-11-07T01:24:40.329Z,9.177,93.352,29.3,4.4,mb,14.0,3.0,132.1,,1.24,earthquake,"283 km SSE of Port Blair, India",,,44.8
usp000ddjk,2005-01-17 06:13:25.790000+00:00,2014-11-07T01:24:40.318Z,14.524,92.265,22.8,4.5,mb,25.0,11.0,173.0,,1.08,earthquake,"Andaman Islands, India region",,,
usp000ddj5,2005-01-17 03:55:43.900000+00:00,2016-11-10T00:58:30.391Z,14.476,93.203,33.1,4.8,mwc,80.0,,81.5,,0.71,earthquake,"Andaman Islands, India region",,,
usp000ddj4,2005-01-17 03:52:03.380000+00:00,2014-11-07T01:24:40.270Z,14.442,93.171,30.0,4.2,mb,7.0,2.0,175.0,,1.12,earthquake,"Andaman Islands, India region",,,
usp000ddhz,2005-01-17 02:54:46.160000+00:00,2014-11-07T01:24:40.258Z,14.336,92.09,23.1,4.9,mb,17.0,10.0,201.9,,0.81,earthquake,"299 km NNW of Bamboo Flat, India",,,
usp000ddhv,2005-01-17 02:45:14.840000+00:00,2025-12-19T23:19:24.649Z,14.57,92.594,18.6,5.0,mwc,54.0,,93.4,,1.4,earthquake,"Andaman Islands, India region",,,
usp000ddhe,2005-01-17 00:49:32.030000+00:00,2014-11-07T01:24:40.105Z,34.273,80.005,38.6,4.4,mb,42.0,16.0,87.9,,0.96,earthquake,"223 km E of Leh, India",,,11.6
usp000ddh4,2005-01-16 22:47:29.060000+00:00,2014-11-07T01:24:40.063Z,8.662,93.616,30.0,5.0,mb,153.0,73.0,74.9,,0.72,earthquake,"Nicobar Islands, India region",,,
usp000ddgw,2005-01-16 21:54:50.940000+00:00,2014-11-07T01:24:40.048Z,7.717,92.434,30.0,4.4,mb,15.0,5.0,135.8,,1.21,earthquake,"Nicobar Islands, India region",,,
usp000ddgv,2005-01-16 21:50:57.060000+00:00,2014-11-07T01:24:40.047Z,9.344,91.965,41.7,4.0,mb,13.0,3.0,127.2,,1.21,earthquake,"270 km SSW of Port Blair, India",,,16.3
usp000ddgr,2005-01-16 21:10:42.550000+00:00,2014-11-07T01:24:40.024Z,9.554,93.845,22.0,4.2,mb,22.0,9.0,119.0,,0.83,earthquake,"262 km SSE of Port Blair, India",,,
usp000ddg1,2005-01-16 14:56:52.530000+00:00,2014-11-07T01:24:39.908Z,10.797,92.221,30.0,4.4,mb,14.0,7.0,115.0,,0.79,earthquake,"111 km SSW of Port Blair, India",,,
usp000ddfw,2005-01-16 13:56:07.380000+00:00,2014-11-07T01:24:39.890Z,8.456,93.489,30.0,4.0,mb,14.0,5.0,180.8,,0.81,earthquake,"Nicobar Islands, India region",,,
usp000ddfu,2005-01-16 13:53:12.350000+00:00,2014-11-07T01:24:39.887Z,8.08,93.609,30.0,4.0,mb,9.0,3.0,202.5,,0.61,earthquake,"Nicobar Islands, India region",,,
usp000ddfq,2005-01-16 13:24:19.440000+00:00,2014-11-07T01:24:39.878Z,12.933,93.16,30.0,4.2,mb,19.0,5.0,182.3,,0.8,earthquake,"144 km NNE of Bamboo Flat, India",,,
usp000ddfj,2005-01-16 11:32:30.210000+00:00,2014-11-07T01:24:39.863Z,14.788,92.789,30.0,4.3,mb,8.0,3.0,207.7,,1.48,earthquake,"Andaman Islands, India region",,,
usp000ddfh,2005-01-16 11:32:01.380000+00:00,2014-11-07T01:24:39.860Z,8.6,93.678,27.3,4.4,mb,31.0,8.0,267.1,,0.73,earthquake,"Nicobar Islands, India region",,,
usp000ddfg,2005-01-16 11:07:26.140000+00:00,2014-11-07T01:24:39.856Z,14.565,92.588,20.8,4.6,mb,25.0,14.0,129.9,,1.08,earthquake,"Andaman Islands, India region",,,
usp000ddf4,2005-01-16 09:25:59.920000+00:00,2014-11-07T01:24:39.802Z,8.354,93.627,30.0,4.4,mb,11.0,3.0,185.2,,0.87,earthquake,"Nicobar Islands, India region",,,
usp000ddew,2005-01-16 07:28:03.980000+00:00,2014-11-07T01:24:39.746Z,10.741,92.076,15.8,4.3,mb,31.0,8.0,101.9,,0.88,earthquake,"125 km SW of Port Blair, India",,,25.2
usp000ddev,2005-01-16 07:18:24.730000+00:00,2014-11-07T01:24:39.744Z,9.783,93.731,30.0,4.3,mb,17.0,5.0,187.1,,1.02,earthquake,"234 km SSE of Port Blair, India",,,
usp000dde9,2005-01-16 02:56:23.950000+00:00,2014-11-07T01:24:39.710Z,13.019,92.155,30.0,4.3,mb,9.0,3.0,185.0,,0.24,earthquake,"158 km NNW of Bamboo Flat, India",,,
usp000dde7,2005-01-16 02:11:32.490000+00:00,2014-11-07T01:24:39.706Z,7.605,92.865,30.0,4.3,mb,22.0,10.0,112.4,,1.0,earthquake,"Nicobar Islands, India region",,,
usp000dde5,2005-01-16 01:36:41.680000+00:00,2014-11-07T01:24:39.703Z,12.918,92.105,23.2,4.3,mb,16.0,6.0,174.5,,0.95,earthquake,"150 km NNW of Bamboo Flat, India",,,
usp000dddv,2005-01-16 00:08:52.640000+00:00,2014-11-07T01:24:39.683Z,9.002,93.638,29.9,4.3,mb,20.0,7.0,240.3,,0.71,earthquake,"Nicobar Islands, India region",,,
usp000dddh,2005-01-15 21:25:58.280000+00:00,2014-11-07T01:24:39.577Z,14.603,92.372,30.0,4.8,mb,35.0,20.0,81.9,,0.95,earthquake,"Andaman Islands, India region",,,
usp000ddda,2005-01-15 18:36:22.860000+00:00,2014-11-07T01:24:39.556Z,8.775,93.23,30.0,4.7,mb,24.0,12.0,134.1,,1.41,earthquake,"Nicobar Islands, India region",,,
usp000ddd9,2005-01-15 18:27:32.780000+00:00,2014-11-07T01:24:39.555Z,8.951,93.476,30.0,4.3,mb,14.0,3.0,180.3,,0.85,earthquake,"Nicobar Islands, India region",,,
usp000ddd3,2005-01-15 15:36:06.050000+00:00,2014-11-07T01:24:39.481Z,14.469,92.222,26.8,4.4,mb,19.0,8.0,89.9,,0.86,earthquake,"Andaman Islands, India region",,,
usp000ddcy,2005-01-15 13:45:36.880000+00:00,2014-11-07T01:24:39.448Z,14.509,92.546,24.2,4.6,mb,28.0,15.0,250.6,,1.04,earthquake,"Andaman Islands, India region",,,
usp000ddcv,2005-01-15 13:08:18.640000+00:00,2014-11-07T01:24:39.443Z,8.232,91.991,30.2,4.3,mb,14.0,6.0,178.4,,1.07,earthquake,"Nicobar Islands, India region",,,
usp000ddcs,2005-01-15 12:23:40.530000+00:00,2014-11-07T01:24:39.435Z,14.432,92.282,26.6,4.8,mb,22.0,11.0,174.7,,1.47,earthquake,"Andaman Islands, India region",,,
usp000ddcr,2005-01-15 12:22:44.960000+00:00,2014-11-07T01:24:39.433Z,14.54,92.543,23.8,4.4,mb,16.0,6.0,174.3,,0.64,earthquake,"Andaman Islands, India region",,,
usp000ddcq,2005-01-15 11:54:30.460000+00:00,2014-11-07T01:24:39.430Z,10.805,91.144,26.5,4.3,mb,16.0,5.0,176.9,,0.83,earthquake,"198 km WSW of Bamboo Flat, India",,,
usp000ddck,2005-01-15 07:46:53.260000+00:00,2022-05-02T17:42:43.340Z,14.57,92.387,25.7,5.5,mwb,174.0,,36.9,,0.89,earthquake,"Andaman Islands, India region",,,
usp000ddc0,2005-01-15 01:53:33.200000+00:00,2014-11-07T01:24:39.297Z,8.842,93.485,39.1,4.4,mb,22.0,2.0,111.3,,0.88,earthquake,"Nicobar Islands, India region",,,12.1
usp000ddby,2005-01-15 01:24:47.800000+00:00,2014-11-07T01:24:39.293Z,8.174,92.619,39.0,4.1,mb,17.0,1.0,104.8,,0.82,earthquake,"Nicobar Islands, India region",,,
usp000ddbs,2005-01-15 00:14:13.840000+00:00,2014-11-07T01:24:39.274Z,14.437,92.475,30.0,4.0,mb,11.0,2.0,151.8,,1.62,earthquake,"Andaman Islands, India region",,,
usp000ddbn,2005-01-14 22:46:21.960000+00:00,2014-11-07T01:24:39.258Z,14.408,92.242,21.6,4.5,mb,18.0,6.0,154.7,,0.89,earthquake,"Andaman Islands, India region",,,
usp000ddbb,2005-01-14 17:48:46.540000+00:00,2014-11-07T01:24:39.213Z,11.885,92.522,28.2,4.4,mb,19.0,6.0,178.3,,0.56,earthquake,"29 km NW of Bamboo Flat, India",,,
usp000ddb5,2005-01-14 16:22:03.200000+00:00,2022-05-02T17:42:38.353Z,8.861,93.251,4.9,5.1,mwc,128.0,,30.8,,0.85,earthquake,"Nicobar Islands, India region",,,17.4
usp000ddat,2005-01-14 11:54:45.840000+00:00,2014-11-07T01:24:39.149Z,9.765,91.67,30.0,4.1,mb,9.0,3.0,208.8,,1.1,earthquake,"241 km SSW of Port Blair, India",,,
usp000ddas,2005-01-14 11:38:43.910000+00:00,2014-11-07T01:24:39.147Z,11.877,92.198,30.0,4.4,mb,11.0,4.0,186.5,,0.64,earthquake,"59 km WNW of Bamboo Flat, India",,,
usp000ddaf,2005-01-14 09:59:03.650000+00:00,2014-11-07T01:24:39.128Z,10.038,91.579,5.4,4.7,mb,28.0,10.0,79.7,,0.76,earthquake,"220 km SW of Port Blair, India",,,39.5
usp000dda2,2005-01-14 06:11:51.470000+00:00,2014-11-07T01:24:38.937Z,12.918,92.127,28.9,4.4,mb,10.0,1.0,177.4,,1.09,earthquake,"149 km NNW of Bamboo Flat, India",,,
usp000dda1,2005-01-14 05:40:08.200000+00:00,2014-11-07T01:24:38.935Z,14.481,92.923,30.0,4.0,mb,9.0,1.0,175.1,,1.03,earthquake,"Andaman Islands, India region",,,
usp000dd9z,2005-01-14 05:11:58.290000+00:00,2014-11-07T01:24:38.931Z,14.498,92.297,25.0,4.4,mb,20.0,8.0,154.5,,0.81,earthquake,"Andaman Islands, India region",,,
usp000dd9y,2005-01-14 05:06:52.620000+00:00,2014-11-07T01:24:38.929Z,14.167,91.826,30.0,4.1,mb,11.0,3.0,176.4,,0.63,earthquake,"289 km NNW of Bamboo Flat, India",,,
usp000dd97,2005-01-13 19:56:23.570000+00:00,2016-11-10T00:58:18.878Z,14.628,92.441,30.0,4.7,mwc,50.0,,81.9,,0.88,earthquake,"Andaman Islands, India region",,,
usp000dd96,2005-01-13 19:47:02.170000+00:00,2014-11-07T01:24:38.809Z,14.56,92.597,30.0,4.6,mb,18.0,10.0,115.0,,1.12,earthquake,"Andaman Islands, India region",,,
usp000dd94,2005-01-13 19:35:08.320000+00:00,2014-11-07T01:24:38.805Z,14.591,92.456,30.0,4.7,mb,23.0,13.0,82.3,,0.63,earthquake,"Andaman Islands, India region",,,
usp000dd8q,2005-01-13 15:42:00.280000+00:00,2014-11-07T01:24:38.734Z,13.998,93.2,30.0,4.7,mb,31.0,16.0,80.1,,0.93,earthquake,"259 km NNE of Bamboo Flat, India",,,
usp000dd8j,2005-01-13 13:25:28.470000+00:00,2014-11-07T01:24:38.718Z,14.543,92.394,30.0,4.8,mb,36.0,26.0,71.3,,1.1,earthquake,"Andaman Islands, India region",,,
usp000dd8h,2005-01-13 13:22:43.990000+00:00,2014-11-07T01:24:38.715Z,14.519,92.393,30.0,4.7,mb,23.0,12.0,82.3,,0.86,earthquake,"Andaman Islands, India region",,,
usp000dd8g,2005-01-13 12:56:40.340000+00:00,2014-11-07T01:24:38.709Z,14.512,92.259,25.0,4.8,mb,36.0,12.0,84.9,,0.89,earthquake,"Andaman Islands, India region",,,
usp000dd7x,2005-01-13 09:23:50.720000+00:00,2014-11-07T01:24:38.340Z,6.537,92.437,30.0,4.6,mb,14.0,4.0,146.3,,1.06,earthquake,"Nicobar Islands, India region",,,
usp000dd7r,2005-01-13 07:28:36.420000+00:00,2014-11-07T01:24:38.320Z,7.284,92.42,34.4,4.8,mb,24.0,8.0,102.5,,0.86,earthquake,"Nicobar Islands, India region",,,
usp000dd7k,2005-01-13 05:51:47.900000+00:00,2014-11-07T01:24:38.305Z,10.126,91.849,29.6,4.6,mb,22.0,7.0,167.4,,0.82,earthquake,"196 km SSW of Port Blair, India",,,
usp000dd7g,2005-01-13 05:30:21.980000+00:00,2016-11-10T00:58:15.023Z,11.853,92.205,30.0,4.8,mwc,29.0,,96.6,,0.92,earthquake,"58 km WNW of Bamboo Flat, India",,,
usp000dd6m,2005-01-12 20:27:10.460000+00:00,2014-11-07T01:24:38.211Z,8.937,93.824,30.0,4.5,mb,18.0,4.0,104.1,,0.94,earthquake,"Nicobar Islands, India region",,,
usp000dd6g,2005-01-12 19:54:08.450000+00:00,2014-11-07T01:24:38.174Z,8.831,92.565,30.0,4.3,mb,13.0,3.0,181.2,,0.97,earthquake,"Nicobar Islands, India region",,,
usp000dd6f,2005-01-12 19:50:02.130000+00:00,2014-11-07T01:24:38.171Z,13.557,92.935,31.6,4.5,mb,25.0,5.0,82.5,,1.06,earthquake,"206 km N of Bamboo Flat, India",,,
usp000dd5z,2005-01-12 14:03:40.120000+00:00,2014-11-07T01:24:38.103Z,7.357,92.396,30.0,4.7,mb,30.0,9.0,88.5,,0.9,earthquake,"Nicobar Islands, India region",,,
usp000dd50,2005-01-12 04:55:40.410000+00:00,2014-11-07T01:24:37.785Z,13.694,93.56,30.0,4.5,mb,15.0,3.0,175.4,,0.91,earthquake,"238 km NNE of Bamboo Flat, India",,,
usp000dd4y,2005-01-12 04:21:49.310000+00:00,2014-11-07T01:24:37.782Z,12.306,92.624,30.0,4.3,mb,8.0,3.0,207.0,,0.33,earthquake,"67 km N of Bamboo Flat, India",,,
usp000dd48,2005-01-11 23:03:50.800000+00:00,2014-11-07T01:24:37.743Z,13.949,91.728,30.0,4.0,mb,9.0,3.0,180.6,,1.27,earthquake,"270 km NNW of Bamboo Flat, India",,,
usp000dd47,2005-01-11 22:55:49.140000+00:00,2016-11-10T00:58:09.132Z,11.872,92.265,26.7,4.9,mwc,48.0,,76.7,,0.78,earthquake,"52 km WNW of Bamboo Flat, India",,,
usp000dd3q,2005-01-11 19:03:19.580000+00:00,2014-11-07T01:24:37.678Z,10.494,91.877,16.1,4.5,mb,6.0,1.0,223.9,,0.36,earthquake,"160 km SW of Port Blair, India",,,
usp000dd3n,2005-01-11 18:12:30.560000+00:00,2014-11-07T01:24:37.674Z,10.288,91.482,30.0,4.2,mb,11.0,4.0,167.6,,0.8,earthquake,"205 km SW of Port Blair, India",,,
usp000dd3j,2005-01-11 17:56:49.300000+00:00,2014-11-07T01:24:37.547Z,12.685,92.944,30.0,4.2,mb,9.0,3.0,199.6,,1.01,earthquake,"111 km NNE of Bamboo Flat, India",,,
usp000dd3d,2005-01-11 16:22:10.830000+00:00,2014-11-07T01:24:37.526Z,10.977,92.924,30.0,4.1,mb,11.0,4.0,182.9,,0.98,earthquake,"78 km SSE of Port Blair, India",,,
usp000dd35,2005-01-11 14:31:45.860000+00:00,2014-11-07T01:24:37.410Z,11.028,92.039,30.0,4.7,mb,15.0,5.0,201.2,,0.76,earthquake,"104 km SW of Port Blair, India",,,
usp000dd2u,2005-01-11 13:27:59.270000+00:00,2014-11-07T01:24:37.227Z,13.731,93.567,30.0,4.5,mb,17.0,5.0,179.8,,0.82,earthquake,"242 km NNE of Bamboo Flat, India",,,
usp000dd2p,2005-01-11 12:08:18.350000+00:00,2014-11-07T01:24:37.207Z,9.082,92.022,30.0,4.6,mb,26.0,8.0,170.6,,0.61,earthquake,"296 km SSW of Port Blair, India",,,
usp000dd2k,2005-01-11 11:29:55.350000+00:00,2014-11-07T01:24:37.202Z,10.793,91.904,30.0,4.7,mb,12.0,4.0,187.3,,1.06,earthquake,"133 km SW of Port Blair, India",,,
usp000dd2g,2005-01-11 11:03:32.390000+00:00,2014-11-07T01:24:37.198Z,10.893,92.144,30.0,4.5,mb,15.0,5.0,176.1,,0.87,earthquake,"107 km SW of Port Blair, India",,,
usp000dd2d,2005-01-11 10:41:32.690000+00:00,2014-11-07T01:24:37.194Z,12.839,92.357,30.0,4.6,mb,15.0,4.0,156.0,,0.93,earthquake,"131 km NNW of Bamboo Flat, India",,,
usp000dd1c,2005-01-11 04:52:40.960000+00:00,2014-11-07T01:24:37.095Z,6.297,92.37,30.0,4.4,mb,15.0,4.0,179.6,,0.93,earthquake,"Nicobar Islands, India region",,,
usp000dd0t,2005-01-11 00:49:32.710000+00:00,2014-11-07T01:24:37.027Z,8.669,93.525,30.0,4.7,mb,40.0,16.0,120.0,,0.8,earthquake,"Nicobar Islands, India region",,,
usp000dd0g,2005-01-10 23:45:07.430000+00:00,2014-11-07T01:24:36.968Z,10.675,93.056,41.9,4.6,mb,10.0,3.0,162.9,,1.04,earthquake,"114 km SSE of Port Blair, India",,,
usp000dd0b,2005-01-10 21:52:22.220000+00:00,2014-11-07T01:24:36.959Z,8.193,92.93,28.6,4.3,mb,13.0,2.0,181.5,,1.38,earthquake,"Nicobar Islands, India region",,,
usp000dczx,2005-01-10 18:35:06.640000+00:00,2014-11-07T01:24:36.685Z,8.709,93.302,30.0,4.0,mb,8.0,2.0,192.5,,0.41,earthquake,"Nicobar Islands, India region",,,
usp000dczq,2005-01-10 16:59:41.920000+00:00,2014-11-07T01:24:36.672Z,9.187,92.93,30.0,4.4,mb,16.0,7.0,278.8,,1.13,earthquake,"274 km S of Port Blair, India",,,
usp000dczh,2005-01-10 15:20:17.730000+00:00,2014-11-07T01:24:36.652Z,13.674,93.289,18.7,4.7,mb,49.0,33.0,101.4,,1.43,earthquake,"227 km NNE of Bamboo Flat, India",,,
usp000dcy5,2005-01-10 01:04:16.620000+00:00,2016-11-10T00:58:02.722Z,9.636,93.761,24.2,4.9,mwc,69.0,,59.0,,1.03,earthquake,"250 km SSE of Port Blair, India",,,
usp000dcy2,2005-01-09 23:34:06.830000+00:00,2014-11-07T01:24:36.476Z,8.505,93.83,24.6,4.7,mb,37.0,14.0,93.8,,0.9,earthquake,"Nicobar Islands, India region",,,
usp000dcy1,2005-01-09 23:20:37.050000+00:00,2022-05-02T17:42:28.820Z,10.528,92.282,22.5,5.5,mwc,55.0,,96.8,,0.75,earthquake,"135 km SSW of Port Blair, India",,,
usp000dcxz,2005-01-09 23:03:10.540000+00:00,2014-11-07T01:24:36.459Z,6.471,92.424,32.1,4.3,mb,6.0,1.0,146.7,,1.15,earthquake,"Nicobar Islands, India region",,,
usp000dcxn,2005-01-09 20:57:19.750000+00:00,2014-11-07T01:24:36.359Z,11.621,94.224,30.0,4.4,mb,10.0,5.0,176.9,,0.75,earthquake,"161 km E of Port Blair, India",,,
usp000dcxj,2005-01-09 20:46:07.130000+00:00,2014-11-07T01:24:36.355Z,10.465,91.647,30.0,4.1,mb,10.0,4.0,176.8,,1.25,earthquake,"179 km SW of Port Blair, India",,,
usp000dcxh,2005-01-09 20:19:05.250000+00:00,2014-11-07T01:24:36.353Z,13.566,93.019,30.0,4.0,mb,9.0,4.0,154.6,,1.21,earthquake,"209 km N of Bamboo Flat, India",,,
usp000dcxa,2005-01-09 19:06:56.560000+00:00,2014-11-07T01:24:36.342Z,11.638,94.353,30.0,4.2,mb,12.0,4.0,176.8,,1.29,earthquake,"175 km E of Port Blair, India",,,
usp000dcx3,2005-01-09 18:02:30.570000+00:00,2014-11-07T01:24:36.328Z,8.958,93.161,30.0,4.1,mb,8.0,1.0,180.6,,0.62,earthquake,"Nicobar Islands, India region",,,
usp000dcwz,2005-01-09 17:35:03.220000+00:00,2014-11-07T01:24:36.319Z,12.228,92.064,19.5,4.1,mb,12.0,3.0,175.0,,1.17,earthquake,"92 km NW of Bamboo Flat, India",,,
usp000dcwq,2005-01-09 16:23:51.400000+00:00,2014-11-07T01:24:36.182Z,10.805,91.147,30.0,4.2,mb,8.0,3.0,210.5,,0.4,earthquake,"197 km WSW of Bamboo Flat, India",,,
usp000dcwn,2005-01-09 16:17:07.090000+00:00,2014-11-07T01:24:36.171Z,10.241,92.598,22.4,4.3,mb,23.0,9.0,165.3,,0.94,earthquake,"158 km S of Port Blair, India",,,27.3
usp000dcvd,2005-01-09 06:56:32.450000+00:00,2014-11-07T01:24:36.060Z,7.723,92.002,32.7,4.2,mb,22.0,6.0,160.6,,0.8,earthquake,"Nicobar Islands, India region",,,
usp000dcv5,2005-01-09 03:57:59.190000+00:00,2014-11-07T01:24:36.046Z,11.183,92.557,30.0,4.1,mb,9.0,2.0,186.8,,0.31,earthquake,"57 km SSW of Port Blair, India",,,
usp000dcux,2005-01-09 02:10:47.310000+00:00,2014-11-07T01:24:36.020Z,7.359,92.151,30.0,4.2,mb,18.0,4.0,181.5,,0.91,earthquake,"Nicobar Islands, India region",,,
usp000dcuv,2005-01-09 01:59:13.150000+00:00,2025-12-19T23:19:09.724Z,7.59,92.4,30.0,5.3,mwc,140.0,,65.4,,0.9,earthquake,"Nicobar Islands, India region",,,
usp000dcuu,2005-01-09 01:57:12.540000+00:00,2014-11-07T01:24:36.001Z,7.306,92.123,30.0,4.3,mb,9.0,1.0,190.1,,0.77,earthquake,"Nicobar Islands, India region",,,
usp000dcum,2005-01-09 00:45:31.760000+00:00,2014-11-07T01:24:35.979Z,13.628,92.989,7.0,4.5,mb,40.0,12.0,89.7,,0.67,earthquake,"215 km N of Bamboo Flat, India",,,17.7
usp000dcuk,2005-01-09 00:29:51.110000+00:00,2014-11-07T01:24:35.975Z,8.409,93.672,24.4,4.6,mb,33.0,16.0,99.0,,0.93,earthquake,"Nicobar Islands, India region",,,
usp000dcue,2005-01-08 23:44:36.610000+00:00,2014-11-07T01:24:35.965Z,8.927,92.353,30.0,4.6,mb,32.0,19.0,97.8,,0.78,earthquake,"Nicobar Islands, India region",,,
usp000dcu8,2005-01-08 21:53:34.040000+00:00,2014-11-07T01:24:35.949Z,9.615,93.57,30.0,4.1,mb,12.0,2.0,130.0,,1.1,earthquake,"244 km SSE of Port Blair, India",,,
usp000dcu7,2005-01-08 21:34:17.500000+00:00,2014-11-07T01:24:35.946Z,9.698,93.652,30.0,4.6,mb,23.0,9.0,171.2,,0.77,earthquake,"239 km SSE of Port Blair, India",,,
usp000dcu1,2005-01-08 20:02:13.100000+00:00,2014-11-07T01:24:35.932Z,11.399,92.226,30.0,4.8,mb,49.0,25.0,84.7,,0.74,earthquake,"63 km WSW of Bamboo Flat, India",,,
usp000dctx,2005-01-08 18:43:59.810000+00:00,2014-11-07T01:24:35.908Z,8.511,92.55,30.0,4.6,mb,32.0,16.0,131.7,,0.9,earthquake,"Nicobar Islands, India region",,,
usp000dctt,2005-01-08 17:44:20.010000+00:00,2014-11-07T01:24:35.900Z,6.508,92.255,30.0,4.8,mb,10.0,3.0,109.3,,0.84,earthquake,"Nicobar Islands, India region",,,
usp000dct9,2005-01-08 13:38:41.840000+00:00,2014-11-07T01:24:35.843Z,8.527,93.988,23.7,4.8,mb,31.0,11.0,99.5,,1.17,earthquake,"Nicobar Islands, India region",,,
usp000dct8,2005-01-08 13:33:19.750000+00:00,2014-11-07T01:24:35.841Z,8.324,90.825,30.0,4.6,mb,27.0,6.0,103.2,,1.1,earthquake,"Nicobar Islands, India region",,,
usp000dct4,2005-01-08 12:31:35.630000+00:00,2014-11-07T01:24:35.825Z,11.51,92.948,29.7,4.7,mb,45.0,16.0,92.8,,0.71,earthquake,"27 km SE of Port Blair, India",,,
usp000dct0,2005-01-08 11:24:58.280000+00:00,2014-11-07T01:24:35.813Z,9.462,92.278,30.0,4.7,mb,19.0,3.0,177.1,,0.63,earthquake,"249 km SSW of Port Blair, India",,,
usp000dcsz,2005-01-08 11:24:49.070000+00:00,2014-11-07T01:24:35.811Z,9.612,92.336,30.0,4.5,mb,18.0,4.0,177.0,,0.69,earthquake,"231 km S of Port Blair, India",,,
usp000dcss,2005-01-08 08:37:09.210000+00:00,2014-11-07T01:24:35.797Z,11.798,94.342,40.6,4.6,mb,14.0,3.0,173.8,,0.55,earthquake,"174 km E of Port Blair, India",,,27.7
usp000dcsd,2005-01-08 05:46:07.040000+00:00,2014-11-07T01:24:35.680Z,9.857,92.006,30.0,4.3,mb,10.0,4.0,209.4,,0.94,earthquake,"215 km SSW of Port Blair, India",,,
usp000dcsc,2005-01-08 05:41:52.880000+00:00,2014-11-07T01:24:35.676Z,9.919,91.962,31.7,4.7,mb,36.0,17.0,158.5,,1.2,earthquake,"211 km SSW of Port Blair, India",,,39.4
usp000dcsa,2005-01-08 05:31:31.400000+00:00,2014-11-07T01:24:35.662Z,10.641,91.925,30.0,5.1,mb,27.0,11.0,88.6,,0.72,earthquake,"144 km SW of Port Blair, India",,,
usp000dcs9,2005-01-08 05:30:46.600000+00:00,2016-11-10T00:57:55.398Z,10.628,91.913,30.0,4.9,mwc,99.0,,99.6,,0.92,earthquake,"146 km SW of Port Blair, India",,,
usp000dcs8,2005-01-08 05:20:19.620000+00:00,2014-11-07T01:24:35.623Z,14.4,92.001,30.0,4.3,mb,14.0,3.0,173.3,,0.87,earthquake,"Andaman Islands, India region",,,
usp000dcrz,2005-01-08 02:48:15.610000+00:00,2014-11-07T01:24:35.608Z,11.894,93.189,30.0,4.7,mb,10.0,4.0,211.0,,1.01,earthquake,"Andaman Islands, India region",,,
usp000dcrp,2005-01-08 00:16:07.620000+00:00,2014-11-07T01:24:35.587Z,13.546,93.268,30.0,4.2,mb,8.0,2.0,175.8,,0.84,earthquake,"Andaman Islands, India region",,,
usp000dcrb,2005-01-07 21:18:41.480000+00:00,2014-11-07T01:24:35.561Z,10.195,93.679,56.1,4.5,mb,19.0,7.0,166.6,,0.59,earthquake,"192 km SSE of Port Blair, India",,,13.8
usp000dcr9,2005-01-07 20:20:45.860000+00:00,2014-11-07T01:24:35.551Z,8.843,93.771,20.7,4.7,mb,52.0,21.0,109.8,,0.93,earthquake,"Nicobar Islands, India region",,,30.7
usp000dcr7,2005-01-07 20:10:44.280000+00:00,2014-11-07T01:24:35.545Z,8.58,94.291,1.6,4.7,mb,46.0,16.0,110.1,,0.86,earthquake,"Nicobar Islands, India region",,,30.2
usp000dcqe,2005-01-07 13:10:08.840000+00:00,2014-11-07T01:24:35.450Z,10.5,92.268,21.2,4.4,mb,12.0,3.0,165.1,,1.08,earthquake,"139 km SSW of Port Blair, India",,,
usp000dcqc,2005-01-07 12:31:24.740000+00:00,2014-11-07T01:24:35.447Z,13.526,92.9,30.0,4.5,mb,12.0,2.0,176.1,,1.25,earthquake,"202 km N of Bamboo Flat, India",,,
usp000dcq6,2005-01-07 10:49:14.330000+00:00,2022-05-02T17:42:24.205Z,8.765,93.564,30.0,5.3,mwb,295.0,,52.0,,0.92,earthquake,"Nicobar Islands, India region",,,
usp000dcq0,2005-01-07 07:47:00.620000+00:00,2014-11-07T01:24:35.365Z,9.982,93.116,30.0,4.3,mb,9.0,4.0,206.0,,0.5,earthquake,"190 km SSE of Port Blair, India",,,
usp000dcpm,2005-01-07 02:32:51.380000+00:00,2014-11-07T01:24:35.312Z,8.766,92.689,30.0,4.3,mb,13.0,4.0,170.1,,1.09,earthquake,"Nicobar Islands, India region",,,
usp000dcpe,2005-01-07 01:43:45.360000+00:00,2014-11-07T01:24:35.294Z,13.599,93.029,30.0,4.1,mb,10.0,2.0,173.2,,1.28,earthquake,"212 km N of Bamboo Flat, India",,,
usp000dcpd,2005-01-07 01:00:21.640000+00:00,2014-11-07T01:24:35.292Z,7.512,91.442,30.0,4.1,mb,10.0,3.0,135.3,,0.72,earthquake,"Nicobar Islands, India region",,,
usp000dcnk,2005-01-06 11:55:43.710000+00:00,2025-12-19T23:19:00.152Z,10.906,91.795,10.5,5.5,mwc,139.0,,45.1,,0.83,earthquake,"133 km SW of Bamboo Flat, India",,,16.6
usp000dcnj,2005-01-06 10:38:44.340000+00:00,2022-05-02T15:56:03.849Z,14.105,93.123,30.0,5.0,mwc,41.0,,93.9,,0.81,earthquake,"269 km N of Bamboo Flat, India",,,
usp000dcn9,2005-01-06 07:54:25.250000+00:00,2025-12-19T23:18:59.018Z,10.804,93.606,107.0,5.3,mwc,123.0,,48.1,,0.74,earthquake,"133 km SE of Port Blair, India",,,
usp000dcn4,2005-01-06 04:52:42.940000+00:00,2025-12-19T23:18:57.869Z,6.974,91.963,30.0,5.3,mwc,72.0,,97.7,,0.87,earthquake,"Nicobar Islands, India region",,,
usp000dcn3,2005-01-06 04:21:41.790000+00:00,2014-11-07T01:24:34.929Z,8.981,92.379,30.0,4.6,mb,10.0,12.0,124.1,,1.12,earthquake,"299 km S of Port Blair, India",,,
usp000dcmu,2005-01-06 01:50:20.850000+00:00,2014-11-07T01:24:34.902Z,12.164,92.958,42.3,4.6,mb,16.0,14.0,121.6,,1.49,earthquake,"57 km NNE of Bamboo Flat, India",,,27.4
usp000dcmk,2005-01-06 00:29:08.820000+00:00,2025-12-19T23:18:56.668Z,6.938,91.908,6.7,5.4,mwc,88.0,,110.1,,0.86,earthquake,"Nicobar Islands, India region",,,25.1
usp000dcmj,2005-01-06 00:26:01.720000+00:00,2014-11-07T01:24:34.816Z,6.823,91.913,31.6,4.8,mb,40.0,22.0,118.1,,0.79,earthquake,"Nicobar Islands, India region",,,21.2
usp000dckx,2005-01-05 14:28:06.410000+00:00,2014-11-07T01:24:34.669Z,8.27,93.937,30.0,4.7,mb,16.0,10.0,132.3,,0.92,earthquake,"Nicobar Islands, India region",,,
usp000dckv,2005-01-05 14:01:31.010000+00:00,2014-11-07T01:24:34.663Z,12.77,93.093,30.0,4.6,mb,16.0,12.0,160.5,,0.86,earthquake,"125 km NNE of Bamboo Flat, India",,,
usp000dcke,2005-01-05 08:32:56.540000+00:00,2016-11-10T00:57:43.363Z,13.002,92.557,4.5,4.9,mwc,91.0,,69.2,,0.91,earthquake,"145 km N of Bamboo Flat, India",,,18.3
usp000dck9,2005-01-05 07:03:40.300000+00:00,2014-11-07T01:24:34.394Z,6.492,92.669,30.0,4.5,mb,14.0,8.0,105.4,,1.4,earthquake,"Nicobar Islands, India region",,,
usp000dcja,2005-01-04 19:14:49.130000+00:00,2022-05-02T17:42:15.981Z,10.556,91.727,10.0,5.7,mwb,204.0,,45.6,,0.88,earthquake,"165 km SW of Port Blair, India",,,0.0
usp000dchu,2005-01-04 12:15:33.480000+00:00,2016-11-10T00:57:38.831Z,8.862,93.67,30.0,4.9,mwc,68.0,,87.0,,0.76,earthquake,"Nicobar Islands, India region",,,
usp000dchj,2005-01-04 09:17:53.660000+00:00,2022-05-02T17:42:14.852Z,10.609,92.385,44.1,5.2,mb,31.0,24.0,82.0,,1.08,earthquake,"123 km SSW of Port Blair, India",,,21.2
usp000dchh,2005-01-04 09:13:12.250000+00:00,2022-05-02T17:42:13.662Z,10.672,92.362,23.2,6.1,mwb,321.0,,46.4,,0.84,earthquake,"Andaman Islands, India region",,,
usp000dch1,2005-01-04 02:49:16.660000+00:00,2014-11-07T01:24:33.727Z,8.448,94.075,30.0,4.7,mb,19.0,17.0,103.7,,1.18,earthquake,"Nicobar Islands, India region",,,
usp000dcg7,2005-01-03 17:53:34.070000+00:00,2014-11-07T01:24:33.043Z,11.259,91.967,30.0,4.8,mb,13.0,12.0,178.3,,0.67,earthquake,"95 km WSW of Bamboo Flat, India",,,
usp000dcfv,2005-01-03 12:03:50.870000+00:00,2014-11-07T01:24:32.724Z,10.053,93.497,30.0,4.3,mb,5.0,3.0,171.8,,1.14,earthquake,"196 km SSE of Port Blair, India",,,
usp000dcfp,2005-01-03 09:14:03.470000+00:00,2022-05-02T17:42:06.721Z,10.576,92.22,25.1,5.1,mwc,37.0,,84.4,,1.04,earthquake,"133 km SSW of Port Blair, India",,,22.8
usp000dceu,2005-01-02 20:41:30.940000+00:00,2014-11-07T01:24:32.587Z,11.257,92.176,21.9,4.6,mb,16.0,12.0,100.0,,0.84,earthquake,"76 km SW of Bamboo Flat, India",,,
usp000dcep,2005-01-02 18:41:01.800000+00:00,2014-11-07T01:24:32.552Z,8.496,92.142,26.4,4.6,mb,21.0,11.0,102.8,,0.89,earthquake,"Nicobar Islands, India region",,,
usp000dced,2005-01-02 15:04:30.460000+00:00,2014-11-07T01:24:32.442Z,9.926,93.487,24.6,4.5,mb,8.0,4.0,202.1,,0.93,earthquake,"208 km SSE of Port Blair, India",,,
usp000dceb,2005-01-02 13:39:58.920000+00:00,2014-11-07T01:24:32.435Z,7.4,92.062,43.2,4.3,mb,5.0,3.0,146.2,,1.32,earthquake,"Nicobar Islands, India region",,,23.4
usp000dcdx,2005-01-02 09:16:20.390000+00:00,2014-11-07T01:24:32.215Z,8.591,92.244,30.2,4.7,mb,25.0,15.0,90.3,,0.98,earthquake,"Nicobar Islands, India region",,,22.7
usp000dcdt,2005-01-02 07:21:28.570000+00:00,2014-11-07T01:24:32.104Z,11.897,92.249,30.0,4.5,mb,12.0,10.0,99.4,,0.82,earthquake,"55 km WNW of Bamboo Flat, India",,,
usp000dcdn,2005-01-02 05:49:15.800000+00:00,2014-11-07T01:24:32.080Z,6.938,91.826,30.0,4.4,mb,10.0,8.0,114.0,,1.32,earthquake,"Nicobar Islands, India region",,,
usp000dcdf,2005-01-02 04:11:51.690000+00:00,2014-11-07T01:24:32.065Z,6.857,92.337,30.0,4.6,mb,7.0,4.0,186.4,,0.55,earthquake,"Nicobar Islands, India region",,,
usp000dcd6,2005-01-02 01:55:42.310000+00:00,2014-11-07T01:24:31.990Z,6.984,91.831,26.5,4.6,mb,22.0,9.0,149.6,,0.97,earthquake,"Nicobar Islands, India region",,,
usp000dccy,2005-01-01 22:57:33.730000+00:00,2014-11-07T01:24:31.875Z,8.144,93.344,30.0,4.9,mb,23.0,18.0,101.1,,1.11,earthquake,"Nicobar Islands, India region",,,
usp000dccv,2005-01-01 22:40:51.430000+00:00,2022-05-02T17:41:52.451Z,9.026,92.626,30.0,5.2,mwc,24.0,,68.0,,1.11,earthquake,"292 km S of Port Blair, India",,,
usp000dccu,2005-01-01 22:28:13.780000+00:00,2022-05-02T17:41:46.414Z,7.192,92.765,10.0,5.5,mwb,195.0,,58.2,,0.98,earthquake,"Nicobar Islands, India region",,,0.0
usp000dcct,2005-01-01 22:23:18.980000+00:00,2025-12-19T23:18:41.825Z,7.136,92.7,48.7,5.1,mwc,108.0,,53.1,,0.96,earthquake,"Nicobar Islands, India region",,,14.9
usp000dccn,2005-01-01 19:08:07.800000+00:00,2022-05-02T17:41:44.991Z,7.336,94.455,55.4,6.1,mwb,279.0,,56.1,,0.96,earthquake,"Nicobar Islands, India region",,,10.4
usp000dcck,2005-01-01 18:24:08.690000+00:00,2014-11-07T01:24:31.545Z,12.307,92.519,41.4,4.8,mb,43.0,35.0,95.1,,0.88,earthquake,"70 km NNW of Bamboo Flat, India",,,17.6
usp000dcch,2005-01-01 17:28:19.960000+00:00,2014-11-07T01:24:31.531Z,8.701,92.14,25.9,4.8,mb,25.0,20.0,130.7,,0.92,earthquake,"Nicobar Islands, India region",,,22.7
usp000dccg,2005-01-01 17:06:32.930000+00:00,2014-11-07T01:24:31.523Z,11.279,91.43,30.0,4.6,mb,17.0,18.0,87.1,,1.56,earthquake,"147 km WSW of Bamboo Flat, India",,,
usp000dcc6,2005-01-01 14:29:11.220000+00:00,2022-05-02T17:41:43.593Z,8.115,93.218,27.0,5.5,mwc,142.0,,52.5,,0.96,earthquake,"Nicobar Islands, India region",,,14.5
usp000dcc3,2005-01-01 13:15:43.410000+00:00,2014-11-07T01:24:31.316Z,8.622,93.485,30.0,4.6,mb,23.0,18.0,97.7,,0.99,earthquake,"Nicobar Islands, India region",,,
usp000dcbz,2005-01-01 11:53:12.710000+00:00,2016-11-10T00:57:27.998Z,10.843,91.782,22.6,5.0,mwc,95.0,,78.1,,0.7,earthquake,"139 km SW of Port Blair, India",,,
usp000dcbt,2005-01-01 10:12:54.430000+00:00,2014-11-07T01:24:31.188Z,8.714,93.63,30.0,4.6,mb,13.0,10.0,98.3,,1.38,earthquake,"Nicobar Islands, India region",,,
usp000dcbp,2005-01-01 08:50:43.010000+00:00,2014-11-07T01:24:31.109Z,9.193,93.6,27.3,4.8,mb,29.0,20.0,95.3,,0.88,earthquake,"289 km SSE of Port Blair, India",,,
usp000dcbk,2005-01-01 06:34:46.470000+00:00,2014-11-07T01:24:31.046Z,8.782,93.057,30.0,5.0,mb,66.0,28.0,69.4,,1.04,earthquake,"Nicobar Islands, India region",,,
usp000dcbe,2005-01-01 05:18:30.290000+00:00,2014-11-07T01:24:30.798Z,8.12,93.73,30.0,4.5,mb,13.0,12.0,93.7,,1.24,earthquake,"Nicobar Islands, India region",,,
usp000dcb9,2005-01-01 02:54:20.770000+00:00,2014-11-07T01:24:30.541Z,8.411,91.517,30.0,4.9,mb,19.0,16.0,162.8,,1.13,earthquake,"Nicobar Islands, India region",,,
usp000dcb6,2005-01-01 01:43:40.140000+00:00,2025-12-19T22:38:25.971Z,7.034,92.462,35.5,5.2,mwc,62.0,,67.8,,0.82,earthquake,"Nicobar Islands, India region",,,
usp000dcb0,2005-01-01 00:56:46.640000+00:00,2014-11-07T01:24:30.067Z,8.272,92.953,30.0,4.7,mb,16.0,10.0,166.0,,1.24,earthquake,"Nicobar Islands, India region",,,
usp000dcaz,2005-01-01 00:52:57.320000+00:00,2014-11-07T01:24:30.015Z,8.36,92.46,30.0,4.8,mb,48.0,31.0,111.3,,0.72,earthquake,"Nicobar Islands, India region",,,
usp000dcav,2004-12-31 23:05:23.030000+00:00,2014-11-07T01:24:28.152Z,13.208,92.474,30.0,4.3,mb,8.0,7.0,175.2,,1.31,earthquake,"168 km N of Bamboo Flat, India",,,
usp000dcas,2004-12-31 22:09:27.360000+00:00,2025-12-19T23:18:40.763Z,9.435,93.895,44.1,5.3,mwc,92.0,,51.4,,1.03,earthquake,"276 km SSE of Port Blair, India",,,14.3
usp000dcar,2004-12-31 22:05:49.410000+00:00,2014-11-07T01:24:28.136Z,12.436,92.746,30.0,4.5,mb,12.0,9.0,177.6,,0.6,earthquake,"81 km N of Bamboo Flat, India",,,
usp000dcaf,2004-12-31 18:01:58.780000+00:00,2016-11-10T00:57:21.358Z,7.019,92.596,11.3,5.0,mwc,59.0,,102.5,,0.62,earthquake,"Nicobar Islands, India region",,,21.9
usp000dcac,2004-12-31 17:18:51.550000+00:00,2014-11-07T01:24:28.075Z,8.883,92.794,30.0,4.4,mb,9.0,7.0,265.4,,1.47,earthquake,"Nicobar Islands, India region",,,
usp000dca7,2004-12-31 16:01:06.620000+00:00,2014-11-07T01:24:28.061Z,13.615,93.623,30.0,4.4,mb,9.0,6.0,177.1,,1.23,earthquake,"233 km NNE of Bamboo Flat, India",,,
usp000dc9z,2004-12-31 14:23:56.380000+00:00,2014-11-07T01:24:27.961Z,7.15,91.977,37.8,4.6,mb,33.0,21.0,131.4,,0.65,earthquake,"Nicobar Islands, India region",,,
usp000dc9y,2004-12-31 14:16:05.120000+00:00,2014-11-07T01:24:27.959Z,13.646,93.62,30.0,4.3,mb,10.0,7.0,93.5,,0.51,earthquake,"236 km NNE of Bamboo Flat, India",,,
usp000dc9w,2004-12-31 13:59:30.570000+00:00,2014-11-07T01:24:27.955Z,8.515,93.756,30.0,4.6,mb,16.0,14.0,214.6,,0.65,earthquake,"Nicobar Islands, India region",,,
usp000dc9h,2004-12-31 09:51:10.050000+00:00,2014-11-07T01:24:27.832Z,9.589,93.637,30.0,4.8,mb,23.0,20.0,201.5,,0.72,earthquake,"249 km SSE of Port Blair, India",,,
usp000dc9a,2004-12-31 07:56:47.600000+00:00,2014-11-07T01:24:27.809Z,8.837,92.458,51.3,4.6,mb,16.0,14.0,124.5,,0.85,earthquake,"Nicobar Islands, India region",,,17.7
usp000dc91,2004-12-31 06:08:11.750000+00:00,2014-11-07T01:24:27.779Z,7.355,92.502,30.0,4.8,mb,10.0,9.0,182.9,,0.76,earthquake,"Nicobar Islands, India region",,,
usp000dc90,2004-12-31 05:53:55.940000+00:00,2022-05-02T17:41:28.746Z,11.083,91.988,27.3,5.1,mwc,124.0,,57.5,,0.82,earthquake,"104 km SW of Bamboo Flat, India",,,
usp000dc8s,2004-12-31 03:52:59.150000+00:00,2014-11-07T01:24:27.753Z,10.736,91.863,30.0,4.6,mb,10.0,9.0,115.1,,0.57,earthquake,"141 km SW of Port Blair, India",,,
usp000dc8j,2004-12-31 02:24:00.520000+00:00,2022-05-02T17:41:21.971Z,7.12,92.533,14.0,6.1,mwc,347.0,,52.8,,0.92,earthquake,"Nicobar Islands, India region",,,
usp000dc8g,2004-12-31 01:20:25.540000+00:00,2014-11-07T01:24:27.679Z,10.603,91.492,25.5,4.8,mb,20.0,16.0,158.2,,0.65,earthquake,"180 km SW of Port Blair, India",,,
usp000dc8e,2004-12-31 00:32:05.260000+00:00,2014-11-07T01:24:27.672Z,8.493,94.132,30.0,4.8,mb,16.0,14.0,124.3,,0.71,earthquake,"Nicobar Islands, India region",,,
usp000dc83,2004-12-30 22:24:09.050000+00:00,2014-11-07T01:24:27.643Z,8.556,93.731,30.0,4.5,mb,14.0,14.0,208.8,,1.44,earthquake,"Nicobar Islands, India region",,,
usp000dc7k,2004-12-30 17:58:11.190000+00:00,2022-05-02T17:41:16.617Z,12.237,92.515,30.0,5.7,mwc,197.0,,44.4,,0.96,earthquake,"63 km NNW of Bamboo Flat, India",,,
usp000dc7a,2004-12-30 14:57:25.760000+00:00,2014-11-07T01:24:27.514Z,8.118,93.694,30.0,4.6,mb,22.0,20.0,101.1,,1.35,earthquake,"Nicobar Islands, India region",,,
usp000dc74,2004-12-30 10:59:36.180000+00:00,2014-11-07T01:24:27.446Z,13.249,92.031,30.0,4.7,mb,20.0,18.0,155.1,,1.14,earthquake,"186 km NNW of Bamboo Flat, India",,,
usp000dc70,2004-12-30 09:53:53.350000+00:00,2014-11-07T01:24:27.438Z,11.35,91.858,3.0,4.8,mb,30.0,26.0,78.4,,1.06,earthquake,"101 km WSW of Bamboo Flat, India",,,26.0
usp000dc6w,2004-12-30 08:53:59.300000+00:00,2014-11-07T01:24:27.422Z,8.432,92.359,30.0,4.7,mb,15.0,15.0,116.8,,1.02,earthquake,"Nicobar Islands, India region",,,
usp000dc6u,2004-12-30 08:19:02.260000+00:00,2014-11-07T01:24:27.419Z,9.322,93.767,30.0,4.5,mb,11.0,10.0,98.6,,1.53,earthquake,"282 km SSE of Port Blair, India",,,
usp000dc6t,2004-12-30 08:12:26.770000+00:00,2014-11-07T01:24:27.417Z,9.537,94.207,30.0,4.9,mb,13.0,18.0,109.0,,1.13,earthquake,"284 km SE of Port Blair, India",,,
usp000dc6n,2004-12-30 06:38:19.990000+00:00,2016-11-10T00:57:08.162Z,9.013,92.331,30.0,4.8,mwc,59.0,,85.6,,0.75,earthquake,"296 km S of Port Blair, India",,,
usp000dc6m,2004-12-30 06:15:55.880000+00:00,2014-11-07T01:24:27.396Z,9.291,93.021,30.0,4.5,mb,7.0,5.0,111.1,,0.59,earthquake,"264 km S of Port Blair, India",,,
usp000dc6k,2004-12-30 05:40:58.260000+00:00,2014-11-07T01:24:27.394Z,7.579,92.379,30.0,4.5,mb,9.0,9.0,170.0,,0.81,earthquake,"Nicobar Islands, India region",,,
usp000dc67,2004-12-30 03:12:46.500000+00:00,2016-11-10T00:57:06.598Z,9.033,92.532,19.3,4.9,mwc,38.0,,68.3,,0.88,earthquake,"292 km S of Port Blair, India",,,24.5
usp000dc66,2004-12-30 03:00:56.740000+00:00,2014-11-07T01:24:27.345Z,6.551,91.837,30.0,4.8,mb,18.0,17.0,133.8,,1.17,earthquake,"Nicobar Islands, India region",,,
usp000dc65,2004-12-30 02:45:41.420000+00:00,2014-11-07T01:24:27.343Z,9.003,92.669,96.8,4.6,mb,13.0,11.0,130.1,,0.87,earthquake,"294 km S of Port Blair, India",,,17.9
usp000dc5n,2004-12-29 23:26:50.010000+00:00,2014-11-07T01:24:27.250Z,9.046,94.102,30.0,4.4,mb,7.0,5.0,278.2,,1.15,earthquake,"Nicobar Islands, India region",,,
usp000dc5m,2004-12-29 23:14:05.970000+00:00,2025-12-19T23:18:29.957Z,7.861,92.072,26.3,5.2,mwc,80.0,,66.6,,1.12,earthquake,"Nicobar Islands, India region",,,
usp000dc5k,2004-12-29 23:08:40+00:00,2014-11-07T01:24:27.240Z,8.369,93.675,30.0,4.5,mb,9.0,9.0,99.1,,1.32,earthquake,"Nicobar Islands, India region",,,
usp000dc5j,2004-12-29 22:55:43.610000+00:00,2016-11-10T00:57:00.428Z,7.666,93.79,43.9,4.8,mwc,41.0,,112.7,,0.9,earthquake,"Nicobar Islands, India region",,,11.1
usp000dc58,2004-12-29 19:51:16.460000+00:00,2014-11-07T01:24:27.176Z,9.184,93.626,30.0,4.6,mb,7.0,5.0,278.6,,1.16,earthquake,"290 km SSE of Port Blair, India",,,
usp000dc53,2004-12-29 18:35:51.630000+00:00,2014-11-07T01:24:27.150Z,11.296,92.201,30.0,4.5,mb,7.0,8.0,110.0,,0.91,earthquake,"71 km SW of Bamboo Flat, India",,,
usp000dc4z,2004-12-29 17:51:58.440000+00:00,2014-11-07T01:24:27.144Z,13.405,92.984,30.0,4.3,mb,7.0,4.0,109.3,,1.09,earthquake,"190 km N of Bamboo Flat, India",,,
usp000dc4w,2004-12-29 17:12:36.910000+00:00,2025-12-19T23:18:27.320Z,10.327,93.693,29.2,5.3,mwc,66.0,,79.9,,1.04,earthquake,"180 km SE of Port Blair, India",,,
usp000dc4n,2004-12-29 15:36:28.770000+00:00,2014-11-07T01:24:27.101Z,11.33,92.209,26.6,4.8,mb,50.0,24.0,84.8,,0.9,earthquake,"68 km SW of Bamboo Flat, India",,,
usp000dc4g,2004-12-29 14:34:02.290000+00:00,2014-11-07T01:24:27.091Z,13.247,92.581,18.2,4.8,mb,42.0,26.0,82.9,,1.07,earthquake,"171 km N of Bamboo Flat, India",,,
usp000dc4d,2004-12-29 13:50:36.670000+00:00,2014-11-07T01:24:27.055Z,8.796,93.82,42.0,4.8,mb,29.0,21.0,84.7,,1.34,earthquake,"Nicobar Islands, India region",,,20.8
usp000dc4b,2004-12-29 12:32:05.540000+00:00,2014-11-07T01:24:27.032Z,8.554,93.778,30.0,4.1,mb,7.0,4.0,107.3,,0.77,earthquake,"Nicobar Islands, India region",,,
usp000dc47,2004-12-29 11:58:42.630000+00:00,2022-05-02T17:41:06.189Z,13.745,93.13,20.7,5.2,mwc,94.0,,76.5,,1.05,earthquake,"230 km NNE of Bamboo Flat, India",,,
usp000dc43,2004-12-29 10:24:02.300000+00:00,2014-11-07T01:24:26.958Z,8.885,92.397,29.2,4.9,mb,38.0,19.0,174.4,,0.81,earthquake,"Nicobar Islands, India region",,,
usp000dc3w,2004-12-29 06:35:44.440000+00:00,2022-05-02T17:40:53.847Z,9.358,93.145,48.7,5.0,mwc,60.0,,93.1,,0.75,earthquake,"259 km S of Port Blair, India",,,8.8
usp000dc3u,2004-12-29 06:30:43.260000+00:00,2022-05-02T15:56:01.362Z,13.236,92.691,30.0,5.4,mwc,101.0,,68.3,,0.85,earthquake,"169 km N of Bamboo Flat, India",,,
usp000dc3t,2004-12-29 06:28:49.180000+00:00,2014-11-07T01:24:26.915Z,12.935,92.622,29.0,4.6,mb,24.0,8.0,70.4,,1.05,earthquake,"137 km N of Bamboo Flat, India",,,22.8
usp000dc3s,2004-12-29 06:19:05.790000+00:00,2025-12-19T23:18:24.755Z,9.606,93.602,30.0,5.4,mwc,71.0,,185.8,,0.88,earthquake,"246 km SSE of Port Blair, India",,,
usp000dc3r,2004-12-29 06:05:16.760000+00:00,2022-05-02T18:13:42.783Z,8.822,93.088,30.0,5.9,mwc,277.0,,58.5,,0.93,earthquake,"Nicobar Islands, India region",,,
usp000dc3q,2004-12-29 05:56:47.540000+00:00,2022-05-02T17:40:52.194Z,8.791,93.198,12.0,6.2,mwb,364.0,,58.8,,0.97,earthquake,"Nicobar Islands, India region",,,
usp000dc3p,2004-12-29 05:51:59.510000+00:00,2014-11-07T01:24:26.839Z,9.12,93.747,21.6,4.5,mb,13.0,8.0,111.4,,1.54,earthquake,"Nicobar Islands, India region",,,61.0
usp000dc3k,2004-12-29 04:46:14+00:00,2014-11-07T01:24:26.830Z,7.4,92.703,39.4,4.7,mb,28.0,19.0,169.7,,0.87,earthquake,"Nicobar Islands, India region",,,16.5
usp000dc3e,2004-12-29 03:44:01.990000+00:00,2014-11-07T01:24:26.821Z,12.773,92.651,30.0,4.5,mb,8.0,10.0,106.5,,1.53,earthquake,"118 km N of Bamboo Flat, India",,,
usp000dc3c,2004-12-29 02:13:28.350000+00:00,2022-05-02T17:40:45.332Z,13.3,92.66,30.0,5.4,mb,113.0,49.0,57.7,,1.08,earthquake,"177 km N of Bamboo Flat, India",,,
usp000dc3b,2004-12-29 01:50:52.570000+00:00,2022-05-02T17:40:44.154Z,9.109,93.756,8.0,6.1,mwb,442.0,,51.7,,0.9,earthquake,"Nicobar Islands, India region",,,
usp000dc3a,2004-12-29 01:39:41.240000+00:00,2022-05-02T17:40:42.909Z,8.378,93.156,34.0,5.9,mwc,292.0,,59.6,,1.01,earthquake,"Nicobar Islands, India region",,,
usp000dc39,2004-12-29 01:36:27.550000+00:00,2014-11-07T01:24:26.742Z,10.063,93.28,30.0,4.7,mb,16.0,12.0,103.1,,0.98,earthquake,"186 km SSE of Port Blair, India",,,
usp000dc36,2004-12-29 00:41:35.720000+00:00,2014-11-07T01:24:26.734Z,13.33,93.167,30.0,4.4,mb,10.0,9.0,116.6,,1.39,earthquake,"186 km NNE of Bamboo Flat, India",,,
usp000dc35,2004-12-29 00:32:25.220000+00:00,2014-11-07T01:24:26.732Z,8.943,93.634,30.0,4.5,mb,12.0,9.0,125.8,,1.14,earthquake,"Nicobar Islands, India region",,,
usp000dc34,2004-12-29 00:25:06.060000+00:00,2014-11-07T01:24:26.731Z,13.528,93.092,30.0,4.1,mb,8.0,5.0,200.6,,1.28,earthquake,"206 km NNE of Bamboo Flat, India",,,
usp000dc31,2004-12-28 23:46:35.150000+00:00,2014-11-07T01:24:26.725Z,9.344,93.052,30.0,5.0,mb,16.0,11.0,188.8,,0.8,earthquake,"259 km S of Port Blair, India",,,
usp000dc30,2004-12-28 23:39:59.420000+00:00,2022-05-02T17:40:36.015Z,11.076,92.122,24.7,5.0,mwc,39.0,,100.5,,0.73,earthquake,"94 km SW of Port Blair, India",,,
usp000dc2z,2004-12-28 23:35:16.690000+00:00,2014-11-07T01:24:26.717Z,9.081,93.457,28.5,4.9,mb,41.0,24.0,204.2,,0.89,earthquake,"296 km SSE of Port Blair, India",,,
usp000dc2x,2004-12-28 22:16:54.640000+00:00,2022-05-02T17:40:34.901Z,13.847,92.846,23.7,5.1,mwc,36.0,,102.7,,1.09,earthquake,"237 km N of Bamboo Flat, India",,,
usp000dc2v,2004-12-28 21:47:27.420000+00:00,2022-05-02T17:40:33.452Z,8.955,93.77,13.3,5.4,mwc,136.0,,52.1,,0.91,earthquake,"Nicobar Islands, India region",,,17.6
usp000dc2r,2004-12-28 20:58:33.840000+00:00,2014-11-07T01:24:26.628Z,9.205,94.027,30.0,4.7,mb,20.0,13.0,248.1,,0.81,earthquake,"Nicobar Islands, India region",,,
usp000dc2n,2004-12-28 20:41:55.900000+00:00,2016-11-10T00:56:42.482Z,10.064,93.159,30.0,5.0,mwc,25.0,,73.3,,1.29,earthquake,"182 km SSE of Port Blair, India",,,
usp000dc2k,2004-12-28 19:55:11.770000+00:00,2025-12-19T23:18:21.887Z,9.488,93.699,30.0,5.2,mwc,157.0,,50.9,,0.95,earthquake,"262 km SSE of Port Blair, India",,,
usp000dc2h,2004-12-28 17:46:20.670000+00:00,2016-11-10T00:56:41.419Z,8.296,92.265,28.6,4.9,mwc,49.0,,104.3,,1.25,earthquake,"Nicobar Islands, India region",,,
usp000dc2g,2004-12-28 17:11:16.620000+00:00,2025-12-19T22:38:24.641Z,9.937,93.801,51.8,5.4,mwc,164.0,,59.0,,1.2,earthquake,"223 km SSE of Port Blair, India",,,16.1
usp000dc23,2004-12-28 14:08:43.630000+00:00,2014-11-07T01:24:26.518Z,10.419,93.023,30.0,5.2,mb,68.0,41.0,59.8,,0.84,earthquake,"141 km SSE of Port Blair, India",,,
usp000dc1t,2004-12-28 10:51:47.310000+00:00,2022-05-02T17:40:28.669Z,10.546,92.353,30.0,5.3,mwc,43.0,,97.2,,1.13,earthquake,"131 km SSW of Port Blair, India",,,
usp000dc1m,2004-12-28 07:20:59.330000+00:00,2014-11-07T01:24:26.347Z,11.39,92.883,30.0,4.8,mb,33.0,22.0,88.0,,1.13,earthquake,"33 km SSE of Port Blair, India",,,
usp000dc1g,2004-12-28 05:36:12.940000+00:00,2025-12-19T23:18:21.220Z,9.45,93.711,30.0,5.4,mwc,137.0,,58.9,,0.96,earthquake,"266 km SSE of Port Blair, India",,,
usp000dc1d,2004-12-28 04:36:28.610000+00:00,2014-11-07T01:24:26.322Z,13.863,93.412,30.0,4.8,mb,23.0,16.0,107.5,,1.38,earthquake,"250 km NNE of Bamboo Flat, India",,,
usp000dc15,2004-12-28 02:05:14.850000+00:00,2014-11-07T01:24:26.297Z,13.867,93.361,30.0,4.8,mb,18.0,16.0,88.8,,1.17,earthquake,"249 km NNE of Bamboo Flat, India",,,
usp000dc0y,2004-12-28 00:04:48.640000+00:00,2022-05-02T18:13:41.567Z,8.738,92.646,30.0,5.1,mwc,12.0,,158.6,,1.19,earthquake,"Nicobar Islands, India region",,,
usp000dc0x,2004-12-27 23:58:00.490000+00:00,2025-12-19T23:18:19.816Z,7.994,91.89,8.3,5.4,mwc,109.0,,64.9,,0.95,earthquake,"Nicobar Islands, India region",,,17.4
usp000dc0r,2004-12-27 23:20:07.750000+00:00,2016-11-10T00:56:24.542Z,9.779,92.985,31.1,5.0,mwc,65.0,,73.1,,0.78,earthquake,"210 km S of Port Blair, India",,,18.5
usp000dc0h,2004-12-27 23:02:00.670000+00:00,2014-11-07T01:24:26.171Z,9.8,93.702,23.2,4.9,mb,55.0,18.0,74.5,,0.88,earthquake,"231 km SSE of Port Blair, India",,,17.9
usp000dc0g,2004-12-27 22:58:10.500000+00:00,2014-11-07T01:24:26.170Z,12.746,93.19,30.0,4.6,mb,14.0,4.0,185.2,,0.93,earthquake,"126 km NNE of Bamboo Flat, India",,,
usp000dc0f,2004-12-27 22:49:13.410000+00:00,2014-11-07T01:24:26.168Z,13.583,92.889,30.0,4.5,mb,15.0,3.0,176.1,,0.92,earthquake,"209 km N of Bamboo Flat, India",,,
usp000dc0d,2004-12-27 22:33:12.160000+00:00,2014-11-07T01:24:26.165Z,7.734,92.396,30.0,4.1,mb,10.0,2.0,189.6,,0.92,earthquake,"Nicobar Islands, India region",,,
usp000dc0c,2004-12-27 22:19:41.610000+00:00,2014-11-07T01:24:26.162Z,12.027,92.423,30.0,4.7,mb,27.0,7.0,96.0,,1.17,earthquake,"48 km NW of Bamboo Flat, India",,,
usp000dc0b,2004-12-27 22:15:07.180000+00:00,2014-11-07T01:24:26.160Z,8.454,93.524,30.0,4.4,mb,14.0,3.0,180.8,,0.81,earthquake,"Nicobar Islands, India region",,,
usp000dc09,2004-12-27 22:10:21.020000+00:00,2014-11-07T01:24:26.155Z,6.956,91.846,30.0,4.4,mb,20.0,8.0,179.5,,0.56,earthquake,"Nicobar Islands, India region",,,
usp000dc07,2004-12-27 22:03:01.220000+00:00,2025-12-19T23:18:18.993Z,6.391,92.164,30.0,5.2,mwc,28.0,,123.6,,0.78,earthquake,"Nicobar Islands, India region",,,
usp000dc06,2004-12-27 22:02:46.960000+00:00,2014-11-07T01:24:26.144Z,8.011,93.527,30.0,4.9,mb,39.0,13.0,107.7,,1.24,earthquake,"Nicobar Islands, India region",,,
usp000dc05,2004-12-27 22:02:39.300000+00:00,2014-11-07T01:24:26.141Z,8.285,93.768,30.0,4.5,mb,21.0,4.0,103.6,,0.91,earthquake,"Nicobar Islands, India region",,,
usp000dc04,2004-12-27 21:57:52.400000+00:00,2014-11-07T01:24:26.139Z,9.16,93.403,30.0,4.1,mb,11.0,3.0,201.2,,0.74,earthquake,"286 km SSE of Port Blair, India",,,
usp000dc01,2004-12-27 21:53:45.240000+00:00,2014-11-07T01:24:26.127Z,8.941,93.876,30.0,4.7,mb,46.0,13.0,88.0,,0.79,earthquake,"Nicobar Islands, India region",,,
usp000dc00,2004-12-27 21:46:05.050000+00:00,2014-11-07T01:24:26.125Z,8.344,93.972,30.0,4.4,mb,26.0,7.0,88.4,,0.76,earthquake,"Nicobar Islands, India region",,,
usp000dbzz,2004-12-27 21:44:07.710000+00:00,2014-11-07T01:24:26.121Z,8.578,93.699,26.0,4.8,mb,44.0,13.0,93.5,,0.85,earthquake,"Nicobar Islands, India region",,,
usp000dbzy,2004-12-27 21:42:06.930000+00:00,2014-11-07T01:24:26.119Z,8.34,93.564,30.0,4.3,mb,17.0,4.0,180.8,,0.88,earthquake,"Nicobar Islands, India region",,,
usp000dbzx,2004-12-27 21:40:02.170000+00:00,2014-11-07T01:24:26.117Z,9.006,92.023,30.0,4.1,mb,15.0,4.0,186.6,,0.64,earthquake,"Nicobar Islands, India region",,,
usp000dbzw,2004-12-27 21:29:50.820000+00:00,2014-11-07T01:24:26.114Z,7.884,92.349,29.3,4.2,mb,22.0,4.0,178.4,,1.06,earthquake,"Nicobar Islands, India region",,,
usp000dbzv,2004-12-27 21:24:42.750000+00:00,2014-11-07T01:24:26.110Z,13.55,92.943,35.8,4.8,mb,57.0,14.0,90.0,,0.76,earthquake,"206 km N of Bamboo Flat, India",,,
usp000dbzs,2004-12-27 21:17:22.400000+00:00,2014-11-07T01:24:26.104Z,6.939,91.91,23.2,4.3,mb,14.0,5.0,140.2,,1.36,earthquake,"Nicobar Islands, India region",,,
usp000dbzm,2004-12-27 20:52:06.860000+00:00,2014-11-07T01:24:26.091Z,7.225,92.791,30.0,4.6,mb,26.0,3.0,112.6,,1.19,earthquake,"Nicobar Islands, India region",,,
usp000dbzk,2004-12-27 20:49:59.840000+00:00,2014-11-07T01:24:26.089Z,8.0,92.045,30.0,4.7,mb,19.0,4.0,105.5,,0.86,earthquake,"Nicobar Islands, India region",,,
usp000dbzj,2004-12-27 20:47:49.730000+00:00,2014-11-07T01:24:26.087Z,8.277,93.528,30.0,4.7,mb,25.0,8.0,99.9,,0.98,earthquake,"Nicobar Islands, India region",,,
usp000dbzh,2004-12-27 20:41:45.570000+00:00,2014-11-07T01:24:26.085Z,8.814,93.528,30.0,4.6,mb,23.0,2.0,179.9,,1.01,earthquake,"Nicobar Islands, India region",,,
usp000dbzg,2004-12-27 20:41:06.760000+00:00,2014-11-07T01:24:26.079Z,9.089,93.856,30.0,4.9,mb,79.0,21.0,77.4,,0.89,earthquake,"Nicobar Islands, India region",,,
usp000dbze,2004-12-27 20:36:18.800000+00:00,2022-05-02T17:40:26.223Z,8.948,93.682,30.0,5.3,mwc,165.0,,51.9,,0.83,earthquake,"Nicobar Islands, India region",,,
usp000dbzc,2004-12-27 20:31:18.930000+00:00,2014-11-07T01:24:26.058Z,7.185,91.936,30.0,4.5,mb,26.0,5.0,75.2,,1.05,earthquake,"Nicobar Islands, India region",,,
usp000dbzb,2004-12-27 20:23:44.610000+00:00,2022-05-02T17:40:24.919Z,7.064,91.786,28.7,5.7,mwc,73.0,,49.8,,0.89,earthquake,"Nicobar Islands, India region",,,16.0
usp000dbz9,2004-12-27 20:16:50.080000+00:00,2014-11-07T01:24:26.046Z,8.412,93.66,27.7,4.8,mb,33.0,7.0,111.1,,1.02,earthquake,"Nicobar Islands, India region",,,
usp000dbz7,2004-12-27 20:08:14.820000+00:00,2014-11-07T01:24:26.005Z,13.491,92.8,30.0,4.3,mb,23.0,5.0,115.8,,0.53,earthquake,"198 km N of Bamboo Flat, India",,,
usp000dbz6,2004-12-27 20:05:33.700000+00:00,2014-11-07T01:24:26.003Z,8.697,92.936,30.0,4.4,mb,22.0,6.0,181.0,,1.08,earthquake,"Nicobar Islands, India region",,,
usp000dbz4,2004-12-27 19:50:14.330000+00:00,2014-11-07T01:24:25.996Z,6.696,92.699,44.0,4.5,mb,26.0,7.0,149.8,,0.99,earthquake,"Nicobar Islands, India region",,,
usp000dbz0,2004-12-27 19:28:52.280000+00:00,2022-05-02T17:40:22.614Z,8.547,93.686,27.5,5.3,mwc,120.0,,52.6,,0.86,earthquake,"Nicobar Islands, India region",,,
usp000dbyz,2004-12-27 19:28:38.630000+00:00,2014-11-07T01:24:25.824Z,9.706,92.59,28.1,4.9,mb,30.0,12.0,123.6,,1.22,earthquake,"217 km S of Port Blair, India",,,
usp000dbyy,2004-12-27 19:26:58.120000+00:00,2025-12-19T23:18:18.341Z,7.814,92.151,41.8,5.2,mwc,112.0,,53.5,,0.81,earthquake,"Nicobar Islands, India region",,,11.5
usp000dbyx,2004-12-27 19:18:26.230000+00:00,2022-05-02T17:40:21.535Z,8.971,92.36,30.8,5.0,mwc,65.0,,49.5,,0.76,earthquake,"Nicobar Islands, India region",,,
usp000dbyw,2004-12-27 19:16:06.960000+00:00,2014-11-07T01:24:25.792Z,11.489,92.494,28.3,5.1,mb,42.0,23.0,70.5,,0.71,earthquake,"33 km SW of Bamboo Flat, India",,,
usp000dbyv,2004-12-27 19:13:18.850000+00:00,2022-05-02T17:40:20.436Z,11.586,92.499,25.8,5.5,mwc,160.0,,45.6,,0.79,earthquake,"26 km WSW of Bamboo Flat, India",,,
usp000dbyr,2004-12-27 19:06:06.960000+00:00,2014-11-07T01:24:25.771Z,8.801,92.195,30.0,4.6,mb,24.0,7.0,159.5,,0.71,earthquake,"Nicobar Islands, India region",,,
usp000dbyk,2004-12-27 18:31:04.850000+00:00,2014-11-07T01:24:25.750Z,8.975,92.287,31.2,4.5,mb,14.0,3.0,181.3,,0.43,earthquake,"Nicobar Islands, India region",,,
usp000dbyj,2004-12-27 18:24:05.780000+00:00,2025-12-19T22:38:23.853Z,9.298,93.817,39.1,5.0,mwc,52.0,,69.2,,1.07,earthquake,"286 km SSE of Port Blair, India",,,10.6
usp000dbyh,2004-12-27 18:20:25.620000+00:00,2014-11-07T01:24:25.744Z,8.007,91.89,30.0,4.3,mb,15.0,4.0,134.5,,0.71,earthquake,"Nicobar Islands, India region",,,
usp000dbyg,2004-12-27 18:14:14.600000+00:00,2014-11-07T01:24:25.742Z,7.706,93.005,30.0,4.4,mb,10.0,2.0,182.0,,1.25,earthquake,"Nicobar Islands, India region",,,
usp000dby9,2004-12-27 17:52:38.580000+00:00,2014-11-07T01:24:25.725Z,7.352,91.44,30.0,4.1,mb,9.0,2.0,204.8,,1.14,earthquake,"Nicobar Islands, India region",,,
usp000dby5,2004-12-27 17:42:33.470000+00:00,2014-11-07T01:24:25.715Z,11.838,91.798,22.8,4.9,mb,36.0,15.0,47.5,,0.63,earthquake,"101 km W of Bamboo Flat, India",,,
usp000dby0,2004-12-27 17:27:24.790000+00:00,2014-11-07T01:24:25.693Z,11.279,92.546,30.0,4.0,mb,9.0,1.0,178.7,,0.86,earthquake,"48 km SSW of Port Blair, India",,,
usp000dbxz,2004-12-27 17:23:40.310000+00:00,2014-11-07T01:24:25.691Z,13.598,92.789,30.0,4.1,mb,13.0,1.0,154.8,,0.95,earthquake,"210 km N of Bamboo Flat, India",,,
usp000dbxw,2004-12-27 17:13:11.620000+00:00,2014-11-07T01:24:25.684Z,13.234,92.391,30.0,4.2,mb,20.0,5.0,155.5,,0.93,earthquake,"173 km NNW of Bamboo Flat, India",,,
usp000dbxv,2004-12-27 17:08:59.800000+00:00,2014-11-07T01:24:25.682Z,10.337,93.143,30.0,4.3,mb,15.0,5.0,179.2,,0.92,earthquake,"153 km SSE of Port Blair, India",,,
usp000dbxj,2004-12-27 16:33:55.350000+00:00,2014-11-07T01:24:25.649Z,8.454,92.145,29.0,4.8,mb,50.0,18.0,101.7,,0.88,earthquake,"Nicobar Islands, India region",,,
usp000dbxg,2004-12-27 16:28:15.620000+00:00,2014-11-07T01:24:25.642Z,8.61,92.169,28.6,4.5,mb,30.0,6.0,72.2,,0.92,earthquake,"Nicobar Islands, India region",,,
usp000dbxe,2004-12-27 16:25:21.040000+00:00,2014-11-07T01:24:25.639Z,8.416,94.199,30.0,4.1,mb,15.0,2.0,101.7,,1.06,earthquake,"Nicobar Islands, India region",,,
usp000dbxd,2004-12-27 16:22:44.190000+00:00,2014-11-07T01:24:25.636Z,9.208,93.476,30.0,4.5,mb,26.0,3.0,81.9,,0.88,earthquake,"283 km SSE of Port Blair, India",,,
usp000dbxb,2004-12-27 16:13:58.250000+00:00,2014-11-07T01:24:25.625Z,8.671,91.407,30.0,4.5,mb,16.0,1.0,199.2,,0.91,earthquake,"Nicobar Islands, India region",,,
usp000dbx8,2004-12-27 15:57:24.780000+00:00,2014-11-07T01:24:25.596Z,9.158,93.343,27.0,4.3,mb,20.0,5.0,109.9,,0.83,earthquake,"285 km SSE of Port Blair, India",,,20.7
usp000dbx7,2004-12-27 15:49:32.870000+00:00,2014-11-07T01:24:25.591Z,7.223,92.278,33.8,4.6,mb,34.0,13.0,167.9,,0.74,earthquake,"Nicobar Islands, India region",,,
usp000dbx5,2004-12-27 15:41:01.600000+00:00,2014-11-07T01:24:25.585Z,10.465,92.829,24.1,4.8,mb,50.0,21.0,157.4,,0.64,earthquake,"133 km S of Port Blair, India",,,21.0
usp000dbx4,2004-12-27 15:30:39.050000+00:00,2014-11-07T01:24:25.584Z,6.568,92.635,30.0,4.1,mb,15.0,2.0,177.2,,1.0,earthquake,"Nicobar Islands, India region",,,
usp000dbx2,2004-12-27 15:20:33.640000+00:00,2025-12-19T23:18:14.958Z,10.592,93.588,23.9,5.2,mwc,108.0,,65.2,,0.84,earthquake,"150 km SE of Port Blair, India",,,
usp000dbwz,2004-12-27 14:59:00.160000+00:00,2014-11-07T01:24:25.568Z,9.212,93.443,22.3,4.4,mb,12.0,2.0,180.0,,0.74,earthquake,"281 km SSE of Port Blair, India",,,
usp000dbwy,2004-12-27 14:46:46.490000+00:00,2022-05-02T15:55:53.763Z,12.35,92.469,19.0,5.6,mwc,364.0,,26.2,,0.76,earthquake,"76 km NNW of Bamboo Flat, India",,,
usp000dbwx,2004-12-27 14:43:48.510000+00:00,2014-11-07T01:24:25.539Z,13.11,92.724,30.0,4.5,mb,15.0,4.0,176.7,,0.62,earthquake,"155 km N of Bamboo Flat, India",,,
usp000dbww,2004-12-27 14:37:23.150000+00:00,2014-11-07T01:24:25.537Z,13.066,93.219,30.0,4.3,mb,11.0,1.0,176.3,,1.08,earthquake,"160 km NNE of Bamboo Flat, India",,,
usp000dbwu,2004-12-27 14:30:32.330000+00:00,2022-05-02T17:40:19.337Z,8.546,93.873,24.2,5.2,mwc,106.0,,69.1,,0.85,earthquake,"Nicobar Islands, India region",,,
usp000dbwt,2004-12-27 14:29:10.580000+00:00,2014-11-07T01:24:25.523Z,12.232,92.46,23.4,4.5,mb,17.0,4.0,177.8,,0.82,earthquake,"65 km NNW of Bamboo Flat, India",,,
usp000dbws,2004-12-27 14:20:53.870000+00:00,2014-11-07T01:24:25.516Z,8.096,92.715,39.4,4.8,mb,57.0,31.0,64.8,,0.86,earthquake,"Nicobar Islands, India region",,,
usp000dbwr,2004-12-27 14:13:44.190000+00:00,2014-11-07T01:24:25.514Z,8.645,93.517,30.0,4.3,mb,23.0,5.0,184.9,,0.51,earthquake,"Nicobar Islands, India region",,,
usp000dbwp,2004-12-27 14:06:47.250000+00:00,2014-11-07T01:24:25.510Z,8.28,92.896,30.0,4.4,mb,22.0,4.0,177.7,,0.97,earthquake,"Nicobar Islands, India region",,,
usp000dbwn,2004-12-27 14:05:12.150000+00:00,2014-11-07T01:24:25.509Z,8.068,91.971,28.4,4.2,mb,11.0,3.0,138.7,,0.73,earthquake,"Nicobar Islands, India region",,,
usp000dbwj,2004-12-27 13:55:20.560000+00:00,2014-11-07T01:24:25.504Z,7.856,91.784,23.7,4.3,mb,11.0,4.0,182.9,,0.95,earthquake,"Nicobar Islands, India region",,,
usp000dbwf,2004-12-27 13:44:13.350000+00:00,2014-11-07T01:24:25.499Z,5.934,92.053,30.0,4.1,mb,11.0,3.0,184.6,,1.18,earthquake,off the west coast of northern Sumatra,,,
usp000dbwd,2004-12-27 13:38:54.560000+00:00,2014-11-07T01:24:25.492Z,12.822,92.485,36.7,4.5,mb,23.0,9.0,137.3,,1.03,earthquake,"126 km NNW of Bamboo Flat, India",,,
usp000dbw6,2004-12-27 12:58:01.220000+00:00,2014-11-07T01:24:25.473Z,7.292,92.519,25.8,4.7,mb,38.0,17.0,131.0,,0.99,earthquake,"Nicobar Islands, India region",,,
usp000dbw4,2004-12-27 12:48:18.010000+00:00,2014-11-07T01:24:25.466Z,8.576,93.842,25.1,4.9,mb,50.0,14.0,88.3,,0.73,earthquake,"Nicobar Islands, India region",,,
usp000dbw3,2004-12-27 12:45:11.230000+00:00,2014-11-07T01:24:25.464Z,8.889,92.222,29.8,4.4,mb,21.0,5.0,175.2,,0.92,earthquake,"Nicobar Islands, India region",,,
usp000dbw0,2004-12-27 12:33:44.300000+00:00,2014-11-07T01:24:25.458Z,13.59,93.053,30.0,4.2,mb,11.0,2.0,175.9,,0.82,earthquake,"212 km N of Bamboo Flat, India",,,
usp000dbvy,2004-12-27 12:22:51.360000+00:00,2014-11-07T01:24:25.452Z,9.545,93.186,30.0,4.5,mb,16.0,2.0,179.9,,0.64,earthquake,"239 km SSE of Port Blair, India",,,
usp000dbvx,2004-12-27 12:13:59.570000+00:00,2022-05-02T17:40:18.195Z,12.805,92.684,27.6,5.0,mwc,98.0,,47.6,,0.86,earthquake,"122 km N of Bamboo Flat, India",,,
usp000dbvw,2004-12-27 12:08:26.950000+00:00,2014-11-07T01:24:25.320Z,7.507,92.292,30.0,4.0,mb,9.0,3.0,141.1,,1.26,earthquake,"Nicobar Islands, India region",,,
usp000dbvu,2004-12-27 11:57:55.490000+00:00,2025-12-19T23:18:14.298Z,8.075,92.296,25.0,5.1,mwc,125.0,,49.8,,0.84,earthquake,"Nicobar Islands, India region",,,
usp000dbvq,2004-12-27 11:38:52.780000+00:00,2014-11-07T01:24:25.298Z,10.938,91.473,30.0,4.4,mb,18.0,5.0,176.5,,0.93,earthquake,"159 km WSW of Bamboo Flat, India",,,
usp000dbvp,2004-12-27 11:30:43.630000+00:00,2014-11-07T01:24:25.294Z,7.547,92.425,30.0,4.7,mb,34.0,15.0,100.7,,1.09,earthquake,"Nicobar Islands, India region",,,
usp000dbvg,2004-12-27 11:06:47.430000+00:00,2014-11-07T01:24:25.273Z,10.794,92.645,30.0,4.4,mb,19.0,3.0,179.1,,0.99,earthquake,"97 km S of Port Blair, India",,,
usp000dbve,2004-12-27 11:01:18.570000+00:00,2014-11-07T01:24:25.268Z,8.776,93.46,30.0,4.6,mb,25.0,5.0,81.6,,1.06,earthquake,"Nicobar Islands, India region",,,
usp000dbva,2004-12-27 10:46:47.700000+00:00,2014-11-07T01:24:25.257Z,13.657,93.05,25.0,5.3,mb,76.0,42.0,58.0,,0.9,earthquake,"219 km N of Bamboo Flat, India",,,15.1
usp000dbv9,2004-12-27 10:46:38.970000+00:00,2022-05-02T17:40:16.991Z,13.681,93.039,32.1,5.4,mwc,164.0,,26.7,,1.02,earthquake,"221 km N of Bamboo Flat, India",,,
usp000dbv4,2004-12-27 10:28:10.470000+00:00,2014-11-07T01:24:25.216Z,8.248,93.805,30.0,4.5,mb,21.0,2.0,99.9,,0.97,earthquake,"Nicobar Islands, India region",,,
usp000dbv1,2004-12-27 10:01:41.570000+00:00,2014-11-07T01:24:25.189Z,7.512,92.645,48.5,5.0,mb,29.0,4.0,100.4,,1.26,earthquake,"Nicobar Islands, India region",,,24.0
usp000dbv0,2004-12-27 09:57:52.730000+00:00,2022-05-02T17:40:14.517Z,7.706,92.645,9.1,5.7,mwc,185.0,,59.9,,0.92,earthquake,"Nicobar Islands, India region",,,19.5
usp000dbuy,2004-12-27 09:37:25.030000+00:00,2014-11-07T01:24:25.125Z,7.584,92.667,40.3,4.7,mb,44.0,10.0,100.4,,0.89,earthquake,"Nicobar Islands, India region",,,17.3
usp000dbux,2004-12-27 09:33:21.780000+00:00,2014-11-07T01:24:25.123Z,9.296,93.685,30.0,4.4,mb,11.0,4.0,218.9,,0.6,earthquake,"281 km SSE of Port Blair, India",,,
usp000dbuv,2004-12-27 09:24:07.750000+00:00,2014-11-07T01:24:25.120Z,13.252,93.166,30.0,4.4,mb,22.0,7.0,107.4,,1.07,earthquake,"178 km NNE of Bamboo Flat, India",,,
usp000dbus,2004-12-27 09:09:14.610000+00:00,2014-11-07T01:24:25.110Z,8.357,93.424,30.0,4.4,mb,15.0,4.0,188.4,,0.63,earthquake,"Nicobar Islands, India region",,,
usp000dbug,2004-12-27 08:20:11.260000+00:00,2014-11-07T01:24:25.064Z,11.694,92.313,22.7,4.6,mb,21.0,7.0,175.3,,0.75,earthquake,"44 km W of Bamboo Flat, India",,,
usp000dbub,2004-12-27 07:32:38.840000+00:00,2014-11-07T01:24:25.030Z,12.352,92.503,21.6,4.5,mb,24.0,8.0,105.3,,0.84,earthquake,"75 km NNW of Bamboo Flat, India",,,
usp000dbua,2004-12-27 07:15:05.050000+00:00,2014-11-07T01:24:25.026Z,11.354,92.114,34.1,4.7,mb,51.0,12.0,128.5,,1.01,earthquake,"76 km WSW of Bamboo Flat, India",,,
usp000dbu6,2004-12-27 06:55:06.950000+00:00,2014-11-07T01:24:25.003Z,12.206,92.65,30.0,4.4,mb,11.0,1.0,164.4,,1.01,earthquake,"56 km N of Bamboo Flat, India",,,
usp000dbu5,2004-12-27 06:54:10.220000+00:00,2014-11-07T01:24:25.002Z,12.94,93.068,30.0,4.4,mb,12.0,2.0,176.6,,1.04,earthquake,"142 km NNE of Bamboo Flat, India",,,
usp000dbu4,2004-12-27 06:50:31.050000+00:00,2014-11-07T01:24:25.000Z,6.962,92.528,30.0,4.2,mb,11.0,2.0,143.9,,0.89,earthquake,"Nicobar Islands, India region",,,
usp000dbu3,2004-12-27 06:48:24.840000+00:00,2014-11-07T01:24:24.998Z,6.923,92.208,30.0,4.5,mb,14.0,3.0,186.1,,0.47,earthquake,"Nicobar Islands, India region",,,
usp000dbu1,2004-12-27 06:40:42.920000+00:00,2014-11-07T01:24:24.990Z,8.968,93.746,30.5,4.8,mb,71.0,20.0,75.0,,0.7,earthquake,"Nicobar Islands, India region",,,21.1
usp000dbtx,2004-12-27 06:01:52.240000+00:00,2022-05-02T17:40:03.038Z,7.94,93.483,58.2,5.0,mwc,74.0,,64.7,,0.95,earthquake,"Nicobar Islands, India region",,,
usp000dbtv,2004-12-27 05:57:31.080000+00:00,2014-11-07T01:24:24.965Z,7.992,92.063,31.5,4.7,mb,35.0,7.0,49.6,,0.93,earthquake,"Nicobar Islands, India region",,,
usp000dbtu,2004-12-27 05:50:11.990000+00:00,2025-12-19T23:18:13.592Z,8.021,92.101,32.2,5.2,mwc,68.0,,101.4,,0.89,earthquake,"Nicobar Islands, India region",,,
usp000dbtr,2004-12-27 05:44:18.760000+00:00,2014-11-07T01:24:24.953Z,10.192,93.617,27.7,4.4,mb,12.0,2.0,175.6,,0.5,earthquake,"188 km SSE of Port Blair, India",,,
usp000dbtq,2004-12-27 05:28:44.580000+00:00,2014-11-07T01:24:24.951Z,8.64,93.663,30.0,4.6,mb,21.0,7.0,81.1,,1.08,earthquake,"Nicobar Islands, India region",,,
usp000dbtn,2004-12-27 05:16:34.680000+00:00,2014-11-07T01:24:24.945Z,14.024,93.074,30.0,4.6,mb,55.0,24.0,80.2,,0.8,earthquake,"260 km N of Bamboo Flat, India",,,
usp000dbtk,2004-12-27 05:09:19.520000+00:00,2014-11-07T01:24:24.934Z,6.803,92.562,33.4,4.5,mb,13.0,4.0,104.2,,0.62,earthquake,"Nicobar Islands, India region",,,
usp000dbth,2004-12-27 04:50:57.250000+00:00,2014-11-07T01:24:24.927Z,13.043,92.699,25.6,4.8,mb,47.0,15.0,64.2,,0.88,earthquake,"148 km N of Bamboo Flat, India",,,
usp000dbtf,2004-12-27 04:40:48.760000+00:00,2014-11-07T01:24:24.921Z,6.872,92.561,37.9,4.7,mb,19.0,7.0,100.0,,0.84,earthquake,"Nicobar Islands, India region",,,
usp000dbte,2004-12-27 04:29:36.760000+00:00,2014-11-07T01:24:24.917Z,12.36,92.486,30.0,4.6,mb,34.0,10.0,173.9,,1.02,earthquake,"77 km NNW of Bamboo Flat, India",,,
usp000dbtd,2004-12-27 04:26:08.750000+00:00,2014-11-07T01:24:24.910Z,6.829,92.596,39.0,5.0,mb,74.0,30.0,58.8,,0.78,earthquake,"Nicobar Islands, India region",,,
usp000dbtc,2004-12-27 04:25:28.280000+00:00,2014-11-07T01:24:24.908Z,9.392,92.942,30.0,4.4,mb,11.0,5.0,111.4,,0.71,earthquake,"252 km S of Port Blair, India",,,
usp000dbt9,2004-12-27 04:14:36.440000+00:00,2014-11-07T01:24:24.879Z,8.394,92.005,30.0,4.5,mb,25.0,8.0,132.3,,0.93,earthquake,"Nicobar Islands, India region",,,
usp000dbt6,2004-12-27 03:51:14.030000+00:00,2014-11-07T01:24:24.870Z,9.459,91.702,19.0,4.5,mb,25.0,9.0,103.7,,0.98,earthquake,"269 km SSW of Port Blair, India",,,
usp000dbt5,2004-12-27 03:50:31+00:00,2014-11-07T01:24:24.869Z,11.485,92.729,30.0,4.4,mb,9.0,3.0,186.5,,1.26,earthquake,"20 km S of Port Blair, India",,,
usp000dbt3,2004-12-27 03:37:41.960000+00:00,2014-11-07T01:24:24.857Z,7.692,92.283,31.0,4.6,mb,35.0,13.0,108.8,,0.76,earthquake,"Nicobar Islands, India region",,,
usp000dbsz,2004-12-27 03:13:33.710000+00:00,2014-11-07T01:24:24.778Z,9.384,93.011,30.0,4.8,mb,33.0,11.0,158.1,,0.8,earthquake,"254 km S of Port Blair, India",,,
usp000dbsu,2004-12-27 02:48:36.500000+00:00,2014-11-07T01:24:24.746Z,6.166,92.44,42.2,4.2,mb,14.0,3.0,110.1,,0.95,earthquake,"Nicobar Islands, India region",,,
usp000dbss,2004-12-27 02:37:51.450000+00:00,2014-11-07T01:24:24.742Z,13.71,93.353,30.0,4.2,mb,21.0,6.0,103.7,,1.37,earthquake,"232 km NNE of Bamboo Flat, India",,,
usp000dbsm,2004-12-27 02:23:43.170000+00:00,2014-11-07T01:24:24.732Z,8.407,93.598,22.2,4.6,mb,24.0,8.0,103.0,,1.13,earthquake,"Nicobar Islands, India region",,,
usp000dbsj,2004-12-27 02:17:43.140000+00:00,2014-11-07T01:24:24.728Z,7.953,92.666,38.2,4.5,mb,23.0,8.0,186.8,,1.1,earthquake,"Nicobar Islands, India region",,,
usp000dbsh,2004-12-27 02:10:07.770000+00:00,2014-11-07T01:24:24.725Z,13.717,93.119,25.7,4.4,mb,35.0,12.0,82.3,,0.94,earthquake,"227 km N of Bamboo Flat, India",,,
usp000dbse,2004-12-27 01:53:40.840000+00:00,2014-11-07T01:24:24.713Z,12.902,92.434,30.0,4.5,mb,17.0,4.0,177.2,,0.55,earthquake,"136 km NNW of Bamboo Flat, India",,,
usp000dbsc,2004-12-27 01:46:02.100000+00:00,2014-11-07T01:24:24.703Z,13.852,93.3,41.9,4.6,mb,70.0,22.0,82.2,,0.87,earthquake,"246 km NNE of Bamboo Flat, India",,,12.7
usp000dbsa,2004-12-27 01:43:06.780000+00:00,2014-11-07T01:24:24.608Z,13.63,93.661,62.0,4.3,mb,26.0,5.0,106.9,,0.75,earthquake,"236 km NNE of Bamboo Flat, India",,,
usp000dbs9,2004-12-27 01:38:21.820000+00:00,2025-12-19T23:18:11.562Z,6.755,92.583,22.7,5.0,mwc,52.0,,72.9,,0.78,earthquake,"Nicobar Islands, India region",,,
usp000dbs8,2004-12-27 01:34:04.580000+00:00,2014-11-07T01:24:24.355Z,13.374,93.453,30.0,4.5,mb,40.0,12.0,148.6,,0.84,earthquake,"201 km NNE of Bamboo Flat, India",,,
usp000dbs6,2004-12-27 01:29:16.290000+00:00,2014-11-07T01:24:24.343Z,13.248,92.587,30.0,4.3,mb,14.0,3.0,170.9,,0.97,earthquake,"171 km N of Bamboo Flat, India",,,
usp000dbs5,2004-12-27 01:23:11.530000+00:00,2014-11-07T01:24:24.338Z,13.174,93.126,35.8,4.8,mb,43.0,19.0,66.2,,0.94,earthquake,"169 km NNE of Bamboo Flat, India",,,15.2
usp000dbs1,2004-12-27 01:04:51.040000+00:00,2014-11-07T01:24:24.164Z,8.668,93.75,30.0,4.7,mb,60.0,18.0,75.1,,0.65,earthquake,"Nicobar Islands, India region",,,
usp000dbs0,2004-12-27 00:49:28.590000+00:00,2022-05-02T17:40:00.433Z,12.982,92.395,23.7,5.8,mwc,430.0,,25.1,,0.85,earthquake,"146 km NNW of Bamboo Flat, India",,,
usp000dbrz,2004-12-27 00:39:44.620000+00:00,2025-12-19T23:18:10.106Z,9.088,93.663,21.8,5.4,mwc,131.0,,37.7,,0.99,earthquake,"Nicobar Islands, India region",,,
usp000dbry,2004-12-27 00:36:09.380000+00:00,2025-12-19T23:18:09.307Z,8.472,92.394,30.0,5.5,mwc,34.0,,69.0,,0.99,earthquake,"Nicobar Islands, India region",,,
usp000dbrr,2004-12-27 00:21:07.220000+00:00,2014-11-07T01:24:24.056Z,8.058,93.196,30.0,4.4,mb,15.0,2.0,184.9,,1.16,earthquake,"Nicobar Islands, India region",,,
usp000dbrd,2004-12-26 23:55:08.020000+00:00,2014-11-07T01:24:24.033Z,8.192,92.16,30.0,4.2,mb,11.0,3.0,189.4,,0.84,earthquake,"Nicobar Islands, India region",,,
usp000dbr6,2004-12-26 23:31:45.580000+00:00,2014-11-07T01:24:24.015Z,9.02,92.375,30.2,4.8,mb,58.0,18.0,89.0,,0.66,earthquake,"295 km S of Port Blair, India",,,
usp000dbr5,2004-12-26 23:29:09.240000+00:00,2014-11-07T01:24:24.012Z,8.874,92.295,29.4,4.4,mb,26.0,7.0,105.7,,0.92,earthquake,"Nicobar Islands, India region",,,
usp000dbr4,2004-12-26 23:23:33.140000+00:00,2014-11-07T01:24:24.010Z,11.789,92.868,21.9,4.4,mb,21.0,6.0,117.3,,1.31,earthquake,"18 km NE of Port Blair, India",,,
usp000dbr3,2004-12-26 23:22:02.490000+00:00,2014-11-07T01:24:24.008Z,8.318,93.667,30.0,4.2,mb,20.0,5.0,111.2,,0.76,earthquake,"Nicobar Islands, India region",,,
usp000dbr2,2004-12-26 23:21:49.430000+00:00,2014-11-07T01:24:24.005Z,8.703,93.323,30.0,4.2,mb,18.0,4.0,110.6,,0.89,earthquake,"Nicobar Islands, India region",,,
usp000dbqz,2004-12-26 23:11:27.090000+00:00,2014-11-07T01:24:23.976Z,8.436,93.576,30.0,4.3,mb,24.0,5.0,93.2,,0.92,earthquake,"Nicobar Islands, India region",,,
usp000dbqx,2004-12-26 23:04:26.650000+00:00,2014-11-07T01:24:23.920Z,9.294,91.969,30.7,5.1,mb,92.0,27.0,83.3,,0.76,earthquake,"275 km SSW of Port Blair, India",,,
usp000dbqr,2004-12-26 22:46:11.060000+00:00,2014-11-07T01:24:23.905Z,8.991,92.51,36.5,4.9,mb,51.0,13.0,90.7,,0.76,earthquake,"297 km S of Port Blair, India",,,
usp000dbqq,2004-12-26 22:45:04.480000+00:00,2014-11-07T01:24:23.902Z,12.223,92.697,30.0,4.3,mb,26.0,6.0,105.3,,0.77,earthquake,"57 km N of Bamboo Flat, India",,,
usp000dbqn,2004-12-26 22:39:25.830000+00:00,2014-11-07T01:24:23.898Z,6.961,92.515,30.0,4.6,mb,19.0,4.0,177.4,,0.86,earthquake,"Nicobar Islands, India region",,,
usp000dbqm,2004-12-26 22:39:20.650000+00:00,2014-11-07T01:24:23.897Z,8.035,92.317,30.0,4.6,mb,11.0,3.0,326.9,,0.69,earthquake,"Nicobar Islands, India region",,,
usp000dbqe,2004-12-26 22:22:05.090000+00:00,2014-11-07T01:24:23.885Z,8.607,92.144,23.9,4.4,mb,15.0,5.0,175.7,,0.54,earthquake,"Nicobar Islands, India region",,,
usp000dbqd,2004-12-26 22:21:04.650000+00:00,2014-11-07T01:24:23.882Z,8.875,94.186,30.0,4.5,mb,30.0,8.0,114.8,,0.68,earthquake,"Nicobar Islands, India region",,,
usp000dbqb,2004-12-26 22:19:20.880000+00:00,2014-11-07T01:24:23.878Z,8.277,92.214,30.0,4.1,mb,11.0,3.0,203.6,,0.74,earthquake,"Nicobar Islands, India region",,,
usp000dbq9,2004-12-26 22:15:06.470000+00:00,2014-11-07T01:24:23.872Z,8.125,93.771,30.0,4.1,mb,8.0,2.0,304.2,,0.81,earthquake,"Nicobar Islands, India region",,,
usp000dbq4,2004-12-26 21:55:10.900000+00:00,2014-11-07T01:24:23.862Z,10.731,91.543,30.0,4.5,mb,8.0,2.0,180.1,,0.82,earthquake,"167 km SW of Bamboo Flat, India",,,
usp000dbq2,2004-12-26 21:51:02.420000+00:00,2014-11-07T01:24:23.846Z,6.828,92.688,30.0,4.3,mb,13.0,3.0,187.9,,0.47,earthquake,"Nicobar Islands, India region",,,
usp000dbq1,2004-12-26 21:44:38.220000+00:00,2014-11-07T01:24:23.842Z,7.035,92.556,30.0,4.8,mb,40.0,10.0,105.1,,0.7,earthquake,"Nicobar Islands, India region",,,
usp000dbq0,2004-12-26 21:43:57.760000+00:00,2014-11-07T01:24:23.840Z,6.494,94.293,30.0,4.3,mb,16.0,4.0,182.1,,1.59,earthquake,"Nicobar Islands, India region",,,
usp000dbpz,2004-12-26 21:39:35.310000+00:00,2014-11-07T01:24:23.839Z,12.757,92.538,30.0,4.2,mb,11.0,3.0,177.2,,0.89,earthquake,"118 km N of Bamboo Flat, India",,,
usp000dbpy,2004-12-26 21:36:42.410000+00:00,2014-11-07T01:24:23.837Z,8.285,92.652,30.0,4.4,mb,19.0,6.0,180.7,,1.28,earthquake,"Nicobar Islands, India region",,,
usp000dbpv,2004-12-26 21:33:12.380000+00:00,2014-11-07T01:24:23.829Z,8.808,92.47,30.0,4.6,mb,32.0,9.0,121.4,,0.74,earthquake,"Nicobar Islands, India region",,,
usp000dbpu,2004-12-26 21:26:08.320000+00:00,2014-11-07T01:24:23.826Z,13.81,93.196,30.0,4.6,mb,28.0,11.0,153.3,,1.04,earthquake,"239 km NNE of Bamboo Flat, India",,,
usp000dbpq,2004-12-26 21:20:42.310000+00:00,2014-11-07T01:24:23.816Z,8.581,92.141,30.0,4.9,mb,45.0,16.0,90.1,,0.65,earthquake,"Nicobar Islands, India region",,,
usp000dbpp,2004-12-26 21:19:55.550000+00:00,2014-11-07T01:24:23.814Z,8.081,92.09,30.0,4.4,mb,12.0,3.0,289.5,,0.73,earthquake,"Nicobar Islands, India region",,,
usp000dbp8,2004-12-26 20:37:09.700000+00:00,2014-11-07T01:24:23.654Z,12.961,92.361,22.7,4.2,mb,19.0,3.0,161.2,,0.82,earthquake,"144 km NNW of Bamboo Flat, India",,,
usp000dbp6,2004-12-26 20:29:57.820000+00:00,2014-11-07T01:24:23.650Z,8.936,93.592,35.0,4.4,mb,19.0,5.0,104.0,,0.93,earthquake,"Nicobar Islands, India region",,,
usp000dbp5,2004-12-26 20:24:16.750000+00:00,2014-11-07T01:24:23.648Z,10.245,93.616,30.0,4.7,mb,20.0,5.0,175.5,,0.73,earthquake,"183 km SSE of Port Blair, India",,,
usp000dbp1,2004-12-26 20:11:58.110000+00:00,2014-11-07T01:24:23.637Z,10.869,92.617,30.0,4.2,mb,11.0,2.0,194.4,,0.62,earthquake,"89 km S of Port Blair, India",,,
usp000dbny,2004-12-26 20:02:25.150000+00:00,2014-11-07T01:24:23.629Z,7.461,92.667,30.0,4.4,mb,12.0,3.0,175.9,,0.87,earthquake,"Nicobar Islands, India region",,,
usp000dbnx,2004-12-26 20:01:14.250000+00:00,2014-11-07T01:24:23.626Z,10.299,93.74,30.0,4.6,mb,31.0,9.0,101.4,,0.93,earthquake,"186 km SE of Port Blair, India",,,
usp000dbnv,2004-12-26 19:55:14.930000+00:00,2014-11-07T01:24:23.619Z,11.623,92.32,25.9,4.7,mb,49.0,16.0,77.9,,0.93,earthquake,"44 km W of Bamboo Flat, India",,,
usp000dbnt,2004-12-26 19:49:28.020000+00:00,2014-11-07T01:24:23.615Z,8.562,92.542,30.0,4.4,mb,12.0,6.0,188.8,,0.79,earthquake,"Nicobar Islands, India region",,,
usp000dbnr,2004-12-26 19:29:47.390000+00:00,2014-11-07T01:24:23.609Z,12.475,92.602,25.9,4.4,mb,21.0,7.0,108.1,,1.29,earthquake,"86 km N of Bamboo Flat, India",,,
usp000dbnh,2004-12-26 18:55:46.100000+00:00,2014-11-07T01:24:23.555Z,11.98,91.974,30.0,4.9,mb,35.0,15.0,96.2,,0.81,earthquake,"86 km WNW of Bamboo Flat, India",,,
usp000dbnf,2004-12-26 18:42:43.890000+00:00,2022-05-02T17:39:52.292Z,13.71,92.953,26.2,5.5,mwc,161.0,,51.9,,0.99,earthquake,"223 km N of Bamboo Flat, India",,,
usp000dbne,2004-12-26 18:33:55.600000+00:00,2014-11-07T01:24:23.524Z,9.425,93.658,47.1,5.1,mb,47.0,15.0,87.6,,0.86,earthquake,"267 km SSE of Port Blair, India",,,12.2
usp000dbnb,2004-12-26 18:29:31.780000+00:00,2014-11-07T01:24:23.507Z,8.058,92.198,30.0,5.0,mb,44.0,18.0,130.3,,1.17,earthquake,"Nicobar Islands, India region",,,
usp000dbn8,2004-12-26 18:10:43.160000+00:00,2014-11-07T01:24:23.494Z,8.953,94.036,25.5,5.0,mb,79.0,32.0,87.7,,0.86,earthquake,"Nicobar Islands, India region",,,
usp000dbn7,2004-12-26 18:01:08.280000+00:00,2014-11-07T01:24:23.491Z,9.131,93.818,22.8,4.6,mb,20.0,5.0,122.7,,1.08,earthquake,"Nicobar Islands, India region",,,
usp000dbn6,2004-12-26 17:59:00.460000+00:00,2014-11-07T01:24:23.487Z,8.309,93.952,0.8,4.8,mb,47.0,18.0,94.1,,1.16,earthquake,"Nicobar Islands, India region",,,41.5
usp000dbn5,2004-12-26 17:56:35.840000+00:00,2014-11-07T01:24:23.463Z,12.861,92.484,45.4,5.1,mb,87.0,29.0,64.5,,0.76,earthquake,"130 km N of Bamboo Flat, India",,,8.7
usp000dbn3,2004-12-26 17:50:12.590000+00:00,2014-11-07T01:24:23.450Z,13.599,92.852,26.8,5.0,mb,98.0,30.0,82.5,,0.95,earthquake,"210 km N of Bamboo Flat, India",,,
usp000dbn2,2004-12-26 17:44:52.770000+00:00,2014-11-07T01:24:23.438Z,8.93,93.974,22.8,5.2,mb,127.0,45.0,71.3,,0.82,earthquake,"Nicobar Islands, India region",,,
usp000dbmz,2004-12-26 17:30:24.530000+00:00,2014-11-07T01:24:23.430Z,8.523,93.729,30.0,4.6,mb,35.0,10.0,99.1,,1.4,earthquake,"Nicobar Islands, India region",,,
usp000dbmu,2004-12-26 17:07:20.680000+00:00,2014-11-07T01:24:23.417Z,9.125,93.866,25.6,4.7,mb,38.0,15.0,93.6,,0.99,earthquake,"Nicobar Islands, India region",,,
usp000dbmq,2004-12-26 16:44:19.830000+00:00,2014-11-07T01:24:23.392Z,13.632,92.748,22.9,4.4,mb,25.0,4.0,99.8,,0.79,earthquake,"213 km N of Bamboo Flat, India",,,
usp000dbmp,2004-12-26 16:43:15.030000+00:00,2014-11-07T01:24:23.390Z,9.063,92.62,36.2,4.6,mb,18.0,6.0,158.8,,0.79,earthquake,"288 km S of Port Blair, India",,,
usp000dbmn,2004-12-26 16:37:47.640000+00:00,2014-11-07T01:24:23.388Z,9.059,93.45,30.0,4.6,mb,15.0,5.0,180.2,,0.95,earthquake,"298 km SSE of Port Blair, India",,,
usp000dbmm,2004-12-26 16:27:09.130000+00:00,2014-11-07T01:24:23.385Z,7.864,92.724,30.0,4.7,mb,26.0,4.0,173.2,,1.0,earthquake,"Nicobar Islands, India region",,,
usp000dbmh,2004-12-26 16:12:53.010000+00:00,2014-11-07T01:24:23.365Z,13.937,93.31,4.8,4.8,mb,36.0,10.0,82.1,,1.01,earthquake,"Andaman Islands, India region",,,23.6
usp000dbme,2004-12-26 15:59:23.390000+00:00,2014-11-07T01:24:23.357Z,7.236,92.481,33.5,4.4,mb,26.0,5.0,95.2,,1.3,earthquake,"Nicobar Islands, India region",,,30.5
usp000dbmd,2004-12-26 15:56:47.760000+00:00,2014-11-07T01:24:23.342Z,13.957,93.216,10.3,4.4,mb,31.0,6.0,105.3,,0.95,earthquake,"255 km NNE of Bamboo Flat, India",,,38.1
usp000dbmc,2004-12-26 15:54:20.190000+00:00,2014-11-07T01:24:23.340Z,10.892,91.789,30.0,4.1,mb,11.0,2.0,187.6,,1.18,earthquake,"135 km SW of Bamboo Flat, India",,,
usp000dbm9,2004-12-26 15:41:57.080000+00:00,2014-11-07T01:24:23.333Z,11.957,92.167,30.0,4.4,mb,25.0,5.0,100.1,,1.25,earthquake,"66 km WNW of Bamboo Flat, India",,,
usp000dbm3,2004-12-26 15:34:27.390000+00:00,2014-11-07T01:24:23.318Z,7.659,91.681,30.0,4.3,mb,9.0,1.0,186.0,,1.18,earthquake,"Nicobar Islands, India region",,,
usp000dbm2,2004-12-26 15:29:04.990000+00:00,2014-11-07T01:24:23.316Z,7.376,92.979,30.0,4.3,mb,21.0,4.0,70.1,,0.99,earthquake,"Nicobar Islands, India region",,,
usp000dbkz,2004-12-26 15:23:08+00:00,2014-11-07T01:24:23.308Z,10.568,92.718,30.4,4.6,mb,15.0,4.0,106.2,,1.2,earthquake,"121 km S of Port Blair, India",,,
usp000dbkr,2004-12-26 14:48:44.260000+00:00,2022-05-02T17:39:48.936Z,13.59,92.91,30.0,5.7,mwc,364.0,,40.7,,0.82,earthquake,"210 km N of Bamboo Flat, India",,,
usp000dbkp,2004-12-26 14:40:30.410000+00:00,2014-11-07T01:24:23.192Z,11.465,92.184,30.0,5.3,mb,88.0,44.0,59.7,,0.72,earthquake,"63 km WSW of Bamboo Flat, India",,,
usp000dbkn,2004-12-26 14:39:07.370000+00:00,2014-11-07T01:24:23.185Z,8.298,92.357,30.0,5.1,mb,81.0,44.0,49.7,,0.75,earthquake,"Nicobar Islands, India region",,,
usp000dbkm,2004-12-26 14:14:18.030000+00:00,2014-11-07T01:24:23.181Z,13.496,92.923,17.6,5.0,mb,48.0,21.0,58.9,,0.84,earthquake,"199 km N of Bamboo Flat, India",,,30.2
usp000dbkd,2004-12-26 13:16:45.980000+00:00,2014-11-07T01:24:23.123Z,12.887,92.97,30.0,4.7,mb,43.0,28.0,116.9,,0.87,earthquake,"134 km NNE of Bamboo Flat, India",,,
usp000dbka,2004-12-26 12:52:45.760000+00:00,2014-11-07T01:24:23.111Z,10.428,93.909,30.0,5.1,mb,33.0,19.0,96.2,,0.93,earthquake,"186 km SE of Port Blair, India",,,
usp000dbk9,2004-12-26 12:51:52.620000+00:00,2014-11-07T01:24:23.108Z,6.966,92.612,30.0,4.7,mb,31.0,18.0,111.2,,0.91,earthquake,"Nicobar Islands, India region",,,
usp000dbk2,2004-12-26 12:11:57.660000+00:00,2014-11-07T01:24:23.077Z,11.57,92.41,25.5,5.4,mb,109.0,44.0,57.8,,0.79,earthquake,"36 km WSW of Bamboo Flat, India",,,
usp000dbk1,2004-12-26 12:09:42.460000+00:00,2014-11-07T01:24:23.066Z,12.188,92.6,20.6,5.4,mb,132.0,52.0,29.7,,0.82,earthquake,"55 km NNW of Bamboo Flat, India",,,
usp000dbjw,2004-12-26 11:05:00.720000+00:00,2022-05-02T15:55:52.176Z,13.533,92.84,13.3,6.2,mwc,462.0,,26.8,,0.89,earthquake,"203 km N of Bamboo Flat, India",,,
usp000dbjv,2004-12-26 11:03:53.290000+00:00,2014-11-07T01:24:23.002Z,11.097,93.949,30.0,4.8,mb,27.0,16.0,102.3,,1.08,earthquake,"145 km ESE of Port Blair, India",,,
usp000dbju,2004-12-26 10:57:38.360000+00:00,2014-11-07T01:24:22.996Z,12.448,92.439,5.0,5.4,mb,71.0,35.0,60.1,,0.79,earthquake,"88 km NNW of Bamboo Flat, India",,,17.0
usp000dbjs,2004-12-26 10:56:02.590000+00:00,2014-11-07T01:24:22.991Z,10.07,93.834,30.0,5.5,mb,29.0,21.0,96.6,,1.2,earthquake,"212 km SE of Port Blair, India",,,
usp000dbjq,2004-12-26 10:53:58.420000+00:00,2014-11-07T01:24:22.984Z,10.19,93.677,30.0,5.3,mb,34.0,17.0,85.7,,0.79,earthquake,"192 km SSE of Port Blair, India",,,
usp000dbjp,2004-12-26 10:51:19.820000+00:00,2022-05-02T17:39:46.652Z,7.633,92.314,30.0,5.5,mb,115.0,46.0,75.8,,1.35,earthquake,"Nicobar Islands, India region",,,
usp000dbjk,2004-12-26 10:33:05.160000+00:00,2022-05-02T17:39:44.424Z,8.7,92.62,39.8,5.4,mb,129.0,61.0,49.8,,0.85,earthquake,"Nicobar Islands, India region",,,10.3
usp000dbjg,2004-12-26 10:19:31.730000+00:00,2022-05-02T17:39:43.292Z,13.462,92.738,26.4,6.3,mwc,389.0,,43.2,,0.86,earthquake,"194 km N of Bamboo Flat, India",,,
usp000dbjf,2004-12-26 10:18:13.790000+00:00,2022-05-02T17:39:42.065Z,8.857,93.738,30.0,5.5,mb,121.0,52.0,50.7,,1.06,earthquake,"Nicobar Islands, India region",,,
usp000dbje,2004-12-26 10:12:10.150000+00:00,2014-11-07T01:24:22.884Z,10.253,94.305,30.0,5.1,mb,27.0,15.0,100.3,,1.22,earthquake,"231 km SE of Port Blair, India",,,
usp000dbjc,2004-12-26 10:02:07.760000+00:00,2014-11-07T01:24:22.879Z,7.652,92.787,31.1,4.8,mb,30.0,8.0,100.3,,1.01,earthquake,"Nicobar Islands, India region",,,
usp000dbjb,2004-12-26 09:58:47.130000+00:00,2014-11-07T01:24:22.875Z,9.257,93.675,23.3,4.6,mb,30.0,8.0,106.9,,0.95,earthquake,"285 km SSE of Port Blair, India",,,
usp000dbj5,2004-12-26 09:38:39.350000+00:00,2014-11-07T01:24:22.851Z,8.964,92.327,30.0,4.9,mb,75.0,24.0,89.0,,0.63,earthquake,"Nicobar Islands, India region",,,
usp000dbj4,2004-12-26 09:36:39.270000+00:00,2014-11-07T01:24:22.849Z,9.351,91.861,30.0,4.6,mb,20.0,4.0,115.2,,1.02,earthquake,"273 km SSW of Port Blair, India",,,
usp000dbj1,2004-12-26 09:20:01.610000+00:00,2022-05-02T17:39:40.888Z,8.879,92.375,16.1,6.6,mwc,353.0,,31.9,,1.07,earthquake,"Nicobar Islands, India region",,,16.7
usp000dbhz,2004-12-26 09:13:54.710000+00:00,2014-11-07T01:24:22.774Z,7.309,92.186,33.3,5.2,mb,52.0,12.0,72.5,,1.07,earthquake,"Nicobar Islands, India region",,,
usp000dbhx,2004-12-26 09:02:42.550000+00:00,2014-11-07T01:24:22.764Z,8.29,93.982,26.1,4.9,mb,68.0,20.0,59.2,,0.83,earthquake,"Nicobar Islands, India region",,,
usp000dbhv,2004-12-26 08:41:48.850000+00:00,2014-11-07T01:24:22.747Z,8.895,93.479,25.5,5.2,mb,58.0,17.0,89.5,,1.01,earthquake,"Nicobar Islands, India region",,,
usp000dbhs,2004-12-26 08:12:38.700000+00:00,2014-11-07T01:24:22.738Z,9.264,93.843,36.3,4.8,mb,23.0,12.0,106.8,,0.87,earthquake,"291 km SSE of Port Blair, India",,,22.5
usp000dbhm,2004-12-26 07:55:27.130000+00:00,2014-11-07T01:24:22.674Z,7.478,92.362,30.0,5.3,mb,84.0,27.0,58.5,,0.95,earthquake,"Nicobar Islands, India region",,,
usp000dbhj,2004-12-26 07:38:27+00:00,2022-05-02T17:39:37.504Z,13.13,93.035,30.0,5.7,mb,340.0,120.0,26.2,,0.9,earthquake,"161 km NNE of Bamboo Flat, India",,,
usp000dbhg,2004-12-26 07:24:53.050000+00:00,2014-11-07T01:24:22.616Z,7.422,92.637,34.6,5.1,mb,89.0,30.0,50.3,,0.89,earthquake,"Nicobar Islands, India region",,,15.4
usp000dbhc,2004-12-26 07:07:10.270000+00:00,2022-05-02T17:39:36.228Z,10.363,93.747,19.5,5.6,mb,140.0,47.0,50.0,,1.02,earthquake,"180 km SE of Port Blair, India",,,
usp000dbhb,2004-12-26 06:59:57.260000+00:00,2022-05-02T17:39:30.098Z,9.362,93.701,30.0,5.4,mb,159.0,74.0,30.5,,0.9,earthquake,"275 km SSE of Port Blair, India",,,
usp000dbha,2004-12-26 06:56:47.400000+00:00,2022-05-02T17:39:29.020Z,10.984,92.282,23.5,5.5,mb,74.0,17.0,61.4,,0.96,earthquake,"90 km SW of Port Blair, India",,,
usp000dbh3,2004-12-26 06:22:00.420000+00:00,2022-05-02T17:39:26.660Z,10.677,92.325,26.4,5.4,mb,178.0,65.0,43.5,,0.85,earthquake,"118 km SSW of Port Blair, India",,,
usp000dbh1,2004-12-26 06:11:04.600000+00:00,2022-05-02T17:39:21.238Z,9.308,93.912,23.8,5.1,mb,65.0,22.0,69.3,,0.67,earthquake,"290 km SSE of Port Blair, India",,,
usp000dbgq,2004-12-26 05:20:27.920000+00:00,2014-11-07T01:24:22.395Z,12.159,92.397,31.7,5.3,mb,55.0,16.0,48.3,,1.02,earthquake,"61 km NW of Bamboo Flat, India",,,30.6
usp000dbgp,2004-12-26 05:16:10.980000+00:00,2014-11-07T01:24:22.381Z,9.318,94.039,22.0,5.4,mb,109.0,51.0,81.5,,0.92,earthquake,"295 km SSE of Port Blair, India",,,
usp000dbgn,2004-12-26 05:12:34.140000+00:00,2014-11-07T01:24:22.376Z,8.46,92.281,36.5,5.1,mb,39.0,17.0,129.9,,1.05,earthquake,"Nicobar Islands, India region",,,48.9
usp000dbgm,2004-12-26 05:09:32.500000+00:00,2014-11-07T01:24:22.368Z,9.156,93.891,26.9,5.2,mb,83.0,24.0,77.5,,0.98,earthquake,"Nicobar Islands, India region",,,
usp000dbgk,2004-12-26 05:08:04.830000+00:00,2014-11-07T01:24:22.362Z,9.031,92.462,30.0,5.0,mb,75.0,18.0,58.0,,0.67,earthquake,"293 km S of Port Blair, India",,,
usp000dbgh,2004-12-26 05:01:21.370000+00:00,2014-11-07T01:24:22.356Z,9.456,92.175,30.0,5.4,mb,55.0,21.0,75.9,,1.07,earthquake,"252 km SSW of Port Blair, India",,,
usp000dbgg,2004-12-26 05:01:10.560000+00:00,2014-11-07T01:24:22.352Z,9.296,92.212,30.0,5.3,mb,55.0,16.0,40.6,,0.86,earthquake,"268 km SSW of Port Blair, India",,,
usp000dbgf,2004-12-26 04:59:15.400000+00:00,2014-11-07T01:24:22.348Z,8.966,93.427,25.1,5.2,mb,31.0,13.0,113.9,,0.93,earthquake,"Nicobar Islands, India region",,,
usp000dbge,2004-12-26 04:58:04.020000+00:00,2014-11-07T01:24:22.341Z,11.068,92.0,29.2,5.3,mb,79.0,30.0,48.1,,0.9,earthquake,"104 km SW of Bamboo Flat, India",,,
usp000dbgd,2004-12-26 04:53:09.100000+00:00,2014-11-07T01:24:22.338Z,8.185,92.93,30.0,4.9,mb,36.0,11.0,171.5,,1.08,earthquake,"Nicobar Islands, India region",,,
usp000dbgc,2004-12-26 04:48:56.490000+00:00,2014-11-07T01:24:22.333Z,8.867,93.751,27.7,5.2,mb,56.0,16.0,84.7,,0.7,earthquake,"Nicobar Islands, India region",,,
usp000dbga,2004-12-26 04:46:23.440000+00:00,2014-11-07T01:24:22.321Z,8.532,93.88,32.6,5.4,mb,121.0,43.0,75.4,,1.11,earthquake,"Nicobar Islands, India region",,,
usp000dbg9,2004-12-26 04:40:11.460000+00:00,2014-11-07T01:24:22.316Z,9.123,93.843,38.1,5.2,mb,69.0,27.0,66.5,,0.81,earthquake,"Nicobar Islands, India region",,,21.2
usp000dbg5,2004-12-26 04:17:56.810000+00:00,2014-11-07T01:24:22.259Z,8.962,93.722,30.0,5.3,mb,141.0,60.0,50.6,,0.96,earthquake,"Nicobar Islands, India region",,,
usp000dbg2,2004-12-26 04:09:08.400000+00:00,2014-11-07T01:24:22.212Z,8.158,93.819,30.0,4.9,mb,31.0,6.0,85.1,,1.28,earthquake,"Nicobar Islands, India region",,,
usp000dbfq,2004-12-26 03:44:08.340000+00:00,2014-11-07T01:24:22.070Z,13.465,92.736,22.2,5.2,mb,47.0,20.0,48.9,,1.0,earthquake,"195 km N of Bamboo Flat, India",,,
usp000dbff,2004-12-26 03:17:52.380000+00:00,2014-11-07T01:24:22.001Z,7.21,92.924,30.0,5.6,mb,98.0,32.0,35.5,,1.25,earthquake,"Nicobar Islands, India region",,,
usp000dbfc,2004-12-26 03:08:44.210000+00:00,2022-07-14T19:04:28.882Z,13.745,93.009,30.0,5.9,mb,289.0,97.0,64.0,,0.87,earthquake,"228 km N of Bamboo Flat, India",,,
usp000dbfb,2004-12-26 03:06:13.050000+00:00,2014-11-07T01:24:21.962Z,8.192,92.456,27.1,5.1,mb,75.0,20.0,58.0,,0.93,earthquake,"Nicobar Islands, India region",,,
usp000dbfa,2004-12-26 03:02:38.080000+00:00,2014-11-07T01:24:21.953Z,8.615,92.326,30.0,5.5,mb,114.0,28.0,74.3,,1.14,earthquake,"Nicobar Islands, India region",,,
usp000dbf8,2004-12-26 02:56:40.370000+00:00,2014-11-07T01:24:21.934Z,8.606,92.285,30.0,4.9,mb,43.0,13.0,89.3,,0.95,earthquake,"Nicobar Islands, India region",,,
usp000dbf6,2004-12-26 02:52:01.830000+00:00,2022-05-02T17:38:54.422Z,12.504,92.604,30.0,5.8,mb,244.0,94.0,47.8,,1.18,earthquake,"89 km N of Bamboo Flat, India",,,
usp000dbf4,2004-12-26 02:45:17.650000+00:00,2014-11-07T01:24:21.888Z,8.463,92.607,30.0,5.2,mb,96.0,36.0,49.9,,0.76,earthquake,"Nicobar Islands, India region",,,
usp000dbf3,2004-12-26 02:43:05.260000+00:00,2014-11-07T01:24:21.884Z,9.22,94.005,30.0,4.9,mb,45.0,19.0,87.5,,0.95,earthquake,"Nicobar Islands, India region",,,
usp000dbf2,2004-12-26 02:40:59.850000+00:00,2014-11-07T01:24:21.878Z,7.484,92.432,30.0,5.4,mb,76.0,22.0,130.9,,0.87,earthquake,"Nicobar Islands, India region",,,
usp000dbf1,2004-12-26 02:38:09.350000+00:00,2022-05-02T17:38:53.322Z,8.493,92.353,33.2,5.6,mb,74.0,23.0,112.4,,0.78,earthquake,"Nicobar Islands, India region",,,
usp000dbf0,2004-12-26 02:36:10.090000+00:00,2022-05-02T17:38:52.184Z,12.183,92.936,38.5,5.8,mb,249.0,68.0,26.4,,0.92,earthquake,"58 km NNE of Bamboo Flat, India",,,8.7
usp000dbex,2004-12-26 02:22:01.840000+00:00,2022-05-02T17:38:45.463Z,8.868,92.467,15.5,5.7,mb,238.0,79.0,58.0,,0.79,earthquake,"Nicobar Islands, India region",,,
usp000dbew,2004-12-26 02:15:59.780000+00:00,2022-05-02T18:14:44.541Z,12.321,92.499,26.8,5.7,mb,145.0,58.0,43.1,,0.93,earthquake,"72 km NNW of Bamboo Flat, India",,,
usp000dbev,2004-12-26 02:15:49.500000+00:00,2014-11-07T01:24:21.801Z,12.258,92.275,20.3,5.3,mb,40.0,35.0,93.6,,1.48,earthquake,"78 km NW of Bamboo Flat, India",,,
usp000dbes,2004-12-26 01:59:13.990000+00:00,2014-11-07T01:24:21.769Z,8.389,92.454,30.0,5.3,mb,73.0,22.0,46.2,,0.94,earthquake,"Nicobar Islands, India region",,,
usp000dber,2004-12-26 01:52:43+00:00,2014-11-07T01:24:21.765Z,10.382,92.119,12.1,5.2,mb,46.0,12.0,42.9,,0.99,earthquake,"157 km SSW of Port Blair, India",,,41.1
usp000dbem,2004-12-26 01:30:15.740000+00:00,2022-05-02T17:38:36.718Z,8.826,93.708,30.0,5.5,mb,39.0,9.0,102.5,,1.08,earthquake,"Nicobar Islands, India region",,,
usp000dabz,2004-12-09 08:49:00.240000+00:00,2022-05-02T17:36:22.780Z,24.757,92.539,34.7,5.4,mwb,236.0,,43.8,,0.74,earthquake,"8 km NNW of Hail?k?ndi, India",,,
usp000da7v,2004-12-07 01:57:50.960000+00:00,2014-11-07T01:24:14.792Z,24.41,92.429,72.2,4.3,mb,7.0,3.0,138.3,,0.85,earthquake,"24 km SW of L?la, India",,,17.4
usp000d8nd,2004-11-17 13:26:24.380000+00:00,2025-12-19T23:17:39.401Z,9.541,93.503,102.4,5.3,mwc,252.0,,30.1,,0.81,earthquake,"249 km SSE of Port Blair, India",,,
usp000d872,2004-11-12 01:59:10.850000+00:00,2014-11-07T01:23:59.387Z,27.274,92.076,45.0,4.0,mb,7.0,2.0,157.4,,0.45,earthquake,"34 km W of Bomdila, India",,,
usp000d84d,2004-11-11 02:46:49+00:00,2014-11-07T01:23:58.800Z,32.22,76.409,20.0,4.1,mb,20.0,6.0,118.2,,1.13,earthquake,"8 km E of Dharamsala, India",,,0.0
usp000d849,2004-11-11 02:13:45.040000+00:00,2022-05-02T17:32:16.275Z,32.442,76.512,34.6,4.9,mb,71.0,29.0,107.9,,0.88,earthquake,"30 km NE of Dharamsala, India",,,19.1
usp000d7ry,2004-11-05 21:15:41.330000+00:00,2014-11-07T01:23:56.467Z,24.092,93.714,56.2,4.7,mb,79.0,42.0,86.5,,0.6,earthquake,"27 km S of Chur?ch?ndpur, India",,,
usp000d7gt,2004-11-02 08:23:24.050000+00:00,2014-11-07T01:23:54.131Z,26.442,92.584,48.3,4.2,mb,17.0,6.0,121.2,,0.79,earthquake,"11 km ESE of Dhing, India",,,16.9
usp000d7gb,2004-11-02 00:48:52.330000+00:00,2014-11-07T01:23:53.969Z,23.509,93.148,51.5,4.2,mb,44.0,18.0,109.7,,0.67,earthquake,"14 km N of Khawhai, India",,,13.2
usp000d7dj,2004-10-31 12:26:20.240000+00:00,2014-11-07T01:23:50.697Z,24.318,94.19,81.8,4.2,mb,24.0,9.0,71.8,,0.87,earthquake,"29 km SE of Kakching, India",,,10.5
usp000d7cm,2004-10-31 03:59:52.300000+00:00,2014-11-07T01:23:50.558Z,35.372,74.254,10.0,4.7,mb,37.0,13.0,163.2,,1.27,earthquake,northwestern Kashmir,,,
usp000d79s,2004-10-29 07:15:45.510000+00:00,2014-11-07T01:23:50.216Z,10.054,93.711,20.0,4.0,mb,11.0,2.0,179.0,,0.81,earthquake,"207 km SSE of Port Blair, India",,,0.0
usp000d784,2004-10-28 10:30:29.340000+00:00,2014-11-07T01:23:50.047Z,12.701,95.458,55.5,4.5,mb,19.0,7.0,105.1,,1.22,earthquake,"Andaman Islands, India region",,,22.9
usp000d6qc,2004-10-20 06:11:01.470000+00:00,2014-11-07T01:23:47.210Z,26.513,96.991,69.4,4.0,mb,7.0,3.0,134.2,,0.22,earthquake,"38 km NNE of Sarupathar, India",,,23.8
usp000d6jh,2004-10-17 15:35:45.840000+00:00,2014-11-07T01:23:46.648Z,35.204,77.669,15.0,4.3,mb,29.0,8.0,161.7,,1.18,earthquake,"85 km ENE of Thang, India",,,0.0
usp000d686,2004-10-12 07:18:24.650000+00:00,2014-11-07T01:23:44.636Z,29.527,97.268,49.7,4.5,mb,15.0,4.0,81.4,,0.99,earthquake,"176 km NNE of Hayuliang, India",,,15.6
usp000d619,2004-10-08 21:48:05.450000+00:00,2016-11-10T00:48:17.975Z,24.304,94.298,69.3,4.9,mwc,118.0,,53.6,,0.88,earthquake,"38 km SE of Kakching, India",,,
usp000d5zu,2004-10-08 06:28:28.290000+00:00,2014-11-07T01:23:43.363Z,25.314,95.775,56.5,4.7,mb,72.0,26.0,63.1,,0.85,earthquake,"134 km ESE of Phek, India",,,8.7
usp000d5j3,2004-10-01 20:24:29.110000+00:00,2014-11-07T01:23:39.965Z,24.986,95.143,99.6,4.1,mb,30.0,7.0,95.2,,1.26,earthquake,"99 km SE of Phek, India",,,8.8
usp000d55p,2004-09-27 17:05:37.970000+00:00,2016-11-10T00:47:03.476Z,29.773,95.515,13.9,5.0,mwc,219.0,,37.6,,0.71,earthquake,"176 km NE of Shi Yomi, India",,,9.4
usp000d54n,2004-09-27 02:23:02.960000+00:00,2014-11-07T01:23:33.833Z,26.134,92.149,37.4,4.2,mb,9.0,4.0,153.3,,0.68,earthquake,"23 km WSW of Morigaon, India",,,
usp000d4yu,2004-09-24 05:35:22.700000+00:00,2014-11-07T01:23:33.137Z,11.47,95.014,5.2,4.1,mb,13.0,6.0,182.1,,0.5,earthquake,"248 km E of Port Blair, India",,,48.5
usp000d4yp,2004-09-24 04:19:32.450000+00:00,2014-11-07T01:23:33.127Z,27.463,96.34,70.8,4.4,mb,20.0,2.0,108.7,,1.41,earthquake,"53 km SSE of Tezu, India",,,14.1
usp000d4py,2004-09-20 08:02:35.820000+00:00,2014-11-07T01:23:31.374Z,12.498,92.492,40.0,4.1,mb,11.0,2.0,200.3,,1.17,earthquake,"91 km NNW of Bamboo Flat, India",,,
usp000d4j8,2004-09-18 12:37:36.270000+00:00,2014-11-07T01:23:30.561Z,23.866,93.313,40.8,4.6,mb,12.0,1.0,161.2,,0.3,earthquake,"42 km ESE of Darlawn, India",,,11.6
usp000d4e5,2004-09-17 00:16:43.270000+00:00,2014-11-07T01:23:29.985Z,23.779,93.154,47.4,4.3,mb,27.0,4.0,103.5,,0.74,earthquake,"34 km SE of Darlawn, India",,,
usp000d41y,2004-09-10 18:00:46.830000+00:00,2014-11-07T01:23:27.964Z,23.888,93.352,59.4,4.3,mb,16.0,5.0,147.8,,0.32,earthquake,"45 km ESE of Darlawn, India",,,9.6
usp000d3yr,2004-09-09 05:55:46.100000+00:00,2014-11-07T01:23:27.518Z,29.466,80.281,5.5,4.4,mb,18.0,6.0,123.1,,1.12,earthquake,"14 km SSE of Pithor?garh, India",,,36.2
usp000d3tp,2004-09-07 04:01:05.450000+00:00,2014-11-07T01:23:26.793Z,35.716,78.249,7.6,4.2,mb,18.0,3.0,141.5,,0.61,earthquake,"158 km ENE of Thang, India",,,26.8
usp000d2q6,2004-08-23 09:27:13.060000+00:00,2014-11-07T01:23:15.317Z,10.231,92.991,10.0,4.2,mb,11.0,1.0,179.4,,0.75,earthquake,"160 km S of Port Blair, India",,,
usp000d2gr,2004-08-20 06:54:26.110000+00:00,2014-11-07T01:23:14.484Z,12.536,92.766,41.4,4.4,mb,17.0,4.0,144.6,,0.41,earthquake,"92 km N of Bamboo Flat, India",,,
usp000d1tw,2004-08-09 13:31:32.420000+00:00,2014-11-07T01:23:10.470Z,12.259,94.876,21.1,4.3,mb,16.0,2.0,97.1,,1.01,earthquake,"241 km ENE of Port Blair, India",,,
usp000d1th,2004-08-09 08:18:18.490000+00:00,2014-11-07T01:23:10.417Z,27.58,91.797,16.1,4.1,mb,19.0,2.0,90.6,,1.04,earthquake,"12 km W of Tawang, India",,,
usp000d1n4,2004-08-06 20:31:52.770000+00:00,2014-11-07T01:23:09.663Z,12.311,94.912,25.0,4.4,mb,39.0,19.0,173.0,,0.59,earthquake,"246 km ENE of Port Blair, India",,,
usp000d1mn,2004-08-06 14:35:27.030000+00:00,2022-05-02T17:21:55.426Z,12.43,94.998,23.5,5.6,mwb,280.0,,27.0,,0.79,earthquake,"259 km ENE of Port Blair, India",,,
usp000d1mm,2004-08-06 14:34:50.940000+00:00,2014-11-07T01:23:09.571Z,12.365,94.972,25.0,4.9,mb,90.0,39.0,77.3,,0.55,earthquake,"254 km ENE of Port Blair, India",,,
usp000d1k5,2004-08-05 22:22:59.520000+00:00,2014-11-07T01:23:09.418Z,11.967,94.425,10.0,4.2,mb,10.0,3.0,173.6,,1.09,earthquake,"185 km E of Port Blair, India",,,
usp000d1e1,2004-08-04 02:09:21.280000+00:00,2014-11-07T01:23:08.280Z,25.923,90.262,61.7,4.2,mb,16.0,3.0,98.8,,0.59,earthquake,"12 km SSW of Lakhipur, India",,,10.8
usp000d171,2004-07-31 16:22:05.930000+00:00,2014-11-07T01:23:02.961Z,12.383,94.987,20.5,4.7,mb,83.0,48.0,78.6,,0.49,earthquake,"256 km ENE of Port Blair, India",,,16.4
usp000d160,2004-07-31 04:15:44.980000+00:00,2025-12-19T23:14:44.082Z,12.27,94.942,21.7,5.0,mwc,111.0,,77.3,,0.79,earthquake,"248 km ENE of Port Blair, India",,,
usp000d15x,2004-07-31 04:05:58.940000+00:00,2014-11-07T01:23:02.771Z,12.349,94.824,22.5,4.6,mb,29.0,19.0,173.0,,0.57,earthquake,"238 km ENE of Port Blair, India",,,
usp000d15s,2004-07-31 02:23:16.950000+00:00,2014-11-07T01:23:02.753Z,12.34,94.826,20.1,4.4,mb,23.0,12.0,173.0,,0.84,earthquake,"238 km ENE of Port Blair, India",,,
usp000d13r,2004-07-30 01:00:51+00:00,2014-11-07T01:23:01.958Z,12.114,94.748,20.2,4.0,mb,10.0,3.0,180.1,,0.35,earthquake,"223 km ENE of Port Blair, India",,,
usp000d137,2004-07-29 18:11:12.180000+00:00,2014-11-07T01:23:01.750Z,12.273,94.55,10.0,4.0,mb,8.0,3.0,188.7,,1.43,earthquake,"207 km ENE of Port Blair, India",,,
usp000d134,2004-07-29 17:49:54.020000+00:00,2014-11-07T01:23:01.744Z,11.927,94.341,10.0,4.0,mb,9.0,3.0,180.6,,1.66,earthquake,"176 km E of Port Blair, India",,,
usp000d133,2004-07-29 17:19:09.340000+00:00,2014-11-07T01:23:01.742Z,12.305,94.804,17.8,4.6,mb,17.0,8.0,107.0,,1.08,earthquake,"234 km ENE of Port Blair, India",,,
usp000d132,2004-07-29 16:15:32.320000+00:00,2014-11-07T01:23:01.736Z,12.348,94.846,18.3,4.8,mb,35.0,15.0,96.5,,1.03,earthquake,"240 km ENE of Port Blair, India",,,
usp000d12t,2004-07-29 13:33:15.640000+00:00,2014-11-07T01:23:01.676Z,12.353,94.982,18.7,4.5,mb,22.0,9.0,97.5,,0.85,earthquake,"255 km ENE of Port Blair, India",,,
usp000d12s,2004-07-29 13:23:03.280000+00:00,2025-12-19T23:14:40.714Z,12.445,95.003,24.1,5.6,mwb,235.0,,77.3,,0.69,earthquake,"260 km ENE of Port Blair, India",,,
usp000d12m,2004-07-29 11:38:07.050000+00:00,2014-11-07T01:23:01.625Z,12.72,94.569,20.9,4.2,mb,10.0,2.0,153.6,,0.82,earthquake,"230 km ENE of Port Blair, India",,,
usp000d11q,2004-07-29 02:18:37.680000+00:00,2016-11-10T00:41:28.414Z,12.388,94.973,19.8,4.8,mwc,142.0,,77.3,,0.68,earthquake,"255 km ENE of Port Blair, India",,,
usp000d11p,2004-07-29 02:15:40.920000+00:00,2014-11-07T01:23:01.299Z,12.223,94.809,18.4,4.9,mb,71.0,40.0,80.8,,0.81,earthquake,"232 km ENE of Port Blair, India",,,
usp000d11m,2004-07-29 02:01:49+00:00,2025-12-19T23:14:38.479Z,12.385,94.948,20.6,5.1,mwc,178.0,,52.9,,0.67,earthquake,"252 km ENE of Port Blair, India",,,
usp000d11k,2004-07-29 01:44:06.910000+00:00,2022-05-02T17:18:25.628Z,12.455,94.997,22.4,5.9,mwb,373.0,,23.5,,0.77,earthquake,"260 km ENE of Port Blair, India",,,
usp000d0xu,2004-07-27 00:10:21.620000+00:00,2014-11-07T01:22:59.367Z,29.25,77.23,75.7,4.1,mb,24.0,5.0,164.1,,1.05,earthquake,"6 km NE of Chhaprauli, India",,,17.0
usp000d0vh,2004-07-25 19:48:57.030000+00:00,2022-05-02T17:18:01.881Z,12.405,95.016,23.9,5.6,mwc,146.0,,34.5,,0.73,earthquake,"260 km ENE of Port Blair, India",,,
usp000d0sm,2004-07-24 06:29:28.920000+00:00,2014-11-07T01:22:57.641Z,25.215,95.357,57.8,4.1,mb,15.0,3.0,134.6,,0.86,earthquake,"99 km ESE of Phek, India",,,11.9
usp000d0qb,2004-07-22 23:24:18.500000+00:00,2014-11-07T01:22:57.102Z,9.798,92.923,99.2,4.2,mb,32.0,11.0,157.8,,0.63,earthquake,"207 km S of Port Blair, India",,,20.9
usp000d06y,2004-07-15 05:55:55.580000+00:00,2014-11-07T01:22:54.112Z,12.759,93.037,10.0,4.2,mb,6.0,2.0,212.4,,0.17,earthquake,"122 km NNE of Bamboo Flat, India",,,
usp000d06v,2004-07-15 05:46:31.020000+00:00,2014-11-07T01:22:54.106Z,12.94,93.075,10.0,4.5,mb,15.0,3.0,278.1,,0.74,earthquake,"142 km NNE of Bamboo Flat, India",,,
usp000d03w,2004-07-13 19:31:33.840000+00:00,2014-11-07T01:22:53.625Z,26.208,92.784,71.5,4.2,mb,9.0,1.0,195.5,,0.54,earthquake,"23 km NNW of Hoj?i, India",,,
usp000czb5,2004-07-01 09:19:40.650000+00:00,2014-11-07T01:22:47.731Z,6.335,92.118,10.0,4.6,mb,30.0,12.0,71.0,,1.19,earthquake,"Nicobar Islands, India region",,,
usp000cz5s,2004-06-29 15:49:21.910000+00:00,2014-11-07T01:22:43.993Z,35.65,78.536,10.0,4.3,mb,22.0,2.0,157.0,,1.01,earthquake,"177 km ENE of Thang, India",,,
usp000cz1u,2004-06-28 08:18:33.330000+00:00,2014-11-07T01:22:43.002Z,26.54,96.457,89.4,4.7,mb,100.0,41.0,59.4,,0.91,earthquake,"51 km NW of Sarupathar, India",,,
usp000cz1h,2004-06-28 06:00:56.040000+00:00,2014-11-07T01:22:42.970Z,10.751,94.677,24.2,4.2,mb,17.0,6.0,177.4,,0.54,earthquake,"233 km ESE of Port Blair, India",,,
usp000cyxg,2004-06-26 23:56:48.940000+00:00,2014-11-07T01:22:42.147Z,10.889,94.541,10.0,4.0,mb,15.0,2.0,135.2,,1.24,earthquake,"213 km ESE of Port Blair, India",,,
usp000cyxe,2004-06-26 23:45:49.290000+00:00,2025-12-19T22:37:53.788Z,11.051,95.103,10.0,5.0,mwc,50.0,,176.7,,0.94,earthquake,"266 km ESE of Port Blair, India",,,
usp000cyxc,2004-06-26 23:44:15.670000+00:00,2014-11-07T01:22:42.131Z,11.275,94.296,10.0,4.8,mb,65.0,21.0,117.2,,1.27,earthquake,"174 km ESE of Port Blair, India",,,
usp000cyxb,2004-06-26 23:44:05.390000+00:00,2014-11-07T01:22:42.129Z,11.064,94.417,10.0,4.5,mb,26.0,4.0,174.3,,1.25,earthquake,"194 km ESE of Port Blair, India",,,
usp000cyx9,2004-06-26 23:39:38.260000+00:00,2014-11-07T01:22:42.125Z,12.671,93.925,10.0,4.1,mb,8.0,1.0,269.4,,1.42,earthquake,"169 km NE of Port Blair, India",,,
usp000cyx8,2004-06-26 23:29:53.690000+00:00,2014-11-07T01:22:42.123Z,11.443,94.933,10.0,4.2,mb,16.0,3.0,187.4,,1.18,earthquake,"239 km E of Port Blair, India",,,
usp000cyag,2004-06-20 08:34:44.990000+00:00,2014-11-07T01:22:39.266Z,27.815,96.67,28.5,4.4,mb,44.0,12.0,75.1,,0.92,earthquake,"31 km SSE of Hayuliang, India",,,
usp000cy8b,2004-06-19 10:24:55.010000+00:00,2014-11-07T01:22:38.976Z,25.283,95.575,47.3,4.6,mb,56.0,20.0,99.6,,0.78,earthquake,"116 km ESE of Phek, India",,,7.4
usp000cy82,2004-06-19 07:55:53.500000+00:00,2014-11-07T01:22:38.954Z,24.394,94.744,95.3,4.6,mb,16.0,1.0,171.2,,1.0,earthquake,"72 km ESE of W?ngjing, India",,,11.7
usp000cxy1,2004-06-15 04:53:58.890000+00:00,2014-11-07T01:22:37.899Z,26.242,96.163,35.9,4.5,mb,23.0,2.0,119.3,,0.53,earthquake,"64 km W of Sarupathar, India",,,10.2
usp000cx00,2004-06-03 13:01:21.660000+00:00,2014-11-07T01:22:32.106Z,25.212,95.12,103.0,4.8,mb,139.0,65.0,58.8,,0.73,earthquake,"80 km SE of Phek, India",,,5.5
usp000cwyj,2004-06-02 22:10:36.120000+00:00,2014-11-07T01:22:31.820Z,10.188,93.625,26.8,4.7,mb,86.0,23.0,77.3,,0.71,earthquake,"189 km SSE of Port Blair, India",,,
usp000cw6f,2004-05-25 13:07:40.240000+00:00,2014-11-07T01:22:24.132Z,27.186,97.229,41.7,4.1,mb,18.0,4.0,127.2,,1.04,earthquake,"116 km NNE of Sarupathar, India",,,11.0
usp000cw44,2004-05-24 22:01:02.400000+00:00,2016-11-10T00:35:51.855Z,27.099,97.219,35.0,5.0,mwc,124.0,,70.5,,1.03,earthquake,"106 km NNE of Sarupathar, India",,,
usp000cw1t,2004-05-24 01:39:54.110000+00:00,2014-11-07T01:22:23.591Z,24.685,95.19,104.0,4.6,mb,148.0,86.0,50.1,,0.92,earthquake,"114 km E of W?ngjing, India",,,
usp000cuvp,2004-05-12 20:26:43.350000+00:00,2014-11-07T01:22:17.879Z,25.228,93.438,57.9,4.5,mb,26.0,5.0,101.9,,0.62,earthquake,"31 km ESE of Maibong, India",,,7.9
usp000cu3f,2004-05-03 17:41:29.200000+00:00,2022-05-02T17:10:24.884Z,13.089,93.187,31.1,5.2,mwb,251.0,,37.4,,0.84,earthquake,"161 km NNE of Bamboo Flat, India",,,
usp000cu1v,2004-05-03 02:44:21.840000+00:00,2014-11-07T01:22:13.560Z,10.756,94.658,25.0,4.0,mb,14.0,3.0,177.4,,1.16,earthquake,"231 km ESE of Port Blair, India",,,
usp000cu1u,2004-05-03 02:34:56.340000+00:00,2014-11-07T01:22:13.541Z,11.133,95.062,24.4,4.7,mb,86.0,40.0,97.9,,0.66,earthquake,"259 km ESE of Port Blair, India",,,
usp000ctyz,2004-05-02 00:48:14.490000+00:00,2014-11-07T01:22:12.301Z,9.084,94.081,26.4,4.6,mb,49.0,20.0,94.1,,0.87,earthquake,"Nicobar Islands, India region",,,
usp000cty0,2004-05-01 17:11:13.050000+00:00,2014-11-07T01:22:12.090Z,35.62,77.965,10.0,4.4,mb,19.0,1.0,151.0,,1.05,earthquake,"131 km NE of Thang, India",,,
usp000ctwt,2004-05-01 07:08:12.940000+00:00,2014-11-07T01:22:11.567Z,35.73,78.366,26.3,4.5,mb,59.0,17.0,94.0,,1.08,earthquake,"168 km ENE of Thang, India",,,15.9
usp000csz9,2004-04-20 08:17:53.590000+00:00,2014-11-07T01:22:03.566Z,28.912,94.462,26.8,4.1,mb,17.0,3.0,113.1,,1.2,earthquake,"43 km NNE of Shi Yomi, India",,,33.8
usp000csv9,2004-04-18 15:17:55.660000+00:00,2014-11-07T01:22:01.981Z,8.591,93.922,35.9,4.0,mb,13.0,3.0,149.8,,1.19,earthquake,"Nicobar Islands, India region",,,41.2
usp000cssk,2004-04-17 15:26:12.890000+00:00,2014-11-07T01:22:01.072Z,12.839,93.003,10.0,4.5,mb,11.0,1.0,184.4,,0.8,earthquake,"129 km NNE of Bamboo Flat, India",,,
usp000cspz,2004-04-16 23:41:24.290000+00:00,2014-11-07T01:22:00.734Z,8.832,93.979,28.5,4.5,mb,26.0,8.0,161.8,,0.53,earthquake,"Nicobar Islands, India region",,,
usp000csnh,2004-04-16 11:29:50.640000+00:00,2016-11-10T00:31:39.871Z,9.039,93.908,23.8,4.8,mwc,50.0,,95.9,,0.88,earthquake,"Nicobar Islands, India region",,,
usp000csn1,2004-04-16 08:12:27.610000+00:00,2014-11-07T01:22:00.473Z,8.806,93.988,26.5,4.3,mb,19.0,5.0,187.6,,0.7,earthquake,"Nicobar Islands, India region",,,
usp000csms,2004-04-16 05:38:40.370000+00:00,2014-11-07T01:22:00.455Z,9.241,93.721,30.0,4.2,mb,18.0,5.0,191.8,,1.19,earthquake,"288 km SSE of Port Blair, India",,,
usp000csmh,2004-04-16 03:56:34.640000+00:00,2014-11-07T01:22:00.440Z,8.911,93.988,27.5,4.4,mb,15.0,5.0,191.9,,0.39,earthquake,"Nicobar Islands, India region",,,
usp000csmd,2004-04-16 02:18:30.170000+00:00,2014-11-07T01:22:00.428Z,8.879,93.942,27.0,4.7,mb,30.0,11.0,99.6,,0.55,earthquake,"Nicobar Islands, India region",,,
usp000csmb,2004-04-16 02:12:36.210000+00:00,2014-11-07T01:22:00.424Z,8.909,93.921,27.2,4.1,mb,11.0,1.0,191.9,,0.85,earthquake,"Nicobar Islands, India region",,,
usp000csma,2004-04-16 02:06:13.740000+00:00,2022-05-02T17:08:24.459Z,8.904,94.022,29.2,5.6,mwb,177.0,,39.1,,1.27,earthquake,"Nicobar Islands, India region",,,
usp000cskw,2004-04-15 23:32:19.080000+00:00,2014-11-07T01:22:00.364Z,8.85,93.976,10.0,4.8,mb,54.0,24.0,103.3,,0.8,earthquake,"Nicobar Islands, India region",,,
usp000cskt,2004-04-15 23:14:19.210000+00:00,2014-11-07T01:22:00.354Z,8.873,93.958,10.0,4.6,mb,30.0,13.0,93.9,,0.71,earthquake,"Nicobar Islands, India region",,,
usp000cskr,2004-04-15 23:02:10.040000+00:00,2022-05-02T17:08:23.357Z,8.837,93.919,10.0,5.0,mwc,84.0,,69.2,,0.92,earthquake,"Nicobar Islands, India region",,,
usp000cskg,2004-04-15 22:10:31.870000+00:00,2014-11-07T01:22:00.316Z,8.919,94.002,10.0,4.7,mb,42.0,23.0,103.3,,0.69,earthquake,"Nicobar Islands, India region",,,
usp000cskf,2004-04-15 21:45:35.420000+00:00,2014-11-07T01:22:00.313Z,9.243,93.838,10.0,4.3,mb,15.0,6.0,177.4,,1.32,earthquake,"293 km SSE of Port Blair, India",,,
usp000cskc,2004-04-15 21:38:38.490000+00:00,2014-11-07T01:22:00.272Z,9.131,93.914,10.0,4.8,mb,52.0,29.0,222.7,,1.08,earthquake,"Nicobar Islands, India region",,,
usp000cska,2004-04-15 21:22:49.020000+00:00,2014-11-07T01:22:00.264Z,9.014,93.938,10.0,4.8,mb,60.0,37.0,104.0,,0.93,earthquake,"Nicobar Islands, India region",,,
usp000csk9,2004-04-15 21:20:37.830000+00:00,2025-12-19T23:12:14.321Z,8.86,94.0,10.0,5.3,mwc,117.0,,46.5,,1.14,earthquake,"Nicobar Islands, India region",,,
usp000cshm,2004-04-15 05:55:50.480000+00:00,2014-11-07T01:21:59.891Z,9.232,93.728,41.2,4.6,mb,22.0,11.0,103.9,,1.25,earthquake,"289 km SSE of Port Blair, India",,,16.0
usp000csf6,2004-04-14 09:11:13.160000+00:00,2014-11-07T01:21:59.222Z,8.855,93.883,22.6,4.5,mb,23.0,7.0,103.5,,0.62,earthquake,"Nicobar Islands, India region",,,31.7
usp000csep,2004-04-14 03:46:49.730000+00:00,2014-11-07T01:21:59.183Z,9.044,94.163,66.5,4.3,mb,15.0,1.0,107.5,,1.03,earthquake,"Nicobar Islands, India region",,,13.2
usp000cse3,2004-04-13 21:10:08.070000+00:00,2014-11-07T01:21:58.403Z,24.696,95.249,128.9,4.7,mb,131.0,64.0,95.7,,0.74,earthquake,"120 km E of W?ngjing, India",,,6.2
usp000csbb,2004-04-12 15:07:00.600000+00:00,2014-11-07T01:21:58.139Z,22.418,70.474,10.0,4.2,mb,12.0,2.0,170.0,,1.33,earthquake,"13 km W of Paddhari, India",,,
usp000cs5p,2004-04-10 15:57:01.550000+00:00,2022-05-02T17:08:03.378Z,13.107,93.218,33.6,5.1,mwc,269.0,,37.4,,0.9,earthquake,"164 km NNE of Bamboo Flat, India",,,12.8
usp000cs2j,2004-04-09 10:27:03.570000+00:00,2014-11-07T01:21:56.212Z,24.636,95.111,121.6,4.3,mb,21.0,2.0,128.3,,0.66,earthquake,"106 km E of W?ngjing, India",,,7.8
usp000crww,2004-04-07 09:02:28.230000+00:00,2014-11-07T01:21:55.584Z,28.858,78.418,10.0,4.2,mb,13.0,1.0,182.8,,0.67,earthquake,"7 km SW of Amroha, India",,,0.0
usp000crtc,2004-04-05 23:48:18.910000+00:00,2014-11-07T01:21:55.180Z,12.916,93.294,54.2,4.4,mb,13.0,1.0,185.0,,0.76,earthquake,"148 km NNE of Bamboo Flat, India",,,31.9
usp000crrz,2004-04-05 11:29:00.590000+00:00,2014-11-07T01:21:54.861Z,11.973,95.145,24.8,4.6,mb,16.0,3.0,194.3,,1.24,earthquake,"263 km E of Port Blair, India",,,
usp000cr1h,2004-03-27 18:28:38.880000+00:00,2014-11-07T01:21:47.665Z,25.269,95.471,113.9,4.1,mb,9.0,3.0,160.5,,1.09,earthquake,"107 km ESE of Phek, India",,,12.6
usp000cqsc,2004-03-24 10:56:51.860000+00:00,2014-11-07T01:21:46.608Z,24.489,94.855,142.6,4.1,mb,9.0,1.0,107.6,,1.07,earthquake,"80 km E of W?ngjing, India",,,
usp000cp7x,2004-03-06 10:21:32+00:00,2022-05-02T17:04:48.088Z,12.959,93.135,38.2,5.5,mwc,247.0,,54.1,,0.84,earthquake,"146 km NNE of Bamboo Flat, India",,,
usp000cp48,2004-03-05 02:33:48.420000+00:00,2014-11-07T01:21:38.451Z,12.438,92.685,43.5,4.1,mb,15.0,2.0,176.2,,0.49,earthquake,"81 km N of Bamboo Flat, India",,,
usp000cnuh,2004-03-01 17:41:18.600000+00:00,2014-11-07T01:21:35.724Z,30.368,80.496,58.6,4.8,mb,52.0,27.0,71.5,,0.8,earthquake,"57 km N of Dh?rchula, India",,,14.8
usp000cmew,2004-02-18 01:23:43.820000+00:00,2014-11-07T01:21:22.123Z,27.361,87.758,20.7,4.7,mb,40.0,12.0,88.3,,0.55,earthquake,"50 km W of Gyalshing, India",,,14.4
usp000ckdm,2004-02-04 18:46:58.400000+00:00,2014-11-07T01:21:17.954Z,33.947,75.149,23.8,4.1,mb,28.0,8.0,98.3,,0.56,earthquake,"3 km NE of Tr?l, India",,,18.1
usp000ck8b,2004-02-02 12:42:03.600000+00:00,2014-11-07T01:21:16.036Z,26.504,96.564,108.7,4.4,mb,26.0,7.0,90.4,,0.66,earthquake,"41 km NW of Sarupathar, India",,,
usp000ck3y,2004-01-31 15:51:11.160000+00:00,2014-11-07T01:21:10.909Z,10.734,93.368,128.0,4.6,mb,11.0,5.0,143.3,,1.31,earthquake,"Andaman Islands, India region",,,24.1
usp000cjzh,2004-01-30 03:05:12.770000+00:00,2014-11-07T01:21:10.332Z,12.083,92.614,34.5,4.4,mb,16.0,5.0,198.1,,0.99,earthquake,"43 km NNW of Bamboo Flat, India",,,
usp000cjpp,2004-01-26 02:40:01.210000+00:00,2014-11-07T01:21:08.071Z,13.136,93.357,90.0,4.0,mb,13.0,2.0,275.6,,0.69,earthquake,"173 km NNE of Bamboo Flat, India",,,
usp000ch2f,2004-01-04 07:14:56.100000+00:00,2014-11-07T01:20:58.965Z,10.274,93.084,90.0,4.2,mb,11.0,1.0,201.2,,0.84,earthquake,"158 km SSE of Port Blair, India",,,
usp000cghz,2003-12-30 10:49:54+00:00,2014-11-07T01:20:51.580Z,11.643,92.805,33.0,4.3,mb,8.0,2.0,119.8,,1.46,earthquake,"6 km ESE of Port Blair, India",,,
usp000cfq2,2003-12-21 02:14:07.450000+00:00,2014-11-07T01:20:47.425Z,32.548,76.626,33.0,4.2,mb,8.0,1.0,224.3,,0.7,earthquake,"37 km W of Kyelang, India",,,
usp000cfbu,2003-12-15 23:56:07.980000+00:00,2014-11-07T01:20:46.082Z,31.527,78.151,33.0,4.4,mb,15.0,1.0,146.9,,1.08,earthquake,"33 km E of Sar?han, India",,,
usp000cfbq,2003-12-15 22:54:20.320000+00:00,2014-11-07T01:20:46.062Z,31.622,78.203,33.0,4.5,mb,20.0,2.0,125.8,,1.35,earthquake,"40 km ENE of Sar?han, India",,,
usp000cf59,2003-12-13 07:29:11.350000+00:00,2014-11-07T01:20:44.804Z,11.231,93.769,139.7,4.6,mb,29.0,12.0,113.1,,0.79,earthquake,"121 km ESE of Port Blair, India",,,
usp000cenk,2003-12-06 09:53:03.960000+00:00,2014-11-07T01:20:42.022Z,25.596,90.25,26.7,4.4,mb,8.0,1.0,201.0,,1.89,earthquake,"10 km NNE of Tura, India",,,
usp000ceeb,2003-12-03 17:43:07.880000+00:00,2014-11-07T01:20:40.657Z,9.188,85.489,10.0,4.8,mb,65.0,32.0,71.5,,0.94,earthquake,Bay of Bengal,,,
usp000ce5b,2003-11-29 18:34:42.620000+00:00,2014-11-07T01:20:34.507Z,25.696,93.216,35.5,4.2,mb,18.0,4.0,169.8,,0.86,earthquake,"7 km SE of Lumding Railway Colony, India",,,
usp000cdpx,2003-11-22 23:13:24.300000+00:00,2014-11-07T01:20:32.667Z,12.943,93.159,33.0,4.3,mb,13.0,2.0,183.5,,0.56,earthquake,"145 km NNE of Bamboo Flat, India",,,
usp000cdgm,2003-11-20 15:43:46.440000+00:00,2014-11-07T01:20:31.852Z,13.06,93.237,33.0,4.2,mb,16.0,6.0,185.0,,1.16,earthquake,"160 km NNE of Bamboo Flat, India",,,
usp000cdgb,2003-11-20 14:05:01.950000+00:00,2022-05-02T16:54:14.903Z,13.037,93.245,33.0,5.4,mwc,212.0,,54.5,,0.88,earthquake,"158 km NNE of Bamboo Flat, India",,,
usp000cddq,2003-11-19 10:52:04.720000+00:00,2014-11-07T01:20:31.456Z,24.806,95.352,137.6,4.3,mb,21.0,4.0,94.7,,0.8,earthquake,"128 km SE of Phek, India",,,10.3
usp000ccfz,2003-11-09 19:36:42.810000+00:00,2014-11-07T01:20:26.228Z,21.897,92.955,37.9,4.4,mb,52.0,14.0,116.9,,0.63,earthquake,"65 km S of Saiha, India",,,
usp000ccdq,2003-11-09 05:27:56.620000+00:00,2014-11-07T01:20:25.953Z,8.151,93.755,100.0,4.3,mb,16.0,5.0,192.7,,0.73,earthquake,"Nicobar Islands, India region",,,
usp000ccbf,2003-11-08 05:58:56.550000+00:00,2022-05-02T16:53:17.567Z,23.63,93.664,33.0,4.9,mb,96.0,47.0,105.8,,0.79,earthquake,"61 km ENE of Khawhai, India",,,
usp000cc8h,2003-11-07 02:34:33.600000+00:00,2014-11-07T01:20:25.428Z,10.506,93.82,161.1,4.6,mb,148.0,73.0,61.6,,0.8,earthquake,"173 km SE of Port Blair, India",,,7.1
usp000cbhx,2003-10-29 10:02:51.500000+00:00,2014-11-07T01:20:17.084Z,26.037,95.93,70.9,4.7,mb,20.0,1.0,114.0,,0.87,earthquake,"89 km WSW of Sarupathar, India",,,13.9
usp000cauf,2003-10-20 00:39:54.440000+00:00,2014-11-07T01:20:13.953Z,23.316,86.448,33.0,4.3,mb,8.0,1.0,100.9,,1.18,earthquake,"8 km E of Puruliya, India",,,
usp000caec,2003-10-15 09:10:27.680000+00:00,2014-11-07T01:20:12.075Z,25.091,94.861,110.3,4.0,mb,16.0,1.0,175.8,,0.91,earthquake,"73 km SSE of Phek, India",,,12.1
usp000ca4v,2003-10-11 09:47:53.620000+00:00,2014-11-07T01:20:11.030Z,23.375,69.916,10.0,4.4,mb,37.0,12.0,126.4,,0.97,earthquake,"28 km ENE of Bhuj, India",,,
usp000ca26,2003-10-10 10:09:08.180000+00:00,2014-11-07T01:20:10.672Z,12.978,93.219,33.0,4.4,mb,7.0,1.0,185.0,,0.42,earthquake,"151 km NNE of Bamboo Flat, India",,,
usp000c9rs,2003-10-06 10:01:09.290000+00:00,2014-11-07T01:20:08.935Z,29.782,95.283,33.0,4.5,mb,20.0,2.0,107.0,,1.16,earthquake,"164 km NNE of Shi Yomi, India",,,
usp000c967,2003-09-30 20:37:23.660000+00:00,2014-11-07T01:20:00.686Z,9.202,92.842,46.9,4.6,mb,35.0,12.0,168.4,,0.89,earthquake,"272 km S of Port Blair, India",,,
usp000c927,2003-09-29 13:40:30.450000+00:00,2014-11-07T01:19:59.493Z,27.358,87.738,33.0,4.6,mb,35.0,15.0,97.1,,0.68,earthquake,"51 km W of Gyalshing, India",,,
usp000c7y0,2003-09-18 17:27:46.320000+00:00,2014-11-07T01:19:51.490Z,11.161,93.748,175.7,4.3,mb,13.0,8.0,122.7,,0.79,earthquake,"122 km ESE of Port Blair, India",,,15.6
usp000c6d2,2003-08-31 16:48:21.050000+00:00,2014-11-07T01:19:37.335Z,24.821,92.92,33.0,4.2,mb,12.0,1.0,176.1,,0.68,earthquake,"9 km WNW of Lakhipur, India",,,
usp000c60b,2003-08-26 20:54:15.390000+00:00,2014-11-07T01:19:35.626Z,24.94,93.642,45.3,4.5,mb,51.0,17.0,103.3,,0.66,earthquake,"33 km WNW of Imph?l, India",,,
usp000c5up,2003-08-24 19:07:04.730000+00:00,2014-11-07T01:19:35.066Z,24.806,94.95,86.1,4.6,mb,119.0,61.0,46.9,,0.74,earthquake,"92 km E of Yairipok, India",,,
usp000c5rq,2003-08-23 20:25:31.100000+00:00,2014-11-07T01:19:34.837Z,36.073,77.815,33.0,4.5,mb,21.0,7.0,161.9,,1.45,earthquake,"157 km NE of Thang, India",,,
usp000c5gf,2003-08-21 03:56:30.630000+00:00,2014-11-07T01:19:33.806Z,12.848,93.074,33.0,4.6,mb,41.0,17.0,61.1,,0.98,earthquake,"132 km NNE of Bamboo Flat, India",,,
usp000c5fr,2003-08-20 20:04:11.240000+00:00,2014-11-07T01:19:33.410Z,12.902,93.07,33.0,4.4,mb,23.0,3.0,117.6,,1.06,earthquake,"138 km NNE of Bamboo Flat, India",,,
usp000c58s,2003-08-18 09:37:25.790000+00:00,2014-11-07T01:19:32.752Z,29.688,95.97,33.0,4.5,mb,23.0,8.0,115.0,,1.32,earthquake,"187 km NNW of Hayuliang, India",,,
usp000c58m,2003-08-18 09:03:03.520000+00:00,2022-05-02T16:41:13.182Z,29.573,95.605,33.0,5.5,mwb,344.0,,34.7,,0.92,earthquake,"166 km NE of Shi Yomi, India",,,
usp000c4nb,2003-08-11 21:22:30.420000+00:00,2022-05-02T16:40:31.380Z,12.124,93.53,100.2,6.0,mwb,533.0,,20.4,,0.94,earthquake,"99 km ENE of Port Blair, India",,,
usp000c4je,2003-08-10 11:17:54.380000+00:00,2020-09-18T19:33:06.577Z,27.216,75.739,10.0,4.5,mb,19.0,2.0,116.0,,1.48,earthquake,"22 km WSW of Manoharpur, India",,,
usp000c4dx,2003-08-08 09:59:23.530000+00:00,2022-05-02T16:40:20.117Z,26.687,97.036,11.5,5.0,mb,130.0,71.0,64.7,,1.1,earthquake,"57 km NNE of Sarupathar, India",,,
usp000c467,2003-08-05 11:08:01.910000+00:00,2020-07-08T01:26:53.142Z,23.689,70.435,10.0,5.0,mwc,256.0,,51.0,,0.95,earthquake,"25 km WNW of R?par, India",,,
usp000c3ty,2003-08-01 03:19:37.990000+00:00,2014-11-07T01:19:22.312Z,22.837,92.35,10.0,4.7,mb,61.0,26.0,107.7,,0.74,earthquake,"40 km W of Lunglei, India",,,
usp000c3mr,2003-07-29 06:25:40.190000+00:00,2014-11-07T01:19:19.309Z,26.213,96.004,63.5,4.7,mb,49.0,20.0,85.1,,0.91,earthquake,"80 km W of Sarupathar, India",,,12.7
usp000c3gw,2003-07-27 14:33:10.160000+00:00,2014-11-07T01:19:18.837Z,22.841,92.358,10.0,4.4,mb,21.0,2.0,173.0,,0.8,earthquake,"39 km W of Lunglei, India",,,
usp000c3gj,2003-07-27 12:07:29.430000+00:00,2022-05-02T16:39:56.797Z,22.825,92.343,10.0,5.5,mwc,142.0,,35.4,,0.83,earthquake,"41 km W of Lunglei, India",,,
usp000c2ed,2003-07-13 23:38:51.410000+00:00,2025-12-19T23:06:58.111Z,12.563,95.627,33.0,5.0,mwc,177.0,,74.6,,1.17,earthquake,"Andaman Islands, India region",,,
usp000c28u,2003-07-12 02:42:45.030000+00:00,2025-12-19T23:06:54.498Z,12.643,94.981,33.0,5.3,mwc,176.0,,59.1,,0.88,earthquake,"266 km ENE of Port Blair, India",,,
usp000c28s,2003-07-12 01:55:46.010000+00:00,2025-12-19T23:06:53.795Z,12.014,94.969,33.0,5.1,mwc,76.0,,167.4,,1.08,earthquake,"245 km E of Port Blair, India",,,
usp000c1s9,2003-07-06 04:04:58.060000+00:00,2014-11-07T01:19:08.629Z,12.185,95.176,26.5,4.9,mb,87.0,47.0,73.3,,0.63,earthquake,"270 km ENE of Port Blair, India",,,
usp000c101,2003-06-26 11:33:36.340000+00:00,2014-11-07T01:19:00.082Z,12.836,92.856,47.0,4.5,mb,35.0,13.0,172.5,,0.96,earthquake,"126 km N of Bamboo Flat, India",,,
usp000c0rf,2003-06-23 12:30:54.080000+00:00,2014-11-07T01:18:59.140Z,27.79,88.168,80.3,4.2,mb,22.0,2.0,82.2,,0.9,earthquake,"46 km NW of Mangan, India",,,
usp000c06e,2003-06-18 19:42:03.870000+00:00,2014-11-07T01:18:57.352Z,35.24,76.813,33.0,4.2,mb,18.0,3.0,175.3,,0.97,earthquake,"34 km N of Thang, India",,,
usp000byed,2003-05-29 00:33:29.090000+00:00,2014-11-07T01:18:44.163Z,27.272,92.772,76.1,4.1,mb,36.0,18.0,97.7,,0.9,earthquake,"34 km E of Bomdila, India",,,11.1
usp000byb3,2003-05-27 20:28:22.560000+00:00,2014-11-07T01:18:43.747Z,12.383,93.308,33.0,4.1,mb,12.0,2.0,182.5,,1.09,earthquake,"99 km NE of Bamboo Flat, India",,,
usp000by9k,2003-05-27 10:14:58.870000+00:00,2014-11-07T01:18:43.453Z,30.383,79.087,33.0,4.1,mb,17.0,1.0,89.7,,1.25,earthquake,"14 km NE of Rudrapray?g, India",,,
usp000by91,2003-05-27 04:23:28.960000+00:00,2022-05-02T16:34:52.179Z,30.547,79.293,33.0,4.9,mb,151.0,98.0,108.7,,0.73,earthquake,"18 km NW of P?palkoti, India",,,
usp000by31,2003-05-25 02:32:49.190000+00:00,2014-11-07T01:18:42.109Z,12.826,93.123,33.0,4.3,mb,14.0,1.0,174.9,,0.52,earthquake,"132 km NNE of Bamboo Flat, India",,,
usp000bxkg,2003-05-20 14:16:39.670000+00:00,2014-11-07T01:18:39.086Z,10.48,93.089,54.2,4.5,mb,16.0,4.0,122.3,,0.58,earthquake,"136 km SSE of Port Blair, India",,,13.5
usp000bx1p,2003-05-11 16:34:51.710000+00:00,2014-11-07T01:18:36.254Z,33.107,75.937,33.0,4.4,mb,61.0,27.0,105.6,,0.81,earthquake,"24 km NE of Bhadarw?h, India",,,
usp000bwnb,2003-05-05 06:55:23.450000+00:00,2014-11-07T01:18:34.552Z,9.734,93.147,31.1,4.2,mb,6.0,1.0,198.1,,0.24,earthquake,"218 km SSE of Port Blair, India",,,
usp000bweq,2003-05-02 09:34:39.970000+00:00,2014-11-07T01:18:31.547Z,35.784,78.325,33.0,4.1,mb,14.0,2.0,193.6,,0.9,earthquake,"168 km NE of Thang, India",,,
usp000bw9f,2003-04-30 07:57:29.750000+00:00,2014-11-07T01:18:27.714Z,9.482,92.709,33.0,4.3,mb,9.0,1.0,184.4,,1.22,earthquake,"241 km S of Port Blair, India",,,
usp000bw3f,2003-04-27 19:17:24.140000+00:00,2014-11-07T01:18:26.622Z,32.874,76.761,33.0,4.1,mb,14.0,1.0,151.1,,0.82,earthquake,"41 km NW of Kyelang, India",,,
usp000bvan,2003-04-16 13:54:55.790000+00:00,2014-11-07T01:18:21.159Z,33.493,76.582,33.0,4.4,mb,14.0,2.0,196.3,,0.79,earthquake,"28 km W of Padam, India",,,
usp000bv5x,2003-04-14 12:37:30.840000+00:00,2014-11-07T01:18:20.528Z,12.874,92.993,33.0,4.7,mb,57.0,25.0,92.5,,1.52,earthquake,"133 km NNE of Bamboo Flat, India",,,
usp000buqn,2003-04-08 16:55:08.370000+00:00,2014-11-07T01:18:18.799Z,26.128,93.193,40.5,4.6,mb,72.0,43.0,70.6,,0.98,earthquake,"36 km ENE of Hoj?i, India",,,
usp000bun8,2003-04-07 14:01:28.880000+00:00,2014-11-07T01:18:18.513Z,12.524,92.685,40.5,4.9,mb,105.0,65.0,69.5,,0.71,earthquake,"91 km N of Bamboo Flat, India",,,
usp000bub0,2003-04-04 07:02:32.020000+00:00,2014-11-07T01:18:16.473Z,30.026,80.008,33.0,4.7,mb,51.0,22.0,80.1,,0.83,earthquake,"30 km NE of B?geshwar, India",,,
usp000bth8,2003-03-26 04:22:30.070000+00:00,2022-05-02T16:28:22.837Z,12.518,92.564,33.0,5.9,mwb,488.0,,37.6,,0.85,earthquake,"92 km N of Bamboo Flat, India",,,
usp000bt54,2003-03-21 04:44:50.210000+00:00,2014-11-07T01:18:07.133Z,12.948,93.019,33.0,4.7,mb,28.0,6.0,92.5,,0.77,earthquake,"141 km NNE of Bamboo Flat, India",,,
usp000bt22,2003-03-19 21:13:12.210000+00:00,2014-11-07T01:18:06.760Z,9.783,93.548,140.2,4.5,mb,46.0,25.0,145.8,,1.06,earthquake,"226 km SSE of Port Blair, India",,,15.6
usp000bsy9,2003-03-18 08:20:16.950000+00:00,2014-11-07T01:18:06.270Z,25.239,95.135,104.4,4.5,mb,69.0,39.0,66.5,,0.74,earthquake,"79 km SE of Phek, India",,,6.5
usp000bsp0,2003-03-15 03:59:27.400000+00:00,2014-11-07T01:18:04.719Z,24.25,94.388,73.2,4.0,mb,21.0,5.0,185.2,,0.83,earthquake,"49 km SE of Kakching, India",,,
usp000brzn,2003-03-05 08:22:35.710000+00:00,2014-11-07T01:17:59.387Z,31.519,78.62,18.9,4.7,mb,18.0,4.0,195.1,,0.91,earthquake,"78 km E of Sar?han, India",,,
usp000brte,2003-03-02 15:23:33.400000+00:00,2014-11-07T01:17:57.579Z,33.375,75.689,33.0,4.6,mb,70.0,41.0,65.6,,0.88,earthquake,"9 km NW of Kishtw?r, India",,,
usp000bqzy,2003-02-19 02:59:42.990000+00:00,2014-11-07T01:17:49.578Z,9.77,92.495,33.0,4.5,mb,22.0,3.0,,,0.85,earthquake,"211 km S of Port Blair, India",,,
usp000bqtf,2003-02-16 09:22:09.230000+00:00,2014-11-07T01:17:48.892Z,10.494,92.833,33.0,4.1,mb,17.0,4.0,,,0.91,earthquake,"130 km S of Port Blair, India",,,
usp000bqg0,2003-02-11 19:27:14.670000+00:00,2020-09-18T19:17:02.214Z,23.386,70.218,10.0,4.5,mb,23.0,11.0,,,1.13,earthquake,"16 km NW of Bhach?u, India",,,
usp000bqe2,2003-02-11 01:15:06.990000+00:00,2014-11-07T01:17:47.053Z,35.529,76.582,100.0,4.0,mb,9.0,1.0,,,1.38,earthquake,"69 km NNW of Thang, India",,,
usp000bp78,2003-01-26 10:49:28.880000+00:00,2025-12-19T22:36:59.942Z,12.95,95.607,20.0,5.1,mwc,54.0,,,,0.92,earthquake,"Andaman Islands, India region",,,
usp000bp6k,2003-01-26 04:48:50.110000+00:00,2014-11-07T01:17:38.205Z,12.863,95.619,19.6,4.6,mb,30.0,9.0,,,0.57,earthquake,"Andaman Islands, India region",,,
usp000bp6c,2003-01-26 02:01:35.870000+00:00,2014-11-07T01:17:38.195Z,12.88,95.613,21.7,4.5,mb,10.0,1.0,,,0.82,earthquake,"Andaman Islands, India region",,,
usp000bp1s,2003-01-23 10:35:08.260000+00:00,2014-11-07T01:17:37.429Z,12.991,93.704,83.7,4.7,mb,39.0,13.0,,,0.94,earthquake,"178 km NE of Bamboo Flat, India",,,
usp000bnv1,2003-01-19 22:57:26.600000+00:00,2014-11-07T01:17:36.554Z,23.149,70.636,10.0,4.1,mb,16.0,1.0,,,1.24,earthquake,"34 km ESE of Bhach?u, India",,,
usp000bngj,2003-01-13 16:35:02.910000+00:00,2025-12-19T22:36:58.871Z,12.922,95.552,33.0,5.3,mwc,50.0,,,,0.9,earthquake,"Andaman Islands, India region",,,
usp000bngh,2003-01-13 16:30:59.950000+00:00,2014-11-07T01:17:35.126Z,12.918,95.617,33.0,4.8,mb,53.0,18.0,,,0.95,earthquake,"Andaman Islands, India region",,,
usp000bnf7,2003-01-12 20:17:18.340000+00:00,2014-11-07T01:17:35.034Z,11.104,92.721,33.0,4.3,mb,21.0,3.0,,,0.91,earthquake,"62 km S of Port Blair, India",,,
usp000bnay,2003-01-09 23:14:34.480000+00:00,2014-11-07T01:17:34.031Z,11.63,92.978,56.3,4.8,mb,46.0,24.0,,,1.01,earthquake,"25 km E of Port Blair, India",,,13.5
usp000bmwb,2003-01-01 16:52:45.750000+00:00,2014-11-07T01:17:30.479Z,26.478,96.292,98.0,4.1,mb,27.0,8.0,,,1.02,earthquake,"59 km WNW of Sarupathar, India",,,14.4
usp000bmk8,2002-12-28 10:57:29.130000+00:00,2014-11-07T01:17:26.448Z,24.654,95.171,127.9,4.0,mb,23.0,2.0,,,0.56,earthquake,"112 km E of W?ngjing, India",,,7.7
usp000bm4p,2002-12-21 22:31:13.620000+00:00,2014-11-07T01:17:24.219Z,12.985,93.271,33.0,4.7,mb,15.0,5.0,,,1.17,earthquake,"154 km NNE of Bamboo Flat, India",,,
usp000bkkk,2002-12-13 01:49:28.230000+00:00,2014-11-07T01:17:21.071Z,8.7,93.88,25.8,4.6,mb,32.0,16.0,,,0.62,earthquake,"Nicobar Islands, India region",,,
usp000bkkj,2002-12-13 01:45:35.770000+00:00,2024-01-17T20:48:07.992Z,8.844,94.065,33.0,5.0,mwc,68.0,,,,0.97,earthquake,"Nicobar Islands, India region",,,
usp000bk81,2002-12-06 22:12:22.450000+00:00,2014-11-07T01:17:19.102Z,8.522,93.988,33.0,4.0,mb,14.0,5.0,,,0.8,earthquake,"Nicobar Islands, India region",,,
usp000bk3y,2002-12-04 19:24:11.470000+00:00,2014-11-07T01:17:18.701Z,12.961,93.1,33.0,4.5,mb,37.0,16.0,,,0.94,earthquake,"145 km NNE of Bamboo Flat, India",,,
usp000bk1a,2002-12-03 12:27:09.700000+00:00,2014-11-07T01:17:18.212Z,10.429,93.687,33.0,4.7,mb,10.0,3.0,,,1.24,earthquake,"171 km SE of Port Blair, India",,,
usp000bjrf,2002-11-30 02:52:03.510000+00:00,2022-05-02T16:18:20.983Z,28.64,95.082,38.2,5.1,mb,164.0,85.0,,,0.66,earthquake,"58 km NNE of Along, India",,,5.7
usp000bjre,2002-11-30 02:11:11.990000+00:00,2014-11-07T01:17:12.425Z,5.822,89.121,33.0,4.6,mb,18.0,6.0,,,1.24,earthquake,North Indian Ocean,,,
usp000bjm5,2002-11-28 09:38:07.630000+00:00,2014-11-07T01:17:11.986Z,12.92,93.209,33.0,4.3,mb,21.0,6.0,,,0.94,earthquake,"145 km NNE of Bamboo Flat, India",,,
usp000bjjd,2002-11-27 21:13:38.620000+00:00,2014-11-07T01:17:11.826Z,12.94,93.138,33.0,4.6,mb,46.0,21.0,,,1.05,earthquake,"144 km NNE of Bamboo Flat, India",,,
usp000bhqm,2002-11-15 12:46:56.380000+00:00,2014-11-07T01:17:08.177Z,10.675,91.852,33.0,4.5,mb,6.0,1.0,,,0.38,earthquake,"146 km SW of Port Blair, India",,,
usp000bhn4,2002-11-14 02:59:22.370000+00:00,2014-11-07T01:17:07.923Z,27.552,92.639,61.0,4.6,mb,27.0,11.0,,,0.93,earthquake,"38 km NNE of Bomdila, India",,,12.2
usp000bhfy,2002-11-12 00:32:08.570000+00:00,2014-11-07T01:17:06.868Z,24.511,94.718,109.7,4.2,mb,14.0,4.0,,,0.64,earthquake,"66 km E of W?ngjing, India",,,10.8
usp000bh98,2002-11-10 03:19:01.680000+00:00,2014-11-07T01:17:06.014Z,34.306,80.828,33.0,4.8,mb,64.0,27.0,,,0.93,earthquake,"299 km E of Leh, India",,,
usp000bfz5,2002-11-03 07:26:46.860000+00:00,2014-11-07T01:16:56.857Z,13.017,93.123,33.0,4.2,mb,11.0,2.0,,,1.07,earthquake,"152 km NNE of Bamboo Flat, India",,,
usp000bfvv,2002-11-02 04:47:42.200000+00:00,2022-05-02T16:14:54.119Z,12.701,92.856,33.0,5.8,mb,358.0,126.0,,,0.74,earthquake,"111 km N of Bamboo Flat, India",,,
usp000bfc4,2002-10-25 20:38:55.130000+00:00,2014-11-07T01:16:49.081Z,13.056,93.232,33.0,4.5,mb,37.0,14.0,,,0.92,earthquake,"160 km NNE of Bamboo Flat, India",,,
usp000bf32,2002-10-23 11:49:44.980000+00:00,2014-11-07T01:16:47.990Z,11.192,92.979,33.0,4.8,mb,16.0,6.0,,,0.93,earthquake,"58 km SSE of Port Blair, India",,,
usp000bf0p,2002-10-22 09:44:02.770000+00:00,2014-11-07T01:16:47.578Z,22.381,93.031,33.0,4.3,mb,10.0,1.0,,,1.47,earthquake,"13 km SSE of Saiha, India",,,
usp000beqx,2002-10-17 05:22:02.750000+00:00,2014-11-07T01:16:46.060Z,13.032,93.098,33.0,4.9,mb,78.0,40.0,,,0.88,earthquake,"153 km NNE of Bamboo Flat, India",,,
usp000begq,2002-10-14 03:37:11.290000+00:00,2014-11-07T01:16:45.241Z,13.083,93.252,33.0,4.3,mb,13.0,2.0,,,0.55,earthquake,"163 km NNE of Bamboo Flat, India",,,
usp000befp,2002-10-13 18:30:10.780000+00:00,2014-11-07T01:16:45.131Z,13.065,93.214,33.0,4.5,mb,34.0,12.0,,,0.82,earthquake,"160 km NNE of Bamboo Flat, India",,,
usp000be42,2002-10-09 17:49:39.850000+00:00,2014-11-07T01:16:43.539Z,34.147,80.816,33.0,4.3,mb,11.0,1.0,,,1.17,earthquake,"298 km E of Leh, India",,,
usp000be16,2002-10-08 04:48:17.200000+00:00,2014-11-07T01:16:43.240Z,31.73,77.21,33.0,4.5,mb,12.0,1.0,,,1.39,earthquake,"15 km NW of Banj?r, India",,,
usp000bdvz,2002-10-05 22:07:13.580000+00:00,2014-11-07T01:16:42.496Z,12.994,93.099,33.0,4.6,mb,23.0,9.0,,,0.93,earthquake,"149 km NNE of Bamboo Flat, India",,,
usp000bdv2,2002-10-05 12:14:40.990000+00:00,2014-11-07T01:16:42.343Z,24.786,95.334,184.8,4.2,mb,11.0,2.0,,,0.56,earthquake,"128 km SE of Phek, India",,,17.5
usp000bdue,2002-10-05 05:18:53.360000+00:00,2014-11-07T01:16:42.232Z,24.368,94.637,43.8,4.3,mb,35.0,14.0,,,0.85,earthquake,"63 km ESE of W?ngjing, India",,,
usp000bdtk,2002-10-04 21:34:23.240000+00:00,2014-11-07T01:16:42.129Z,13.001,93.292,33.0,4.6,mb,15.0,4.0,,,1.06,earthquake,"156 km NNE of Bamboo Flat, India",,,
usp000bdrm,2002-10-03 23:42:41.240000+00:00,2014-11-07T01:16:41.562Z,13.003,93.192,33.0,4.3,mb,13.0,4.0,,,0.73,earthquake,"153 km NNE of Bamboo Flat, India",,,
usp000bddz,2002-09-29 11:49:24.370000+00:00,2014-11-07T01:16:36.282Z,12.943,93.174,33.0,4.3,mb,31.0,12.0,,,0.99,earthquake,"146 km NNE of Bamboo Flat, India",,,
usp000bd8u,2002-09-27 17:41:07.440000+00:00,2014-11-07T01:16:35.219Z,12.911,93.202,33.0,4.6,mb,12.0,2.0,,,1.27,earthquake,"143 km NNE of Bamboo Flat, India",,,
usp000bd2r,2002-09-25 05:57:14.100000+00:00,2014-11-07T01:16:34.542Z,12.999,93.095,33.0,4.2,mb,12.0,4.0,,,1.14,earthquake,"149 km NNE of Bamboo Flat, India",,,
usp000bcsq,2002-09-21 04:51:01.750000+00:00,2014-11-07T01:16:33.211Z,13.042,92.934,33.0,4.3,mb,15.0,3.0,,,1.41,earthquake,"Andaman Islands, India region",,,
usp000bcp9,2002-09-20 03:36:58.190000+00:00,2014-11-07T01:16:32.863Z,13.089,93.173,33.0,4.7,mb,66.0,34.0,,,0.87,earthquake,"161 km NNE of Bamboo Flat, India",,,
usp000bck8,2002-09-18 12:01:36.310000+00:00,2022-05-02T16:08:33.572Z,13.112,93.168,33.0,5.5,mwb,282.0,,,,0.88,earthquake,"163 km NNE of Bamboo Flat, India",,,
usp000bcj4,2002-09-18 00:30:41.140000+00:00,2014-11-07T01:16:32.414Z,13.001,93.182,33.0,4.2,mb,20.0,5.0,,,1.2,earthquake,"152 km NNE of Bamboo Flat, India",,,
usp000bcaa,2002-09-15 14:31:20.860000+00:00,2014-11-07T01:16:31.460Z,13.008,93.15,33.0,4.4,mb,25.0,6.0,,,1.27,earthquake,"152 km NNE of Bamboo Flat, India",,,
usp000bc95,2002-09-15 01:29:28.830000+00:00,2014-11-07T01:16:31.303Z,12.955,93.221,33.0,4.3,mb,9.0,1.0,,,1.02,earthquake,"149 km NNE of Bamboo Flat, India",,,
usp000bc93,2002-09-15 00:51:03.830000+00:00,2014-11-07T01:16:31.287Z,12.833,93.263,33.0,4.3,mb,12.0,1.0,,,0.62,earthquake,"138 km NNE of Bamboo Flat, India",,,
usp000bc8z,2002-09-14 23:04:28.960000+00:00,2014-11-07T01:16:31.281Z,12.998,93.248,33.0,4.1,mb,11.0,2.0,,,0.67,earthquake,"154 km NNE of Bamboo Flat, India",,,
usp000bc8v,2002-09-14 22:12:36.600000+00:00,2014-11-07T01:16:31.257Z,13.054,93.175,33.0,5.0,mb,185.0,80.0,,,0.77,earthquake,"157 km NNE of Bamboo Flat, India",,,
usp000bc8u,2002-09-14 22:10:52.530000+00:00,2014-11-07T01:16:31.255Z,12.889,93.273,33.0,4.6,mb,12.0,1.0,,,0.8,earthquake,"144 km NNE of Bamboo Flat, India",,,
usp000bc8t,2002-09-14 21:36:29.680000+00:00,2014-11-07T01:16:31.254Z,12.935,93.215,33.0,4.3,mb,13.0,1.0,,,1.05,earthquake,"146 km NNE of Bamboo Flat, India",,,
usp000bc8r,2002-09-14 21:15:34.700000+00:00,2014-11-07T01:16:31.248Z,12.886,93.186,33.0,4.3,mb,16.0,3.0,,,1.04,earthquake,"140 km NNE of Bamboo Flat, India",,,
usp000bc8n,2002-09-14 20:41:53.020000+00:00,2014-11-07T01:16:31.244Z,12.967,93.193,33.0,4.0,mb,12.0,1.0,,,1.13,earthquake,"149 km NNE of Bamboo Flat, India",,,
usp000bc8m,2002-09-14 20:36:59.080000+00:00,2014-11-07T01:16:31.243Z,12.93,93.248,33.0,4.4,mb,14.0,3.0,,,1.3,earthquake,"147 km NNE of Bamboo Flat, India",,,
usp000bc8k,2002-09-14 20:36:22.930000+00:00,2014-11-07T01:16:31.240Z,13.006,93.194,33.0,4.3,mb,20.0,6.0,,,1.32,earthquake,"153 km NNE of Bamboo Flat, India",,,
usp000bc8h,2002-09-14 19:58:36.950000+00:00,2022-05-02T16:09:02.942Z,13.055,93.157,33.0,5.8,mwb,480.0,,,,0.88,earthquake,"157 km NNE of Bamboo Flat, India",,,
usp000bc80,2002-09-14 15:10:09.960000+00:00,2014-11-07T01:16:31.120Z,12.868,93.211,33.0,4.6,mb,18.0,4.0,,,1.23,earthquake,"139 km NNE of Bamboo Flat, India",,,
usp000bc7g,2002-09-14 09:20:00.010000+00:00,2014-11-07T01:16:30.962Z,13.066,93.219,33.0,4.4,mb,12.0,1.0,,,0.99,earthquake,"160 km NNE of Bamboo Flat, India",,,
usp000bc7e,2002-09-14 09:11:05.290000+00:00,2014-11-07T01:16:30.959Z,12.964,93.257,33.0,4.5,mb,13.0,2.0,,,0.85,earthquake,"151 km NNE of Bamboo Flat, India",,,
usp000bc75,2002-09-14 06:56:57.300000+00:00,2014-11-07T01:16:30.914Z,12.951,93.2,33.0,4.5,mb,16.0,2.0,,,0.57,earthquake,"148 km NNE of Bamboo Flat, India",,,
usp000bc6j,2002-09-14 01:01:36.940000+00:00,2014-11-07T01:16:30.873Z,13.094,93.188,33.0,4.3,mb,27.0,7.0,,,1.32,earthquake,"162 km NNE of Bamboo Flat, India",,,
usp000bc6e,2002-09-13 23:44:46.390000+00:00,2014-11-07T01:16:30.864Z,13.041,93.189,33.0,4.6,mb,42.0,18.0,,,0.94,earthquake,"156 km NNE of Bamboo Flat, India",,,
usp000bc6b,2002-09-13 23:16:02.680000+00:00,2014-11-07T01:16:30.859Z,13.052,93.165,33.0,4.3,mb,19.0,1.0,,,0.94,earthquake,"157 km NNE of Bamboo Flat, India",,,
usp000bc6a,2002-09-13 23:14:07.750000+00:00,2014-11-07T01:16:30.846Z,12.952,93.107,33.0,5.1,mb,169.0,77.0,,,0.93,earthquake,"144 km NNE of Bamboo Flat, India",,,
usp000bc66,2002-09-13 22:39:13.010000+00:00,2014-11-07T01:16:30.822Z,13.027,93.073,33.0,4.7,mb,21.0,4.0,,,1.04,earthquake,"151 km NNE of Bamboo Flat, India",,,
usp000bc65,2002-09-13 22:28:29.460000+00:00,2022-05-02T16:08:09.383Z,13.036,93.068,21.0,6.5,mwc,646.0,,,,0.9,earthquake,"152 km NNE of Bamboo Flat, India",,,
usp000bc63,2002-09-13 22:27:22.970000+00:00,2014-11-07T01:16:30.765Z,12.977,93.281,33.0,4.2,mb,16.0,3.0,,,1.4,earthquake,"154 km NNE of Bamboo Flat, India",,,
usp000bbvd,2002-09-10 01:27:03.620000+00:00,2014-11-07T01:16:29.478Z,26.605,96.19,100.1,4.1,mb,21.0,4.0,,,0.86,earthquake,"76 km NW of Sarupathar, India",,,11.9
usp000bb8c,2002-09-04 16:11:57.360000+00:00,2014-11-07T01:16:26.609Z,31.23,77.76,33.0,4.1,mb,13.0,1.0,,,0.76,earthquake,"3 km N of Rohru, India",,,
usp000bb1e,2002-09-01 03:07:56.790000+00:00,2014-11-07T01:16:23.759Z,12.201,93.719,153.1,4.6,mb,104.0,56.0,,,0.89,earthquake,"121 km ENE of Port Blair, India",,,
usp000ba8w,2002-08-20 08:46:26.900000+00:00,2014-11-07T01:16:17.987Z,27.287,92.86,86.1,4.4,mb,22.0,8.0,,,0.69,earthquake,"43 km E of Bomdila, India",,,9.5
usp000b9s8,2002-08-12 18:49:07.170000+00:00,2014-11-07T01:16:15.336Z,12.845,93.249,33.0,4.3,mb,9.0,1.0,,,0.6,earthquake,"139 km NNE of Bamboo Flat, India",,,
usp000b9kq,2002-08-09 21:00:55.890000+00:00,2020-09-18T18:59:16.296Z,23.409,70.306,10.0,4.6,mb,32.0,15.0,,,1.12,earthquake,"12 km NNW of Bhach?u, India",,,
usp000b9d7,2002-08-06 06:05:58.310000+00:00,2025-12-19T23:02:00.641Z,8.337,93.432,79.2,5.1,mwc,190.0,,,,0.95,earthquake,"Nicobar Islands, India region",,,8.2
usp000b97f,2002-08-03 04:20:22.320000+00:00,2014-11-07T01:16:12.379Z,12.571,95.453,33.0,4.4,mb,7.0,9.0,,,1.18,earthquake,"Andaman Islands, India region",,,
usp000b978,2002-08-03 02:19:44.090000+00:00,2014-11-07T01:16:12.083Z,12.685,95.613,33.0,4.4,mb,7.0,3.0,,,1.3,earthquake,"Andaman Islands, India region",,,
usp000b977,2002-08-03 02:14:13.140000+00:00,2014-11-07T01:16:12.079Z,12.458,95.419,33.0,4.4,mb,12.0,9.0,,,0.98,earthquake,"Andaman Islands, India region",,,
usp000b8gs,2002-07-21 13:02:09.040000+00:00,2014-11-07T01:16:05.419Z,9.316,93.667,33.0,4.7,mb,9.0,1.0,,,0.75,earthquake,"278 km SSE of Port Blair, India",,,
usp000b8eq,2002-07-20 07:37:31.370000+00:00,2014-11-07T01:16:05.240Z,25.091,92.139,33.0,4.3,mb,12.0,2.0,,,1.39,earthquake,"32 km NW of Kar?mganj, India",,,
usp000b7vd,2002-07-10 06:38:14.790000+00:00,2014-11-07T01:16:02.324Z,34.103,80.61,33.0,4.4,mb,14.0,1.0,,,1.08,earthquake,"279 km E of Leh, India",,,
usp000b71p,2002-06-27 12:39:59.210000+00:00,2014-11-07T01:15:54.220Z,12.484,93.466,65.9,4.3,mb,15.0,5.0,,,1.15,earthquake,"119 km NE of Bamboo Flat, India",,,
usp000b6nc,2002-06-21 14:15:54.600000+00:00,2014-11-07T01:15:52.292Z,34.267,80.768,33.0,4.7,mb,45.0,21.0,,,0.96,earthquake,"293 km E of Leh, India",,,
usp000b5qy,2002-06-07 18:30:21.250000+00:00,2014-11-07T01:15:47.136Z,24.849,95.305,148.2,4.0,mb,14.0,1.0,,,1.19,earthquake,"121 km SE of Phek, India",,,
usp000b5k4,2002-06-05 16:06:35+00:00,2014-11-07T01:15:46.421Z,10.91,92.659,33.0,4.5,mb,11.0,1.0,,,1.14,earthquake,"84 km S of Port Blair, India",,,
usp000b5hj,2002-06-04 18:32:16.950000+00:00,2014-11-07T01:15:46.017Z,34.296,76.436,33.0,4.3,mb,16.0,1.0,,,0.96,earthquake,"40 km SE of Kargil, India",,,
usp000b57t,2002-05-30 08:39:15.830000+00:00,2014-11-07T01:15:41.289Z,9.663,93.285,81.8,4.6,mb,74.0,37.0,,,1.0,earthquake,"229 km SSE of Port Blair, India",,,
usp000b576,2002-05-30 02:50:40.960000+00:00,2014-11-07T01:15:41.197Z,10.822,93.657,154.5,4.3,mb,48.0,26.0,,,0.87,earthquake,"136 km SE of Port Blair, India",,,
usp000b4ur,2002-05-23 15:24:41.330000+00:00,2014-11-07T01:15:39.587Z,34.365,76.736,33.0,4.3,mb,16.0,2.0,,,1.17,earthquake,"59 km ESE of Kargil, India",,,
usp000b4tv,2002-05-23 05:03:55.040000+00:00,2014-11-07T01:15:39.244Z,34.32,76.426,33.0,4.4,mb,21.0,8.0,,,0.91,earthquake,"38 km SE of Kargil, India",,,
usp000b4h0,2002-05-17 23:05:49.320000+00:00,2014-11-07T01:15:38.203Z,11.766,92.371,33.0,4.7,mb,82.0,37.0,,,0.92,earthquake,"38 km W of Bamboo Flat, India",,,
usp000b3ku,2002-05-02 14:29:45.930000+00:00,2014-11-07T01:15:33.193Z,27.696,75.81,33.0,4.1,mb,18.0,6.0,,,1.52,earthquake,"5 km SSE of Neem ka Thana, India",,,
usp000b32x,2002-04-24 17:08:48.110000+00:00,2014-11-07T01:15:28.149Z,23.393,70.024,10.0,4.0,mb,13.0,1.0,,,1.03,earthquake,"30 km N of Anj?r, India",,,
usp000b2qw,2002-04-19 00:16:49.360000+00:00,2014-11-07T01:15:26.542Z,9.835,93.592,33.0,5.0,mb,201.0,86.0,,,0.78,earthquake,"222 km SSE of Port Blair, India",,,
usp000b2m0,2002-04-17 20:17:51.470000+00:00,2014-11-07T01:15:26.022Z,24.648,94.886,33.0,4.3,mb,18.0,2.0,,,1.12,earthquake,"83 km E of W?ngjing, India",,,
usp000b276,2002-04-11 17:16:54.900000+00:00,2014-11-07T01:15:24.032Z,35.592,76.55,33.0,4.1,mb,8.0,1.0,,,0.89,earthquake,"76 km NNW of Thang, India",,,
usp000b1u8,2002-04-06 04:40:25.450000+00:00,2014-11-07T01:15:21.805Z,34.366,76.259,44.5,4.4,mb,12.0,1.0,,,1.17,earthquake,"24 km SSE of Kargil, India",,,18.1
usp000b1bn,2002-03-30 06:17:46.640000+00:00,2020-09-18T18:48:03.456Z,23.483,70.345,10.0,4.5,mb,48.0,22.0,,,1.15,earthquake,"20 km N of Bhach?u, India",,,
usp000b177,2002-03-27 22:29:34.750000+00:00,2014-11-07T01:15:14.788Z,23.579,69.983,10.0,4.2,mb,17.0,3.0,,,0.94,earthquake,"48 km NW of Bhach?u, India",,,
usp000b16k,2002-03-27 16:49:03.740000+00:00,2014-11-07T01:15:14.741Z,26.514,93.041,43.7,4.5,mb,55.0,25.0,,,0.9,earthquake,"27 km ESE of Tezpur, India",,,
usp000b0uz,2002-03-22 13:16:43.950000+00:00,2014-11-07T01:15:12.936Z,13.833,93.294,33.0,4.4,mb,8.0,1.0,,,0.9,earthquake,"244 km NNE of Bamboo Flat, India",,,
usp000b0ud,2002-03-22 06:49:42.700000+00:00,2014-11-07T01:15:12.860Z,13.836,93.211,33.0,4.6,mb,52.0,24.0,,,0.97,earthquake,"242 km NNE of Bamboo Flat, India",,,
usp000b0jb,2002-03-18 04:29:16.580000+00:00,2014-11-07T01:15:11.890Z,32.948,76.213,57.7,4.3,mb,13.0,3.0,,,1.2,earthquake,"44 km N of Chamba, India",,,19.6
usp000b0gz,2002-03-17 12:39:16.850000+00:00,2014-11-07T01:15:11.375Z,34.221,80.723,33.0,4.5,mb,38.0,13.0,,,0.85,earthquake,"289 km E of Leh, India",,,
usp000b0a4,2002-03-14 18:39:55.930000+00:00,2014-11-07T01:15:08.932Z,34.232,76.451,39.7,4.2,mb,29.0,10.0,,,1.17,earthquake,"47 km SE of Kargil, India",,,12.6
usp000b075,2002-03-13 03:42:06.430000+00:00,2014-11-07T01:15:07.948Z,13.815,93.292,33.0,4.3,mb,20.0,6.0,,,0.8,earthquake,"242 km NNE of Bamboo Flat, India",,,
usp000b06s,2002-03-12 20:51:13.940000+00:00,2014-11-07T01:15:07.900Z,13.853,93.198,33.0,4.8,mb,113.0,57.0,,,0.85,earthquake,"243 km NNE of Bamboo Flat, India",,,
usp000b05s,2002-03-12 07:33:00.290000+00:00,2014-11-07T01:15:07.820Z,25.178,92.234,33.0,4.1,mb,15.0,2.0,,,1.03,earthquake,"Meghalaya - Assam region, India",,,
usp000b02v,2002-03-11 00:09:43.270000+00:00,2014-11-07T01:15:07.325Z,14.041,93.109,33.0,4.6,mb,10.0,2.0,,,1.02,earthquake,"262 km N of Bamboo Flat, India",,,
usp000b00g,2002-03-09 18:43:02.360000+00:00,2014-11-07T01:15:07.088Z,29.955,79.966,33.0,4.6,mb,20.0,4.0,,,0.68,earthquake,"22 km NE of B?geshwar, India",,,
usp000axxx,2002-02-06 21:09:47.760000+00:00,2014-11-07T01:14:53.123Z,11.15,92.415,33.0,4.8,mb,23.0,8.0,,,0.68,earthquake,"67 km SSW of Port Blair, India",,,
usp000axda,2002-01-29 11:42:26.520000+00:00,2014-11-07T01:14:46.348Z,9.479,93.569,94.4,4.7,mb,66.0,26.0,,,1.14,earthquake,"258 km SSE of Port Blair, India",,,10.0
usp000axa6,2002-01-27 22:33:43.630000+00:00,2022-05-02T15:43:18.749Z,33.123,75.91,40.0,5.3,mwc,97.0,,,,0.94,earthquake,"24 km NE of Bhadarw?h, India",,,8.2
usp000axa5,2002-01-27 22:22:21.520000+00:00,2014-11-07T01:14:45.717Z,31.245,74.519,43.5,4.2,mb,26.0,6.0,,,1.07,earthquake,"11 km NNW of Khem Karan, India",,,
usp000awq7,2002-01-18 13:44:45.350000+00:00,2014-11-07T01:14:42.626Z,23.148,69.757,10.0,4.2,mb,11.0,3.0,,,1.44,earthquake,"14 km SE of Bhuj, India",,,
usp000awnc,2002-01-17 14:42:56.900000+00:00,2014-11-07T01:14:42.386Z,26.276,96.41,96.0,4.5,mb,44.0,22.0,,,0.68,earthquake,"40 km W of Sarupathar, India",,,9.5
usp000awhx,2002-01-15 12:32:18.150000+00:00,2014-11-07T01:14:42.013Z,10.09,93.688,33.0,4.0,mb,10.0,3.0,,,0.84,earthquake,"202 km SSE of Port Blair, India",,,
usp000aw4u,2002-01-09 23:52:41.930000+00:00,2020-09-18T18:40:00.789Z,23.557,70.203,10.0,4.8,mb,73.0,50.0,,,0.81,earthquake,"31 km NNW of Bhach?u, India",,,
usp000aw0f,2002-01-07 13:04:13.860000+00:00,2014-11-07T01:14:39.420Z,33.785,74.785,33.0,4.1,mb,12.0,1.0,,,1.38,earthquake,"8 km NNW of Shup?yan, India",,,
usp000avjk,2001-12-30 18:34:33.280000+00:00,2014-11-07T01:14:33.311Z,35.34,76.877,33.0,4.2,mb,12.0,1.0,,,1.11,earthquake,"46 km N of Thang, India",,,
usp000avj7,2001-12-30 14:01:16.940000+00:00,2014-11-07T01:14:33.287Z,35.374,76.895,33.0,4.5,mb,20.0,6.0,,,0.77,earthquake,"50 km N of Thang, India",,,
usp000avj6,2001-12-30 13:56:42.580000+00:00,2014-11-07T01:14:33.285Z,35.224,76.862,33.0,4.7,mb,21.0,7.0,,,1.12,earthquake,"33 km N of Thang, India",,,
usp000avcp,2001-12-27 18:28:06.070000+00:00,2014-11-07T01:14:32.492Z,35.307,76.889,33.0,4.2,mb,16.0,3.0,,,1.1,earthquake,"43 km NNE of Thang, India",,,
usp000av84,2001-12-25 05:44:47.810000+00:00,2014-11-07T01:14:31.606Z,35.251,77.011,33.0,4.6,mb,41.0,20.0,,,1.34,earthquake,"41 km NNE of Thang, India",,,
usp000av5u,2001-12-24 05:49:41.310000+00:00,2014-11-07T01:14:31.328Z,25.297,94.762,100.0,4.4,mb,21.0,5.0,,,1.51,earthquake,"48 km SSE of Phek, India",,,
usp000av10,2001-12-21 17:33:21.110000+00:00,2020-09-18T18:37:18.071Z,23.765,70.051,10.0,4.6,mb,24.0,7.0,,,1.32,earthquake,"59 km NNW of Bhach?u, India",,,
usp000atwn,2001-12-02 22:41:13.790000+00:00,2022-04-29T19:42:41.626Z,27.15,88.171,33.0,5.1,mb,147.0,63.0,,,0.95,earthquake,"7 km WNW of Naya B?z?r, India",,,
usp000atur,2001-12-01 22:03:22.300000+00:00,2014-11-07T01:14:23.768Z,23.201,70.076,10.0,4.1,mb,16.0,3.0,,,1.17,earthquake,"10 km NNE of Anj?r, India",,,
usp000atcx,2001-11-24 02:42:39.650000+00:00,2020-09-18T18:34:51.007Z,23.615,70.414,10.0,4.6,mb,21.0,9.0,,,1.38,earthquake,"24 km W of R?par, India",,,
usp000asbk,2001-11-06 16:09:19.730000+00:00,2022-04-29T19:39:44.349Z,34.065,79.693,33.0,4.8,mb,94.0,48.0,,,0.76,earthquake,"194 km E of Leh, India",,,
usp000asbg,2001-11-06 14:09:25.390000+00:00,2022-04-29T19:45:37.849Z,27.268,91.919,33.0,5.2,mb,144.0,75.0,,,0.85,earthquake,"33 km S of Tawang, India",,,
usp000arz6,2001-10-31 09:17:47.290000+00:00,2020-09-18T18:33:55.974Z,23.766,70.086,10.0,4.8,mb,15.0,1.0,,,0.81,earthquake,"58 km NNW of Bhach?u, India",,,
usp000arnt,2001-10-26 08:22:54.660000+00:00,2014-11-07T01:14:03.654Z,26.273,92.985,10.0,4.5,mb,26.0,8.0,,,1.22,earthquake,"32 km NNE of Hoj?i, India",,,
usp000ara6,2001-10-20 21:42:00.490000+00:00,2014-11-07T01:14:01.133Z,33.664,76.318,78.6,4.1,mb,14.0,1.0,,,1.22,earthquake,"57 km WNW of Padam, India",,,
usp000ar34,2001-10-17 05:32:11.690000+00:00,2014-11-07T01:14:00.364Z,9.8,93.825,155.0,4.4,mb,15.0,2.0,,,0.61,earthquake,"237 km SSE of Port Blair, India",,,22.5
usp000aqy1,2001-10-14 21:14:41.370000+00:00,2014-11-07T01:13:59.765Z,32.564,76.065,33.0,4.8,mb,55.0,35.0,,,1.3,earthquake,"5 km W of Chamba, India",,,
usp000aqfc,2001-10-08 11:04:42.070000+00:00,2014-11-07T01:13:57.503Z,12.31,92.844,33.0,4.4,mb,9.0,1.0,,,1.07,earthquake,"68 km NNE of Bamboo Flat, India",,,
usp000aqcw,2001-10-07 13:56:12.050000+00:00,2014-11-07T01:13:57.215Z,23.58,93.356,43.0,4.8,mb,18.0,1.0,,,1.01,earthquake,"32 km NE of Khawhai, India",,,
usp000apzr,2001-09-29 12:11:58.480000+00:00,2014-11-07T01:13:51.752Z,13.073,93.192,10.0,4.5,mb,14.0,1.0,,,0.59,earthquake,"160 km NNE of Bamboo Flat, India",,,
usp000apx9,2001-09-28 04:37:56.290000+00:00,2016-11-09T23:35:26.595Z,33.265,75.738,33.0,4.9,mwc,179.0,,,,0.9,earthquake,"6 km SSW of Kishtw?r, India",,,
usp000apsa,2001-09-25 14:56:44.250000+00:00,2022-04-29T17:50:46.834Z,11.956,80.214,10.0,5.2,mwc,244.0,,,,0.98,earthquake,"39 km SE of Marakkanam, India",,,
usp000apq7,2001-09-24 11:16:07.390000+00:00,2014-11-07T01:13:50.383Z,10.625,94.464,33.0,4.2,mb,6.0,1.0,,,1.07,earthquake,"220 km ESE of Port Blair, India",,,
usp000apnv,2001-09-23 14:47:56.300000+00:00,2014-11-07T01:13:50.098Z,24.384,94.736,33.0,4.1,mb,20.0,5.0,,,0.83,earthquake,"71 km ESE of W?ngjing, India",,,
usp000apnr,2001-09-23 12:25:45.140000+00:00,2014-11-07T01:13:50.089Z,12.458,95.187,33.0,4.7,mb,28.0,11.0,,,1.24,earthquake,"279 km ENE of Port Blair, India",,,
usp000apnq,2001-09-23 12:25:37.750000+00:00,2014-11-07T01:13:50.087Z,12.399,95.229,33.0,4.3,mb,15.0,5.0,,,1.12,earthquake,"282 km ENE of Port Blair, India",,,
usp000apnm,2001-09-23 11:18:25.030000+00:00,2014-11-07T01:13:50.082Z,12.424,95.526,33.0,4.4,mb,12.0,2.0,,,1.31,earthquake,"Andaman Islands, India region",,,
usp000aphw,2001-09-21 02:40:37.710000+00:00,2020-09-18T18:31:50.379Z,23.468,70.075,10.0,4.5,mb,16.0,2.0,,,1.26,earthquake,"33 km NW of Bhach?u, India",,,
usp000apgz,2001-09-20 13:34:29.900000+00:00,2020-09-18T18:31:41.707Z,23.573,70.28,10.0,4.7,mb,37.0,16.0,,,0.9,earthquake,"31 km NNW of Bhach?u, India",,,
usp000ap3n,2001-09-13 10:18:58.180000+00:00,2014-11-07T01:13:47.691Z,28.851,77.22,10.0,4.1,mb,23.0,3.0,,,1.22,earthquake,"6 km WSW of Khekra, India",,,
usp000anzg,2001-09-11 02:08:14.750000+00:00,2014-11-07T01:13:46.452Z,26.324,93.221,33.0,4.0,mb,9.0,2.0,,,0.62,earthquake,"50 km NE of Hoj?i, India",,,
usp000any2,2001-09-10 08:16:34.480000+00:00,2014-11-07T01:13:45.951Z,28.885,96.856,33.0,4.4,mb,37.0,8.0,,,1.25,earthquake,"95 km NNE of Hayuliang, India",,,
usp000anbk,2001-08-31 06:30:15.250000+00:00,2014-11-07T01:13:39.517Z,26.641,95.936,51.2,4.5,mb,33.0,10.0,,,1.01,earthquake,"55 km SE of Khonsa, India",,,
usp000an92,2001-08-29 19:26:40.450000+00:00,2014-11-07T01:13:39.186Z,27.083,92.201,50.1,4.3,mb,36.0,7.0,,,1.15,earthquake,"29 km SW of Bomdila, India",,,9.8
usp000amyy,2001-08-24 12:33:02.590000+00:00,2014-11-07T01:13:36.333Z,22.979,70.543,10.0,4.4,mb,11.0,4.0,,,0.95,earthquake,"33 km E of K?ndla, India",,,
usp000amnm,2001-08-18 13:08:47.210000+00:00,2014-11-07T01:13:34.397Z,10.957,92.439,24.1,4.8,mb,86.0,40.0,,,0.99,earthquake,"85 km SSW of Port Blair, India",,,
usp000amay,2001-08-12 14:04:27.700000+00:00,2014-11-07T01:13:32.022Z,10.161,93.03,33.0,4.6,mb,63.0,30.0,,,1.21,earthquake,"169 km S of Port Blair, India",,,
usp000amat,2001-08-12 13:17:41.910000+00:00,2014-11-07T01:13:32.009Z,24.391,92.109,33.0,4.6,mb,64.0,25.0,,,0.72,earthquake,"6 km WNW of Dharmanagar, India",,,
usp000am9h,2001-08-12 01:57:59.740000+00:00,2025-12-19T22:50:44.881Z,24.432,94.992,121.4,5.1,mwc,244.0,,,,0.86,earthquake,"95 km E of W?ngjing, India",,,
usp000am34,2001-08-09 05:56:22.860000+00:00,2014-11-07T01:13:30.914Z,30.486,79.167,39.3,4.3,mb,31.0,6.0,,,0.93,earthquake,"Uttaranchal, India",,,8.8
usp000am2k,2001-08-08 23:47:14.490000+00:00,2014-11-07T01:13:30.776Z,23.211,70.642,10.0,4.0,mb,15.0,3.0,,,1.08,earthquake,"32 km ESE of Bhach?u, India",,,
usp000am07,2001-08-07 21:21:56.580000+00:00,2014-11-07T01:13:30.549Z,26.432,96.346,111.7,4.5,mb,19.0,1.0,,,0.9,earthquake,"52 km WNW of Sarupathar, India",,,
usp000akv5,2001-08-05 05:16:16.890000+00:00,2022-04-29T19:30:25.442Z,12.224,93.352,96.4,5.9,mwc,351.0,,,,0.73,earthquake,"90 km NE of Bamboo Flat, India",,,
usp000aktx,2001-08-04 11:24:35.390000+00:00,2014-11-07T01:13:29.255Z,23.307,70.265,10.0,4.3,mb,36.0,19.0,,,1.07,earthquake,"8 km W of Bhach?u, India",,,
usp000aks8,2001-08-03 04:24:20.800000+00:00,2014-11-07T01:13:28.668Z,23.53,70.026,10.0,4.4,mb,28.0,10.0,,,1.04,earthquake,"41 km NW of Bhach?u, India",,,
usp000aknk,2001-08-01 06:20:06.040000+00:00,2014-11-07T01:13:26.703Z,23.6,70.405,10.0,4.0,mb,13.0,6.0,,,0.82,earthquake,"24 km W of R?par, India",,,
usp000akf1,2001-07-29 16:48:53.470000+00:00,2014-11-07T01:13:22.937Z,30.008,95.315,33.0,4.4,mb,26.0,8.0,,,1.08,earthquake,"187 km NNE of Shi Yomi, India",,,
usp000ak78,2001-07-26 11:36:59.230000+00:00,2014-11-07T01:13:21.844Z,23.725,70.208,10.0,4.2,mb,12.0,2.0,,,1.46,earthquake,"47 km WNW of R?par, India",,,
usp000ak50,2001-07-25 16:35:12.810000+00:00,2014-11-07T01:13:21.002Z,10.561,93.007,33.0,4.9,mb,123.0,61.0,,,0.78,earthquake,"125 km SSE of Port Blair, India",,,
usp000ajj7,2001-07-15 00:04:27.020000+00:00,2014-11-07T01:13:17.034Z,23.705,70.367,10.0,4.2,mb,6.0,1.0,,,0.8,earthquake,"32 km WNW of R?par, India",,,
usp000ahyb,2001-07-04 02:15:14.350000+00:00,2014-11-07T01:13:13.714Z,23.285,70.129,10.0,4.1,mb,14.0,1.0,,,0.9,earthquake,"21 km NNE of Anj?r, India",,,
usp000ahry,2001-06-30 20:19:48.490000+00:00,2020-09-18T18:26:18.147Z,23.365,70.06,10.0,4.5,mb,38.0,14.0,,,1.03,earthquake,"28 km N of Anj?r, India",,,
usp000ahq9,2001-06-30 00:21:08.540000+00:00,2014-11-07T01:13:09.013Z,24.836,95.439,160.6,4.6,mb,85.0,40.0,,,0.8,earthquake,"131 km SE of Phek, India",,,6.5
usp000ah30,2001-06-22 23:37:52.200000+00:00,2014-11-07T01:13:06.454Z,8.532,92.278,35.2,4.8,mb,47.0,30.0,,,1.39,earthquake,"Nicobar Islands, India region",,,
usp000ah0y,2001-06-21 14:19:19.830000+00:00,2014-11-07T01:13:06.228Z,22.93,69.553,10.0,4.4,mb,20.0,7.0,,,1.03,earthquake,"20 km WNW of Mundra, India",,,
usp000agza,2001-06-20 14:44:24.420000+00:00,2014-11-07T01:13:05.515Z,26.356,92.634,60.5,4.3,mb,15.0,7.0,,,0.95,earthquake,"17 km NE of Rah?, India",,,
usp000agur,2001-06-17 16:02:27.210000+00:00,2014-11-07T01:13:04.747Z,23.607,70.088,10.0,4.2,mb,23.0,7.0,,,1.55,earthquake,"42 km NW of Bhach?u, India",,,
usp000agtg,2001-06-17 01:49:45.330000+00:00,2014-11-07T01:13:04.619Z,32.479,78.31,57.7,4.6,mb,40.0,11.0,,,0.99,earthquake,"109 km ENE of Man?li, India",,,10.5
usp000agn4,2001-06-14 17:25:31.550000+00:00,2014-11-07T01:13:03.892Z,11.754,92.967,68.5,4.5,mb,20.0,5.0,,,0.75,earthquake,"25 km ENE of Port Blair, India",,,
usp000aggd,2001-06-12 12:41:01.540000+00:00,2020-07-08T01:08:48.696Z,22.223,83.948,33.0,4.8,mb,67.0,38.0,,,1.0,earthquake,"14 km NW of Sundargarh, India",,,
usp000ag94,2001-06-08 15:07:05.730000+00:00,2014-11-07T01:13:00.582Z,11.012,92.541,33.0,4.8,mb,77.0,45.0,,,1.11,earthquake,"75 km SSW of Port Blair, India",,,
usp000afkg,2001-05-26 14:51:45.550000+00:00,2014-11-07T01:12:51.194Z,25.411,95.126,84.5,4.7,mb,142.0,64.0,,,0.76,earthquake,"68 km ESE of Phek, India",,,
usp000af71,2001-05-19 19:28:02.340000+00:00,2014-11-07T01:12:49.109Z,13.818,93.936,33.0,4.5,mb,18.0,7.0,,,1.05,earthquake,"269 km NNE of Bamboo Flat, India",,,
usp000af54,2001-05-18 19:26:15.890000+00:00,2014-11-07T01:12:48.562Z,26.458,92.936,33.0,4.0,mb,10.0,3.0,,,1.43,earthquake,"23 km SE of Tezpur, India",,,
usp000aeve,2001-05-13 04:05:40.220000+00:00,2014-11-07T01:12:47.496Z,23.376,70.213,10.0,4.4,mb,21.0,6.0,,,1.02,earthquake,"15 km WNW of Bhach?u, India",,,
usp000aehq,2001-05-06 22:58:51.270000+00:00,2020-09-18T18:21:07.543Z,23.462,70.049,10.0,4.7,mb,18.0,3.0,,,0.86,earthquake,"35 km WNW of Bhach?u, India",,,
usp000aegr,2001-05-06 07:42:32.070000+00:00,2020-09-18T18:20:59.011Z,23.406,70.092,10.0,4.7,mb,16.0,4.0,,,1.39,earthquake,"28 km WNW of Bhach?u, India",,,
usp000aefh,2001-05-05 16:18:37.900000+00:00,2014-11-07T01:12:45.758Z,35.205,77.685,38.2,4.3,mb,25.0,5.0,,,1.31,earthquake,"86 km ENE of Thang, India",,,12.2
usp000aedj,2001-05-04 06:26:41.750000+00:00,2014-11-07T01:12:44.266Z,34.443,74.213,33.0,4.3,mb,22.0,3.0,,,0.97,earthquake,"28 km NNW of B?ram?la, India",,,
usp000aeb6,2001-05-02 22:34:37.480000+00:00,2025-12-19T22:54:44.925Z,12.277,93.525,92.8,5.2,mwc,252.0,,,,0.83,earthquake,"108 km NE of Port Blair, India",,,
usp000ae1g,2001-04-27 12:28:34.410000+00:00,2014-11-07T01:12:38.587Z,26.09,91.489,33.0,4.1,mb,16.0,4.0,,,1.42,earthquake,"6 km SW of Pal?sb?ri, India",,,
usp000ae0b,2001-04-26 21:01:31.640000+00:00,2014-11-07T01:12:38.470Z,24.749,94.776,23.4,4.8,mb,74.0,33.0,,,0.86,earthquake,"74 km E of Yairipok, India",,,9.3
usp000adzg,2001-04-26 09:00:23.200000+00:00,2014-11-07T01:12:38.210Z,23.52,70.548,10.0,4.2,mb,35.0,11.0,,,1.13,earthquake,"Gujarat, India",,,
usp000advu,2001-04-24 06:05:45.110000+00:00,2014-11-07T01:12:37.725Z,23.377,70.162,10.0,4.1,mb,8.0,2.0,,,0.54,earthquake,"20 km WNW of Bhach?u, India",,,
usp000adpg,2001-04-20 18:35:02.590000+00:00,2014-11-07T01:12:37.027Z,25.878,90.595,33.0,4.5,mb,43.0,17.0,,,1.27,earthquake,"33 km S of Go?lp?ra, India",,,
usp000adeg,2001-04-17 11:29:52.780000+00:00,2014-11-07T01:12:35.529Z,23.045,70.521,10.0,4.2,mb,9.0,3.0,,,1.42,earthquake,"31 km E of K?ndla, India",,,
usp000adcc,2001-04-16 14:25:59.300000+00:00,2014-11-07T01:12:35.270Z,23.464,70.098,10.0,4.1,mb,10.0,5.0,,,1.07,earthquake,"31 km NW of Bhach?u, India",,,
usp000ad3s,2001-04-12 17:24:27.550000+00:00,2014-11-07T01:12:34.283Z,23.773,70.75,10.0,4.1,mb,18.0,2.0,,,1.06,earthquake,"24 km NNE of R?par, India",,,
usp000aczq,2001-04-10 22:08:15.540000+00:00,2025-12-19T22:47:23.130Z,24.627,95.042,113.4,5.3,mwc,181.0,,,,0.76,earthquake,"99 km E of W?ngjing, India",,,
usp000acp4,2001-04-06 03:32:07.930000+00:00,2014-11-07T01:12:32.317Z,26.385,92.69,42.7,4.4,mb,49.0,16.0,,,0.82,earthquake,"23 km ESE of Dhing, India",,,
usp000acc3,2001-04-01 08:56:50.920000+00:00,2020-09-18T18:18:36.642Z,23.47,70.5,17.9,4.6,mb,26.0,6.0,,,1.0,earthquake,"18 km SW of R?par, India",,,
usp000ac8k,2001-03-30 16:43:54.480000+00:00,2014-11-07T01:12:26.674Z,11.472,95.091,10.0,4.7,mb,45.0,19.0,,,0.91,earthquake,"256 km E of Port Blair, India",,,
usp000abtu,2001-03-21 13:56:42.480000+00:00,2014-11-07T01:12:23.310Z,12.254,92.709,33.0,4.7,mb,6.0,1.0,,,1.17,earthquake,"61 km N of Bamboo Flat, India",,,
usp000abrb,2001-03-19 20:06:48.330000+00:00,2020-09-18T18:18:04.954Z,23.393,70.105,10.0,4.9,ms,59.0,26.0,,,1.11,earthquake,"26 km WNW of Bhach?u, India",,,
usp000abgj,2001-03-16 04:38:18.560000+00:00,2022-04-29T19:15:00.766Z,30.337,94.881,33.0,4.9,mb,59.0,25.0,,,0.84,earthquake,"206 km NNE of Shi Yomi, India",,,
usp000abe3,2001-03-15 02:29:38.160000+00:00,2014-11-07T01:12:21.225Z,8.806,93.888,33.0,4.7,mb,8.0,1.0,,,1.46,earthquake,"Nicobar Islands, India region",,,
usp000abe2,2001-03-15 01:49:47.600000+00:00,2014-11-07T01:12:21.223Z,9.019,93.762,33.0,4.4,mb,13.0,3.0,,,0.9,earthquake,"Nicobar Islands, India region",,,
usp000abe0,2001-03-15 01:30:46.860000+00:00,2014-11-07T01:12:21.220Z,8.537,93.148,33.0,4.9,mb,15.0,3.0,,,1.01,earthquake,"Nicobar Islands, India region",,,
usp000abdy,2001-03-15 01:22:43.370000+00:00,2022-04-29T19:09:15.909Z,8.656,94.013,33.0,6.0,mwc,324.0,,,,1.04,earthquake,"Nicobar Islands, India region",,,
usp000abdx,2001-03-15 00:39:10.920000+00:00,2022-04-29T19:14:59.609Z,8.725,93.958,33.0,5.4,mwc,142.0,,,,0.95,earthquake,"Nicobar Islands, India region",,,
usp000abdv,2001-03-14 23:49:04.990000+00:00,2014-11-07T01:12:21.163Z,22.587,69.846,10.0,4.0,mb,11.0,2.0,,,1.32,earthquake,"17 km N of Sikka, India",,,
usp000abcv,2001-03-14 10:42:08.380000+00:00,2020-09-18T18:17:02.831Z,23.383,70.329,28.8,4.5,mb,19.0,4.0,,,1.21,earthquake,"9 km N of Bhach?u, India",,,
usp000ab9e,2001-03-12 11:34:18.010000+00:00,2014-11-07T01:12:20.222Z,30.406,79.022,33.0,4.5,mb,25.0,11.0,,,1.12,earthquake,"13 km NNE of Rudrapray?g, India",,,
usp000ab7r,2001-03-11 12:38:28.550000+00:00,2014-11-07T01:12:20.004Z,23.603,69.847,10.0,4.0,mb,11.0,2.0,,,0.53,earthquake,"42 km NNE of Bhuj, India",,,
usp000ab61,2001-03-10 00:20:17.350000+00:00,2014-11-07T01:12:19.786Z,27.878,91.826,33.0,4.7,mb,40.0,21.0,,,0.81,earthquake,"35 km NNW of Tawang, India",,,
usp000ab57,2001-03-09 12:40:54.310000+00:00,2014-11-07T01:12:19.708Z,23.622,70.072,10.0,4.2,mb,9.0,2.0,,,0.81,earthquake,"45 km NW of Bhach?u, India",,,
usp000ab35,2001-03-08 02:56:17.970000+00:00,2014-11-07T01:12:19.440Z,23.483,70.172,10.0,4.4,mb,17.0,5.0,,,1.23,earthquake,"26 km NW of Bhach?u, India",,,
usp000aaw7,2001-03-04 07:54:23.150000+00:00,2020-09-18T18:16:16.856Z,23.019,70.484,10.0,4.8,mb,52.0,24.0,,,1.16,earthquake,"27 km E of K?ndla, India",,,
usp000aavb,2001-03-03 22:55:59.160000+00:00,2022-04-29T19:10:01.230Z,23.896,93.695,55.3,5.2,mwc,211.0,,,,0.76,earthquake,"48 km S of Chur?ch?ndpur, India",,,
usp000aasp,2001-03-02 21:56:47.740000+00:00,2014-11-07T01:12:17.316Z,23.391,70.232,10.0,4.4,mb,16.0,4.0,,,1.31,earthquake,"15 km NW of Bhach?u, India",,,
usp000aapw,2001-03-01 15:51:17.330000+00:00,2014-11-07T01:12:16.217Z,23.279,70.465,10.0,4.3,mb,19.0,4.0,,,1.14,earthquake,"12 km E of Bhach?u, India",,,
usp000aan5,2001-03-01 00:53:16.060000+00:00,2020-09-18T18:16:06.698Z,23.236,70.276,10.0,4.5,mb,18.0,3.0,,,1.24,earthquake,"9 km SW of Bhach?u, India",,,
usp000aaks,2001-02-28 14:33:39.090000+00:00,2014-11-07T01:12:13.391Z,23.283,70.285,27.6,4.3,mb,12.0,2.0,,,0.97,earthquake,"6 km WSW of Bhach?u, India",,,
usp000aaff,2001-02-27 01:46:05.310000+00:00,2014-11-07T01:12:12.386Z,26.486,90.616,20.2,4.9,mb,84.0,38.0,,,0.75,earthquake,"5 km E of Bongaigaon, India",,,
usp000aa7m,2001-02-23 22:54:32.560000+00:00,2014-11-07T01:12:11.316Z,30.998,78.066,21.2,4.5,mb,24.0,9.0,,,1.07,earthquake,"24 km NNW of Barkot, India",,,
usp000aa3c,2001-02-22 02:13:00.210000+00:00,2020-09-18T18:14:49.003Z,23.329,70.291,10.0,4.7,mb,66.0,36.0,,,0.96,earthquake,"6 km WNW of Bhach?u, India",,,
usp000a9zu,2001-02-20 17:33:36.060000+00:00,2014-11-07T01:12:10.490Z,33.289,75.893,57.4,4.6,mb,63.0,38.0,,,0.78,earthquake,"12 km ESE of Kishtw?r, India",,,9.0
usp000a9xz,2001-02-19 15:05:58.190000+00:00,2014-11-07T01:12:10.325Z,23.473,70.581,10.0,4.1,mb,8.0,1.0,,,1.43,earthquake,"12 km SSW of R?par, India",,,
usp000a9xe,2001-02-19 09:21:58.590000+00:00,2014-11-07T01:12:10.254Z,23.523,70.102,10.0,4.2,mb,14.0,1.0,,,1.22,earthquake,"34 km NW of Bhach?u, India",,,
usp000a9xc,2001-02-19 08:24:20.160000+00:00,2022-04-29T19:13:29.570Z,23.568,70.072,10.0,5.4,mwc,155.0,,,,1.1,earthquake,"40 km NW of Bhach?u, India",,,
usp000a9wv,2001-02-19 02:11:09.380000+00:00,2020-09-18T18:14:05.869Z,23.517,70.107,10.0,4.6,mb,56.0,25.0,,,1.12,earthquake,"34 km NW of Bhach?u, India",,,
usp000a9sm,2001-02-17 08:27:25.200000+00:00,2020-09-18T18:13:49.203Z,23.359,70.451,10.0,4.8,mb,67.0,33.0,,,1.05,earthquake,"12 km ENE of Bhach?u, India",,,
usp000a9pb,2001-02-15 10:04:36.390000+00:00,2020-09-18T18:13:33.601Z,23.272,70.293,10.0,4.7,mb,67.0,33.0,,,0.97,earthquake,"5 km WSW of Bhach?u, India",,,
usp000a9p5,2001-02-15 07:22:47.700000+00:00,2014-11-07T01:12:08.871Z,23.232,70.229,10.0,4.0,mb,10.0,1.0,,,1.33,earthquake,"13 km WSW of Bhach?u, India",,,
usp000a9p2,2001-02-15 05:38:30.830000+00:00,2020-09-18T18:13:25.410Z,23.251,70.29,10.0,4.8,mb,7.0,1.0,,,0.66,earthquake,"7 km SW of Bhach?u, India",,,
usp000a9ng,2001-02-14 22:18:30.700000+00:00,2014-11-07T01:12:08.763Z,10.792,94.193,33.0,4.2,mb,11.0,1.0,,,1.14,earthquake,"185 km ESE of Port Blair, India",,,
usp000a9g5,2001-02-11 15:29:39.050000+00:00,2020-09-18T18:12:43.499Z,23.274,70.311,10.0,4.5,mb,13.0,2.0,,,1.42,earthquake,"4 km SW of Bhach?u, India",,,
usp000a9ev,2001-02-11 02:33:17.650000+00:00,2020-09-18T18:12:35.456Z,23.219,70.512,10.0,4.6,mb,52.0,24.0,,,1.2,earthquake,"19 km ESE of Bhach?u, India",,,
usp000a9em,2001-02-11 01:20:54.340000+00:00,2014-11-07T01:12:07.671Z,24.742,92.143,38.7,4.2,mb,11.0,4.0,,,1.35,earthquake,"25 km WSW of Kar?mganj, India",,,
usp000a9bg,2001-02-09 13:24:52.450000+00:00,2014-11-07T01:12:07.221Z,34.054,79.626,33.0,4.2,mb,16.0,5.0,,,1.06,earthquake,"188 km E of Leh, India",,,
usp000a9bc,2001-02-09 12:37:01.780000+00:00,2020-09-18T18:12:19.498Z,23.357,70.371,10.0,4.8,mb,14.0,1.0,,,1.3,earthquake,"7 km NNE of Bhach?u, India",,,
usp000a9b5,2001-02-09 10:07:38.890000+00:00,2020-09-18T18:12:11.229Z,23.639,70.019,10.0,4.7,mb,40.0,12.0,,,1.12,earthquake,"50 km NW of Bhach?u, India",,,
usp000a99q,2001-02-08 16:54:41.020000+00:00,2020-09-18T18:12:02.802Z,23.654,70.425,10.0,5.1,ms,62.0,2.0,,,1.19,earthquake,"24 km WNW of R?par, India",,,
usp000a993,2001-02-08 09:33:08.770000+00:00,2014-11-07T01:12:06.799Z,23.338,70.459,10.0,4.3,mb,24.0,7.0,,,0.74,earthquake,"12 km ENE of Bhach?u, India",,,
usp000a98g,2001-02-08 03:25:54.140000+00:00,2014-11-07T01:12:06.646Z,23.357,70.293,10.0,4.4,mb,27.0,6.0,,,1.06,earthquake,"8 km NW of Bhach?u, India",,,
usp000a93c,2001-02-05 02:59:36.100000+00:00,2020-09-18T18:11:46.120Z,23.515,70.048,10.0,4.7,mb,41.0,10.0,,,1.03,earthquake,"38 km NW of Bhach?u, India",,,
usp000a92m,2001-02-04 17:23:13.720000+00:00,2014-11-07T01:12:05.522Z,23.351,70.307,10.0,4.4,mb,41.0,13.0,,,1.03,earthquake,"6 km NNW of Bhach?u, India",,,
usp000a92e,2001-02-04 15:34:06.300000+00:00,2014-11-07T01:12:05.491Z,23.465,70.107,10.0,4.4,mb,19.0,6.0,,,1.22,earthquake,"30 km NW of Bhach?u, India",,,
usp000a91w,2001-02-04 10:14:07.800000+00:00,2014-11-07T01:12:05.402Z,33.205,75.805,18.2,4.7,mb,29.0,9.0,,,1.31,earthquake,"12 km SSE of Kishtw?r, India",,,
usp000a916,2001-02-04 04:50:33.980000+00:00,2014-11-07T01:12:05.263Z,23.248,70.092,10.0,4.1,mb,22.0,3.0,,,0.72,earthquake,"Gujarat, India",,,
usp000a914,2001-02-04 04:47:24.350000+00:00,2020-09-18T18:11:37.575Z,23.519,70.126,10.0,4.5,mb,24.0,5.0,,,1.04,earthquake,"32 km NW of Bhach?u, India",,,
usp000a8z5,2001-02-03 10:06:36.900000+00:00,2020-09-18T18:11:21.329Z,23.2,70.088,10.0,4.5,mb,24.0,5.0,,,1.06,earthquake,"11 km NNE of Anj?r, India",,,
usp000a8yc,2001-02-03 03:04:32.890000+00:00,2022-04-29T19:07:07.388Z,23.655,70.435,10.0,5.3,mb,250.0,117.0,,,1.02,earthquake,"23 km WNW of R?par, India",,,
usp000a8vm,2001-02-01 22:29:34.710000+00:00,2020-09-18T18:11:12.896Z,23.48,70.185,10.0,4.6,mb,32.0,11.0,,,1.23,earthquake,"25 km NW of Bhach?u, India",,,
usp000a8vj,2001-02-01 22:20:48.340000+00:00,2014-11-07T01:12:03.858Z,23.197,70.204,10.0,4.2,mb,19.0,6.0,,,1.16,earthquake,"14 km NNE of G?ndh?dh?m, India",,,
usp000a8vc,2001-02-01 21:06:58.080000+00:00,2014-11-07T01:12:03.739Z,23.165,70.365,10.0,4.1,mb,13.0,4.0,,,1.34,earthquake,"14 km S of Bhach?u, India",,,
usp000a8t6,2001-01-31 23:36:10.900000+00:00,2014-11-07T01:12:00.532Z,23.205,70.07,10.0,4.4,mb,22.0,6.0,,,1.07,earthquake,"11 km NNE of Anj?r, India",,,
usp000a8rr,2001-01-31 09:42:22.080000+00:00,2022-04-29T19:06:58.110Z,23.372,70.425,10.0,4.9,mb,83.0,45.0,,,0.93,earthquake,"11 km NE of Bhach?u, India",,,
usp000a8rh,2001-01-31 07:32:33.100000+00:00,2014-11-07T01:12:00.381Z,23.518,70.265,10.0,4.4,mb,23.0,6.0,,,0.96,earthquake,"25 km NNW of Bhach?u, India",,,
usp000a8r8,2001-01-31 04:41:07.570000+00:00,2014-11-07T01:12:00.304Z,23.392,70.01,10.0,4.0,mb,14.0,3.0,,,1.61,earthquake,"30 km N of Anj?r, India",,,
usp000a8r2,2001-01-31 03:34:56.630000+00:00,2014-11-07T01:12:00.229Z,23.379,70.403,10.0,4.4,mb,19.0,4.0,,,1.26,earthquake,"10 km NE of Bhach?u, India",,,
usp000a8qz,2001-01-31 01:56:07.080000+00:00,2014-11-07T01:12:00.221Z,23.439,70.043,10.0,4.4,mb,32.0,8.0,,,1.05,earthquake,"34 km WNW of Bhach?u, India",,,
usp000a8qk,2001-01-30 18:19:56.360000+00:00,2020-09-18T18:10:47.436Z,23.283,70.271,10.0,4.7,mb,49.0,23.0,,,1.12,earthquake,"7 km WSW of Bhach?u, India",,,
usp000a8pf,2001-01-30 03:16:42.310000+00:00,2014-11-07T01:12:00.114Z,23.345,70.095,10.0,4.1,mb,14.0,1.0,,,0.98,earthquake,"25 km WNW of Bhach?u, India",,,
usp000a8nx,2001-01-29 23:54:58.310000+00:00,2020-09-18T18:10:38.396Z,23.436,70.28,10.0,4.8,mb,53.0,23.0,,,1.34,earthquake,"16 km NNW of Bhach?u, India",,,
usp000a8nd,2001-01-29 19:17:53.280000+00:00,2014-11-07T01:11:59.992Z,23.378,70.004,10.0,4.2,mb,15.0,3.0,,,1.04,earthquake,"29 km N of Anj?r, India",,,
usp000a8nc,2001-01-29 19:14:53.590000+00:00,2014-11-07T01:11:59.989Z,23.353,70.423,10.0,4.0,mb,17.0,4.0,,,1.54,earthquake,"10 km NE of Bhach?u, India",,,
usp000a8mq,2001-01-29 09:38:44.140000+00:00,2020-09-18T18:10:17.696Z,23.499,70.455,10.0,4.8,mb,46.0,23.0,,,0.98,earthquake,"21 km WSW of R?par, India",,,
usp000a8m5,2001-01-29 01:39:03.510000+00:00,2020-09-18T18:10:02.264Z,23.46,69.973,10.0,4.8,mb,63.0,34.0,,,0.9,earthquake,"38 km NE of Bhuj, India",,,
usp000a8ka,2001-01-28 19:42:18.330000+00:00,2014-11-07T01:11:59.831Z,23.401,70.001,10.0,4.3,mb,18.0,5.0,,,1.21,earthquake,"31 km N of Anj?r, India",,,
usp000a8k8,2001-01-28 19:31:59.820000+00:00,2014-11-07T01:11:59.827Z,23.802,69.844,10.0,4.0,mb,11.0,2.0,,,1.11,earthquake,"63 km NNE of Bhuj, India",,,
usp000a8k5,2001-01-28 18:03:43.120000+00:00,2014-11-07T01:11:59.819Z,23.454,70.393,10.0,4.0,mb,13.0,2.0,,,1.01,earthquake,"17 km NNE of Bhach?u, India",,,
usp000a8k3,2001-01-28 17:15:22.710000+00:00,2020-09-18T18:09:52.165Z,23.18,69.907,10.0,4.7,mb,56.0,35.0,,,1.25,earthquake,"14 km WNW of Anj?r, India",,,
usp000a8je,2001-01-28 11:10:43.610000+00:00,2022-04-29T17:50:09.705Z,23.252,70.387,10.0,5.4,mwc,52.0,,,,1.23,earthquake,"6 km SE of Bhach?u, India",,,
usp000a8hv,2001-01-28 03:26:11.180000+00:00,2014-11-07T01:11:59.638Z,23.345,70.02,10.0,4.3,mb,24.0,7.0,,,0.92,earthquake,"25 km N of Anj?r, India",,,
usp000a8hu,2001-01-28 03:18:04.730000+00:00,2014-11-07T01:11:59.636Z,23.808,70.189,10.0,4.2,mb,8.0,1.0,,,1.26,earthquake,"53 km WNW of R?par, India",,,
usp000a8hm,2001-01-28 01:02:10.700000+00:00,2022-04-29T19:06:41.280Z,23.507,70.517,10.0,5.8,mwc,363.0,,,,1.27,earthquake,"15 km WSW of R?par, India",,,
usp000a8gr,2001-01-27 11:24:21.440000+00:00,2020-09-18T18:09:29.561Z,23.273,70.45,10.0,4.6,mb,14.0,10.0,,,0.94,earthquake,"11 km ESE of Bhach?u, India",,,
usp000a8gn,2001-01-27 10:51:42.050000+00:00,2022-04-29T19:06:36.140Z,36.04,77.521,113.4,4.8,mb,33.0,38.0,,,1.41,earthquake,"139 km NNE of Thang, India",,,20.8
usp000a8g7,2001-01-27 04:36:08.410000+00:00,2020-09-18T18:09:20.909Z,23.655,70.001,10.0,4.8,mb,27.0,23.0,,,1.04,earthquake,"52 km NW of Bhach?u, India",,,
usp000a8g3,2001-01-27 03:50:01.530000+00:00,2020-07-08T01:04:51.957Z,23.472,70.232,10.0,4.7,mb,20.0,19.0,,,1.09,earthquake,"22 km NNW of Bhach?u, India",,,
usp000a8g2,2001-01-27 03:33:36.410000+00:00,2014-11-07T01:11:59.302Z,23.338,70.587,10.0,4.1,mb,9.0,7.0,,,1.42,earthquake,"25 km E of Bhach?u, India",,,
usp000a8fj,2001-01-26 19:10:55.140000+00:00,2014-11-07T01:11:59.265Z,23.863,70.076,10.0,4.2,mb,5.0,3.0,,,1.24,earthquake,"66 km WNW of R?par, India",,,
usp000a8fh,2001-01-26 18:19:44.030000+00:00,2020-09-18T18:09:12.409Z,23.544,70.406,10.0,4.7,mb,30.0,22.0,,,1.17,earthquake,"24 km W of R?par, India",,,
usp000a8f5,2001-01-26 15:10:57.900000+00:00,2022-04-29T19:06:33.349Z,23.238,70.185,10.0,4.8,mb,21.0,10.0,,,0.85,earthquake,"17 km WSW of Bhach?u, India",,,
usp000a8ez,2001-01-26 13:30:22.410000+00:00,2014-11-07T01:11:59.135Z,23.562,70.068,10.0,4.4,mb,11.0,8.0,,,1.4,earthquake,"40 km NW of Bhach?u, India",,,
usp000a8ex,2001-01-26 12:55:05.870000+00:00,2014-11-07T01:11:59.132Z,23.557,70.689,10.0,4.3,mb,6.0,6.0,,,1.23,earthquake,"4 km ESE of R?par, India",,,
usp000a8ep,2001-01-26 09:08:22.260000+00:00,2022-04-29T19:06:31.859Z,23.248,70.192,10.0,4.8,mb,28.0,24.0,,,1.09,earthquake,"16 km WSW of Bhach?u, India",,,
usp000a8em,2001-01-26 08:42:25.120000+00:00,2020-09-18T18:08:34.782Z,23.223,71.165,10.0,4.7,mb,9.0,5.0,,,1.81,earthquake,"23 km N of Halvad, India",,,
usp000a8eh,2001-01-26 08:03:16.410000+00:00,2020-09-18T18:08:24.787Z,23.478,70.152,10.0,4.6,mb,13.0,9.0,,,1.36,earthquake,"27 km NW of Bhach?u, India",,,
usp000a8ed,2001-01-26 07:48:54.570000+00:00,2020-09-18T18:08:15.548Z,23.35,70.612,10.0,4.7,mb,7.0,6.0,,,1.51,earthquake,"24 km S of R?par, India",,,
usp000a8ec,2001-01-26 07:32:28.740000+00:00,2022-04-29T19:06:30.685Z,23.316,69.981,10.0,5.5,ms,109.0,73.0,,,1.07,earthquake,"22 km NNW of Anj?r, India",,,
usp000a8eb,2001-01-26 06:48:49.920000+00:00,2014-11-07T01:11:59.082Z,23.7,69.599,10.0,4.4,mb,5.0,4.0,,,0.79,earthquake,"49 km N of Bhuj, India",,,
usp000a8e8,2001-01-26 06:04:51.010000+00:00,2022-04-29T19:06:24.290Z,23.479,70.221,10.0,4.9,mb,44.0,32.0,,,1.28,earthquake,"23 km NNW of Bhach?u, India",,,
usp000a8e7,2001-01-26 05:59:06.830000+00:00,2022-04-29T19:06:18.099Z,23.363,70.391,10.0,4.8,mb,28.0,23.0,,,1.36,earthquake,"8 km NE of Bhach?u, India",,,
usp000a8e3,2001-01-26 04:52:59.420000+00:00,2020-09-18T18:07:35.695Z,23.713,70.466,10.0,4.6,mb,8.0,11.0,,,0.88,earthquake,"24 km NW of R?par, India",,,
usp000a8e2,2001-01-26 04:48:14.250000+00:00,2022-04-29T19:06:17.028Z,23.249,70.348,10.0,5.1,mb,48.0,35.0,,,1.21,earthquake,"5 km S of Bhach?u, India",,,
usp000a8dz,2001-01-26 04:23:41.970000+00:00,2022-04-29T19:06:15.873Z,23.272,69.964,10.0,5.2,mb,83.0,58.0,,,1.21,earthquake,"18 km NNW of Anj?r, India",,,
usp000a8dy,2001-01-26 03:58:59.250000+00:00,2022-04-29T19:15:04.426Z,23.262,69.967,10.0,4.9,mb,44.0,36.0,,,0.83,earthquake,"17 km NNW of Anj?r, India",,,
usp000a8du,2001-01-26 03:33:29.170000+00:00,2022-04-29T19:15:03.229Z,23.245,69.836,10.0,5.3,mb,59.0,41.0,,,0.9,earthquake,"17 km E of Bhuj, India",,,
usp000a8ds,2001-01-26 03:16:40.500000+00:00,2022-04-29T19:06:14.319Z,23.419,70.232,16.0,7.7,mwc,472.0,,,,1.25,earthquake,"17 km NW of Bhach?u, India",,,
usp000a8bw,2001-01-25 00:39:19.900000+00:00,2014-11-07T01:11:58.737Z,33.837,75.766,33.0,4.4,mb,11.0,1.0,,,1.35,earthquake,"45 km ESE of Pahlg?m, India",,,
usp000a8bt,2001-01-24 23:57:18.740000+00:00,2014-11-07T01:11:58.731Z,27.439,92.491,20.9,4.3,mb,22.0,4.0,,,0.88,earthquake,"20 km NNE of Bomdila, India",,,
usp000a7aq,2001-01-08 09:01:56.870000+00:00,2014-11-07T01:11:53.225Z,33.515,75.681,58.6,4.2,mb,15.0,2.0,,,1.17,earthquake,"23 km NNW of Kishtw?r, India",,,16.4
usp000a5qe,2000-12-08 13:23:07.490000+00:00,2014-11-07T01:11:41.758Z,17.041,73.508,33.0,4.2,mb,11.0,1.0,,,0.54,earthquake,"20 km NNW of L?nja, India",,,
usp000a4sf,2000-11-23 21:06:49.130000+00:00,2014-11-07T01:11:33.322Z,9.9,92.804,33.0,4.0,mb,13.0,1.0,,,1.24,earthquake,"195 km S of Port Blair, India",,,
usp000a3n8,2000-11-15 06:18:49.140000+00:00,2014-11-07T01:11:28.670Z,24.633,94.853,33.0,4.0,mb,11.0,3.0,,,1.31,earthquake,"80 km E of W?ngjing, India",,,
usp000a3hq,2000-11-13 08:56:49.030000+00:00,2022-04-29T18:57:25.220Z,21.692,92.908,33.0,5.5,mwc,68.0,,,,1.1,earthquake,"88 km S of Saiha, India",,,
usp000a3ac,2000-11-09 17:31:50.040000+00:00,2014-11-07T01:11:27.130Z,25.376,91.426,37.5,4.2,mb,22.0,4.0,,,1.0,earthquake,"22 km SE of Nongstoin, India",,,
usp000a32h,2000-11-06 18:46:06.570000+00:00,2014-11-07T01:11:26.152Z,9.859,92.95,33.0,4.7,mb,53.0,14.0,,,1.18,earthquake,"201 km S of Port Blair, India",,,
usp000a32f,2000-11-06 18:22:15.370000+00:00,2014-11-07T01:11:26.143Z,10.045,93.252,97.2,4.4,mb,32.0,6.0,,,1.07,earthquake,"187 km SSE of Port Blair, India",,,17.7
usp000a31c,2000-11-06 02:04:11.360000+00:00,2014-11-07T01:11:25.943Z,9.89,93.259,33.0,4.2,mb,8.0,1.0,,,0.86,earthquake,"204 km SSE of Port Blair, India",,,
usp000a31b,2000-11-06 02:01:14.700000+00:00,2014-11-07T01:11:25.941Z,9.928,93.255,33.0,4.2,mb,11.0,1.0,,,0.88,earthquake,"Nicobar Islands, India region",,,
usp000a303,2000-11-05 12:47:04.530000+00:00,2022-04-29T19:38:13.152Z,9.938,92.978,33.0,5.6,mwc,186.0,,,,1.0,earthquake,"192 km S of Port Blair, India",,,
usp000a2yn,2000-11-04 23:17:58.890000+00:00,2014-11-07T01:11:25.474Z,35.569,78.532,55.5,4.4,mb,24.0,8.0,,,1.12,earthquake,"173 km ENE of Thang, India",,,13.2
usp000a2vw,2000-11-02 17:08:49.100000+00:00,2014-11-07T01:11:24.731Z,12.688,95.282,33.0,5.0,mb,34.0,23.0,,,0.89,earthquake,"298 km ENE of Port Blair, India",,,
usp000a2er,2000-10-26 08:54:30.770000+00:00,2014-11-07T01:11:19.005Z,10.516,92.782,48.4,4.8,mb,91.0,38.0,,,0.86,earthquake,"127 km S of Port Blair, India",,,14.6
usp000a2cy,2000-10-25 13:22:17.920000+00:00,2014-11-07T01:11:18.856Z,28.78,95.894,33.0,4.4,mb,6.0,1.0,,,0.6,earthquake,"96 km NE of P?sigh?t, India",,,
usp000a1xv,2000-10-16 22:33:09.530000+00:00,2020-09-15T21:44:19.202Z,23.28,80.3,33.0,4.7,mb,39.0,15.0,,,0.84,earthquake,"30 km SE of Sihor?, India",,,
usp000a1tv,2000-10-15 15:32:30.570000+00:00,2014-11-07T01:11:16.646Z,26.89,96.753,107.7,4.2,mb,17.0,3.0,,,0.61,earthquake,"75 km N of Sarupathar, India",,,16.9
usp000a1r7,2000-10-13 23:52:31.380000+00:00,2014-11-07T01:11:16.399Z,35.255,77.59,33.0,4.7,mb,14.0,7.0,,,1.21,earthquake,"81 km ENE of Thang, India",,,
usp000a1ps,2000-10-13 02:38:47.340000+00:00,2014-11-07T01:11:16.268Z,32.632,76.23,33.0,4.1,mb,10.0,1.0,,,0.57,earthquake,"12 km NE of Chamba, India",,,
usp000a1nx,2000-10-12 12:05:22.920000+00:00,2014-11-07T01:11:16.176Z,9.943,92.957,33.0,4.4,mb,19.0,5.0,,,0.93,earthquake,"191 km S of Port Blair, India",,,
usp000a1nr,2000-10-12 10:00:37.710000+00:00,2014-11-07T01:11:16.155Z,9.845,92.962,33.0,4.7,mb,35.0,11.0,,,1.07,earthquake,"202 km S of Port Blair, India",,,
usp000a1nj,2000-10-12 08:18:04.390000+00:00,2014-11-07T01:11:16.141Z,10.068,92.866,33.0,4.8,mb,28.0,9.0,,,0.77,earthquake,"177 km S of Port Blair, India",,,
usp000a1nh,2000-10-12 07:54:39.630000+00:00,2025-12-19T22:45:39.286Z,9.98,92.86,51.3,5.3,mwc,74.0,,,,0.98,earthquake,"186 km S of Port Blair, India",,,15.6
usp000a1n1,2000-10-12 00:08:00.620000+00:00,2014-11-07T01:11:16.063Z,32.572,78.17,33.0,4.7,mb,11.0,3.0,,,1.37,earthquake,"99 km ENE of Man?li, India",,,
usp000a1m8,2000-10-11 11:13:12.990000+00:00,2014-11-07T01:11:16.002Z,9.962,93.059,80.1,4.6,mb,30.0,9.0,,,1.37,earthquake,"191 km S of Port Blair, India",,,21.3
usp000a1kb,2000-10-10 23:56:37.210000+00:00,2014-11-07T01:11:15.878Z,9.943,92.895,33.0,4.7,mb,47.0,16.0,,,0.93,earthquake,"191 km S of Port Blair, India",,,
usp000a1jn,2000-10-10 12:55:12.700000+00:00,2014-11-07T01:11:15.830Z,9.903,92.908,33.0,4.6,mb,21.0,6.0,,,1.11,earthquake,"195 km S of Port Blair, India",,,
usp000a1jm,2000-10-10 12:42:19.510000+00:00,2014-11-07T01:11:15.828Z,9.831,92.876,33.0,4.3,mb,17.0,1.0,,,1.18,earthquake,"203 km S of Port Blair, India",,,
usp000a1j4,2000-10-10 06:11:32.700000+00:00,2020-09-15T21:43:36.090Z,23.08,82.728,33.0,4.5,mb,16.0,1.0,,,1.01,earthquake,"26 km SE of Baikunthpur, India",,,
usp000a1hk,2000-10-09 21:50:46.470000+00:00,2014-11-07T01:11:15.720Z,9.953,92.965,33.0,4.7,mb,58.0,16.0,,,1.09,earthquake,"190 km S of Port Blair, India",,,
usp000a1gk,2000-10-09 02:30:00.570000+00:00,2022-04-29T18:54:39.113Z,10.002,92.952,33.0,5.9,mwb,261.0,,,,0.99,earthquake,"185 km S of Port Blair, India",,,
usp000a1e4,2000-10-07 21:52:26.350000+00:00,2014-11-07T01:11:15.099Z,10.084,92.904,45.4,4.6,mb,63.0,30.0,,,1.1,earthquake,"175 km S of Port Blair, India",,,
usp000a1aa,2000-10-05 14:10:31.470000+00:00,2014-11-07T01:11:14.059Z,10.098,93.329,84.2,4.1,mb,18.0,4.0,,,0.69,earthquake,"184 km SSE of Port Blair, India",,,22.2
usp000a13g,2000-10-01 10:59:18.860000+00:00,2014-11-07T01:11:10.595Z,9.554,93.078,86.0,4.5,mb,16.0,3.0,,,0.49,earthquake,"236 km S of Port Blair, India",,,23.0
usp000a0vc,2000-09-26 19:39:28.410000+00:00,2014-11-07T01:11:07.763Z,33.377,75.614,33.0,4.6,mb,28.0,7.0,,,0.95,earthquake,"15 km WNW of Kishtw?r, India",,,
usp000a0uu,2000-09-26 13:39:45.480000+00:00,2014-11-07T01:11:07.703Z,11.137,92.414,33.0,4.6,mb,36.0,11.0,,,0.99,earthquake,"68 km SSW of Port Blair, India",,,
usp000a0u8,2000-09-26 07:22:44.060000+00:00,2014-11-07T01:11:07.660Z,30.998,78.13,33.0,4.5,mb,17.0,4.0,,,0.73,earthquake,"22 km NNW of Barkot, India",,,
usp000a0e5,2000-09-17 19:46:40.340000+00:00,2014-11-07T01:11:05.783Z,26.275,91.496,33.0,4.0,mb,8.0,2.0,,,0.54,earthquake,"4 km NW of H?jo, India",,,
usp000a01s,2000-09-10 23:32:37.960000+00:00,2014-11-07T01:11:04.179Z,28.402,92.726,33.0,4.2,mb,33.0,6.0,,,1.29,earthquake,"120 km NE of Tawang, India",,,
usp0009zr1,2000-09-05 00:32:42.900000+00:00,2022-04-29T18:51:52.509Z,17.367,73.849,10.0,5.2,mwc,250.0,,,,1.3,earthquake,"5 km W of P?tan, India",,,
usp0009zef,2000-08-31 02:08:45.950000+00:00,2014-11-07T01:10:56.600Z,32.001,78.407,36.5,4.7,mb,69.0,29.0,,,1.12,earthquake,"79 km NE of Sar?han, India",,,10.9
usp0009zct,2000-08-30 05:39:47.940000+00:00,2014-11-07T01:10:56.431Z,10.539,93.47,95.1,4.8,mb,47.0,13.0,,,0.8,earthquake,"147 km SSE of Port Blair, India",,,
usp0009ymp,2000-08-17 06:09:56.260000+00:00,2014-11-07T01:10:52.381Z,9.927,93.718,33.0,4.0,mb,10.0,2.0,,,0.73,earthquake,"219 km SSE of Port Blair, India",,,
usp0009ym3,2000-08-16 23:06:29.210000+00:00,2014-11-07T01:10:52.295Z,26.535,92.416,33.0,4.4,mb,28.0,4.0,,,1.42,earthquake,"9 km NW of Dhing, India",,,
usp0009yg5,2000-08-15 12:23:35.580000+00:00,2014-11-07T01:10:51.836Z,8.103,93.492,122.3,4.6,mb,40.0,11.0,,,1.13,earthquake,"Nicobar Islands, India region",,,19.4
usp0009yd1,2000-08-13 14:59:34.410000+00:00,2014-11-07T01:10:51.444Z,24.67,94.742,65.8,4.3,mb,35.0,7.0,,,1.05,earthquake,"69 km E of W?ngjing, India",,,10.8
usp0009ycx,2000-08-13 13:28:22.890000+00:00,2020-09-15T21:35:34.580Z,21.458,71.123,14.3,4.7,mb,67.0,34.0,,,1.34,earthquake,"6 km NW of Chal?la, India",,,
usp0009wyu,2000-07-22 13:35:54.650000+00:00,2014-11-07T01:10:39.164Z,9.99,93.787,33.0,4.3,mb,12.0,1.0,,,1.21,earthquake,"217 km SSE of Port Blair, India",,,
usp0009wut,2000-07-20 05:54:04.180000+00:00,2014-11-07T01:10:38.593Z,25.648,95.139,92.6,4.3,mb,15.0,3.0,,,0.57,earthquake,"64 km E of Phek, India",,,17.7
usp0009wst,2000-07-19 14:27:36.020000+00:00,2014-11-07T01:10:38.140Z,12.339,92.66,51.3,4.6,mb,35.0,4.0,,,0.99,earthquake,"70 km N of Bamboo Flat, India",,,
usp0009wnh,2000-07-17 06:52:11.620000+00:00,2014-11-07T01:10:37.101Z,27.071,92.304,33.0,4.3,mb,31.0,3.0,,,1.23,earthquake,"24 km SSW of Bomdila, India",,,
usp0009wgv,2000-07-14 19:34:28.900000+00:00,2014-11-07T01:10:36.554Z,8.89,93.626,33.0,4.5,mb,12.0,1.0,,,1.21,earthquake,"Nicobar Islands, India region",,,
usp0009wgq,2000-07-14 19:09:09.620000+00:00,2014-11-07T01:10:36.486Z,7.763,94.075,33.0,4.0,mb,19.0,3.0,,,0.73,earthquake,"Nicobar Islands, India region",,,
usp0009w49,2000-07-09 21:03:14.810000+00:00,2014-11-07T01:10:34.467Z,34.223,79.996,33.0,4.0,mb,16.0,2.0,,,1.32,earthquake,"222 km E of Leh, India",,,
usp0009w02,2000-07-07 16:14:15.790000+00:00,2014-11-07T01:10:33.284Z,34.101,79.776,33.0,4.7,mb,36.0,23.0,,,1.09,earthquake,"202 km E of Leh, India",,,
usp0009vup,2000-07-05 21:59:49.960000+00:00,2014-11-07T01:10:32.321Z,34.214,79.719,33.0,4.5,mb,29.0,13.0,,,1.09,earthquake,"196 km E of Leh, India",,,
usp0009vub,2000-07-05 18:50:20.490000+00:00,2014-11-07T01:10:32.288Z,33.974,79.758,33.0,4.7,mb,68.0,40.0,,,0.84,earthquake,"201 km E of Leh, India",,,
usp0009vua,2000-07-05 18:47:12.740000+00:00,2014-11-07T01:10:32.285Z,34.198,79.769,33.0,4.0,mb,13.0,3.0,,,1.07,earthquake,"201 km E of Leh, India",,,
usp0009vte,2000-07-05 05:56:34.340000+00:00,2014-11-07T01:10:32.182Z,34.171,79.85,33.0,4.6,mb,32.0,15.0,,,1.11,earthquake,"208 km E of Leh, India",,,
usp0009vt5,2000-07-05 03:48:23.950000+00:00,2014-11-07T01:10:32.162Z,13.99,93.578,33.0,4.0,mb,16.0,2.0,,,0.45,earthquake,"270 km NNE of Bamboo Flat, India",,,
usp0009vrf,2000-07-04 08:10:05.880000+00:00,2014-11-07T01:10:31.767Z,32.101,78.442,33.0,4.1,mb,14.0,2.0,,,1.44,earthquake,"89 km NE of Sar?han, India",,,
usp0009vk3,2000-07-02 04:27:56.990000+00:00,2025-12-19T22:44:12.113Z,24.51,94.686,82.5,5.2,mwc,203.0,,,,0.86,earthquake,"63 km E of W?ngjing, India",,,
usp0009vdb,2000-06-29 09:45:13.410000+00:00,2014-11-07T01:10:26.043Z,26.823,97.251,52.0,4.1,mb,13.0,4.0,,,0.41,earthquake,"81 km NNE of Sarupathar, India",,,14.5
usp0009v9p,2000-06-28 08:16:17.810000+00:00,2014-11-07T01:10:25.543Z,24.866,94.065,33.0,4.1,mb,7.0,1.0,,,0.56,earthquake,"13 km ENE of Imph?l, India",,,
usp0009v2d,2000-06-24 13:36:35.720000+00:00,2014-11-07T01:10:24.456Z,35.323,77.489,58.3,4.4,mb,25.0,5.0,,,1.15,earthquake,"77 km NE of Thang, India",,,18.6
usp0009v01,2000-06-23 02:41:07.510000+00:00,2014-11-07T01:10:24.239Z,35.525,77.423,33.0,4.0,mb,13.0,1.0,,,1.31,earthquake,"87 km NE of Thang, India",,,
usp0009uwh,2000-06-20 15:28:08.750000+00:00,2014-11-07T01:10:23.835Z,35.304,77.403,33.0,4.4,mb,17.0,5.0,,,1.29,earthquake,"69 km NE of Thang, India",,,
usp0009uw1,2000-06-20 09:22:26.670000+00:00,2014-11-07T01:10:23.769Z,35.312,77.528,33.0,4.5,mb,34.0,14.0,,,1.25,earthquake,"79 km ENE of Thang, India",,,
usp0009uvb,2000-06-19 22:41:48.850000+00:00,2022-04-29T18:42:18.324Z,35.249,77.447,42.1,5.4,mwc,165.0,,,,0.9,earthquake,Kashmir-Xinjiang border region,,,7.4
usp0009uuj,2000-06-19 08:22:06.620000+00:00,2014-11-07T01:10:23.584Z,18.014,76.487,33.0,4.4,mb,25.0,6.0,,,0.94,earthquake,"24 km NW of Umarga, India",,,
usp0009urn,2000-06-17 16:34:12.960000+00:00,2022-04-29T18:42:01.065Z,32.024,78.437,33.0,4.8,mb,71.0,29.0,,,0.85,earthquake,"83 km NE of Sar?han, India",,,
usp0009uqv,2000-06-17 02:47:09.390000+00:00,2014-11-07T01:10:23.074Z,32.86,79.214,33.0,4.4,mb,6.0,1.0,,,0.64,earthquake,"200 km NE of Sar?han, India",,,
usp0009uk9,2000-06-14 21:12:02.930000+00:00,2014-11-07T01:10:22.518Z,26.844,97.114,33.0,4.2,mb,22.0,1.0,,,0.84,earthquake,"76 km NNE of Sarupathar, India",,,
usp0009uc6,2000-06-10 08:40:39.110000+00:00,2014-11-07T01:10:21.192Z,8.93,90.431,33.0,4.4,mb,24.0,12.0,,,1.23,earthquake,"Nicobar Islands, India region",,,
usp0009u87,2000-06-08 12:21:09.990000+00:00,2022-04-29T18:40:22.344Z,26.587,97.018,33.0,5.1,mwc,156.0,,,,1.18,earthquake,"47 km NNE of Sarupathar, India",,,
usp0009u81,2000-06-08 09:44:35.930000+00:00,2014-11-07T01:10:20.232Z,26.507,96.904,33.0,4.0,mb,8.0,3.0,,,1.26,earthquake,"34 km NNE of Sarupathar, India",,,
usp0009u6j,2000-06-07 21:46:55.900000+00:00,2022-04-29T18:40:16.269Z,26.856,97.238,33.0,6.3,mwc,402.0,,,,0.86,earthquake,"83 km NNE of Sarupathar, India",,,
usp0009u28,2000-06-05 13:51:56.320000+00:00,2014-11-07T01:10:19.240Z,9.568,92.221,54.9,4.5,mb,36.0,15.0,,,0.76,earthquake,"239 km SSW of Port Blair, India",,,
usp0009tnm,2000-05-30 10:12:10.060000+00:00,2014-11-07T01:10:12.513Z,6.923,91.524,33.0,4.5,mb,,7.0,,,1.16,earthquake,"Nicobar Islands, India region",,,
usp0009tk8,2000-05-28 14:52:01.130000+00:00,2014-11-07T01:10:12.119Z,33.743,74.711,59.2,4.0,mb,,1.0,,,0.74,earthquake,"11 km WNW of Shup?yan, India",,,18.2
usp0009ssy,2000-05-11 16:51:53.860000+00:00,2014-11-07T01:10:07.191Z,25.381,94.414,58.7,4.3,mb,,10.0,,,1.26,earthquake,"32 km SSW of Phek, India",,,
usp0009ssw,2000-05-11 15:52:55.300000+00:00,2014-11-07T01:10:07.024Z,26.003,96.952,47.8,4.4,mb,,21.0,,,1.26,earthquake,"26 km SSE of Sarupathar, India",,,15.2
usp0009s5q,2000-05-01 10:30:28.180000+00:00,2014-11-07T01:10:00.195Z,13.242,92.412,33.0,4.7,mb,,49.0,,,0.83,earthquake,"173 km N of Bamboo Flat, India",,,
usp0009rz9,2000-04-28 00:17:17.980000+00:00,2014-11-07T01:09:57.403Z,31.601,78.305,33.0,4.6,mb,,8.0,,,0.98,earthquake,"49 km ENE of Sar?han, India",,,
usp0009rpz,2000-04-22 15:41:32.030000+00:00,2014-11-07T01:09:55.710Z,25.815,95.016,74.3,4.4,mb,,28.0,,,1.34,earthquake,"52 km ESE of Zunheboto, India",,,
usp0009rmx,2000-04-21 06:35:56.880000+00:00,2014-11-07T01:09:55.440Z,26.145,93.009,33.0,4.0,mb,,3.0,,,0.49,earthquake,"21 km NE of Hoj?i, India",,,
usp0009r2p,2000-04-09 21:48:57.100000+00:00,2014-11-07T01:09:52.705Z,26.735,97.022,65.7,4.2,mb,,5.0,,,1.16,earthquake,"62 km NNE of Sarupathar, India",,,24.1
usp0009r23,2000-04-09 12:00:10.760000+00:00,2014-11-07T01:09:52.646Z,30.211,95.007,33.0,4.6,mb,,6.0,,,1.2,earthquake,"196 km NNE of Shi Yomi, India",,,
usp0009qxd,2000-04-06 22:30:10.410000+00:00,2022-04-29T18:36:35.476Z,17.147,73.637,10.0,4.9,mb,,43.0,,,1.11,earthquake,"19 km SE of M?khjan, India",,,
usp0009qh9,2000-03-30 15:12:27.010000+00:00,2014-11-07T01:09:46.343Z,24.7,94.712,65.9,4.2,mb,,11.0,,,1.09,earthquake,"66 km E of W?ngjing, India",,,
usp0009pvn,2000-03-18 16:38:23.180000+00:00,2014-11-07T01:09:42.995Z,25.18,95.139,116.1,4.7,mb,,2.0,,,1.15,earthquake,"83 km SE of Phek, India",,,23.0
usp0009pu7,2000-03-17 15:44:04.800000+00:00,2014-11-07T01:09:42.693Z,26.684,91.89,33.0,4.1,mb,,6.0,,,0.8,earthquake,"22 km WSW of Udalguri, India",,,
usp0009pnw,2000-03-13 20:44:31.520000+00:00,2014-11-07T01:09:41.300Z,27.656,87.852,33.0,4.3,mb,,5.0,,,1.16,earthquake,"57 km NW of Gyalshing, India",,,
usp0009pmc,2000-03-12 18:03:56.270000+00:00,2022-04-29T18:34:39.517Z,17.099,73.672,33.0,5.0,mwc,,,,,1.08,earthquake,"26 km SE of M?khjan, India",,,
usp0009pgc,2000-03-09 21:29:28.950000+00:00,2014-11-07T01:09:40.454Z,12.167,95.234,33.0,4.8,mb,,9.0,,,1.01,earthquake,"276 km ENE of Port Blair, India",,,
usp0009nph,2000-02-19 18:55:19.160000+00:00,2014-11-07T01:09:31.718Z,10.348,93.817,177.2,4.7,mb,,2.0,,,1.06,earthquake,"186 km SE of Port Blair, India",,,18.2
usp0009n23,2000-02-04 23:04:54.760000+00:00,2014-11-07T01:09:26.739Z,12.313,95.168,33.0,4.7,mb,,3.0,,,0.5,earthquake,"273 km ENE of Port Blair, India",,,
usp0009n1s,2000-02-04 15:10:41.570000+00:00,2014-11-07T01:09:26.664Z,12.142,93.635,134.4,4.2,mb,,6.0,,,1.15,earthquake,"110 km ENE of Port Blair, India",,,19.1
usp0009mzt,2000-02-03 08:33:44.930000+00:00,2014-11-07T01:09:26.101Z,26.435,96.758,122.4,4.3,mb,,9.0,,,1.05,earthquake,"25 km NNW of Sarupathar, India",,,18.7
usp0009myj,2000-02-02 10:41:50.650000+00:00,2014-11-07T01:09:25.564Z,12.832,92.992,33.0,4.7,mb,,12.0,,,0.79,earthquake,"128 km NNE of Bamboo Flat, India",,,
usp0009mq8,2000-01-26 21:11:55.600000+00:00,2014-11-07T01:09:22.138Z,27.566,92.492,33.0,4.3,mb,,3.0,,,0.93,earthquake,"34 km NNE of Bomdila, India",,,
usp0009mnh,2000-01-25 17:29:56.880000+00:00,2014-11-07T01:09:21.960Z,27.609,92.67,33.0,4.2,mb,,5.0,,,1.21,earthquake,"45 km NNE of Bomdila, India",,,
usp0009mnc,2000-01-25 16:43:22.950000+00:00,2022-04-29T18:29:55.984Z,27.663,92.631,33.0,5.2,mb,,73.0,,,0.77,earthquake,"48 km NNE of Bomdila, India",,,
usp0009mnb,2000-01-25 16:37:33.930000+00:00,2014-11-07T01:09:21.937Z,27.208,92.018,33.0,4.3,mb,,1.0,,,1.01,earthquake,"Arunachal Pradesh, India",,,
usp0009mjx,2000-01-23 10:11:21.030000+00:00,2014-11-07T01:09:21.661Z,35.806,77.128,81.3,4.3,mb,,4.0,,,1.22,earthquake,"102 km NNE of Thang, India",,,16.1
usp0009m7p,2000-01-16 12:00:59.110000+00:00,2014-11-07T01:09:19.917Z,33.53,76.484,33.0,4.0,mb,,2.0,,,0.65,earthquake,"37 km W of Padam, India",,,
usp0009kvw,2000-01-08 02:21:16.030000+00:00,2014-11-07T01:09:18.355Z,34.542,78.468,35.7,4.7,mb,,20.0,,,1.03,earthquake,"91 km ENE of Leh, India",,,11.2
usp0009kqm,2000-01-03 22:34:12.640000+00:00,2021-10-20T18:04:49.845Z,22.132,92.771,33.0,4.6,mb,,10.0,,,1.08,earthquake,"45 km SSW of Saiha, India",,,
usp0009kn5,2000-01-02 10:23:58.980000+00:00,2022-04-29T19:37:55.502Z,27.559,92.498,33.0,5.0,mb,,52.0,,,0.86,earthquake,"33 km NNE of Bomdila, India",,,
