event_id,event_date,disaster_type,disaster_subtype,latitude,longitude,location,magnitude,deaths,affected_population,damage_000_usd,source_dataset,event_year,event_month
usp0009kn5,2000-01-02 10:23:58.980000+00:00,Earthquake,Earthquake,27.559,92.498,"33 km NNE of Bomdila, India",5.0,,,,earthquakes,2000.0,1.0
usp0009kqm,2000-01-03 22:34:12.640000+00:00,Earthquake,Earthquake,22.132,92.771,"45 km SSW of Saiha, India",4.6,,,,earthquakes,2000.0,1.0
usp0009kvw,2000-01-08 02:21:16.030000+00:00,Earthquake,Earthquake,34.542,78.468,"91 km ENE of Leh, India",4.7,,,,earthquakes,2000.0,1.0
usp0009m7p,2000-01-16 12:00:59.110000+00:00,Earthquake,Earthquake,33.53,76.484,"37 km W of Padam, India",4.0,,,,earthquakes,2000.0,1.0
usp0009mjx,2000-01-23 10:11:21.030000+00:00,Earthquake,Earthquake,35.806,77.128,"102 km NNE of Thang, India",4.3,,,,earthquakes,2000.0,1.0
usp0009mnb,2000-01-25 16:37:33.930000+00:00,Earthquake,Earthquake,27.208,92.018,"Arunachal Pradesh, India",4.3,,,,earthquakes,2000.0,1.0
usp0009mnc,2000-01-25 16:43:22.950000+00:00,Earthquake,Earthquake,27.663,92.631,"48 km NNE of Bomdila, India",5.2,,,,earthquakes,2000.0,1.0
usp0009mnh,2000-01-25 17:29:56.880000+00:00,Earthquake,Earthquake,27.609,92.67,"45 km NNE of Bomdila, India",4.2,,,,earthquakes,2000.0,1.0
usp0009mq8,2000-01-26 21:11:55.600000+00:00,Earthquake,Earthquake,27.566,92.492,"34 km NNE of Bomdila, India",4.3,,,,earthquakes,2000.0,1.0
usp0009myj,2000-02-02 10:41:50.650000+00:00,Earthquake,Earthquake,12.832,92.992,"128 km NNE of Bamboo Flat, India",4.7,,,,earthquakes,2000.0,2.0
usp0009mzt,2000-02-03 08:33:44.930000+00:00,Earthquake,Earthquake,26.435,96.758,"25 km NNW of Sarupathar, India",4.3,,,,earthquakes,2000.0,2.0
usp0009n1s,2000-02-04 15:10:41.570000+00:00,Earthquake,Earthquake,12.142,93.635,"110 km ENE of Port Blair, India",4.2,,,,earthquakes,2000.0,2.0
usp0009n23,2000-02-04 23:04:54.760000+00:00,Earthquake,Earthquake,12.313,95.168,"273 km ENE of Port Blair, India",4.7,,,,earthquakes,2000.0,2.0
usp0009nph,2000-02-19 18:55:19.160000+00:00,Earthquake,Earthquake,10.348,93.817,"186 km SE of Port Blair, India",4.7,,,,earthquakes,2000.0,2.0
usp0009pgc,2000-03-09 21:29:28.950000+00:00,Earthquake,Earthquake,12.167,95.234,"276 km ENE of Port Blair, India",4.8,,,,earthquakes,2000.0,3.0
usp0009pmc,2000-03-12 18:03:56.270000+00:00,Earthquake,Earthquake,17.099,73.672,"26 km SE of M?khjan, India",5.0,,,,earthquakes,2000.0,3.0
usp0009pnw,2000-03-13 20:44:31.520000+00:00,Earthquake,Earthquake,27.656,87.852,"57 km NW of Gyalshing, India",4.3,,,,earthquakes,2000.0,3.0
usp0009pu7,2000-03-17 15:44:04.800000+00:00,Earthquake,Earthquake,26.684,91.89,"22 km WSW of Udalguri, India",4.1,,,,earthquakes,2000.0,3.0
usp0009pvn,2000-03-18 16:38:23.180000+00:00,Earthquake,Earthquake,25.18,95.139,"83 km SE of Phek, India",4.7,,,,earthquakes,2000.0,3.0
usp0009qh9,2000-03-30 15:12:27.010000+00:00,Earthquake,Earthquake,24.7,94.712,"66 km E of W?ngjing, India",4.2,,,,earthquakes,2000.0,3.0
usp0009qxd,2000-04-06 22:30:10.410000+00:00,Earthquake,Earthquake,17.147,73.637,"19 km SE of M?khjan, India",4.9,,,,earthquakes,2000.0,4.0
usp0009r23,2000-04-09 12:00:10.760000+00:00,Earthquake,Earthquake,30.211,95.007,"196 km NNE of Shi Yomi, India",4.6,,,,earthquakes,2000.0,4.0
usp0009r2p,2000-04-09 21:48:57.100000+00:00,Earthquake,Earthquake,26.735,97.022,"62 km NNE of Sarupathar, India",4.2,,,,earthquakes,2000.0,4.0
usp0009rmx,2000-04-21 06:35:56.880000+00:00,Earthquake,Earthquake,26.145,93.009,"21 km NE of Hoj?i, India",4.0,,,,earthquakes,2000.0,4.0
usp0009rpz,2000-04-22 15:41:32.030000+00:00,Earthquake,Earthquake,25.815,95.016,"52 km ESE of Zunheboto, India",4.4,,,,earthquakes,2000.0,4.0
usp0009rz9,2000-04-28 00:17:17.980000+00:00,Earthquake,Earthquake,31.601,78.305,"49 km ENE of Sar?han, India",4.6,,,,earthquakes,2000.0,4.0
usp0009s5q,2000-05-01 10:30:28.180000+00:00,Earthquake,Earthquake,13.242,92.412,"173 km N of Bamboo Flat, India",4.7,,,,earthquakes,2000.0,5.0
usp0009ssw,2000-05-11 15:52:55.300000+00:00,Earthquake,Earthquake,26.003,96.952,"26 km SSE of Sarupathar, India",4.4,,,,earthquakes,2000.0,5.0
usp0009ssy,2000-05-11 16:51:53.860000+00:00,Earthquake,Earthquake,25.381,94.414,"32 km SSW of Phek, India",4.3,,,,earthquakes,2000.0,5.0
usp0009tk8,2000-05-28 14:52:01.130000+00:00,Earthquake,Earthquake,33.743,74.711,"11 km WNW of Shup?yan, India",4.0,,,,earthquakes,2000.0,5.0
usp0009tnm,2000-05-30 10:12:10.060000+00:00,Earthquake,Earthquake,6.923,91.524,"Nicobar Islands, India region",4.5,,,,earthquakes,2000.0,5.0
usp0009u28,2000-06-05 13:51:56.320000+00:00,Earthquake,Earthquake,9.568,92.221,"239 km SSW of Port Blair, India",4.5,,,,earthquakes,2000.0,6.0
usp0009u6j,2000-06-07 21:46:55.900000+00:00,Earthquake,Earthquake,26.856,97.238,"83 km NNE of Sarupathar, India",6.3,,,,earthquakes,2000.0,6.0
usp0009u81,2000-06-08 09:44:35.930000+00:00,Earthquake,Earthquake,26.507,96.904,"34 km NNE of Sarupathar, India",4.0,,,,earthquakes,2000.0,6.0
usp0009u87,2000-06-08 12:21:09.990000+00:00,Earthquake,Earthquake,26.587,97.018,"47 km NNE of Sarupathar, India",5.1,,,,earthquakes,2000.0,6.0
usp0009uc6,2000-06-10 08:40:39.110000+00:00,Earthquake,Earthquake,8.93,90.431,"Nicobar Islands, India region",4.4,,,,earthquakes,2000.0,6.0
usp0009uk9,2000-06-14 21:12:02.930000+00:00,Earthquake,Earthquake,26.844,97.114,"76 km NNE of Sarupathar, India",4.2,,,,earthquakes,2000.0,6.0
usp0009uqv,2000-06-17 02:47:09.390000+00:00,Earthquake,Earthquake,32.86,79.214,"200 km NE of Sar?han, India",4.4,,,,earthquakes,2000.0,6.0
usp0009urn,2000-06-17 16:34:12.960000+00:00,Earthquake,Earthquake,32.024,78.437,"83 km NE of Sar?han, India",4.8,,,,earthquakes,2000.0,6.0
usp0009uuj,2000-06-19 08:22:06.620000+00:00,Earthquake,Earthquake,18.014,76.487,"24 km NW of Umarga, India",4.4,,,,earthquakes,2000.0,6.0
usp0009uvb,2000-06-19 22:41:48.850000+00:00,Earthquake,Earthquake,35.249,77.447,Kashmir-Xinjiang border region,5.4,,,,earthquakes,2000.0,6.0
usp0009uw1,2000-06-20 09:22:26.670000+00:00,Earthquake,Earthquake,35.312,77.528,"79 km ENE of Thang, India",4.5,,,,earthquakes,2000.0,6.0
usp0009uwh,2000-06-20 15:28:08.750000+00:00,Earthquake,Earthquake,35.304,77.403,"69 km NE of Thang, India",4.4,,,,earthquakes,2000.0,6.0
usp0009v01,2000-06-23 02:41:07.510000+00:00,Earthquake,Earthquake,35.525,77.423,"87 km NE of Thang, India",4.0,,,,earthquakes,2000.0,6.0
usp0009v2d,2000-06-24 13:36:35.720000+00:00,Earthquake,Earthquake,35.323,77.489,"77 km NE of Thang, India",4.4,,,,earthquakes,2000.0,6.0
usp0009v9p,2000-06-28 08:16:17.810000+00:00,Earthquake,Earthquake,24.866,94.065,"13 km ENE of Imph?l, India",4.1,,,,earthquakes,2000.0,6.0
usp0009vdb,2000-06-29 09:45:13.410000+00:00,Earthquake,Earthquake,26.823,97.251,"81 km NNE of Sarupathar, India",4.1,,,,earthquakes,2000.0,6.0
usp0009vk3,2000-07-02 04:27:56.990000+00:00,Earthquake,Earthquake,24.51,94.686,"63 km E of W?ngjing, India",5.2,,,,earthquakes,2000.0,7.0
usp0009vrf,2000-07-04 08:10:05.880000+00:00,Earthquake,Earthquake,32.101,78.442,"89 km NE of Sar?han, India",4.1,,,,earthquakes,2000.0,7.0
usp0009vt5,2000-07-05 03:48:23.950000+00:00,Earthquake,Earthquake,13.99,93.578,"270 km NNE of Bamboo Flat, India",4.0,,,,earthquakes,2000.0,7.0
usp0009vte,2000-07-05 05:56:34.340000+00:00,Earthquake,Earthquake,34.171,79.85,"208 km E of Leh, India",4.6,,,,earthquakes,2000.0,7.0
usp0009vua,2000-07-05 18:47:12.740000+00:00,Earthquake,Earthquake,34.198,79.769,"201 km E of Leh, India",4.0,,,,earthquakes,2000.0,7.0
usp0009vub,2000-07-05 18:50:20.490000+00:00,Earthquake,Earthquake,33.974,79.758,"201 km E of Leh, India",4.7,,,,earthquakes,2000.0,7.0
usp0009vup,2000-07-05 21:59:49.960000+00:00,Earthquake,Earthquake,34.214,79.719,"196 km E of Leh, India",4.5,,,,earthquakes,2000.0,7.0
usp0009w02,2000-07-07 16:14:15.790000+00:00,Earthquake,Earthquake,34.101,79.776,"202 km E of Leh, India",4.7,,,,earthquakes,2000.0,7.0
usp0009w49,2000-07-09 21:03:14.810000+00:00,Earthquake,Earthquake,34.223,79.996,"222 km E of Leh, India",4.0,,,,earthquakes,2000.0,7.0
usp0009wgq,2000-07-14 19:09:09.620000+00:00,Earthquake,Earthquake,7.763,94.075,"Nicobar Islands, India region",4.0,,,,earthquakes,2000.0,7.0
usp0009wgv,2000-07-14 19:34:28.900000+00:00,Earthquake,Earthquake,8.89,93.626,"Nicobar Islands, India region",4.5,,,,earthquakes,2000.0,7.0
usp0009wnh,2000-07-17 06:52:11.620000+00:00,Earthquake,Earthquake,27.071,92.304,"24 km SSW of Bomdila, India",4.3,,,,earthquakes,2000.0,7.0
usp0009wst,2000-07-19 14:27:36.020000+00:00,Earthquake,Earthquake,12.339,92.66,"70 km N of Bamboo Flat, India",4.6,,,,earthquakes,2000.0,7.0
usp0009wut,2000-07-20 05:54:04.180000+00:00,Earthquake,Earthquake,25.648,95.139,"64 km E of Phek, India",4.3,,,,earthquakes,2000.0,7.0
usp0009wyu,2000-07-22 13:35:54.650000+00:00,Earthquake,Earthquake,9.99,93.787,"217 km SSE of Port Blair, India",4.3,,,,earthquakes,2000.0,7.0
usp0009ycx,2000-08-13 13:28:22.890000+00:00,Earthquake,Earthquake,21.458,71.123,"6 km NW of Chal?la, India",4.7,,,,earthquakes,2000.0,8.0
usp0009yd1,2000-08-13 14:59:34.410000+00:00,Earthquake,Earthquake,24.67,94.742,"69 km E of W?ngjing, India",4.3,,,,earthquakes,2000.0,8.0
usp0009yg5,2000-08-15 12:23:35.580000+00:00,Earthquake,Earthquake,8.103,93.492,"Nicobar Islands, India region",4.6,,,,earthquakes,2000.0,8.0
usp0009ym3,2000-08-16 23:06:29.210000+00:00,Earthquake,Earthquake,26.535,92.416,"9 km NW of Dhing, India",4.4,,,,earthquakes,2000.0,8.0
usp0009ymp,2000-08-17 06:09:56.260000+00:00,Earthquake,Earthquake,9.927,93.718,"219 km SSE of Port Blair, India",4.0,,,,earthquakes,2000.0,8.0
usp0009zct,2000-08-30 05:39:47.940000+00:00,Earthquake,Earthquake,10.539,93.47,"147 km SSE of Port Blair, India",4.8,,,,earthquakes,2000.0,8.0
usp0009zef,2000-08-31 02:08:45.950000+00:00,Earthquake,Earthquake,32.001,78.407,"79 km NE of Sar?han, India",4.7,,,,earthquakes,2000.0,8.0
usp0009zr1,2000-09-05 00:32:42.900000+00:00,Earthquake,Earthquake,17.367,73.849,"5 km W of P?tan, India",5.2,,,,earthquakes,2000.0,9.0
usp000a01s,2000-09-10 23:32:37.960000+00:00,Earthquake,Earthquake,28.402,92.726,"120 km NE of Tawang, India",4.2,,,,earthquakes,2000.0,9.0
usp000a0e5,2000-09-17 19:46:40.340000+00:00,Earthquake,Earthquake,26.275,91.496,"4 km NW of H?jo, India",4.0,,,,earthquakes,2000.0,9.0
usp000a0u8,2000-09-26 07:22:44.060000+00:00,Earthquake,Earthquake,30.998,78.13,"22 km NNW of Barkot, India",4.5,,,,earthquakes,2000.0,9.0
usp000a0uu,2000-09-26 13:39:45.480000+00:00,Earthquake,Earthquake,11.137,92.414,"68 km SSW of Port Blair, India",4.6,,,,earthquakes,2000.0,9.0
usp000a0vc,2000-09-26 19:39:28.410000+00:00,Earthquake,Earthquake,33.377,75.614,"15 km WNW of Kishtw?r, India",4.6,,,,earthquakes,2000.0,9.0
usp000a13g,2000-10-01 10:59:18.860000+00:00,Earthquake,Earthquake,9.554,93.078,"236 km S of Port Blair, India",4.5,,,,earthquakes,2000.0,10.0
usp000a1aa,2000-10-05 14:10:31.470000+00:00,Earthquake,Earthquake,10.098,93.329,"184 km SSE of Port Blair, India",4.1,,,,earthquakes,2000.0,10.0
usp000a1e4,2000-10-07 21:52:26.350000+00:00,Earthquake,Earthquake,10.084,92.904,"175 km S of Port Blair, India",4.6,,,,earthquakes,2000.0,10.0
usp000a1gk,2000-10-09 02:30:00.570000+00:00,Earthquake,Earthquake,10.002,92.952,"185 km S of Port Blair, India",5.9,,,,earthquakes,2000.0,10.0
usp000a1hk,2000-10-09 21:50:46.470000+00:00,Earthquake,Earthquake,9.953,92.965,"190 km S of Port Blair, India",4.7,,,,earthquakes,2000.0,10.0
usp000a1j4,2000-10-10 06:11:32.700000+00:00,Earthquake,Earthquake,23.08,82.728,"26 km SE of Baikunthpur, India",4.5,,,,earthquakes,2000.0,10.0
usp000a1jm,2000-10-10 12:42:19.510000+00:00,Earthquake,Earthquake,9.831,92.876,"203 km S of Port Blair, India",4.3,,,,earthquakes,2000.0,10.0
usp000a1jn,2000-10-10 12:55:12.700000+00:00,Earthquake,Earthquake,9.903,92.908,"195 km S of Port Blair, India",4.6,,,,earthquakes,2000.0,10.0
usp000a1kb,2000-10-10 23:56:37.210000+00:00,Earthquake,Earthquake,9.943,92.895,"191 km S of Port Blair, India",4.7,,,,earthquakes,2000.0,10.0
usp000a1m8,2000-10-11 11:13:12.990000+00:00,Earthquake,Earthquake,9.962,93.059,"191 km S of Port Blair, India",4.6,,,,earthquakes,2000.0,10.0
usp000a1n1,2000-10-12 00:08:00.620000+00:00,Earthquake,Earthquake,32.572,78.17,"99 km ENE of Man?li, India",4.7,,,,earthquakes,2000.0,10.0
usp000a1nh,2000-10-12 07:54:39.630000+00:00,Earthquake,Earthquake,9.98,92.86,"186 km S of Port Blair, India",5.3,,,,earthquakes,2000.0,10.0
usp000a1nj,2000-10-12 08:18:04.390000+00:00,Earthquake,Earthquake,10.068,92.866,"177 km S of Port Blair, India",4.8,,,,earthquakes,2000.0,10.0
usp000a1nr,2000-10-12 10:00:37.710000+00:00,Earthquake,Earthquake,9.845,92.962,"202 km S of Port Blair, India",4.7,,,,earthquakes,2000.0,10.0
usp000a1nx,2000-10-12 12:05:22.920000+00:00,Earthquake,Earthquake,9.943,92.957,"191 km S of Port Blair, India",4.4,,,,earthquakes,2000.0,10.0
usp000a1ps,2000-10-13 02:38:47.340000+00:00,Earthquake,Earthquake,32.632,76.23,"12 km NE of Chamba, India",4.1,,,,earthquakes,2000.0,10.0
usp000a1r7,2000-10-13 23:52:31.380000+00:00,Earthquake,Earthquake,35.255,77.59,"81 km ENE of Thang, India",4.7,,,,earthquakes,2000.0,10.0
usp000a1tv,2000-10-15 15:32:30.570000+00:00,Earthquake,Earthquake,26.89,96.753,"75 km N of Sarupathar, India",4.2,,,,earthquakes,2000.0,10.0
usp000a1xv,2000-10-16 22:33:09.530000+00:00,Earthquake,Earthquake,23.28,80.3,"30 km SE of Sihor?, India",4.7,,,,earthquakes,2000.0,10.0
usp000a2cy,2000-10-25 13:22:17.920000+00:00,Earthquake,Earthquake,28.78,95.894,"96 km NE of P?sigh?t, India",4.4,,,,earthquakes,2000.0,10.0
usp000a2er,2000-10-26 08:54:30.770000+00:00,Earthquake,Earthquake,10.516,92.782,"127 km S of Port Blair, India",4.8,,,,earthquakes,2000.0,10.0
usp000a2vw,2000-11-02 17:08:49.100000+00:00,Earthquake,Earthquake,12.688,95.282,"298 km ENE of Port Blair, India",5.0,,,,earthquakes,2000.0,11.0
usp000a2yn,2000-11-04 23:17:58.890000+00:00,Earthquake,Earthquake,35.569,78.532,"173 km ENE of Thang, India",4.4,,,,earthquakes,2000.0,11.0
usp000a303,2000-11-05 12:47:04.530000+00:00,Earthquake,Earthquake,9.938,92.978,"192 km S of Port Blair, India",5.6,,,,earthquakes,2000.0,11.0
usp000a31b,2000-11-06 02:01:14.700000+00:00,Earthquake,Earthquake,9.928,93.255,"Nicobar Islands, India region",4.2,,,,earthquakes,2000.0,11.0
usp000a31c,2000-11-06 02:04:11.360000+00:00,Earthquake,Earthquake,9.89,93.259,"204 km SSE of Port Blair, India",4.2,,,,earthquakes,2000.0,11.0
usp000a32f,2000-11-06 18:22:15.370000+00:00,Earthquake,Earthquake,10.045,93.252,"187 km SSE of Port Blair, India",4.4,,,,earthquakes,2000.0,11.0
usp000a32h,2000-11-06 18:46:06.570000+00:00,Earthquake,Earthquake,9.859,92.95,"201 km S of Port Blair, India",4.7,,,,earthquakes,2000.0,11.0
usp000a3ac,2000-11-09 17:31:50.040000+00:00,Earthquake,Earthquake,25.376,91.426,"22 km SE of Nongstoin, India",4.2,,,,earthquakes,2000.0,11.0
usp000a3hq,2000-11-13 08:56:49.030000+00:00,Earthquake,Earthquake,21.692,92.908,"88 km S of Saiha, India",5.5,,,,earthquakes,2000.0,11.0
usp000a3n8,2000-11-15 06:18:49.140000+00:00,Earthquake,Earthquake,24.633,94.853,"80 km E of W?ngjing, India",4.0,,,,earthquakes,2000.0,11.0
usp000a4sf,2000-11-23 21:06:49.130000+00:00,Earthquake,Earthquake,9.9,92.804,"195 km S of Port Blair, India",4.0,,,,earthquakes,2000.0,11.0
usp000a5qe,2000-12-08 13:23:07.490000+00:00,Earthquake,Earthquake,17.041,73.508,"20 km NNW of L?nja, India",4.2,,,,earthquakes,2000.0,12.0
usp000a7aq,2001-01-08 09:01:56.870000+00:00,Earthquake,Earthquake,33.515,75.681,"23 km NNW of Kishtw?r, India",4.2,,,,earthquakes,2001.0,1.0
usp000a8bt,2001-01-24 23:57:18.740000+00:00,Earthquake,Earthquake,27.439,92.491,"20 km NNE of Bomdila, India",4.3,,,,earthquakes,2001.0,1.0
usp000a8bw,2001-01-25 00:39:19.900000+00:00,Earthquake,Earthquake,33.837,75.766,"45 km ESE of Pahlg?m, India",4.4,,,,earthquakes,2001.0,1.0
usp000a8ds,2001-01-26 03:16:40.500000+00:00,Earthquake,Earthquake,23.419,70.232,"17 km NW of Bhach?u, India",7.7,,,,earthquakes,2001.0,1.0
usp000a8du,2001-01-26 03:33:29.170000+00:00,Earthquake,Earthquake,23.245,69.836,"17 km E of Bhuj, India",5.3,,,,earthquakes,2001.0,1.0
usp000a8dy,2001-01-26 03:58:59.250000+00:00,Earthquake,Earthquake,23.262,69.967,"17 km NNW of Anj?r, India",4.9,,,,earthquakes,2001.0,1.0
usp000a8dz,2001-01-26 04:23:41.970000+00:00,Earthquake,Earthquake,23.272,69.964,"18 km NNW of Anj?r, India",5.2,,,,earthquakes,2001.0,1.0
usp000a8e2,2001-01-26 04:48:14.250000+00:00,Earthquake,Earthquake,23.249,70.348,"5 km S of Bhach?u, India",5.1,,,,earthquakes,2001.0,1.0
usp000a8e3,2001-01-26 04:52:59.420000+00:00,Earthquake,Earthquake,23.713,70.466,"24 km NW of R?par, India",4.6,,,,earthquakes,2001.0,1.0
usp000a8e7,2001-01-26 05:59:06.830000+00:00,Earthquake,Earthquake,23.363,70.391,"8 km NE of Bhach?u, India",4.8,,,,earthquakes,2001.0,1.0
usp000a8e8,2001-01-26 06:04:51.010000+00:00,Earthquake,Earthquake,23.479,70.221,"23 km NNW of Bhach?u, India",4.9,,,,earthquakes,2001.0,1.0
usp000a8eb,2001-01-26 06:48:49.920000+00:00,Earthquake,Earthquake,23.7,69.599,"49 km N of Bhuj, India",4.4,,,,earthquakes,2001.0,1.0
usp000a8ec,2001-01-26 07:32:28.740000+00:00,Earthquake,Earthquake,23.316,69.981,"22 km NNW of Anj?r, India",5.5,,,,earthquakes,2001.0,1.0
usp000a8ed,2001-01-26 07:48:54.570000+00:00,Earthquake,Earthquake,23.35,70.612,"24 km S of R?par, India",4.7,,,,earthquakes,2001.0,1.0
usp000a8eh,2001-01-26 08:03:16.410000+00:00,Earthquake,Earthquake,23.478,70.152,"27 km NW of Bhach?u, India",4.6,,,,earthquakes,2001.0,1.0
usp000a8em,2001-01-26 08:42:25.120000+00:00,Earthquake,Earthquake,23.223,71.165,"23 km N of Halvad, India",4.7,,,,earthquakes,2001.0,1.0
usp000a8ep,2001-01-26 09:08:22.260000+00:00,Earthquake,Earthquake,23.248,70.192,"16 km WSW of Bhach?u, India",4.8,,,,earthquakes,2001.0,1.0
usp000a8ex,2001-01-26 12:55:05.870000+00:00,Earthquake,Earthquake,23.557,70.689,"4 km ESE of R?par, India",4.3,,,,earthquakes,2001.0,1.0
usp000a8ez,2001-01-26 13:30:22.410000+00:00,Earthquake,Earthquake,23.562,70.068,"40 km NW of Bhach?u, India",4.4,,,,earthquakes,2001.0,1.0
usp000a8f5,2001-01-26 15:10:57.900000+00:00,Earthquake,Earthquake,23.238,70.185,"17 km WSW of Bhach?u, India",4.8,,,,earthquakes,2001.0,1.0
usp000a8fh,2001-01-26 18:19:44.030000+00:00,Earthquake,Earthquake,23.544,70.406,"24 km W of R?par, India",4.7,,,,earthquakes,2001.0,1.0
usp000a8fj,2001-01-26 19:10:55.140000+00:00,Earthquake,Earthquake,23.863,70.076,"66 km WNW of R?par, India",4.2,,,,earthquakes,2001.0,1.0
usp000a8g2,2001-01-27 03:33:36.410000+00:00,Earthquake,Earthquake,23.338,70.587,"25 km E of Bhach?u, India",4.1,,,,earthquakes,2001.0,1.0
usp000a8g3,2001-01-27 03:50:01.530000+00:00,Earthquake,Earthquake,23.472,70.232,"22 km NNW of Bhach?u, India",4.7,,,,earthquakes,2001.0,1.0
usp000a8g7,2001-01-27 04:36:08.410000+00:00,Earthquake,Earthquake,23.655,70.001,"52 km NW of Bhach?u, India",4.8,,,,earthquakes,2001.0,1.0
usp000a8gn,2001-01-27 10:51:42.050000+00:00,Earthquake,Earthquake,36.04,77.521,"139 km NNE of Thang, India",4.8,,,,earthquakes,2001.0,1.0
usp000a8gr,2001-01-27 11:24:21.440000+00:00,Earthquake,Earthquake,23.273,70.45,"11 km ESE of Bhach?u, India",4.6,,,,earthquakes,2001.0,1.0
usp000a8hm,2001-01-28 01:02:10.700000+00:00,Earthquake,Earthquake,23.507,70.517,"15 km WSW of R?par, India",5.8,,,,earthquakes,2001.0,1.0
usp000a8hu,2001-01-28 03:18:04.730000+00:00,Earthquake,Earthquake,23.808,70.189,"53 km WNW of R?par, India",4.2,,,,earthquakes,2001.0,1.0
usp000a8hv,2001-01-28 03:26:11.180000+00:00,Earthquake,Earthquake,23.345,70.02,"25 km N of Anj?r, India",4.3,,,,earthquakes,2001.0,1.0
usp000a8je,2001-01-28 11:10:43.610000+00:00,Earthquake,Earthquake,23.252,70.387,"6 km SE of Bhach?u, India",5.4,,,,earthquakes,2001.0,1.0
usp000a8k3,2001-01-28 17:15:22.710000+00:00,Earthquake,Earthquake,23.18,69.907,"14 km WNW of Anj?r, India",4.7,,,,earthquakes,2001.0,1.0
usp000a8k5,2001-01-28 18:03:43.120000+00:00,Earthquake,Earthquake,23.454,70.393,"17 km NNE of Bhach?u, India",4.0,,,,earthquakes,2001.0,1.0
usp000a8k8,2001-01-28 19:31:59.820000+00:00,Earthquake,Earthquake,23.802,69.844,"63 km NNE of Bhuj, India",4.0,,,,earthquakes,2001.0,1.0
usp000a8ka,2001-01-28 19:42:18.330000+00:00,Earthquake,Earthquake,23.401,70.001,"31 km N of Anj?r, India",4.3,,,,earthquakes,2001.0,1.0
usp000a8m5,2001-01-29 01:39:03.510000+00:00,Earthquake,Earthquake,23.46,69.973,"38 km NE of Bhuj, India",4.8,,,,earthquakes,2001.0,1.0
usp000a8mq,2001-01-29 09:38:44.140000+00:00,Earthquake,Earthquake,23.499,70.455,"21 km WSW of R?par, India",4.8,,,,earthquakes,2001.0,1.0
usp000a8nc,2001-01-29 19:14:53.590000+00:00,Earthquake,Earthquake,23.353,70.423,"10 km NE of Bhach?u, India",4.0,,,,earthquakes,2001.0,1.0
usp000a8nd,2001-01-29 19:17:53.280000+00:00,Earthquake,Earthquake,23.378,70.004,"29 km N of Anj?r, India",4.2,,,,earthquakes,2001.0,1.0
usp000a8nx,2001-01-29 23:54:58.310000+00:00,Earthquake,Earthquake,23.436,70.28,"16 km NNW of Bhach?u, India",4.8,,,,earthquakes,2001.0,1.0
usp000a8pf,2001-01-30 03:16:42.310000+00:00,Earthquake,Earthquake,23.345,70.095,"25 km WNW of Bhach?u, India",4.1,,,,earthquakes,2001.0,1.0
usp000a8qk,2001-01-30 18:19:56.360000+00:00,Earthquake,Earthquake,23.283,70.271,"7 km WSW of Bhach?u, India",4.7,,,,earthquakes,2001.0,1.0
usp000a8qz,2001-01-31 01:56:07.080000+00:00,Earthquake,Earthquake,23.439,70.043,"34 km WNW of Bhach?u, India",4.4,,,,earthquakes,2001.0,1.0
usp000a8r2,2001-01-31 03:34:56.630000+00:00,Earthquake,Earthquake,23.379,70.403,"10 km NE of Bhach?u, India",4.4,,,,earthquakes,2001.0,1.0
usp000a8r8,2001-01-31 04:41:07.570000+00:00,Earthquake,Earthquake,23.392,70.01,"30 km N of Anj?r, India",4.0,,,,earthquakes,2001.0,1.0
usp000a8rh,2001-01-31 07:32:33.100000+00:00,Earthquake,Earthquake,23.518,70.265,"25 km NNW of Bhach?u, India",4.4,,,,earthquakes,2001.0,1.0
usp000a8rr,2001-01-31 09:42:22.080000+00:00,Earthquake,Earthquake,23.372,70.425,"11 km NE of Bhach?u, India",4.9,,,,earthquakes,2001.0,1.0
usp000a8t6,2001-01-31 23:36:10.900000+00:00,Earthquake,Earthquake,23.205,70.07,"11 km NNE of Anj?r, India",4.4,,,,earthquakes,2001.0,1.0
usp000a8vc,2001-02-01 21:06:58.080000+00:00,Earthquake,Earthquake,23.165,70.365,"14 km S of Bhach?u, India",4.1,,,,earthquakes,2001.0,2.0
usp000a8vj,2001-02-01 22:20:48.340000+00:00,Earthquake,Earthquake,23.197,70.204,"14 km NNE of G?ndh?dh?m, India",4.2,,,,earthquakes,2001.0,2.0
usp000a8vm,2001-02-01 22:29:34.710000+00:00,Earthquake,Earthquake,23.48,70.185,"25 km NW of Bhach?u, India",4.6,,,,earthquakes,2001.0,2.0
usp000a8yc,2001-02-03 03:04:32.890000+00:00,Earthquake,Earthquake,23.655,70.435,"23 km WNW of R?par, India",5.3,,,,earthquakes,2001.0,2.0
usp000a8z5,2001-02-03 10:06:36.900000+00:00,Earthquake,Earthquake,23.2,70.088,"11 km NNE of Anj?r, India",4.5,,,,earthquakes,2001.0,2.0
usp000a914,2001-02-04 04:47:24.350000+00:00,Earthquake,Earthquake,23.519,70.126,"32 km NW of Bhach?u, India",4.5,,,,earthquakes,2001.0,2.0
usp000a916,2001-02-04 04:50:33.980000+00:00,Earthquake,Earthquake,23.248,70.092,"Gujarat, India",4.1,,,,earthquakes,2001.0,2.0
usp000a91w,2001-02-04 10:14:07.800000+00:00,Earthquake,Earthquake,33.205,75.805,"12 km SSE of Kishtw?r, India",4.7,,,,earthquakes,2001.0,2.0
usp000a92e,2001-02-04 15:34:06.300000+00:00,Earthquake,Earthquake,23.465,70.107,"30 km NW of Bhach?u, India",4.4,,,,earthquakes,2001.0,2.0
usp000a92m,2001-02-04 17:23:13.720000+00:00,Earthquake,Earthquake,23.351,70.307,"6 km NNW of Bhach?u, India",4.4,,,,earthquakes,2001.0,2.0
usp000a93c,2001-02-05 02:59:36.100000+00:00,Earthquake,Earthquake,23.515,70.048,"38 km NW of Bhach?u, India",4.7,,,,earthquakes,2001.0,2.0
usp000a98g,2001-02-08 03:25:54.140000+00:00,Earthquake,Earthquake,23.357,70.293,"8 km NW of Bhach?u, India",4.4,,,,earthquakes,2001.0,2.0
usp000a993,2001-02-08 09:33:08.770000+00:00,Earthquake,Earthquake,23.338,70.459,"12 km ENE of Bhach?u, India",4.3,,,,earthquakes,2001.0,2.0
usp000a99q,2001-02-08 16:54:41.020000+00:00,Earthquake,Earthquake,23.654,70.425,"24 km WNW of R?par, India",5.1,,,,earthquakes,2001.0,2.0
usp000a9b5,2001-02-09 10:07:38.890000+00:00,Earthquake,Earthquake,23.639,70.019,"50 km NW of Bhach?u, India",4.7,,,,earthquakes,2001.0,2.0
usp000a9bc,2001-02-09 12:37:01.780000+00:00,Earthquake,Earthquake,23.357,70.371,"7 km NNE of Bhach?u, India",4.8,,,,earthquakes,2001.0,2.0
usp000a9bg,2001-02-09 13:24:52.450000+00:00,Earthquake,Earthquake,34.054,79.626,"188 km E of Leh, India",4.2,,,,earthquakes,2001.0,2.0
usp000a9em,2001-02-11 01:20:54.340000+00:00,Earthquake,Earthquake,24.742,92.143,"25 km WSW of Kar?mganj, India",4.2,,,,earthquakes,2001.0,2.0
usp000a9ev,2001-02-11 02:33:17.650000+00:00,Earthquake,Earthquake,23.219,70.512,"19 km ESE of Bhach?u, India",4.6,,,,earthquakes,2001.0,2.0
usp000a9g5,2001-02-11 15:29:39.050000+00:00,Earthquake,Earthquake,23.274,70.311,"4 km SW of Bhach?u, India",4.5,,,,earthquakes,2001.0,2.0
usp000a9ng,2001-02-14 22:18:30.700000+00:00,Earthquake,Earthquake,10.792,94.193,"185 km ESE of Port Blair, India",4.2,,,,earthquakes,2001.0,2.0
usp000a9p2,2001-02-15 05:38:30.830000+00:00,Earthquake,Earthquake,23.251,70.29,"7 km SW of Bhach?u, India",4.8,,,,earthquakes,2001.0,2.0
usp000a9p5,2001-02-15 07:22:47.700000+00:00,Earthquake,Earthquake,23.232,70.229,"13 km WSW of Bhach?u, India",4.0,,,,earthquakes,2001.0,2.0
usp000a9pb,2001-02-15 10:04:36.390000+00:00,Earthquake,Earthquake,23.272,70.293,"5 km WSW of Bhach?u, India",4.7,,,,earthquakes,2001.0,2.0
usp000a9sm,2001-02-17 08:27:25.200000+00:00,Earthquake,Earthquake,23.359,70.451,"12 km ENE of Bhach?u, India",4.8,,,,earthquakes,2001.0,2.0
usp000a9wv,2001-02-19 02:11:09.380000+00:00,Earthquake,Earthquake,23.517,70.107,"34 km NW of Bhach?u, India",4.6,,,,earthquakes,2001.0,2.0
usp000a9xc,2001-02-19 08:24:20.160000+00:00,Earthquake,Earthquake,23.568,70.072,"40 km NW of Bhach?u, India",5.4,,,,earthquakes,2001.0,2.0
usp000a9xe,2001-02-19 09:21:58.590000+00:00,Earthquake,Earthquake,23.523,70.102,"34 km NW of Bhach?u, India",4.2,,,,earthquakes,2001.0,2.0
usp000a9xz,2001-02-19 15:05:58.190000+00:00,Earthquake,Earthquake,23.473,70.581,"12 km SSW of R?par, India",4.1,,,,earthquakes,2001.0,2.0
usp000a9zu,2001-02-20 17:33:36.060000+00:00,Earthquake,Earthquake,33.289,75.893,"12 km ESE of Kishtw?r, India",4.6,,,,earthquakes,2001.0,2.0
usp000aa3c,2001-02-22 02:13:00.210000+00:00,Earthquake,Earthquake,23.329,70.291,"6 km WNW of Bhach?u, India",4.7,,,,earthquakes,2001.0,2.0
usp000aa7m,2001-02-23 22:54:32.560000+00:00,Earthquake,Earthquake,30.998,78.066,"24 km NNW of Barkot, India",4.5,,,,earthquakes,2001.0,2.0
usp000aaff,2001-02-27 01:46:05.310000+00:00,Earthquake,Earthquake,26.486,90.616,"5 km E of Bongaigaon, India",4.9,,,,earthquakes,2001.0,2.0
usp000aaks,2001-02-28 14:33:39.090000+00:00,Earthquake,Earthquake,23.283,70.285,"6 km WSW of Bhach?u, India",4.3,,,,earthquakes,2001.0,2.0
usp000aan5,2001-03-01 00:53:16.060000+00:00,Earthquake,Earthquake,23.236,70.276,"9 km SW of Bhach?u, India",4.5,,,,earthquakes,2001.0,3.0
usp000aapw,2001-03-01 15:51:17.330000+00:00,Earthquake,Earthquake,23.279,70.465,"12 km E of Bhach?u, India",4.3,,,,earthquakes,2001.0,3.0
usp000aasp,2001-03-02 21:56:47.740000+00:00,Earthquake,Earthquake,23.391,70.232,"15 km NW of Bhach?u, India",4.4,,,,earthquakes,2001.0,3.0
usp000aavb,2001-03-03 22:55:59.160000+00:00,Earthquake,Earthquake,23.896,93.695,"48 km S of Chur?ch?ndpur, India",5.2,,,,earthquakes,2001.0,3.0
usp000aaw7,2001-03-04 07:54:23.150000+00:00,Earthquake,Earthquake,23.019,70.484,"27 km E of K?ndla, India",4.8,,,,earthquakes,2001.0,3.0
usp000ab35,2001-03-08 02:56:17.970000+00:00,Earthquake,Earthquake,23.483,70.172,"26 km NW of Bhach?u, India",4.4,,,,earthquakes,2001.0,3.0
usp000ab57,2001-03-09 12:40:54.310000+00:00,Earthquake,Earthquake,23.622,70.072,"45 km NW of Bhach?u, India",4.2,,,,earthquakes,2001.0,3.0
usp000ab61,2001-03-10 00:20:17.350000+00:00,Earthquake,Earthquake,27.878,91.826,"35 km NNW of Tawang, India",4.7,,,,earthquakes,2001.0,3.0
usp000ab7r,2001-03-11 12:38:28.550000+00:00,Earthquake,Earthquake,23.603,69.847,"42 km NNE of Bhuj, India",4.0,,,,earthquakes,2001.0,3.0
usp000ab9e,2001-03-12 11:34:18.010000+00:00,Earthquake,Earthquake,30.406,79.022,"13 km NNE of Rudrapray?g, India",4.5,,,,earthquakes,2001.0,3.0
usp000abcv,2001-03-14 10:42:08.380000+00:00,Earthquake,Earthquake,23.383,70.329,"9 km N of Bhach?u, India",4.5,,,,earthquakes,2001.0,3.0
usp000abdv,2001-03-14 23:49:04.990000+00:00,Earthquake,Earthquake,22.587,69.846,"17 km N of Sikka, India",4.0,,,,earthquakes,2001.0,3.0
usp000abdx,2001-03-15 00:39:10.920000+00:00,Earthquake,Earthquake,8.725,93.958,"Nicobar Islands, India region",5.4,,,,earthquakes,2001.0,3.0
usp000abdy,2001-03-15 01:22:43.370000+00:00,Earthquake,Earthquake,8.656,94.013,"Nicobar Islands, India region",6.0,,,,earthquakes,2001.0,3.0
usp000abe0,2001-03-15 01:30:46.860000+00:00,Earthquake,Earthquake,8.537,93.148,"Nicobar Islands, India region",4.9,,,,earthquakes,2001.0,3.0
usp000abe2,2001-03-15 01:49:47.600000+00:00,Earthquake,Earthquake,9.019,93.762,"Nicobar Islands, India region",4.4,,,,earthquakes,2001.0,3.0
usp000abe3,2001-03-15 02:29:38.160000+00:00,Earthquake,Earthquake,8.806,93.888,"Nicobar Islands, India region",4.7,,,,earthquakes,2001.0,3.0
usp000abgj,2001-03-16 04:38:18.560000+00:00,Earthquake,Earthquake,30.337,94.881,"206 km NNE of Shi Yomi, India",4.9,,,,earthquakes,2001.0,3.0
usp000abrb,2001-03-19 20:06:48.330000+00:00,Earthquake,Earthquake,23.393,70.105,"26 km WNW of Bhach?u, India",4.9,,,,earthquakes,2001.0,3.0
usp000abtu,2001-03-21 13:56:42.480000+00:00,Earthquake,Earthquake,12.254,92.709,"61 km N of Bamboo Flat, India",4.7,,,,earthquakes,2001.0,3.0
usp000ac8k,2001-03-30 16:43:54.480000+00:00,Earthquake,Earthquake,11.472,95.091,"256 km E of Port Blair, India",4.7,,,,earthquakes,2001.0,3.0
usp000acc3,2001-04-01 08:56:50.920000+00:00,Earthquake,Earthquake,23.47,70.5,"18 km SW of R?par, India",4.6,,,,earthquakes,2001.0,4.0
usp000acp4,2001-04-06 03:32:07.930000+00:00,Earthquake,Earthquake,26.385,92.69,"23 km ESE of Dhing, India",4.4,,,,earthquakes,2001.0,4.0
usp000aczq,2001-04-10 22:08:15.540000+00:00,Earthquake,Earthquake,24.627,95.042,"99 km E of W?ngjing, India",5.3,,,,earthquakes,2001.0,4.0
usp000ad3s,2001-04-12 17:24:27.550000+00:00,Earthquake,Earthquake,23.773,70.75,"24 km NNE of R?par, India",4.1,,,,earthquakes,2001.0,4.0
usp000adcc,2001-04-16 14:25:59.300000+00:00,Earthquake,Earthquake,23.464,70.098,"31 km NW of Bhach?u, India",4.1,,,,earthquakes,2001.0,4.0
usp000adeg,2001-04-17 11:29:52.780000+00:00,Earthquake,Earthquake,23.045,70.521,"31 km E of K?ndla, India",4.2,,,,earthquakes,2001.0,4.0
usp000adpg,2001-04-20 18:35:02.590000+00:00,Earthquake,Earthquake,25.878,90.595,"33 km S of Go?lp?ra, India",4.5,,,,earthquakes,2001.0,4.0
usp000advu,2001-04-24 06:05:45.110000+00:00,Earthquake,Earthquake,23.377,70.162,"20 km WNW of Bhach?u, India",4.1,,,,earthquakes,2001.0,4.0
usp000adzg,2001-04-26 09:00:23.200000+00:00,Earthquake,Earthquake,23.52,70.548,"Gujarat, India",4.2,,,,earthquakes,2001.0,4.0
usp000ae0b,2001-04-26 21:01:31.640000+00:00,Earthquake,Earthquake,24.749,94.776,"74 km E of Yairipok, India",4.8,,,,earthquakes,2001.0,4.0
usp000ae1g,2001-04-27 12:28:34.410000+00:00,Earthquake,Earthquake,26.09,91.489,"6 km SW of Pal?sb?ri, India",4.1,,,,earthquakes,2001.0,4.0
usp000aeb6,2001-05-02 22:34:37.480000+00:00,Earthquake,Earthquake,12.277,93.525,"108 km NE of Port Blair, India",5.2,,,,earthquakes,2001.0,5.0
usp000aedj,2001-05-04 06:26:41.750000+00:00,Earthquake,Earthquake,34.443,74.213,"28 km NNW of B?ram?la, India",4.3,,,,earthquakes,2001.0,5.0
usp000aefh,2001-05-05 16:18:37.900000+00:00,Earthquake,Earthquake,35.205,77.685,"86 km ENE of Thang, India",4.3,,,,earthquakes,2001.0,5.0
usp000aegr,2001-05-06 07:42:32.070000+00:00,Earthquake,Earthquake,23.406,70.092,"28 km WNW of Bhach?u, India",4.7,,,,earthquakes,2001.0,5.0
usp000aehq,2001-05-06 22:58:51.270000+00:00,Earthquake,Earthquake,23.462,70.049,"35 km WNW of Bhach?u, India",4.7,,,,earthquakes,2001.0,5.0
usp000aeve,2001-05-13 04:05:40.220000+00:00,Earthquake,Earthquake,23.376,70.213,"15 km WNW of Bhach?u, India",4.4,,,,earthquakes,2001.0,5.0
usp000af54,2001-05-18 19:26:15.890000+00:00,Earthquake,Earthquake,26.458,92.936,"23 km SE of Tezpur, India",4.0,,,,earthquakes,2001.0,5.0
usp000af71,2001-05-19 19:28:02.340000+00:00,Earthquake,Earthquake,13.818,93.936,"269 km NNE of Bamboo Flat, India",4.5,,,,earthquakes,2001.0,5.0
usp000afkg,2001-05-26 14:51:45.550000+00:00,Earthquake,Earthquake,25.411,95.126,"68 km ESE of Phek, India",4.7,,,,earthquakes,2001.0,5.0
usp000ag94,2001-06-08 15:07:05.730000+00:00,Earthquake,Earthquake,11.012,92.541,"75 km SSW of Port Blair, India",4.8,,,,earthquakes,2001.0,6.0
usp000aggd,2001-06-12 12:41:01.540000+00:00,Earthquake,Earthquake,22.223,83.948,"14 km NW of Sundargarh, India",4.8,,,,earthquakes,2001.0,6.0
usp000agn4,2001-06-14 17:25:31.550000+00:00,Earthquake,Earthquake,11.754,92.967,"25 km ENE of Port Blair, India",4.5,,,,earthquakes,2001.0,6.0
usp000agtg,2001-06-17 01:49:45.330000+00:00,Earthquake,Earthquake,32.479,78.31,"109 km ENE of Man?li, India",4.6,,,,earthquakes,2001.0,6.0
usp000agur,2001-06-17 16:02:27.210000+00:00,Earthquake,Earthquake,23.607,70.088,"42 km NW of Bhach?u, India",4.2,,,,earthquakes,2001.0,6.0
usp000agza,2001-06-20 14:44:24.420000+00:00,Earthquake,Earthquake,26.356,92.634,"17 km NE of Rah?, India",4.3,,,,earthquakes,2001.0,6.0
usp000ah0y,2001-06-21 14:19:19.830000+00:00,Earthquake,Earthquake,22.93,69.553,"20 km WNW of Mundra, India",4.4,,,,earthquakes,2001.0,6.0
usp000ah30,2001-06-22 23:37:52.200000+00:00,Earthquake,Earthquake,8.532,92.278,"Nicobar Islands, India region",4.8,,,,earthquakes,2001.0,6.0
usp000ahq9,2001-06-30 00:21:08.540000+00:00,Earthquake,Earthquake,24.836,95.439,"131 km SE of Phek, India",4.6,,,,earthquakes,2001.0,6.0
usp000ahry,2001-06-30 20:19:48.490000+00:00,Earthquake,Earthquake,23.365,70.06,"28 km N of Anj?r, India",4.5,,,,earthquakes,2001.0,6.0
usp000ahyb,2001-07-04 02:15:14.350000+00:00,Earthquake,Earthquake,23.285,70.129,"21 km NNE of Anj?r, India",4.1,,,,earthquakes,2001.0,7.0
usp000ajj7,2001-07-15 00:04:27.020000+00:00,Earthquake,Earthquake,23.705,70.367,"32 km WNW of R?par, India",4.2,,,,earthquakes,2001.0,7.0
usp000ak50,2001-07-25 16:35:12.810000+00:00,Earthquake,Earthquake,10.561,93.007,"125 km SSE of Port Blair, India",4.9,,,,earthquakes,2001.0,7.0
usp000ak78,2001-07-26 11:36:59.230000+00:00,Earthquake,Earthquake,23.725,70.208,"47 km WNW of R?par, India",4.2,,,,earthquakes,2001.0,7.0
usp000akf1,2001-07-29 16:48:53.470000+00:00,Earthquake,Earthquake,30.008,95.315,"187 km NNE of Shi Yomi, India",4.4,,,,earthquakes,2001.0,7.0
usp000aknk,2001-08-01 06:20:06.040000+00:00,Earthquake,Earthquake,23.6,70.405,"24 km W of R?par, India",4.0,,,,earthquakes,2001.0,8.0
usp000aks8,2001-08-03 04:24:20.800000+00:00,Earthquake,Earthquake,23.53,70.026,"41 km NW of Bhach?u, India",4.4,,,,earthquakes,2001.0,8.0
usp000aktx,2001-08-04 11:24:35.390000+00:00,Earthquake,Earthquake,23.307,70.265,"8 km W of Bhach?u, India",4.3,,,,earthquakes,2001.0,8.0
usp000akv5,2001-08-05 05:16:16.890000+00:00,Earthquake,Earthquake,12.224,93.352,"90 km NE of Bamboo Flat, India",5.9,,,,earthquakes,2001.0,8.0
usp000am07,2001-08-07 21:21:56.580000+00:00,Earthquake,Earthquake,26.432,96.346,"52 km WNW of Sarupathar, India",4.5,,,,earthquakes,2001.0,8.0
usp000am2k,2001-08-08 23:47:14.490000+00:00,Earthquake,Earthquake,23.211,70.642,"32 km ESE of Bhach?u, India",4.0,,,,earthquakes,2001.0,8.0
usp000am34,2001-08-09 05:56:22.860000+00:00,Earthquake,Earthquake,30.486,79.167,"Uttaranchal, India",4.3,,,,earthquakes,2001.0,8.0
usp000am9h,2001-08-12 01:57:59.740000+00:00,Earthquake,Earthquake,24.432,94.992,"95 km E of W?ngjing, India",5.1,,,,earthquakes,2001.0,8.0
usp000amat,2001-08-12 13:17:41.910000+00:00,Earthquake,Earthquake,24.391,92.109,"6 km WNW of Dharmanagar, India",4.6,,,,earthquakes,2001.0,8.0
usp000amay,2001-08-12 14:04:27.700000+00:00,Earthquake,Earthquake,10.161,93.03,"169 km S of Port Blair, India",4.6,,,,earthquakes,2001.0,8.0
usp000amnm,2001-08-18 13:08:47.210000+00:00,Earthquake,Earthquake,10.957,92.439,"85 km SSW of Port Blair, India",4.8,,,,earthquakes,2001.0,8.0
usp000amyy,2001-08-24 12:33:02.590000+00:00,Earthquake,Earthquake,22.979,70.543,"33 km E of K?ndla, India",4.4,,,,earthquakes,2001.0,8.0
usp000an92,2001-08-29 19:26:40.450000+00:00,Earthquake,Earthquake,27.083,92.201,"29 km SW of Bomdila, India",4.3,,,,earthquakes,2001.0,8.0
usp000anbk,2001-08-31 06:30:15.250000+00:00,Earthquake,Earthquake,26.641,95.936,"55 km SE of Khonsa, India",4.5,,,,earthquakes,2001.0,8.0
usp000any2,2001-09-10 08:16:34.480000+00:00,Earthquake,Earthquake,28.885,96.856,"95 km NNE of Hayuliang, India",4.4,,,,earthquakes,2001.0,9.0
usp000anzg,2001-09-11 02:08:14.750000+00:00,Earthquake,Earthquake,26.324,93.221,"50 km NE of Hoj?i, India",4.0,,,,earthquakes,2001.0,9.0
usp000ap3n,2001-09-13 10:18:58.180000+00:00,Earthquake,Earthquake,28.851,77.22,"6 km WSW of Khekra, India",4.1,,,,earthquakes,2001.0,9.0
usp000apgz,2001-09-20 13:34:29.900000+00:00,Earthquake,Earthquake,23.573,70.28,"31 km NNW of Bhach?u, India",4.7,,,,earthquakes,2001.0,9.0
usp000aphw,2001-09-21 02:40:37.710000+00:00,Earthquake,Earthquake,23.468,70.075,"33 km NW of Bhach?u, India",4.5,,,,earthquakes,2001.0,9.0
usp000apnm,2001-09-23 11:18:25.030000+00:00,Earthquake,Earthquake,12.424,95.526,"Andaman Islands, India region",4.4,,,,earthquakes,2001.0,9.0
usp000apnq,2001-09-23 12:25:37.750000+00:00,Earthquake,Earthquake,12.399,95.229,"282 km ENE of Port Blair, India",4.3,,,,earthquakes,2001.0,9.0
usp000apnr,2001-09-23 12:25:45.140000+00:00,Earthquake,Earthquake,12.458,95.187,"279 km ENE of Port Blair, India",4.7,,,,earthquakes,2001.0,9.0
usp000apnv,2001-09-23 14:47:56.300000+00:00,Earthquake,Earthquake,24.384,94.736,"71 km ESE of W?ngjing, India",4.1,,,,earthquakes,2001.0,9.0
usp000apq7,2001-09-24 11:16:07.390000+00:00,Earthquake,Earthquake,10.625,94.464,"220 km ESE of Port Blair, India",4.2,,,,earthquakes,2001.0,9.0
usp000apsa,2001-09-25 14:56:44.250000+00:00,Earthquake,Earthquake,11.956,80.214,"39 km SE of Marakkanam, India",5.2,,,,earthquakes,2001.0,9.0
usp000apx9,2001-09-28 04:37:56.290000+00:00,Earthquake,Earthquake,33.265,75.738,"6 km SSW of Kishtw?r, India",4.9,,,,earthquakes,2001.0,9.0
usp000apzr,2001-09-29 12:11:58.480000+00:00,Earthquake,Earthquake,13.073,93.192,"160 km NNE of Bamboo Flat, India",4.5,,,,earthquakes,2001.0,9.0
usp000aqcw,2001-10-07 13:56:12.050000+00:00,Earthquake,Earthquake,23.58,93.356,"32 km NE of Khawhai, India",4.8,,,,earthquakes,2001.0,10.0
usp000aqfc,2001-10-08 11:04:42.070000+00:00,Earthquake,Earthquake,12.31,92.844,"68 km NNE of Bamboo Flat, India",4.4,,,,earthquakes,2001.0,10.0
usp000aqy1,2001-10-14 21:14:41.370000+00:00,Earthquake,Earthquake,32.564,76.065,"5 km W of Chamba, India",4.8,,,,earthquakes,2001.0,10.0
usp000ar34,2001-10-17 05:32:11.690000+00:00,Earthquake,Earthquake,9.8,93.825,"237 km SSE of Port Blair, India",4.4,,,,earthquakes,2001.0,10.0
usp000ara6,2001-10-20 21:42:00.490000+00:00,Earthquake,Earthquake,33.664,76.318,"57 km WNW of Padam, India",4.1,,,,earthquakes,2001.0,10.0
usp000arnt,2001-10-26 08:22:54.660000+00:00,Earthquake,Earthquake,26.273,92.985,"32 km NNE of Hoj?i, India",4.5,,,,earthquakes,2001.0,10.0
usp000arz6,2001-10-31 09:17:47.290000+00:00,Earthquake,Earthquake,23.766,70.086,"58 km NNW of Bhach?u, India",4.8,,,,earthquakes,2001.0,10.0
usp000asbg,2001-11-06 14:09:25.390000+00:00,Earthquake,Earthquake,27.268,91.919,"33 km S of Tawang, India",5.2,,,,earthquakes,2001.0,11.0
usp000asbk,2001-11-06 16:09:19.730000+00:00,Earthquake,Earthquake,34.065,79.693,"194 km E of Leh, India",4.8,,,,earthquakes,2001.0,11.0
usp000atcx,2001-11-24 02:42:39.650000+00:00,Earthquake,Earthquake,23.615,70.414,"24 km W of R?par, India",4.6,,,,earthquakes,2001.0,11.0
usp000atur,2001-12-01 22:03:22.300000+00:00,Earthquake,Earthquake,23.201,70.076,"10 km NNE of Anj?r, India",4.1,,,,earthquakes,2001.0,12.0
usp000atwn,2001-12-02 22:41:13.790000+00:00,Earthquake,Earthquake,27.15,88.171,"7 km WNW of Naya B?z?r, India",5.1,,,,earthquakes,2001.0,12.0
usp000av10,2001-12-21 17:33:21.110000+00:00,Earthquake,Earthquake,23.765,70.051,"59 km NNW of Bhach?u, India",4.6,,,,earthquakes,2001.0,12.0
usp000av5u,2001-12-24 05:49:41.310000+00:00,Earthquake,Earthquake,25.297,94.762,"48 km SSE of Phek, India",4.4,,,,earthquakes,2001.0,12.0
usp000av84,2001-12-25 05:44:47.810000+00:00,Earthquake,Earthquake,35.251,77.011,"41 km NNE of Thang, India",4.6,,,,earthquakes,2001.0,12.0
usp000avcp,2001-12-27 18:28:06.070000+00:00,Earthquake,Earthquake,35.307,76.889,"43 km NNE of Thang, India",4.2,,,,earthquakes,2001.0,12.0
usp000avj6,2001-12-30 13:56:42.580000+00:00,Earthquake,Earthquake,35.224,76.862,"33 km N of Thang, India",4.7,,,,earthquakes,2001.0,12.0
usp000avj7,2001-12-30 14:01:16.940000+00:00,Earthquake,Earthquake,35.374,76.895,"50 km N of Thang, India",4.5,,,,earthquakes,2001.0,12.0
usp000avjk,2001-12-30 18:34:33.280000+00:00,Earthquake,Earthquake,35.34,76.877,"46 km N of Thang, India",4.2,,,,earthquakes,2001.0,12.0
usp000aw0f,2002-01-07 13:04:13.860000+00:00,Earthquake,Earthquake,33.785,74.785,"8 km NNW of Shup?yan, India",4.1,,,,earthquakes,2002.0,1.0
usp000aw4u,2002-01-09 23:52:41.930000+00:00,Earthquake,Earthquake,23.557,70.203,"31 km NNW of Bhach?u, India",4.8,,,,earthquakes,2002.0,1.0
usp000awhx,2002-01-15 12:32:18.150000+00:00,Earthquake,Earthquake,10.09,93.688,"202 km SSE of Port Blair, India",4.0,,,,earthquakes,2002.0,1.0
usp000awnc,2002-01-17 14:42:56.900000+00:00,Earthquake,Earthquake,26.276,96.41,"40 km W of Sarupathar, India",4.5,,,,earthquakes,2002.0,1.0
usp000awq7,2002-01-18 13:44:45.350000+00:00,Earthquake,Earthquake,23.148,69.757,"14 km SE of Bhuj, India",4.2,,,,earthquakes,2002.0,1.0
usp000axa5,2002-01-27 22:22:21.520000+00:00,Earthquake,Earthquake,31.245,74.519,"11 km NNW of Khem Karan, India",4.2,,,,earthquakes,2002.0,1.0
usp000axa6,2002-01-27 22:33:43.630000+00:00,Earthquake,Earthquake,33.123,75.91,"24 km NE of Bhadarw?h, India",5.3,,,,earthquakes,2002.0,1.0
usp000axda,2002-01-29 11:42:26.520000+00:00,Earthquake,Earthquake,9.479,93.569,"258 km SSE of Port Blair, India",4.7,,,,earthquakes,2002.0,1.0
usp000axxx,2002-02-06 21:09:47.760000+00:00,Earthquake,Earthquake,11.15,92.415,"67 km SSW of Port Blair, India",4.8,,,,earthquakes,2002.0,2.0
usp000b00g,2002-03-09 18:43:02.360000+00:00,Earthquake,Earthquake,29.955,79.966,"22 km NE of B?geshwar, India",4.6,,,,earthquakes,2002.0,3.0
usp000b02v,2002-03-11 00:09:43.270000+00:00,Earthquake,Earthquake,14.041,93.109,"262 km N of Bamboo Flat, India",4.6,,,,earthquakes,2002.0,3.0
usp000b05s,2002-03-12 07:33:00.290000+00:00,Earthquake,Earthquake,25.178,92.234,"Meghalaya - Assam region, India",4.1,,,,earthquakes,2002.0,3.0
usp000b06s,2002-03-12 20:51:13.940000+00:00,Earthquake,Earthquake,13.853,93.198,"243 km NNE of Bamboo Flat, India",4.8,,,,earthquakes,2002.0,3.0
usp000b075,2002-03-13 03:42:06.430000+00:00,Earthquake,Earthquake,13.815,93.292,"242 km NNE of Bamboo Flat, India",4.3,,,,earthquakes,2002.0,3.0
usp000b0a4,2002-03-14 18:39:55.930000+00:00,Earthquake,Earthquake,34.232,76.451,"47 km SE of Kargil, India",4.2,,,,earthquakes,2002.0,3.0
usp000b0gz,2002-03-17 12:39:16.850000+00:00,Earthquake,Earthquake,34.221,80.723,"289 km E of Leh, India",4.5,,,,earthquakes,2002.0,3.0
usp000b0jb,2002-03-18 04:29:16.580000+00:00,Earthquake,Earthquake,32.948,76.213,"44 km N of Chamba, India",4.3,,,,earthquakes,2002.0,3.0
usp000b0ud,2002-03-22 06:49:42.700000+00:00,Earthquake,Earthquake,13.836,93.211,"242 km NNE of Bamboo Flat, India",4.6,,,,earthquakes,2002.0,3.0
usp000b0uz,2002-03-22 13:16:43.950000+00:00,Earthquake,Earthquake,13.833,93.294,"244 km NNE of Bamboo Flat, India",4.4,,,,earthquakes,2002.0,3.0
usp000b16k,2002-03-27 16:49:03.740000+00:00,Earthquake,Earthquake,26.514,93.041,"27 km ESE of Tezpur, India",4.5,,,,earthquakes,2002.0,3.0
usp000b177,2002-03-27 22:29:34.750000+00:00,Earthquake,Earthquake,23.579,69.983,"48 km NW of Bhach?u, India",4.2,,,,earthquakes,2002.0,3.0
usp000b1bn,2002-03-30 06:17:46.640000+00:00,Earthquake,Earthquake,23.483,70.345,"20 km N of Bhach?u, India",4.5,,,,earthquakes,2002.0,3.0
usp000b1u8,2002-04-06 04:40:25.450000+00:00,Earthquake,Earthquake,34.366,76.259,"24 km SSE of Kargil, India",4.4,,,,earthquakes,2002.0,4.0
usp000b276,2002-04-11 17:16:54.900000+00:00,Earthquake,Earthquake,35.592,76.55,"76 km NNW of Thang, India",4.1,,,,earthquakes,2002.0,4.0
usp000b2m0,2002-04-17 20:17:51.470000+00:00,Earthquake,Earthquake,24.648,94.886,"83 km E of W?ngjing, India",4.3,,,,earthquakes,2002.0,4.0
usp000b2qw,2002-04-19 00:16:49.360000+00:00,Earthquake,Earthquake,9.835,93.592,"222 km SSE of Port Blair, India",5.0,,,,earthquakes,2002.0,4.0
usp000b32x,2002-04-24 17:08:48.110000+00:00,Earthquake,Earthquake,23.393,70.024,"30 km N of Anj?r, India",4.0,,,,earthquakes,2002.0,4.0
usp000b3ku,2002-05-02 14:29:45.930000+00:00,Earthquake,Earthquake,27.696,75.81,"5 km SSE of Neem ka Thana, India",4.1,,,,earthquakes,2002.0,5.0
usp000b4h0,2002-05-17 23:05:49.320000+00:00,Earthquake,Earthquake,11.766,92.371,"38 km W of Bamboo Flat, India",4.7,,,,earthquakes,2002.0,5.0
usp000b4tv,2002-05-23 05:03:55.040000+00:00,Earthquake,Earthquake,34.32,76.426,"38 km SE of Kargil, India",4.4,,,,earthquakes,2002.0,5.0
usp000b4ur,2002-05-23 15:24:41.330000+00:00,Earthquake,Earthquake,34.365,76.736,"59 km ESE of Kargil, India",4.3,,,,earthquakes,2002.0,5.0
usp000b576,2002-05-30 02:50:40.960000+00:00,Earthquake,Earthquake,10.822,93.657,"136 km SE of Port Blair, India",4.3,,,,earthquakes,2002.0,5.0
usp000b57t,2002-05-30 08:39:15.830000+00:00,Earthquake,Earthquake,9.663,93.285,"229 km SSE of Port Blair, India",4.6,,,,earthquakes,2002.0,5.0
usp000b5hj,2002-06-04 18:32:16.950000+00:00,Earthquake,Earthquake,34.296,76.436,"40 km SE of Kargil, India",4.3,,,,earthquakes,2002.0,6.0
usp000b5k4,2002-06-05 16:06:35+00:00,Earthquake,Earthquake,10.91,92.659,"84 km S of Port Blair, India",4.5,,,,earthquakes,2002.0,6.0
usp000b5qy,2002-06-07 18:30:21.250000+00:00,Earthquake,Earthquake,24.849,95.305,"121 km SE of Phek, India",4.0,,,,earthquakes,2002.0,6.0
usp000b6nc,2002-06-21 14:15:54.600000+00:00,Earthquake,Earthquake,34.267,80.768,"293 km E of Leh, India",4.7,,,,earthquakes,2002.0,6.0
usp000b71p,2002-06-27 12:39:59.210000+00:00,Earthquake,Earthquake,12.484,93.466,"119 km NE of Bamboo Flat, India",4.3,,,,earthquakes,2002.0,6.0
usp000b7vd,2002-07-10 06:38:14.790000+00:00,Earthquake,Earthquake,34.103,80.61,"279 km E of Leh, India",4.4,,,,earthquakes,2002.0,7.0
usp000b8eq,2002-07-20 07:37:31.370000+00:00,Earthquake,Earthquake,25.091,92.139,"32 km NW of Kar?mganj, India",4.3,,,,earthquakes,2002.0,7.0
usp000b8gs,2002-07-21 13:02:09.040000+00:00,Earthquake,Earthquake,9.316,93.667,"278 km SSE of Port Blair, India",4.7,,,,earthquakes,2002.0,7.0
usp000b977,2002-08-03 02:14:13.140000+00:00,Earthquake,Earthquake,12.458,95.419,"Andaman Islands, India region",4.4,,,,earthquakes,2002.0,8.0
usp000b978,2002-08-03 02:19:44.090000+00:00,Earthquake,Earthquake,12.685,95.613,"Andaman Islands, India region",4.4,,,,earthquakes,2002.0,8.0
usp000b97f,2002-08-03 04:20:22.320000+00:00,Earthquake,Earthquake,12.571,95.453,"Andaman Islands, India region",4.4,,,,earthquakes,2002.0,8.0
usp000b9d7,2002-08-06 06:05:58.310000+00:00,Earthquake,Earthquake,8.337,93.432,"Nicobar Islands, India region",5.1,,,,earthquakes,2002.0,8.0
usp000b9kq,2002-08-09 21:00:55.890000+00:00,Earthquake,Earthquake,23.409,70.306,"12 km NNW of Bhach?u, India",4.6,,,,earthquakes,2002.0,8.0
usp000b9s8,2002-08-12 18:49:07.170000+00:00,Earthquake,Earthquake,12.845,93.249,"139 km NNE of Bamboo Flat, India",4.3,,,,earthquakes,2002.0,8.0
usp000ba8w,2002-08-20 08:46:26.900000+00:00,Earthquake,Earthquake,27.287,92.86,"43 km E of Bomdila, India",4.4,,,,earthquakes,2002.0,8.0
usp000bb1e,2002-09-01 03:07:56.790000+00:00,Earthquake,Earthquake,12.201,93.719,"121 km ENE of Port Blair, India",4.6,,,,earthquakes,2002.0,9.0
usp000bb8c,2002-09-04 16:11:57.360000+00:00,Earthquake,Earthquake,31.23,77.76,"3 km N of Rohru, India",4.1,,,,earthquakes,2002.0,9.0
usp000bbvd,2002-09-10 01:27:03.620000+00:00,Earthquake,Earthquake,26.605,96.19,"76 km NW of Sarupathar, India",4.1,,,,earthquakes,2002.0,9.0
usp000bc63,2002-09-13 22:27:22.970000+00:00,Earthquake,Earthquake,12.977,93.281,"154 km NNE of Bamboo Flat, India",4.2,,,,earthquakes,2002.0,9.0
usp000bc65,2002-09-13 22:28:29.460000+00:00,Earthquake,Earthquake,13.036,93.068,"152 km NNE of Bamboo Flat, India",6.5,,,,earthquakes,2002.0,9.0
usp000bc66,2002-09-13 22:39:13.010000+00:00,Earthquake,Earthquake,13.027,93.073,"151 km NNE of Bamboo Flat, India",4.7,,,,earthquakes,2002.0,9.0
usp000bc6a,2002-09-13 23:14:07.750000+00:00,Earthquake,Earthquake,12.952,93.107,"144 km NNE of Bamboo Flat, India",5.1,,,,earthquakes,2002.0,9.0
usp000bc6b,2002-09-13 23:16:02.680000+00:00,Earthquake,Earthquake,13.052,93.165,"157 km NNE of Bamboo Flat, India",4.3,,,,earthquakes,2002.0,9.0
usp000bc6e,2002-09-13 23:44:46.390000+00:00,Earthquake,Earthquake,13.041,93.189,"156 km NNE of Bamboo Flat, India",4.6,,,,earthquakes,2002.0,9.0
usp000bc6j,2002-09-14 01:01:36.940000+00:00,Earthquake,Earthquake,13.094,93.188,"162 km NNE of Bamboo Flat, India",4.3,,,,earthquakes,2002.0,9.0
usp000bc75,2002-09-14 06:56:57.300000+00:00,Earthquake,Earthquake,12.951,93.2,"148 km NNE of Bamboo Flat, India",4.5,,,,earthquakes,2002.0,9.0
usp000bc7e,2002-09-14 09:11:05.290000+00:00,Earthquake,Earthquake,12.964,93.257,"151 km NNE of Bamboo Flat, India",4.5,,,,earthquakes,2002.0,9.0
usp000bc7g,2002-09-14 09:20:00.010000+00:00,Earthquake,Earthquake,13.066,93.219,"160 km NNE of Bamboo Flat, India",4.4,,,,earthquakes,2002.0,9.0
usp000bc80,2002-09-14 15:10:09.960000+00:00,Earthquake,Earthquake,12.868,93.211,"139 km NNE of Bamboo Flat, India",4.6,,,,earthquakes,2002.0,9.0
usp000bc8h,2002-09-14 19:58:36.950000+00:00,Earthquake,Earthquake,13.055,93.157,"157 km NNE of Bamboo Flat, India",5.8,,,,earthquakes,2002.0,9.0
usp000bc8k,2002-09-14 20:36:22.930000+00:00,Earthquake,Earthquake,13.006,93.194,"153 km NNE of Bamboo Flat, India",4.3,,,,earthquakes,2002.0,9.0
usp000bc8m,2002-09-14 20:36:59.080000+00:00,Earthquake,Earthquake,12.93,93.248,"147 km NNE of Bamboo Flat, India",4.4,,,,earthquakes,2002.0,9.0
usp000bc8n,2002-09-14 20:41:53.020000+00:00,Earthquake,Earthquake,12.967,93.193,"149 km NNE of Bamboo Flat, India",4.0,,,,earthquakes,2002.0,9.0
usp000bc8r,2002-09-14 21:15:34.700000+00:00,Earthquake,Earthquake,12.886,93.186,"140 km NNE of Bamboo Flat, India",4.3,,,,earthquakes,2002.0,9.0
usp000bc8t,2002-09-14 21:36:29.680000+00:00,Earthquake,Earthquake,12.935,93.215,"146 km NNE of Bamboo Flat, India",4.3,,,,earthquakes,2002.0,9.0
usp000bc8u,2002-09-14 22:10:52.530000+00:00,Earthquake,Earthquake,12.889,93.273,"144 km NNE of Bamboo Flat, India",4.6,,,,earthquakes,2002.0,9.0
usp000bc8v,2002-09-14 22:12:36.600000+00:00,Earthquake,Earthquake,13.054,93.175,"157 km NNE of Bamboo Flat, India",5.0,,,,earthquakes,2002.0,9.0
usp000bc8z,2002-09-14 23:04:28.960000+00:00,Earthquake,Earthquake,12.998,93.248,"154 km NNE of Bamboo Flat, India",4.1,,,,earthquakes,2002.0,9.0
usp000bc93,2002-09-15 00:51:03.830000+00:00,Earthquake,Earthquake,12.833,93.263,"138 km NNE of Bamboo Flat, India",4.3,,,,earthquakes,2002.0,9.0
usp000bc95,2002-09-15 01:29:28.830000+00:00,Earthquake,Earthquake,12.955,93.221,"149 km NNE of Bamboo Flat, India",4.3,,,,earthquakes,2002.0,9.0
usp000bcaa,2002-09-15 14:31:20.860000+00:00,Earthquake,Earthquake,13.008,93.15,"152 km NNE of Bamboo Flat, India",4.4,,,,earthquakes,2002.0,9.0
usp000bcj4,2002-09-18 00:30:41.140000+00:00,Earthquake,Earthquake,13.001,93.182,"152 km NNE of Bamboo Flat, India",4.2,,,,earthquakes,2002.0,9.0
usp000bck8,2002-09-18 12:01:36.310000+00:00,Earthquake,Earthquake,13.112,93.168,"163 km NNE of Bamboo Flat, India",5.5,,,,earthquakes,2002.0,9.0
usp000bcp9,2002-09-20 03:36:58.190000+00:00,Earthquake,Earthquake,13.089,93.173,"161 km NNE of Bamboo Flat, India",4.7,,,,earthquakes,2002.0,9.0
usp000bcsq,2002-09-21 04:51:01.750000+00:00,Earthquake,Earthquake,13.042,92.934,"Andaman Islands, India region",4.3,,,,earthquakes,2002.0,9.0
usp000bd2r,2002-09-25 05:57:14.100000+00:00,Earthquake,Earthquake,12.999,93.095,"149 km NNE of Bamboo Flat, India",4.2,,,,earthquakes,2002.0,9.0
usp000bd8u,2002-09-27 17:41:07.440000+00:00,Earthquake,Earthquake,12.911,93.202,"143 km NNE of Bamboo Flat, India",4.6,,,,earthquakes,2002.0,9.0
usp000bddz,2002-09-29 11:49:24.370000+00:00,Earthquake,Earthquake,12.943,93.174,"146 km NNE of Bamboo Flat, India",4.3,,,,earthquakes,2002.0,9.0
usp000bdrm,2002-10-03 23:42:41.240000+00:00,Earthquake,Earthquake,13.003,93.192,"153 km NNE of Bamboo Flat, India",4.3,,,,earthquakes,2002.0,10.0
usp000bdtk,2002-10-04 21:34:23.240000+00:00,Earthquake,Earthquake,13.001,93.292,"156 km NNE of Bamboo Flat, India",4.6,,,,earthquakes,2002.0,10.0
usp000bdue,2002-10-05 05:18:53.360000+00:00,Earthquake,Earthquake,24.368,94.637,"63 km ESE of W?ngjing, India",4.3,,,,earthquakes,2002.0,10.0
usp000bdv2,2002-10-05 12:14:40.990000+00:00,Earthquake,Earthquake,24.786,95.334,"128 km SE of Phek, India",4.2,,,,earthquakes,2002.0,10.0
usp000bdvz,2002-10-05 22:07:13.580000+00:00,Earthquake,Earthquake,12.994,93.099,"149 km NNE of Bamboo Flat, India",4.6,,,,earthquakes,2002.0,10.0
usp000be16,2002-10-08 04:48:17.200000+00:00,Earthquake,Earthquake,31.73,77.21,"15 km NW of Banj?r, India",4.5,,,,earthquakes,2002.0,10.0
usp000be42,2002-10-09 17:49:39.850000+00:00,Earthquake,Earthquake,34.147,80.816,"298 km E of Leh, India",4.3,,,,earthquakes,2002.0,10.0
usp000befp,2002-10-13 18:30:10.780000+00:00,Earthquake,Earthquake,13.065,93.214,"160 km NNE of Bamboo Flat, India",4.5,,,,earthquakes,2002.0,10.0
usp000begq,2002-10-14 03:37:11.290000+00:00,Earthquake,Earthquake,13.083,93.252,"163 km NNE of Bamboo Flat, India",4.3,,,,earthquakes,2002.0,10.0
usp000beqx,2002-10-17 05:22:02.750000+00:00,Earthquake,Earthquake,13.032,93.098,"153 km NNE of Bamboo Flat, India",4.9,,,,earthquakes,2002.0,10.0
usp000bf0p,2002-10-22 09:44:02.770000+00:00,Earthquake,Earthquake,22.381,93.031,"13 km SSE of Saiha, India",4.3,,,,earthquakes,2002.0,10.0
usp000bf32,2002-10-23 11:49:44.980000+00:00,Earthquake,Earthquake,11.192,92.979,"58 km SSE of Port Blair, India",4.8,,,,earthquakes,2002.0,10.0
usp000bfc4,2002-10-25 20:38:55.130000+00:00,Earthquake,Earthquake,13.056,93.232,"160 km NNE of Bamboo Flat, India",4.5,,,,earthquakes,2002.0,10.0
usp000bfvv,2002-11-02 04:47:42.200000+00:00,Earthquake,Earthquake,12.701,92.856,"111 km N of Bamboo Flat, India",5.8,,,,earthquakes,2002.0,11.0
usp000bfz5,2002-11-03 07:26:46.860000+00:00,Earthquake,Earthquake,13.017,93.123,"152 km NNE of Bamboo Flat, India",4.2,,,,earthquakes,2002.0,11.0
usp000bh98,2002-11-10 03:19:01.680000+00:00,Earthquake,Earthquake,34.306,80.828,"299 km E of Leh, India",4.8,,,,earthquakes,2002.0,11.0
usp000bhfy,2002-11-12 00:32:08.570000+00:00,Earthquake,Earthquake,24.511,94.718,"66 km E of W?ngjing, India",4.2,,,,earthquakes,2002.0,11.0
usp000bhn4,2002-11-14 02:59:22.370000+00:00,Earthquake,Earthquake,27.552,92.639,"38 km NNE of Bomdila, India",4.6,,,,earthquakes,2002.0,11.0
usp000bhqm,2002-11-15 12:46:56.380000+00:00,Earthquake,Earthquake,10.675,91.852,"146 km SW of Port Blair, India",4.5,,,,earthquakes,2002.0,11.0
usp000bjjd,2002-11-27 21:13:38.620000+00:00,Earthquake,Earthquake,12.94,93.138,"144 km NNE of Bamboo Flat, India",4.6,,,,earthquakes,2002.0,11.0
usp000bjm5,2002-11-28 09:38:07.630000+00:00,Earthquake,Earthquake,12.92,93.209,"145 km NNE of Bamboo Flat, India",4.3,,,,earthquakes,2002.0,11.0
usp000bjre,2002-11-30 02:11:11.990000+00:00,Earthquake,Earthquake,5.822,89.121,North Indian Ocean,4.6,,,,earthquakes,2002.0,11.0
usp000bjrf,2002-11-30 02:52:03.510000+00:00,Earthquake,Earthquake,28.64,95.082,"58 km NNE of Along, India",5.1,,,,earthquakes,2002.0,11.0
usp000bk1a,2002-12-03 12:27:09.700000+00:00,Earthquake,Earthquake,10.429,93.687,"171 km SE of Port Blair, India",4.7,,,,earthquakes,2002.0,12.0
usp000bk3y,2002-12-04 19:24:11.470000+00:00,Earthquake,Earthquake,12.961,93.1,"145 km NNE of Bamboo Flat, India",4.5,,,,earthquakes,2002.0,12.0
usp000bk81,2002-12-06 22:12:22.450000+00:00,Earthquake,Earthquake,8.522,93.988,"Nicobar Islands, India region",4.0,,,,earthquakes,2002.0,12.0
usp000bkkj,2002-12-13 01:45:35.770000+00:00,Earthquake,Earthquake,8.844,94.065,"Nicobar Islands, India region",5.0,,,,earthquakes,2002.0,12.0
usp000bkkk,2002-12-13 01:49:28.230000+00:00,Earthquake,Earthquake,8.7,93.88,"Nicobar Islands, India region",4.6,,,,earthquakes,2002.0,12.0
usp000bm4p,2002-12-21 22:31:13.620000+00:00,Earthquake,Earthquake,12.985,93.271,"154 km NNE of Bamboo Flat, India",4.7,,,,earthquakes,2002.0,12.0
usp000bmk8,2002-12-28 10:57:29.130000+00:00,Earthquake,Earthquake,24.654,95.171,"112 km E of W?ngjing, India",4.0,,,,earthquakes,2002.0,12.0
usp000bmwb,2003-01-01 16:52:45.750000+00:00,Earthquake,Earthquake,26.478,96.292,"59 km WNW of Sarupathar, India",4.1,,,,earthquakes,2003.0,1.0
usp000bnay,2003-01-09 23:14:34.480000+00:00,Earthquake,Earthquake,11.63,92.978,"25 km E of Port Blair, India",4.8,,,,earthquakes,2003.0,1.0
usp000bnf7,2003-01-12 20:17:18.340000+00:00,Earthquake,Earthquake,11.104,92.721,"62 km S of Port Blair, India",4.3,,,,earthquakes,2003.0,1.0
usp000bngh,2003-01-13 16:30:59.950000+00:00,Earthquake,Earthquake,12.918,95.617,"Andaman Islands, India region",4.8,,,,earthquakes,2003.0,1.0
usp000bngj,2003-01-13 16:35:02.910000+00:00,Earthquake,Earthquake,12.922,95.552,"Andaman Islands, India region",5.3,,,,earthquakes,2003.0,1.0
usp000bnv1,2003-01-19 22:57:26.600000+00:00,Earthquake,Earthquake,23.149,70.636,"34 km ESE of Bhach?u, India",4.1,,,,earthquakes,2003.0,1.0
usp000bp1s,2003-01-23 10:35:08.260000+00:00,Earthquake,Earthquake,12.991,93.704,"178 km NE of Bamboo Flat, India",4.7,,,,earthquakes,2003.0,1.0
usp000bp6c,2003-01-26 02:01:35.870000+00:00,Earthquake,Earthquake,12.88,95.613,"Andaman Islands, India region",4.5,,,,earthquakes,2003.0,1.0
usp000bp6k,2003-01-26 04:48:50.110000+00:00,Earthquake,Earthquake,12.863,95.619,"Andaman Islands, India region",4.6,,,,earthquakes,2003.0,1.0
usp000bp78,2003-01-26 10:49:28.880000+00:00,Earthquake,Earthquake,12.95,95.607,"Andaman Islands, India region",5.1,,,,earthquakes,2003.0,1.0
usp000bqe2,2003-02-11 01:15:06.990000+00:00,Earthquake,Earthquake,35.529,76.582,"69 km NNW of Thang, India",4.0,,,,earthquakes,2003.0,2.0
usp000bqg0,2003-02-11 19:27:14.670000+00:00,Earthquake,Earthquake,23.386,70.218,"16 km NW of Bhach?u, India",4.5,,,,earthquakes,2003.0,2.0
usp000bqtf,2003-02-16 09:22:09.230000+00:00,Earthquake,Earthquake,10.494,92.833,"130 km S of Port Blair, India",4.1,,,,earthquakes,2003.0,2.0
usp000bqzy,2003-02-19 02:59:42.990000+00:00,Earthquake,Earthquake,9.77,92.495,"211 km S of Port Blair, India",4.5,,,,earthquakes,2003.0,2.0
usp000brte,2003-03-02 15:23:33.400000+00:00,Earthquake,Earthquake,33.375,75.689,"9 km NW of Kishtw?r, India",4.6,,,,earthquakes,2003.0,3.0
usp000brzn,2003-03-05 08:22:35.710000+00:00,Earthquake,Earthquake,31.519,78.62,"78 km E of Sar?han, India",4.7,,,,earthquakes,2003.0,3.0
usp000bsp0,2003-03-15 03:59:27.400000+00:00,Earthquake,Earthquake,24.25,94.388,"49 km SE of Kakching, India",4.0,,,,earthquakes,2003.0,3.0
usp000bsy9,2003-03-18 08:20:16.950000+00:00,Earthquake,Earthquake,25.239,95.135,"79 km SE of Phek, India",4.5,,,,earthquakes,2003.0,3.0
usp000bt22,2003-03-19 21:13:12.210000+00:00,Earthquake,Earthquake,9.783,93.548,"226 km SSE of Port Blair, India",4.5,,,,earthquakes,2003.0,3.0
usp000bt54,2003-03-21 04:44:50.210000+00:00,Earthquake,Earthquake,12.948,93.019,"141 km NNE of Bamboo Flat, India",4.7,,,,earthquakes,2003.0,3.0
usp000bth8,2003-03-26 04:22:30.070000+00:00,Earthquake,Earthquake,12.518,92.564,"92 km N of Bamboo Flat, India",5.9,,,,earthquakes,2003.0,3.0
usp000bub0,2003-04-04 07:02:32.020000+00:00,Earthquake,Earthquake,30.026,80.008,"30 km NE of B?geshwar, India",4.7,,,,earthquakes,2003.0,4.0
usp000bun8,2003-04-07 14:01:28.880000+00:00,Earthquake,Earthquake,12.524,92.685,"91 km N of Bamboo Flat, India",4.9,,,,earthquakes,2003.0,4.0
usp000buqn,2003-04-08 16:55:08.370000+00:00,Earthquake,Earthquake,26.128,93.193,"36 km ENE of Hoj?i, India",4.6,,,,earthquakes,2003.0,4.0
usp000bv5x,2003-04-14 12:37:30.840000+00:00,Earthquake,Earthquake,12.874,92.993,"133 km NNE of Bamboo Flat, India",4.7,,,,earthquakes,2003.0,4.0
usp000bvan,2003-04-16 13:54:55.790000+00:00,Earthquake,Earthquake,33.493,76.582,"28 km W of Padam, India",4.4,,,,earthquakes,2003.0,4.0
usp000bw3f,2003-04-27 19:17:24.140000+00:00,Earthquake,Earthquake,32.874,76.761,"41 km NW of Kyelang, India",4.1,,,,earthquakes,2003.0,4.0
usp000bw9f,2003-04-30 07:57:29.750000+00:00,Earthquake,Earthquake,9.482,92.709,"241 km S of Port Blair, India",4.3,,,,earthquakes,2003.0,4.0
usp000bweq,2003-05-02 09:34:39.970000+00:00,Earthquake,Earthquake,35.784,78.325,"168 km NE of Thang, India",4.1,,,,earthquakes,2003.0,5.0
usp000bwnb,2003-05-05 06:55:23.450000+00:00,Earthquake,Earthquake,9.734,93.147,"218 km SSE of Port Blair, India",4.2,,,,earthquakes,2003.0,5.0
usp000bx1p,2003-05-11 16:34:51.710000+00:00,Earthquake,Earthquake,33.107,75.937,"24 km NE of Bhadarw?h, India",4.4,,,,earthquakes,2003.0,5.0
usp000bxkg,2003-05-20 14:16:39.670000+00:00,Earthquake,Earthquake,10.48,93.089,"136 km SSE of Port Blair, India",4.5,,,,earthquakes,2003.0,5.0
usp000by31,2003-05-25 02:32:49.190000+00:00,Earthquake,Earthquake,12.826,93.123,"132 km NNE of Bamboo Flat, India",4.3,,,,earthquakes,2003.0,5.0
usp000by91,2003-05-27 04:23:28.960000+00:00,Earthquake,Earthquake,30.547,79.293,"18 km NW of P?palkoti, India",4.9,,,,earthquakes,2003.0,5.0
usp000by9k,2003-05-27 10:14:58.870000+00:00,Earthquake,Earthquake,30.383,79.087,"14 km NE of Rudrapray?g, India",4.1,,,,earthquakes,2003.0,5.0
usp000byb3,2003-05-27 20:28:22.560000+00:00,Earthquake,Earthquake,12.383,93.308,"99 km NE of Bamboo Flat, India",4.1,,,,earthquakes,2003.0,5.0
usp000byed,2003-05-29 00:33:29.090000+00:00,Earthquake,Earthquake,27.272,92.772,"34 km E of Bomdila, India",4.1,,,,earthquakes,2003.0,5.0
usp000c06e,2003-06-18 19:42:03.870000+00:00,Earthquake,Earthquake,35.24,76.813,"34 km N of Thang, India",4.2,,,,earthquakes,2003.0,6.0
usp000c0rf,2003-06-23 12:30:54.080000+00:00,Earthquake,Earthquake,27.79,88.168,"46 km NW of Mangan, India",4.2,,,,earthquakes,2003.0,6.0
usp000c101,2003-06-26 11:33:36.340000+00:00,Earthquake,Earthquake,12.836,92.856,"126 km N of Bamboo Flat, India",4.5,,,,earthquakes,2003.0,6.0
usp000c1s9,2003-07-06 04:04:58.060000+00:00,Earthquake,Earthquake,12.185,95.176,"270 km ENE of Port Blair, India",4.9,,,,earthquakes,2003.0,7.0
usp000c28s,2003-07-12 01:55:46.010000+00:00,Earthquake,Earthquake,12.014,94.969,"245 km E of Port Blair, India",5.1,,,,earthquakes,2003.0,7.0
usp000c28u,2003-07-12 02:42:45.030000+00:00,Earthquake,Earthquake,12.643,94.981,"266 km ENE of Port Blair, India",5.3,,,,earthquakes,2003.0,7.0
usp000c2ed,2003-07-13 23:38:51.410000+00:00,Earthquake,Earthquake,12.563,95.627,"Andaman Islands, India region",5.0,,,,earthquakes,2003.0,7.0
usp000c3gj,2003-07-27 12:07:29.430000+00:00,Earthquake,Earthquake,22.825,92.343,"41 km W of Lunglei, India",5.5,,,,earthquakes,2003.0,7.0
usp000c3gw,2003-07-27 14:33:10.160000+00:00,Earthquake,Earthquake,22.841,92.358,"39 km W of Lunglei, India",4.4,,,,earthquakes,2003.0,7.0
usp000c3mr,2003-07-29 06:25:40.190000+00:00,Earthquake,Earthquake,26.213,96.004,"80 km W of Sarupathar, India",4.7,,,,earthquakes,2003.0,7.0
usp000c3ty,2003-08-01 03:19:37.990000+00:00,Earthquake,Earthquake,22.837,92.35,"40 km W of Lunglei, India",4.7,,,,earthquakes,2003.0,8.0
usp000c467,2003-08-05 11:08:01.910000+00:00,Earthquake,Earthquake,23.689,70.435,"25 km WNW of R?par, India",5.0,,,,earthquakes,2003.0,8.0
usp000c4dx,2003-08-08 09:59:23.530000+00:00,Earthquake,Earthquake,26.687,97.036,"57 km NNE of Sarupathar, India",5.0,,,,earthquakes,2003.0,8.0
usp000c4je,2003-08-10 11:17:54.380000+00:00,Earthquake,Earthquake,27.216,75.739,"22 km WSW of Manoharpur, India",4.5,,,,earthquakes,2003.0,8.0
usp000c4nb,2003-08-11 21:22:30.420000+00:00,Earthquake,Earthquake,12.124,93.53,"99 km ENE of Port Blair, India",6.0,,,,earthquakes,2003.0,8.0
usp000c58m,2003-08-18 09:03:03.520000+00:00,Earthquake,Earthquake,29.573,95.605,"166 km NE of Shi Yomi, India",5.5,,,,earthquakes,2003.0,8.0
usp000c58s,2003-08-18 09:37:25.790000+00:00,Earthquake,Earthquake,29.688,95.97,"187 km NNW of Hayuliang, India",4.5,,,,earthquakes,2003.0,8.0
usp000c5fr,2003-08-20 20:04:11.240000+00:00,Earthquake,Earthquake,12.902,93.07,"138 km NNE of Bamboo Flat, India",4.4,,,,earthquakes,2003.0,8.0
usp000c5gf,2003-08-21 03:56:30.630000+00:00,Earthquake,Earthquake,12.848,93.074,"132 km NNE of Bamboo Flat, India",4.6,,,,earthquakes,2003.0,8.0
usp000c5rq,2003-08-23 20:25:31.100000+00:00,Earthquake,Earthquake,36.073,77.815,"157 km NE of Thang, India",4.5,,,,earthquakes,2003.0,8.0
usp000c5up,2003-08-24 19:07:04.730000+00:00,Earthquake,Earthquake,24.806,94.95,"92 km E of Yairipok, India",4.6,,,,earthquakes,2003.0,8.0
usp000c60b,2003-08-26 20:54:15.390000+00:00,Earthquake,Earthquake,24.94,93.642,"33 km WNW of Imph?l, India",4.5,,,,earthquakes,2003.0,8.0
usp000c6d2,2003-08-31 16:48:21.050000+00:00,Earthquake,Earthquake,24.821,92.92,"9 km WNW of Lakhipur, India",4.2,,,,earthquakes,2003.0,8.0
usp000c7y0,2003-09-18 17:27:46.320000+00:00,Earthquake,Earthquake,11.161,93.748,"122 km ESE of Port Blair, India",4.3,,,,earthquakes,2003.0,9.0
usp000c927,2003-09-29 13:40:30.450000+00:00,Earthquake,Earthquake,27.358,87.738,"51 km W of Gyalshing, India",4.6,,,,earthquakes,2003.0,9.0
usp000c967,2003-09-30 20:37:23.660000+00:00,Earthquake,Earthquake,9.202,92.842,"272 km S of Port Blair, India",4.6,,,,earthquakes,2003.0,9.0
usp000c9rs,2003-10-06 10:01:09.290000+00:00,Earthquake,Earthquake,29.782,95.283,"164 km NNE of Shi Yomi, India",4.5,,,,earthquakes,2003.0,10.0
usp000ca26,2003-10-10 10:09:08.180000+00:00,Earthquake,Earthquake,12.978,93.219,"151 km NNE of Bamboo Flat, India",4.4,,,,earthquakes,2003.0,10.0
usp000ca4v,2003-10-11 09:47:53.620000+00:00,Earthquake,Earthquake,23.375,69.916,"28 km ENE of Bhuj, India",4.4,,,,earthquakes,2003.0,10.0
usp000caec,2003-10-15 09:10:27.680000+00:00,Earthquake,Earthquake,25.091,94.861,"73 km SSE of Phek, India",4.0,,,,earthquakes,2003.0,10.0
usp000cauf,2003-10-20 00:39:54.440000+00:00,Earthquake,Earthquake,23.316,86.448,"8 km E of Puruliya, India",4.3,,,,earthquakes,2003.0,10.0
usp000cbhx,2003-10-29 10:02:51.500000+00:00,Earthquake,Earthquake,26.037,95.93,"89 km WSW of Sarupathar, India",4.7,,,,earthquakes,2003.0,10.0
usp000cc8h,2003-11-07 02:34:33.600000+00:00,Earthquake,Earthquake,10.506,93.82,"173 km SE of Port Blair, India",4.6,,,,earthquakes,2003.0,11.0
usp000ccbf,2003-11-08 05:58:56.550000+00:00,Earthquake,Earthquake,23.63,93.664,"61 km ENE of Khawhai, India",4.9,,,,earthquakes,2003.0,11.0
usp000ccdq,2003-11-09 05:27:56.620000+00:00,Earthquake,Earthquake,8.151,93.755,"Nicobar Islands, India region",4.3,,,,earthquakes,2003.0,11.0
usp000ccfz,2003-11-09 19:36:42.810000+00:00,Earthquake,Earthquake,21.897,92.955,"65 km S of Saiha, India",4.4,,,,earthquakes,2003.0,11.0
usp000cddq,2003-11-19 10:52:04.720000+00:00,Earthquake,Earthquake,24.806,95.352,"128 km SE of Phek, India",4.3,,,,earthquakes,2003.0,11.0
usp000cdgb,2003-11-20 14:05:01.950000+00:00,Earthquake,Earthquake,13.037,93.245,"158 km NNE of Bamboo Flat, India",5.4,,,,earthquakes,2003.0,11.0
usp000cdgm,2003-11-20 15:43:46.440000+00:00,Earthquake,Earthquake,13.06,93.237,"160 km NNE of Bamboo Flat, India",4.2,,,,earthquakes,2003.0,11.0
usp000cdpx,2003-11-22 23:13:24.300000+00:00,Earthquake,Earthquake,12.943,93.159,"145 km NNE of Bamboo Flat, India",4.3,,,,earthquakes,2003.0,11.0
usp000ce5b,2003-11-29 18:34:42.620000+00:00,Earthquake,Earthquake,25.696,93.216,"7 km SE of Lumding Railway Colony, India",4.2,,,,earthquakes,2003.0,11.0
usp000ceeb,2003-12-03 17:43:07.880000+00:00,Earthquake,Earthquake,9.188,85.489,Bay of Bengal,4.8,,,,earthquakes,2003.0,12.0
usp000cenk,2003-12-06 09:53:03.960000+00:00,Earthquake,Earthquake,25.596,90.25,"10 km NNE of Tura, India",4.4,,,,earthquakes,2003.0,12.0
usp000cf59,2003-12-13 07:29:11.350000+00:00,Earthquake,Earthquake,11.231,93.769,"121 km ESE of Port Blair, India",4.6,,,,earthquakes,2003.0,12.0
usp000cfbq,2003-12-15 22:54:20.320000+00:00,Earthquake,Earthquake,31.622,78.203,"40 km ENE of Sar?han, India",4.5,,,,earthquakes,2003.0,12.0
usp000cfbu,2003-12-15 23:56:07.980000+00:00,Earthquake,Earthquake,31.527,78.151,"33 km E of Sar?han, India",4.4,,,,earthquakes,2003.0,12.0
usp000cfq2,2003-12-21 02:14:07.450000+00:00,Earthquake,Earthquake,32.548,76.626,"37 km W of Kyelang, India",4.2,,,,earthquakes,2003.0,12.0
usp000cghz,2003-12-30 10:49:54+00:00,Earthquake,Earthquake,11.643,92.805,"6 km ESE of Port Blair, India",4.3,,,,earthquakes,2003.0,12.0
usp000ch2f,2004-01-04 07:14:56.100000+00:00,Earthquake,Earthquake,10.274,93.084,"158 km SSE of Port Blair, India",4.2,,,,earthquakes,2004.0,1.0
usp000cjpp,2004-01-26 02:40:01.210000+00:00,Earthquake,Earthquake,13.136,93.357,"173 km NNE of Bamboo Flat, India",4.0,,,,earthquakes,2004.0,1.0
usp000cjzh,2004-01-30 03:05:12.770000+00:00,Earthquake,Earthquake,12.083,92.614,"43 km NNW of Bamboo Flat, India",4.4,,,,earthquakes,2004.0,1.0
usp000ck3y,2004-01-31 15:51:11.160000+00:00,Earthquake,Earthquake,10.734,93.368,"Andaman Islands, India region",4.6,,,,earthquakes,2004.0,1.0
usp000ck8b,2004-02-02 12:42:03.600000+00:00,Earthquake,Earthquake,26.504,96.564,"41 km NW of Sarupathar, India",4.4,,,,earthquakes,2004.0,2.0
usp000ckdm,2004-02-04 18:46:58.400000+00:00,Earthquake,Earthquake,33.947,75.149,"3 km NE of Tr?l, India",4.1,,,,earthquakes,2004.0,2.0
usp000cmew,2004-02-18 01:23:43.820000+00:00,Earthquake,Earthquake,27.361,87.758,"50 km W of Gyalshing, India",4.7,,,,earthquakes,2004.0,2.0
usp000cnuh,2004-03-01 17:41:18.600000+00:00,Earthquake,Earthquake,30.368,80.496,"57 km N of Dh?rchula, India",4.8,,,,earthquakes,2004.0,3.0
usp000cp48,2004-03-05 02:33:48.420000+00:00,Earthquake,Earthquake,12.438,92.685,"81 km N of Bamboo Flat, India",4.1,,,,earthquakes,2004.0,3.0
usp000cp7x,2004-03-06 10:21:32+00:00,Earthquake,Earthquake,12.959,93.135,"146 km NNE of Bamboo Flat, India",5.5,,,,earthquakes,2004.0,3.0
usp000cqsc,2004-03-24 10:56:51.860000+00:00,Earthquake,Earthquake,24.489,94.855,"80 km E of W?ngjing, India",4.1,,,,earthquakes,2004.0,3.0
usp000cr1h,2004-03-27 18:28:38.880000+00:00,Earthquake,Earthquake,25.269,95.471,"107 km ESE of Phek, India",4.1,,,,earthquakes,2004.0,3.0
usp000crrz,2004-04-05 11:29:00.590000+00:00,Earthquake,Earthquake,11.973,95.145,"263 km E of Port Blair, India",4.6,,,,earthquakes,2004.0,4.0
usp000crtc,2004-04-05 23:48:18.910000+00:00,Earthquake,Earthquake,12.916,93.294,"148 km NNE of Bamboo Flat, India",4.4,,,,earthquakes,2004.0,4.0
usp000crww,2004-04-07 09:02:28.230000+00:00,Earthquake,Earthquake,28.858,78.418,"7 km SW of Amroha, India",4.2,,,,earthquakes,2004.0,4.0
usp000cs2j,2004-04-09 10:27:03.570000+00:00,Earthquake,Earthquake,24.636,95.111,"106 km E of W?ngjing, India",4.3,,,,earthquakes,2004.0,4.0
usp000cs5p,2004-04-10 15:57:01.550000+00:00,Earthquake,Earthquake,13.107,93.218,"164 km NNE of Bamboo Flat, India",5.1,,,,earthquakes,2004.0,4.0
usp000csbb,2004-04-12 15:07:00.600000+00:00,Earthquake,Earthquake,22.418,70.474,"13 km W of Paddhari, India",4.2,,,,earthquakes,2004.0,4.0
usp000cse3,2004-04-13 21:10:08.070000+00:00,Earthquake,Earthquake,24.696,95.249,"120 km E of W?ngjing, India",4.7,,,,earthquakes,2004.0,4.0
usp000csep,2004-04-14 03:46:49.730000+00:00,Earthquake,Earthquake,9.044,94.163,"Nicobar Islands, India region",4.3,,,,earthquakes,2004.0,4.0
usp000csf6,2004-04-14 09:11:13.160000+00:00,Earthquake,Earthquake,8.855,93.883,"Nicobar Islands, India region",4.5,,,,earthquakes,2004.0,4.0
usp000cshm,2004-04-15 05:55:50.480000+00:00,Earthquake,Earthquake,9.232,93.728,"289 km SSE of Port Blair, India",4.6,,,,earthquakes,2004.0,4.0
usp000csk9,2004-04-15 21:20:37.830000+00:00,Earthquake,Earthquake,8.86,94.0,"Nicobar Islands, India region",5.3,,,,earthquakes,2004.0,4.0
usp000cska,2004-04-15 21:22:49.020000+00:00,Earthquake,Earthquake,9.014,93.938,"Nicobar Islands, India region",4.8,,,,earthquakes,2004.0,4.0
usp000cskc,2004-04-15 21:38:38.490000+00:00,Earthquake,Earthquake,9.131,93.914,"Nicobar Islands, India region",4.8,,,,earthquakes,2004.0,4.0
usp000cskf,2004-04-15 21:45:35.420000+00:00,Earthquake,Earthquake,9.243,93.838,"293 km SSE of Port Blair, India",4.3,,,,earthquakes,2004.0,4.0
usp000cskg,2004-04-15 22:10:31.870000+00:00,Earthquake,Earthquake,8.919,94.002,"Nicobar Islands, India region",4.7,,,,earthquakes,2004.0,4.0
usp000cskr,2004-04-15 23:02:10.040000+00:00,Earthquake,Earthquake,8.837,93.919,"Nicobar Islands, India region",5.0,,,,earthquakes,2004.0,4.0
usp000cskt,2004-04-15 23:14:19.210000+00:00,Earthquake,Earthquake,8.873,93.958,"Nicobar Islands, India region",4.6,,,,earthquakes,2004.0,4.0
usp000cskw,2004-04-15 23:32:19.080000+00:00,Earthquake,Earthquake,8.85,93.976,"Nicobar Islands, India region",4.8,,,,earthquakes,2004.0,4.0
usp000csma,2004-04-16 02:06:13.740000+00:00,Earthquake,Earthquake,8.904,94.022,"Nicobar Islands, India region",5.6,,,,earthquakes,2004.0,4.0
usp000csmb,2004-04-16 02:12:36.210000+00:00,Earthquake,Earthquake,8.909,93.921,"Nicobar Islands, India region",4.1,,,,earthquakes,2004.0,4.0
usp000csmd,2004-04-16 02:18:30.170000+00:00,Earthquake,Earthquake,8.879,93.942,"Nicobar Islands, India region",4.7,,,,earthquakes,2004.0,4.0
usp000csmh,2004-04-16 03:56:34.640000+00:00,Earthquake,Earthquake,8.911,93.988,"Nicobar Islands, India region",4.4,,,,earthquakes,2004.0,4.0
usp000csms,2004-04-16 05:38:40.370000+00:00,Earthquake,Earthquake,9.241,93.721,"288 km SSE of Port Blair, India",4.2,,,,earthquakes,2004.0,4.0
usp000csn1,2004-04-16 08:12:27.610000+00:00,Earthquake,Earthquake,8.806,93.988,"Nicobar Islands, India region",4.3,,,,earthquakes,2004.0,4.0
usp000csnh,2004-04-16 11:29:50.640000+00:00,Earthquake,Earthquake,9.039,93.908,"Nicobar Islands, India region",4.8,,,,earthquakes,2004.0,4.0
usp000cspz,2004-04-16 23:41:24.290000+00:00,Earthquake,Earthquake,8.832,93.979,"Nicobar Islands, India region",4.5,,,,earthquakes,2004.0,4.0
usp000cssk,2004-04-17 15:26:12.890000+00:00,Earthquake,Earthquake,12.839,93.003,"129 km NNE of Bamboo Flat, India",4.5,,,,earthquakes,2004.0,4.0
usp000csv9,2004-04-18 15:17:55.660000+00:00,Earthquake,Earthquake,8.591,93.922,"Nicobar Islands, India region",4.0,,,,earthquakes,2004.0,4.0
usp000csz9,2004-04-20 08:17:53.590000+00:00,Earthquake,Earthquake,28.912,94.462,"43 km NNE of Shi Yomi, India",4.1,,,,earthquakes,2004.0,4.0
usp000ctwt,2004-05-01 07:08:12.940000+00:00,Earthquake,Earthquake,35.73,78.366,"168 km ENE of Thang, India",4.5,,,,earthquakes,2004.0,5.0
usp000cty0,2004-05-01 17:11:13.050000+00:00,Earthquake,Earthquake,35.62,77.965,"131 km NE of Thang, India",4.4,,,,earthquakes,2004.0,5.0
usp000ctyz,2004-05-02 00:48:14.490000+00:00,Earthquake,Earthquake,9.084,94.081,"Nicobar Islands, India region",4.6,,,,earthquakes,2004.0,5.0
usp000cu1u,2004-05-03 02:34:56.340000+00:00,Earthquake,Earthquake,11.133,95.062,"259 km ESE of Port Blair, India",4.7,,,,earthquakes,2004.0,5.0
usp000cu1v,2004-05-03 02:44:21.840000+00:00,Earthquake,Earthquake,10.756,94.658,"231 km ESE of Port Blair, India",4.0,,,,earthquakes,2004.0,5.0
usp000cu3f,2004-05-03 17:41:29.200000+00:00,Earthquake,Earthquake,13.089,93.187,"161 km NNE of Bamboo Flat, India",5.2,,,,earthquakes,2004.0,5.0
usp000cuvp,2004-05-12 20:26:43.350000+00:00,Earthquake,Earthquake,25.228,93.438,"31 km ESE of Maibong, India",4.5,,,,earthquakes,2004.0,5.0
usp000cw1t,2004-05-24 01:39:54.110000+00:00,Earthquake,Earthquake,24.685,95.19,"114 km E of W?ngjing, India",4.6,,,,earthquakes,2004.0,5.0
usp000cw44,2004-05-24 22:01:02.400000+00:00,Earthquake,Earthquake,27.099,97.219,"106 km NNE of Sarupathar, India",5.0,,,,earthquakes,2004.0,5.0
usp000cw6f,2004-05-25 13:07:40.240000+00:00,Earthquake,Earthquake,27.186,97.229,"116 km NNE of Sarupathar, India",4.1,,,,earthquakes,2004.0,5.0
usp000cwyj,2004-06-02 22:10:36.120000+00:00,Earthquake,Earthquake,10.188,93.625,"189 km SSE of Port Blair, India",4.7,,,,earthquakes,2004.0,6.0
usp000cx00,2004-06-03 13:01:21.660000+00:00,Earthquake,Earthquake,25.212,95.12,"80 km SE of Phek, India",4.8,,,,earthquakes,2004.0,6.0
usp000cxy1,2004-06-15 04:53:58.890000+00:00,Earthquake,Earthquake,26.242,96.163,"64 km W of Sarupathar, India",4.5,,,,earthquakes,2004.0,6.0
usp000cy82,2004-06-19 07:55:53.500000+00:00,Earthquake,Earthquake,24.394,94.744,"72 km ESE of W?ngjing, India",4.6,,,,earthquakes,2004.0,6.0
usp000cy8b,2004-06-19 10:24:55.010000+00:00,Earthquake,Earthquake,25.283,95.575,"116 km ESE of Phek, India",4.6,,,,earthquakes,2004.0,6.0
usp000cyag,2004-06-20 08:34:44.990000+00:00,Earthquake,Earthquake,27.815,96.67,"31 km SSE of Hayuliang, India",4.4,,,,earthquakes,2004.0,6.0
usp000cyx8,2004-06-26 23:29:53.690000+00:00,Earthquake,Earthquake,11.443,94.933,"239 km E of Port Blair, India",4.2,,,,earthquakes,2004.0,6.0
usp000cyx9,2004-06-26 23:39:38.260000+00:00,Earthquake,Earthquake,12.671,93.925,"169 km NE of Port Blair, India",4.1,,,,earthquakes,2004.0,6.0
usp000cyxb,2004-06-26 23:44:05.390000+00:00,Earthquake,Earthquake,11.064,94.417,"194 km ESE of Port Blair, India",4.5,,,,earthquakes,2004.0,6.0
usp000cyxc,2004-06-26 23:44:15.670000+00:00,Earthquake,Earthquake,11.275,94.296,"174 km ESE of Port Blair, India",4.8,,,,earthquakes,2004.0,6.0
usp000cyxe,2004-06-26 23:45:49.290000+00:00,Earthquake,Earthquake,11.051,95.103,"266 km ESE of Port Blair, India",5.0,,,,earthquakes,2004.0,6.0
usp000cyxg,2004-06-26 23:56:48.940000+00:00,Earthquake,Earthquake,10.889,94.541,"213 km ESE of Port Blair, India",4.0,,,,earthquakes,2004.0,6.0
usp000cz1h,2004-06-28 06:00:56.040000+00:00,Earthquake,Earthquake,10.751,94.677,"233 km ESE of Port Blair, India",4.2,,,,earthquakes,2004.0,6.0
usp000cz1u,2004-06-28 08:18:33.330000+00:00,Earthquake,Earthquake,26.54,96.457,"51 km NW of Sarupathar, India",4.7,,,,earthquakes,2004.0,6.0
usp000cz5s,2004-06-29 15:49:21.910000+00:00,Earthquake,Earthquake,35.65,78.536,"177 km ENE of Thang, India",4.3,,,,earthquakes,2004.0,6.0
usp000czb5,2004-07-01 09:19:40.650000+00:00,Earthquake,Earthquake,6.335,92.118,"Nicobar Islands, India region",4.6,,,,earthquakes,2004.0,7.0
usp000d03w,2004-07-13 19:31:33.840000+00:00,Earthquake,Earthquake,26.208,92.784,"23 km NNW of Hoj?i, India",4.2,,,,earthquakes,2004.0,7.0
usp000d06v,2004-07-15 05:46:31.020000+00:00,Earthquake,Earthquake,12.94,93.075,"142 km NNE of Bamboo Flat, India",4.5,,,,earthquakes,2004.0,7.0
usp000d06y,2004-07-15 05:55:55.580000+00:00,Earthquake,Earthquake,12.759,93.037,"122 km NNE of Bamboo Flat, India",4.2,,,,earthquakes,2004.0,7.0
usp000d0qb,2004-07-22 23:24:18.500000+00:00,Earthquake,Earthquake,9.798,92.923,"207 km S of Port Blair, India",4.2,,,,earthquakes,2004.0,7.0
usp000d0sm,2004-07-24 06:29:28.920000+00:00,Earthquake,Earthquake,25.215,95.357,"99 km ESE of Phek, India",4.1,,,,earthquakes,2004.0,7.0
usp000d0vh,2004-07-25 19:48:57.030000+00:00,Earthquake,Earthquake,12.405,95.016,"260 km ENE of Port Blair, India",5.6,,,,earthquakes,2004.0,7.0
usp000d0xu,2004-07-27 00:10:21.620000+00:00,Earthquake,Earthquake,29.25,77.23,"6 km NE of Chhaprauli, India",4.1,,,,earthquakes,2004.0,7.0
usp000d11k,2004-07-29 01:44:06.910000+00:00,Earthquake,Earthquake,12.455,94.997,"260 km ENE of Port Blair, India",5.9,,,,earthquakes,2004.0,7.0
usp000d11m,2004-07-29 02:01:49+00:00,Earthquake,Earthquake,12.385,94.948,"252 km ENE of Port Blair, India",5.1,,,,earthquakes,2004.0,7.0
usp000d11p,2004-07-29 02:15:40.920000+00:00,Earthquake,Earthquake,12.223,94.809,"232 km ENE of Port Blair, India",4.9,,,,earthquakes,2004.0,7.0
usp000d11q,2004-07-29 02:18:37.680000+00:00,Earthquake,Earthquake,12.388,94.973,"255 km ENE of Port Blair, India",4.8,,,,earthquakes,2004.0,7.0
usp000d12m,2004-07-29 11:38:07.050000+00:00,Earthquake,Earthquake,12.72,94.569,"230 km ENE of Port Blair, India",4.2,,,,earthquakes,2004.0,7.0
usp000d12s,2004-07-29 13:23:03.280000+00:00,Earthquake,Earthquake,12.445,95.003,"260 km ENE of Port Blair, India",5.6,,,,earthquakes,2004.0,7.0
usp000d12t,2004-07-29 13:33:15.640000+00:00,Earthquake,Earthquake,12.353,94.982,"255 km ENE of Port Blair, India",4.5,,,,earthquakes,2004.0,7.0
usp000d132,2004-07-29 16:15:32.320000+00:00,Earthquake,Earthquake,12.348,94.846,"240 km ENE of Port Blair, India",4.8,,,,earthquakes,2004.0,7.0
usp000d133,2004-07-29 17:19:09.340000+00:00,Earthquake,Earthquake,12.305,94.804,"234 km ENE of Port Blair, India",4.6,,,,earthquakes,2004.0,7.0
usp000d134,2004-07-29 17:49:54.020000+00:00,Earthquake,Earthquake,11.927,94.341,"176 km E of Port Blair, India",4.0,,,,earthquakes,2004.0,7.0
usp000d137,2004-07-29 18:11:12.180000+00:00,Earthquake,Earthquake,12.273,94.55,"207 km ENE of Port Blair, India",4.0,,,,earthquakes,2004.0,7.0
usp000d13r,2004-07-30 01:00:51+00:00,Earthquake,Earthquake,12.114,94.748,"223 km ENE of Port Blair, India",4.0,,,,earthquakes,2004.0,7.0
usp000d15s,2004-07-31 02:23:16.950000+00:00,Earthquake,Earthquake,12.34,94.826,"238 km ENE of Port Blair, India",4.4,,,,earthquakes,2004.0,7.0
usp000d15x,2004-07-31 04:05:58.940000+00:00,Earthquake,Earthquake,12.349,94.824,"238 km ENE of Port Blair, India",4.6,,,,earthquakes,2004.0,7.0
usp000d160,2004-07-31 04:15:44.980000+00:00,Earthquake,Earthquake,12.27,94.942,"248 km ENE of Port Blair, India",5.0,,,,earthquakes,2004.0,7.0
usp000d171,2004-07-31 16:22:05.930000+00:00,Earthquake,Earthquake,12.383,94.987,"256 km ENE of Port Blair, India",4.7,,,,earthquakes,2004.0,7.0
usp000d1e1,2004-08-04 02:09:21.280000+00:00,Earthquake,Earthquake,25.923,90.262,"12 km SSW of Lakhipur, India",4.2,,,,earthquakes,2004.0,8.0
usp000d1k5,2004-08-05 22:22:59.520000+00:00,Earthquake,Earthquake,11.967,94.425,"185 km E of Port Blair, India",4.2,,,,earthquakes,2004.0,8.0
usp000d1mm,2004-08-06 14:34:50.940000+00:00,Earthquake,Earthquake,12.365,94.972,"254 km ENE of Port Blair, India",4.9,,,,earthquakes,2004.0,8.0
usp000d1mn,2004-08-06 14:35:27.030000+00:00,Earthquake,Earthquake,12.43,94.998,"259 km ENE of Port Blair, India",5.6,,,,earthquakes,2004.0,8.0
usp000d1n4,2004-08-06 20:31:52.770000+00:00,Earthquake,Earthquake,12.311,94.912,"246 km ENE of Port Blair, India",4.4,,,,earthquakes,2004.0,8.0
usp000d1th,2004-08-09 08:18:18.490000+00:00,Earthquake,Earthquake,27.58,91.797,"12 km W of Tawang, India",4.1,,,,earthquakes,2004.0,8.0
usp000d1tw,2004-08-09 13:31:32.420000+00:00,Earthquake,Earthquake,12.259,94.876,"241 km ENE of Port Blair, India",4.3,,,,earthquakes,2004.0,8.0
usp000d2gr,2004-08-20 06:54:26.110000+00:00,Earthquake,Earthquake,12.536,92.766,"92 km N of Bamboo Flat, India",4.4,,,,earthquakes,2004.0,8.0
usp000d2q6,2004-08-23 09:27:13.060000+00:00,Earthquake,Earthquake,10.231,92.991,"160 km S of Port Blair, India",4.2,,,,earthquakes,2004.0,8.0
usp000d3tp,2004-09-07 04:01:05.450000+00:00,Earthquake,Earthquake,35.716,78.249,"158 km ENE of Thang, India",4.2,,,,earthquakes,2004.0,9.0
usp000d3yr,2004-09-09 05:55:46.100000+00:00,Earthquake,Earthquake,29.466,80.281,"14 km SSE of Pithor?garh, India",4.4,,,,earthquakes,2004.0,9.0
usp000d41y,2004-09-10 18:00:46.830000+00:00,Earthquake,Earthquake,23.888,93.352,"45 km ESE of Darlawn, India",4.3,,,,earthquakes,2004.0,9.0
usp000d4e5,2004-09-17 00:16:43.270000+00:00,Earthquake,Earthquake,23.779,93.154,"34 km SE of Darlawn, India",4.3,,,,earthquakes,2004.0,9.0
usp000d4j8,2004-09-18 12:37:36.270000+00:00,Earthquake,Earthquake,23.866,93.313,"42 km ESE of Darlawn, India",4.6,,,,earthquakes,2004.0,9.0
usp000d4py,2004-09-20 08:02:35.820000+00:00,Earthquake,Earthquake,12.498,92.492,"91 km NNW of Bamboo Flat, India",4.1,,,,earthquakes,2004.0,9.0
usp000d4yp,2004-09-24 04:19:32.450000+00:00,Earthquake,Earthquake,27.463,96.34,"53 km SSE of Tezu, India",4.4,,,,earthquakes,2004.0,9.0
usp000d4yu,2004-09-24 05:35:22.700000+00:00,Earthquake,Earthquake,11.47,95.014,"248 km E of Port Blair, India",4.1,,,,earthquakes,2004.0,9.0
usp000d54n,2004-09-27 02:23:02.960000+00:00,Earthquake,Earthquake,26.134,92.149,"23 km WSW of Morigaon, India",4.2,,,,earthquakes,2004.0,9.0
usp000d55p,2004-09-27 17:05:37.970000+00:00,Earthquake,Earthquake,29.773,95.515,"176 km NE of Shi Yomi, India",5.0,,,,earthquakes,2004.0,9.0
usp000d5j3,2004-10-01 20:24:29.110000+00:00,Earthquake,Earthquake,24.986,95.143,"99 km SE of Phek, India",4.1,,,,earthquakes,2004.0,10.0
usp000d5zu,2004-10-08 06:28:28.290000+00:00,Earthquake,Earthquake,25.314,95.775,"134 km ESE of Phek, India",4.7,,,,earthquakes,2004.0,10.0
usp000d619,2004-10-08 21:48:05.450000+00:00,Earthquake,Earthquake,24.304,94.298,"38 km SE of Kakching, India",4.9,,,,earthquakes,2004.0,10.0
usp000d686,2004-10-12 07:18:24.650000+00:00,Earthquake,Earthquake,29.527,97.268,"176 km NNE of Hayuliang, India",4.5,,,,earthquakes,2004.0,10.0
usp000d6jh,2004-10-17 15:35:45.840000+00:00,Earthquake,Earthquake,35.204,77.669,"85 km ENE of Thang, India",4.3,,,,earthquakes,2004.0,10.0
usp000d6qc,2004-10-20 06:11:01.470000+00:00,Earthquake,Earthquake,26.513,96.991,"38 km NNE of Sarupathar, India",4.0,,,,earthquakes,2004.0,10.0
usp000d784,2004-10-28 10:30:29.340000+00:00,Earthquake,Earthquake,12.701,95.458,"Andaman Islands, India region",4.5,,,,earthquakes,2004.0,10.0
usp000d79s,2004-10-29 07:15:45.510000+00:00,Earthquake,Earthquake,10.054,93.711,"207 km SSE of Port Blair, India",4.0,,,,earthquakes,2004.0,10.0
usp000d7cm,2004-10-31 03:59:52.300000+00:00,Earthquake,Earthquake,35.372,74.254,northwestern Kashmir,4.7,,,,earthquakes,2004.0,10.0
usp000d7dj,2004-10-31 12:26:20.240000+00:00,Earthquake,Earthquake,24.318,94.19,"29 km SE of Kakching, India",4.2,,,,earthquakes,2004.0,10.0
usp000d7gb,2004-11-02 00:48:52.330000+00:00,Earthquake,Earthquake,23.509,93.148,"14 km N of Khawhai, India",4.2,,,,earthquakes,2004.0,11.0
usp000d7gt,2004-11-02 08:23:24.050000+00:00,Earthquake,Earthquake,26.442,92.584,"11 km ESE of Dhing, India",4.2,,,,earthquakes,2004.0,11.0
usp000d7ry,2004-11-05 21:15:41.330000+00:00,Earthquake,Earthquake,24.092,93.714,"27 km S of Chur?ch?ndpur, India",4.7,,,,earthquakes,2004.0,11.0
usp000d849,2004-11-11 02:13:45.040000+00:00,Earthquake,Earthquake,32.442,76.512,"30 km NE of Dharamsala, India",4.9,,,,earthquakes,2004.0,11.0
usp000d84d,2004-11-11 02:46:49+00:00,Earthquake,Earthquake,32.22,76.409,"8 km E of Dharamsala, India",4.1,,,,earthquakes,2004.0,11.0
usp000d872,2004-11-12 01:59:10.850000+00:00,Earthquake,Earthquake,27.274,92.076,"34 km W of Bomdila, India",4.0,,,,earthquakes,2004.0,11.0
usp000d8nd,2004-11-17 13:26:24.380000+00:00,Earthquake,Earthquake,9.541,93.503,"249 km SSE of Port Blair, India",5.3,,,,earthquakes,2004.0,11.0
usp000da7v,2004-12-07 01:57:50.960000+00:00,Earthquake,Earthquake,24.41,92.429,"24 km SW of L?la, India",4.3,,,,earthquakes,2004.0,12.0
usp000dabz,2004-12-09 08:49:00.240000+00:00,Earthquake,Earthquake,24.757,92.539,"8 km NNW of Hail?k?ndi, India",5.4,,,,earthquakes,2004.0,12.0
usp000dbem,2004-12-26 01:30:15.740000+00:00,Earthquake,Earthquake,8.826,93.708,"Nicobar Islands, India region",5.5,,,,earthquakes,2004.0,12.0
usp000dber,2004-12-26 01:52:43+00:00,Earthquake,Earthquake,10.382,92.119,"157 km SSW of Port Blair, India",5.2,,,,earthquakes,2004.0,12.0
usp000dbes,2004-12-26 01:59:13.990000+00:00,Earthquake,Earthquake,8.389,92.454,"Nicobar Islands, India region",5.3,,,,earthquakes,2004.0,12.0
usp000dbev,2004-12-26 02:15:49.500000+00:00,Earthquake,Earthquake,12.258,92.275,"78 km NW of Bamboo Flat, India",5.3,,,,earthquakes,2004.0,12.0
usp000dbew,2004-12-26 02:15:59.780000+00:00,Earthquake,Earthquake,12.321,92.499,"72 km NNW of Bamboo Flat, India",5.7,,,,earthquakes,2004.0,12.0
usp000dbex,2004-12-26 02:22:01.840000+00:00,Earthquake,Earthquake,8.868,92.467,"Nicobar Islands, India region",5.7,,,,earthquakes,2004.0,12.0
usp000dbf0,2004-12-26 02:36:10.090000+00:00,Earthquake,Earthquake,12.183,92.936,"58 km NNE of Bamboo Flat, India",5.8,,,,earthquakes,2004.0,12.0
usp000dbf1,2004-12-26 02:38:09.350000+00:00,Earthquake,Earthquake,8.493,92.353,"Nicobar Islands, India region",5.6,,,,earthquakes,2004.0,12.0
usp000dbf2,2004-12-26 02:40:59.850000+00:00,Earthquake,Earthquake,7.484,92.432,"Nicobar Islands, India region",5.4,,,,earthquakes,2004.0,12.0
usp000dbf3,2004-12-26 02:43:05.260000+00:00,Earthquake,Earthquake,9.22,94.005,"Nicobar Islands, India region",4.9,,,,earthquakes,2004.0,12.0
usp000dbf4,2004-12-26 02:45:17.650000+00:00,Earthquake,Earthquake,8.463,92.607,"Nicobar Islands, India region",5.2,,,,earthquakes,2004.0,12.0
usp000dbf6,2004-12-26 02:52:01.830000+00:00,Earthquake,Earthquake,12.504,92.604,"89 km N of Bamboo Flat, India",5.8,,,,earthquakes,2004.0,12.0
usp000dbf8,2004-12-26 02:56:40.370000+00:00,Earthquake,Earthquake,8.606,92.285,"Nicobar Islands, India region",4.9,,,,earthquakes,2004.0,12.0
usp000dbfa,2004-12-26 03:02:38.080000+00:00,Earthquake,Earthquake,8.615,92.326,"Nicobar Islands, India region",5.5,,,,earthquakes,2004.0,12.0
usp000dbfb,2004-12-26 03:06:13.050000+00:00,Earthquake,Earthquake,8.192,92.456,"Nicobar Islands, India region",5.1,,,,earthquakes,2004.0,12.0
usp000dbfc,2004-12-26 03:08:44.210000+00:00,Earthquake,Earthquake,13.745,93.009,"228 km N of Bamboo Flat, India",5.9,,,,earthquakes,2004.0,12.0
usp000dbff,2004-12-26 03:17:52.380000+00:00,Earthquake,Earthquake,7.21,92.924,"Nicobar Islands, India region",5.6,,,,earthquakes,2004.0,12.0
usp000dbfq,2004-12-26 03:44:08.340000+00:00,Earthquake,Earthquake,13.465,92.736,"195 km N of Bamboo Flat, India",5.2,,,,earthquakes,2004.0,12.0
usp000dbg2,2004-12-26 04:09:08.400000+00:00,Earthquake,Earthquake,8.158,93.819,"Nicobar Islands, India region",4.9,,,,earthquakes,2004.0,12.0
usp000dbg5,2004-12-26 04:17:56.810000+00:00,Earthquake,Earthquake,8.962,93.722,"Nicobar Islands, India region",5.3,,,,earthquakes,2004.0,12.0
usp000dbg9,2004-12-26 04:40:11.460000+00:00,Earthquake,Earthquake,9.123,93.843,"Nicobar Islands, India region",5.2,,,,earthquakes,2004.0,12.0
usp000dbga,2004-12-26 04:46:23.440000+00:00,Earthquake,Earthquake,8.532,93.88,"Nicobar Islands, India region",5.4,,,,earthquakes,2004.0,12.0
usp000dbgc,2004-12-26 04:48:56.490000+00:00,Earthquake,Earthquake,8.867,93.751,"Nicobar Islands, India region",5.2,,,,earthquakes,2004.0,12.0
usp000dbgd,2004-12-26 04:53:09.100000+00:00,Earthquake,Earthquake,8.185,92.93,"Nicobar Islands, India region",4.9,,,,earthquakes,2004.0,12.0
usp000dbge,2004-12-26 04:58:04.020000+00:00,Earthquake,Earthquake,11.068,92.0,"104 km SW of Bamboo Flat, India",5.3,,,,earthquakes,2004.0,12.0
usp000dbgf,2004-12-26 04:59:15.400000+00:00,Earthquake,Earthquake,8.966,93.427,"Nicobar Islands, India region",5.2,,,,earthquakes,2004.0,12.0
usp000dbgg,2004-12-26 05:01:10.560000+00:00,Earthquake,Earthquake,9.296,92.212,"268 km SSW of Port Blair, India",5.3,,,,earthquakes,2004.0,12.0
usp000dbgh,2004-12-26 05:01:21.370000+00:00,Earthquake,Earthquake,9.456,92.175,"252 km SSW of Port Blair, India",5.4,,,,earthquakes,2004.0,12.0
usp000dbgk,2004-12-26 05:08:04.830000+00:00,Earthquake,Earthquake,9.031,92.462,"293 km S of Port Blair, India",5.0,,,,earthquakes,2004.0,12.0
usp000dbgm,2004-12-26 05:09:32.500000+00:00,Earthquake,Earthquake,9.156,93.891,"Nicobar Islands, India region",5.2,,,,earthquakes,2004.0,12.0
usp000dbgn,2004-12-26 05:12:34.140000+00:00,Earthquake,Earthquake,8.46,92.281,"Nicobar Islands, India region",5.1,,,,earthquakes,2004.0,12.0
usp000dbgp,2004-12-26 05:16:10.980000+00:00,Earthquake,Earthquake,9.318,94.039,"295 km SSE of Port Blair, India",5.4,,,,earthquakes,2004.0,12.0
usp000dbgq,2004-12-26 05:20:27.920000+00:00,Earthquake,Earthquake,12.159,92.397,"61 km NW of Bamboo Flat, India",5.3,,,,earthquakes,2004.0,12.0
usp000dbh1,2004-12-26 06:11:04.600000+00:00,Earthquake,Earthquake,9.308,93.912,"290 km SSE of Port Blair, India",5.1,,,,earthquakes,2004.0,12.0
usp000dbh3,2004-12-26 06:22:00.420000+00:00,Earthquake,Earthquake,10.677,92.325,"118 km SSW of Port Blair, India",5.4,,,,earthquakes,2004.0,12.0
usp000dbha,2004-12-26 06:56:47.400000+00:00,Earthquake,Earthquake,10.984,92.282,"90 km SW of Port Blair, India",5.5,,,,earthquakes,2004.0,12.0
usp000dbhb,2004-12-26 06:59:57.260000+00:00,Earthquake,Earthquake,9.362,93.701,"275 km SSE of Port Blair, India",5.4,,,,earthquakes,2004.0,12.0
usp000dbhc,2004-12-26 07:07:10.270000+00:00,Earthquake,Earthquake,10.363,93.747,"180 km SE of Port Blair, India",5.6,,,,earthquakes,2004.0,12.0
usp000dbhg,2004-12-26 07:24:53.050000+00:00,Earthquake,Earthquake,7.422,92.637,"Nicobar Islands, India region",5.1,,,,earthquakes,2004.0,12.0
usp000dbhj,2004-12-26 07:38:27+00:00,Earthquake,Earthquake,13.13,93.035,"161 km NNE of Bamboo Flat, India",5.7,,,,earthquakes,2004.0,12.0
usp000dbhm,2004-12-26 07:55:27.130000+00:00,Earthquake,Earthquake,7.478,92.362,"Nicobar Islands, India region",5.3,,,,earthquakes,2004.0,12.0
usp000dbhs,2004-12-26 08:12:38.700000+00:00,Earthquake,Earthquake,9.264,93.843,"291 km SSE of Port Blair, India",4.8,,,,earthquakes,2004.0,12.0
usp000dbhv,2004-12-26 08:41:48.850000+00:00,Earthquake,Earthquake,8.895,93.479,"Nicobar Islands, India region",5.2,,,,earthquakes,2004.0,12.0
usp000dbhx,2004-12-26 09:02:42.550000+00:00,Earthquake,Earthquake,8.29,93.982,"Nicobar Islands, India region",4.9,,,,earthquakes,2004.0,12.0
usp000dbhz,2004-12-26 09:13:54.710000+00:00,Earthquake,Earthquake,7.309,92.186,"Nicobar Islands, India region",5.2,,,,earthquakes,2004.0,12.0
usp000dbj1,2004-12-26 09:20:01.610000+00:00,Earthquake,Earthquake,8.879,92.375,"Nicobar Islands, India region",6.6,,,,earthquakes,2004.0,12.0
usp000dbj4,2004-12-26 09:36:39.270000+00:00,Earthquake,Earthquake,9.351,91.861,"273 km SSW of Port Blair, India",4.6,,,,earthquakes,2004.0,12.0
usp000dbj5,2004-12-26 09:38:39.350000+00:00,Earthquake,Earthquake,8.964,92.327,"Nicobar Islands, India region",4.9,,,,earthquakes,2004.0,12.0
usp000dbjb,2004-12-26 09:58:47.130000+00:00,Earthquake,Earthquake,9.257,93.675,"285 km SSE of Port Blair, India",4.6,,,,earthquakes,2004.0,12.0
usp000dbjc,2004-12-26 10:02:07.760000+00:00,Earthquake,Earthquake,7.652,92.787,"Nicobar Islands, India region",4.8,,,,earthquakes,2004.0,12.0
usp000dbje,2004-12-26 10:12:10.150000+00:00,Earthquake,Earthquake,10.253,94.305,"231 km SE of Port Blair, India",5.1,,,,earthquakes,2004.0,12.0
usp000dbjf,2004-12-26 10:18:13.790000+00:00,Earthquake,Earthquake,8.857,93.738,"Nicobar Islands, India region",5.5,,,,earthquakes,2004.0,12.0
usp000dbjg,2004-12-26 10:19:31.730000+00:00,Earthquake,Earthquake,13.462,92.738,"194 km N of Bamboo Flat, India",6.3,,,,earthquakes,2004.0,12.0
usp000dbjk,2004-12-26 10:33:05.160000+00:00,Earthquake,Earthquake,8.7,92.62,"Nicobar Islands, India region",5.4,,,,earthquakes,2004.0,12.0
usp000dbjp,2004-12-26 10:51:19.820000+00:00,Earthquake,Earthquake,7.633,92.314,"Nicobar Islands, India region",5.5,,,,earthquakes,2004.0,12.0
usp000dbjq,2004-12-26 10:53:58.420000+00:00,Earthquake,Earthquake,10.19,93.677,"192 km SSE of Port Blair, India",5.3,,,,earthquakes,2004.0,12.0
usp000dbjs,2004-12-26 10:56:02.590000+00:00,Earthquake,Earthquake,10.07,93.834,"212 km SE of Port Blair, India",5.5,,,,earthquakes,2004.0,12.0
usp000dbju,2004-12-26 10:57:38.360000+00:00,Earthquake,Earthquake,12.448,92.439,"88 km NNW of Bamboo Flat, India",5.4,,,,earthquakes,2004.0,12.0
usp000dbjv,2004-12-26 11:03:53.290000+00:00,Earthquake,Earthquake,11.097,93.949,"145 km ESE of Port Blair, India",4.8,,,,earthquakes,2004.0,12.0
usp000dbjw,2004-12-26 11:05:00.720000+00:00,Earthquake,Earthquake,13.533,92.84,"203 km N of Bamboo Flat, India",6.2,,,,earthquakes,2004.0,12.0
usp000dbk1,2004-12-26 12:09:42.460000+00:00,Earthquake,Earthquake,12.188,92.6,"55 km NNW of Bamboo Flat, India",5.4,,,,earthquakes,2004.0,12.0
usp000dbk2,2004-12-26 12:11:57.660000+00:00,Earthquake,Earthquake,11.57,92.41,"36 km WSW of Bamboo Flat, India",5.4,,,,earthquakes,2004.0,12.0
usp000dbk9,2004-12-26 12:51:52.620000+00:00,Earthquake,Earthquake,6.966,92.612,"Nicobar Islands, India region",4.7,,,,earthquakes,2004.0,12.0
usp000dbka,2004-12-26 12:52:45.760000+00:00,Earthquake,Earthquake,10.428,93.909,"186 km SE of Port Blair, India",5.1,,,,earthquakes,2004.0,12.0
usp000dbkd,2004-12-26 13:16:45.980000+00:00,Earthquake,Earthquake,12.887,92.97,"134 km NNE of Bamboo Flat, India",4.7,,,,earthquakes,2004.0,12.0
usp000dbkm,2004-12-26 14:14:18.030000+00:00,Earthquake,Earthquake,13.496,92.923,"199 km N of Bamboo Flat, India",5.0,,,,earthquakes,2004.0,12.0
usp000dbkn,2004-12-26 14:39:07.370000+00:00,Earthquake,Earthquake,8.298,92.357,"Nicobar Islands, India region",5.1,,,,earthquakes,2004.0,12.0
usp000dbkp,2004-12-26 14:40:30.410000+00:00,Earthquake,Earthquake,11.465,92.184,"63 km WSW of Bamboo Flat, India",5.3,,,,earthquakes,2004.0,12.0
usp000dbkr,2004-12-26 14:48:44.260000+00:00,Earthquake,Earthquake,13.59,92.91,"210 km N of Bamboo Flat, India",5.7,,,,earthquakes,2004.0,12.0
usp000dbkz,2004-12-26 15:23:08+00:00,Earthquake,Earthquake,10.568,92.718,"121 km S of Port Blair, India",4.6,,,,earthquakes,2004.0,12.0
usp000dbm2,2004-12-26 15:29:04.990000+00:00,Earthquake,Earthquake,7.376,92.979,"Nicobar Islands, India region",4.3,,,,earthquakes,2004.0,12.0
usp000dbm3,2004-12-26 15:34:27.390000+00:00,Earthquake,Earthquake,7.659,91.681,"Nicobar Islands, India region",4.3,,,,earthquakes,2004.0,12.0
usp000dbm9,2004-12-26 15:41:57.080000+00:00,Earthquake,Earthquake,11.957,92.167,"66 km WNW of Bamboo Flat, India",4.4,,,,earthquakes,2004.0,12.0
usp000dbmc,2004-12-26 15:54:20.190000+00:00,Earthquake,Earthquake,10.892,91.789,"135 km SW of Bamboo Flat, India",4.1,,,,earthquakes,2004.0,12.0
usp000dbmd,2004-12-26 15:56:47.760000+00:00,Earthquake,Earthquake,13.957,93.216,"255 km NNE of Bamboo Flat, India",4.4,,,,earthquakes,2004.0,12.0
usp000dbme,2004-12-26 15:59:23.390000+00:00,Earthquake,Earthquake,7.236,92.481,"Nicobar Islands, India region",4.4,,,,earthquakes,2004.0,12.0
usp000dbmh,2004-12-26 16:12:53.010000+00:00,Earthquake,Earthquake,13.937,93.31,"Andaman Islands, India region",4.8,,,,earthquakes,2004.0,12.0
usp000dbmm,2004-12-26 16:27:09.130000+00:00,Earthquake,Earthquake,7.864,92.724,"Nicobar Islands, India region",4.7,,,,earthquakes,2004.0,12.0
usp000dbmn,2004-12-26 16:37:47.640000+00:00,Earthquake,Earthquake,9.059,93.45,"298 km SSE of Port Blair, India",4.6,,,,earthquakes,2004.0,12.0
usp000dbmp,2004-12-26 16:43:15.030000+00:00,Earthquake,Earthquake,9.063,92.62,"288 km S of Port Blair, India",4.6,,,,earthquakes,2004.0,12.0
usp000dbmq,2004-12-26 16:44:19.830000+00:00,Earthquake,Earthquake,13.632,92.748,"213 km N of Bamboo Flat, India",4.4,,,,earthquakes,2004.0,12.0
usp000dbmu,2004-12-26 17:07:20.680000+00:00,Earthquake,Earthquake,9.125,93.866,"Nicobar Islands, India region",4.7,,,,earthquakes,2004.0,12.0
usp000dbmz,2004-12-26 17:30:24.530000+00:00,Earthquake,Earthquake,8.523,93.729,"Nicobar Islands, India region",4.6,,,,earthquakes,2004.0,12.0
usp000dbn2,2004-12-26 17:44:52.770000+00:00,Earthquake,Earthquake,8.93,93.974,"Nicobar Islands, India region",5.2,,,,earthquakes,2004.0,12.0
usp000dbn3,2004-12-26 17:50:12.590000+00:00,Earthquake,Earthquake,13.599,92.852,"210 km N of Bamboo Flat, India",5.0,,,,earthquakes,2004.0,12.0
usp000dbn5,2004-12-26 17:56:35.840000+00:00,Earthquake,Earthquake,12.861,92.484,"130 km N of Bamboo Flat, India",5.1,,,,earthquakes,2004.0,12.0
usp000dbn6,2004-12-26 17:59:00.460000+00:00,Earthquake,Earthquake,8.309,93.952,"Nicobar Islands, India region",4.8,,,,earthquakes,2004.0,12.0
usp000dbn7,2004-12-26 18:01:08.280000+00:00,Earthquake,Earthquake,9.131,93.818,"Nicobar Islands, India region",4.6,,,,earthquakes,2004.0,12.0
usp000dbn8,2004-12-26 18:10:43.160000+00:00,Earthquake,Earthquake,8.953,94.036,"Nicobar Islands, India region",5.0,,,,earthquakes,2004.0,12.0
usp000dbnb,2004-12-26 18:29:31.780000+00:00,Earthquake,Earthquake,8.058,92.198,"Nicobar Islands, India region",5.0,,,,earthquakes,2004.0,12.0
usp000dbne,2004-12-26 18:33:55.600000+00:00,Earthquake,Earthquake,9.425,93.658,"267 km SSE of Port Blair, India",5.1,,,,earthquakes,2004.0,12.0
usp000dbnf,2004-12-26 18:42:43.890000+00:00,Earthquake,Earthquake,13.71,92.953,"223 km N of Bamboo Flat, India",5.5,,,,earthquakes,2004.0,12.0
usp000dbnh,2004-12-26 18:55:46.100000+00:00,Earthquake,Earthquake,11.98,91.974,"86 km WNW of Bamboo Flat, India",4.9,,,,earthquakes,2004.0,12.0
usp000dbnr,2004-12-26 19:29:47.390000+00:00,Earthquake,Earthquake,12.475,92.602,"86 km N of Bamboo Flat, India",4.4,,,,earthquakes,2004.0,12.0
usp000dbnt,2004-12-26 19:49:28.020000+00:00,Earthquake,Earthquake,8.562,92.542,"Nicobar Islands, India region",4.4,,,,earthquakes,2004.0,12.0
usp000dbnv,2004-12-26 19:55:14.930000+00:00,Earthquake,Earthquake,11.623,92.32,"44 km W of Bamboo Flat, India",4.7,,,,earthquakes,2004.0,12.0
usp000dbnx,2004-12-26 20:01:14.250000+00:00,Earthquake,Earthquake,10.299,93.74,"186 km SE of Port Blair, India",4.6,,,,earthquakes,2004.0,12.0
usp000dbny,2004-12-26 20:02:25.150000+00:00,Earthquake,Earthquake,7.461,92.667,"Nicobar Islands, India region",4.4,,,,earthquakes,2004.0,12.0
usp000dbp1,2004-12-26 20:11:58.110000+00:00,Earthquake,Earthquake,10.869,92.617,"89 km S of Port Blair, India",4.2,,,,earthquakes,2004.0,12.0
usp000dbp5,2004-12-26 20:24:16.750000+00:00,Earthquake,Earthquake,10.245,93.616,"183 km SSE of Port Blair, India",4.7,,,,earthquakes,2004.0,12.0
usp000dbp6,2004-12-26 20:29:57.820000+00:00,Earthquake,Earthquake,8.936,93.592,"Nicobar Islands, India region",4.4,,,,earthquakes,2004.0,12.0
usp000dbp8,2004-12-26 20:37:09.700000+00:00,Earthquake,Earthquake,12.961,92.361,"144 km NNW of Bamboo Flat, India",4.2,,,,earthquakes,2004.0,12.0
usp000dbpp,2004-12-26 21:19:55.550000+00:00,Earthquake,Earthquake,8.081,92.09,"Nicobar Islands, India region",4.4,,,,earthquakes,2004.0,12.0
usp000dbpq,2004-12-26 21:20:42.310000+00:00,Earthquake,Earthquake,8.581,92.141,"Nicobar Islands, India region",4.9,,,,earthquakes,2004.0,12.0
usp000dbpu,2004-12-26 21:26:08.320000+00:00,Earthquake,Earthquake,13.81,93.196,"239 km NNE of Bamboo Flat, India",4.6,,,,earthquakes,2004.0,12.0
usp000dbpv,2004-12-26 21:33:12.380000+00:00,Earthquake,Earthquake,8.808,92.47,"Nicobar Islands, India region",4.6,,,,earthquakes,2004.0,12.0
usp000dbpy,2004-12-26 21:36:42.410000+00:00,Earthquake,Earthquake,8.285,92.652,"Nicobar Islands, India region",4.4,,,,earthquakes,2004.0,12.0
usp000dbpz,2004-12-26 21:39:35.310000+00:00,Earthquake,Earthquake,12.757,92.538,"118 km N of Bamboo Flat, India",4.2,,,,earthquakes,2004.0,12.0
usp000dbq0,2004-12-26 21:43:57.760000+00:00,Earthquake,Earthquake,6.494,94.293,"Nicobar Islands, India region",4.3,,,,earthquakes,2004.0,12.0
usp000dbq1,2004-12-26 21:44:38.220000+00:00,Earthquake,Earthquake,7.035,92.556,"Nicobar Islands, India region",4.8,,,,earthquakes,2004.0,12.0
usp000dbq2,2004-12-26 21:51:02.420000+00:00,Earthquake,Earthquake,6.828,92.688,"Nicobar Islands, India region",4.3,,,,earthquakes,2004.0,12.0
usp000dbq4,2004-12-26 21:55:10.900000+00:00,Earthquake,Earthquake,10.731,91.543,"167 km SW of Bamboo Flat, India",4.5,,,,earthquakes,2004.0,12.0
usp000dbq9,2004-12-26 22:15:06.470000+00:00,Earthquake,Earthquake,8.125,93.771,"Nicobar Islands, India region",4.1,,,,earthquakes,2004.0,12.0
usp000dbqb,2004-12-26 22:19:20.880000+00:00,Earthquake,Earthquake,8.277,92.214,"Nicobar Islands, India region",4.1,,,,earthquakes,2004.0,12.0
usp000dbqd,2004-12-26 22:21:04.650000+00:00,Earthquake,Earthquake,8.875,94.186,"Nicobar Islands, India region",4.5,,,,earthquakes,2004.0,12.0
usp000dbqe,2004-12-26 22:22:05.090000+00:00,Earthquake,Earthquake,8.607,92.144,"Nicobar Islands, India region",4.4,,,,earthquakes,2004.0,12.0
usp000dbqm,2004-12-26 22:39:20.650000+00:00,Earthquake,Earthquake,8.035,92.317,"Nicobar Islands, India region",4.6,,,,earthquakes,2004.0,12.0
usp000dbqn,2004-12-26 22:39:25.830000+00:00,Earthquake,Earthquake,6.961,92.515,"Nicobar Islands, India region",4.6,,,,earthquakes,2004.0,12.0
usp000dbqq,2004-12-26 22:45:04.480000+00:00,Earthquake,Earthquake,12.223,92.697,"57 km N of Bamboo Flat, India",4.3,,,,earthquakes,2004.0,12.0
usp000dbqr,2004-12-26 22:46:11.060000+00:00,Earthquake,Earthquake,8.991,92.51,"297 km S of Port Blair, India",4.9,,,,earthquakes,2004.0,12.0
usp000dbqx,2004-12-26 23:04:26.650000+00:00,Earthquake,Earthquake,9.294,91.969,"275 km SSW of Port Blair, India",5.1,,,,earthquakes,2004.0,12.0
usp000dbqz,2004-12-26 23:11:27.090000+00:00,Earthquake,Earthquake,8.436,93.576,"Nicobar Islands, India region",4.3,,,,earthquakes,2004.0,12.0
usp000dbr2,2004-12-26 23:21:49.430000+00:00,Earthquake,Earthquake,8.703,93.323,"Nicobar Islands, India region",4.2,,,,earthquakes,2004.0,12.0
usp000dbr3,2004-12-26 23:22:02.490000+00:00,Earthquake,Earthquake,8.318,93.667,"Nicobar Islands, India region",4.2,,,,earthquakes,2004.0,12.0
usp000dbr4,2004-12-26 23:23:33.140000+00:00,Earthquake,Earthquake,11.789,92.868,"18 km NE of Port Blair, India",4.4,,,,earthquakes,2004.0,12.0
usp000dbr5,2004-12-26 23:29:09.240000+00:00,Earthquake,Earthquake,8.874,92.295,"Nicobar Islands, India region",4.4,,,,earthquakes,2004.0,12.0
usp000dbr6,2004-12-26 23:31:45.580000+00:00,Earthquake,Earthquake,9.02,92.375,"295 km S of Port Blair, India",4.8,,,,earthquakes,2004.0,12.0
usp000dbrd,2004-12-26 23:55:08.020000+00:00,Earthquake,Earthquake,8.192,92.16,"Nicobar Islands, India region",4.2,,,,earthquakes,2004.0,12.0
usp000dbrr,2004-12-27 00:21:07.220000+00:00,Earthquake,Earthquake,8.058,93.196,"Nicobar Islands, India region",4.4,,,,earthquakes,2004.0,12.0
usp000dbry,2004-12-27 00:36:09.380000+00:00,Earthquake,Earthquake,8.472,92.394,"Nicobar Islands, India region",5.5,,,,earthquakes,2004.0,12.0
usp000dbrz,2004-12-27 00:39:44.620000+00:00,Earthquake,Earthquake,9.088,93.663,"Nicobar Islands, India region",5.4,,,,earthquakes,2004.0,12.0
usp000dbs0,2004-12-27 00:49:28.590000+00:00,Earthquake,Earthquake,12.982,92.395,"146 km NNW of Bamboo Flat, India",5.8,,,,earthquakes,2004.0,12.0
usp000dbs1,2004-12-27 01:04:51.040000+00:00,Earthquake,Earthquake,8.668,93.75,"Nicobar Islands, India region",4.7,,,,earthquakes,2004.0,12.0
usp000dbs5,2004-12-27 01:23:11.530000+00:00,Earthquake,Earthquake,13.174,93.126,"169 km NNE of Bamboo Flat, India",4.8,,,,earthquakes,2004.0,12.0
usp000dbs6,2004-12-27 01:29:16.290000+00:00,Earthquake,Earthquake,13.248,92.587,"171 km N of Bamboo Flat, India",4.3,,,,earthquakes,2004.0,12.0
usp000dbs8,2004-12-27 01:34:04.580000+00:00,Earthquake,Earthquake,13.374,93.453,"201 km NNE of Bamboo Flat, India",4.5,,,,earthquakes,2004.0,12.0
usp000dbs9,2004-12-27 01:38:21.820000+00:00,Earthquake,Earthquake,6.755,92.583,"Nicobar Islands, India region",5.0,,,,earthquakes,2004.0,12.0
usp000dbsa,2004-12-27 01:43:06.780000+00:00,Earthquake,Earthquake,13.63,93.661,"236 km NNE of Bamboo Flat, India",4.3,,,,earthquakes,2004.0,12.0
usp000dbsc,2004-12-27 01:46:02.100000+00:00,Earthquake,Earthquake,13.852,93.3,"246 km NNE of Bamboo Flat, India",4.6,,,,earthquakes,2004.0,12.0
usp000dbse,2004-12-27 01:53:40.840000+00:00,Earthquake,Earthquake,12.902,92.434,"136 km NNW of Bamboo Flat, India",4.5,,,,earthquakes,2004.0,12.0
usp000dbsh,2004-12-27 02:10:07.770000+00:00,Earthquake,Earthquake,13.717,93.119,"227 km N of Bamboo Flat, India",4.4,,,,earthquakes,2004.0,12.0
usp000dbsj,2004-12-27 02:17:43.140000+00:00,Earthquake,Earthquake,7.953,92.666,"Nicobar Islands, India region",4.5,,,,earthquakes,2004.0,12.0
usp000dbsm,2004-12-27 02:23:43.170000+00:00,Earthquake,Earthquake,8.407,93.598,"Nicobar Islands, India region",4.6,,,,earthquakes,2004.0,12.0
usp000dbss,2004-12-27 02:37:51.450000+00:00,Earthquake,Earthquake,13.71,93.353,"232 km NNE of Bamboo Flat, India",4.2,,,,earthquakes,2004.0,12.0
usp000dbsu,2004-12-27 02:48:36.500000+00:00,Earthquake,Earthquake,6.166,92.44,"Nicobar Islands, India region",4.2,,,,earthquakes,2004.0,12.0
usp000dbsz,2004-12-27 03:13:33.710000+00:00,Earthquake,Earthquake,9.384,93.011,"254 km S of Port Blair, India",4.8,,,,earthquakes,2004.0,12.0
usp000dbt3,2004-12-27 03:37:41.960000+00:00,Earthquake,Earthquake,7.692,92.283,"Nicobar Islands, India region",4.6,,,,earthquakes,2004.0,12.0
usp000dbt5,2004-12-27 03:50:31+00:00,Earthquake,Earthquake,11.485,92.729,"20 km S of Port Blair, India",4.4,,,,earthquakes,2004.0,12.0
usp000dbt6,2004-12-27 03:51:14.030000+00:00,Earthquake,Earthquake,9.459,91.702,"269 km SSW of Port Blair, India",4.5,,,,earthquakes,2004.0,12.0
usp000dbt9,2004-12-27 04:14:36.440000+00:00,Earthquake,Earthquake,8.394,92.005,"Nicobar Islands, India region",4.5,,,,earthquakes,2004.0,12.0
usp000dbtc,2004-12-27 04:25:28.280000+00:00,Earthquake,Earthquake,9.392,92.942,"252 km S of Port Blair, India",4.4,,,,earthquakes,2004.0,12.0
usp000dbtd,2004-12-27 04:26:08.750000+00:00,Earthquake,Earthquake,6.829,92.596,"Nicobar Islands, India region",5.0,,,,earthquakes,2004.0,12.0
usp000dbte,2004-12-27 04:29:36.760000+00:00,Earthquake,Earthquake,12.36,92.486,"77 km NNW of Bamboo Flat, India",4.6,,,,earthquakes,2004.0,12.0
usp000dbtf,2004-12-27 04:40:48.760000+00:00,Earthquake,Earthquake,6.872,92.561,"Nicobar Islands, India region",4.7,,,,earthquakes,2004.0,12.0
usp000dbth,2004-12-27 04:50:57.250000+00:00,Earthquake,Earthquake,13.043,92.699,"148 km N of Bamboo Flat, India",4.8,,,,earthquakes,2004.0,12.0
usp000dbtk,2004-12-27 05:09:19.520000+00:00,Earthquake,Earthquake,6.803,92.562,"Nicobar Islands, India region",4.5,,,,earthquakes,2004.0,12.0
usp000dbtn,2004-12-27 05:16:34.680000+00:00,Earthquake,Earthquake,14.024,93.074,"260 km N of Bamboo Flat, India",4.6,,,,earthquakes,2004.0,12.0
usp000dbtq,2004-12-27 05:28:44.580000+00:00,Earthquake,Earthquake,8.64,93.663,"Nicobar Islands, India region",4.6,,,,earthquakes,2004.0,12.0
usp000dbtr,2004-12-27 05:44:18.760000+00:00,Earthquake,Earthquake,10.192,93.617,"188 km SSE of Port Blair, India",4.4,,,,earthquakes,2004.0,12.0
usp000dbtu,2004-12-27 05:50:11.990000+00:00,Earthquake,Earthquake,8.021,92.101,"Nicobar Islands, India region",5.2,,,,earthquakes,2004.0,12.0
usp000dbtv,2004-12-27 05:57:31.080000+00:00,Earthquake,Earthquake,7.992,92.063,"Nicobar Islands, India region",4.7,,,,earthquakes,2004.0,12.0
usp000dbtx,2004-12-27 06:01:52.240000+00:00,Earthquake,Earthquake,7.94,93.483,"Nicobar Islands, India region",5.0,,,,earthquakes,2004.0,12.0
usp000dbu1,2004-12-27 06:40:42.920000+00:00,Earthquake,Earthquake,8.968,93.746,"Nicobar Islands, India region",4.8,,,,earthquakes,2004.0,12.0
usp000dbu3,2004-12-27 06:48:24.840000+00:00,Earthquake,Earthquake,6.923,92.208,"Nicobar Islands, India region",4.5,,,,earthquakes,2004.0,12.0
usp000dbu4,2004-12-27 06:50:31.050000+00:00,Earthquake,Earthquake,6.962,92.528,"Nicobar Islands, India region",4.2,,,,earthquakes,2004.0,12.0
usp000dbu5,2004-12-27 06:54:10.220000+00:00,Earthquake,Earthquake,12.94,93.068,"142 km NNE of Bamboo Flat, India",4.4,,,,earthquakes,2004.0,12.0
usp000dbu6,2004-12-27 06:55:06.950000+00:00,Earthquake,Earthquake,12.206,92.65,"56 km N of Bamboo Flat, India",4.4,,,,earthquakes,2004.0,12.0
usp000dbua,2004-12-27 07:15:05.050000+00:00,Earthquake,Earthquake,11.354,92.114,"76 km WSW of Bamboo Flat, India",4.7,,,,earthquakes,2004.0,12.0
usp000dbub,2004-12-27 07:32:38.840000+00:00,Earthquake,Earthquake,12.352,92.503,"75 km NNW of Bamboo Flat, India",4.5,,,,earthquakes,2004.0,12.0
usp000dbug,2004-12-27 08:20:11.260000+00:00,Earthquake,Earthquake,11.694,92.313,"44 km W of Bamboo Flat, India",4.6,,,,earthquakes,2004.0,12.0
usp000dbus,2004-12-27 09:09:14.610000+00:00,Earthquake,Earthquake,8.357,93.424,"Nicobar Islands, India region",4.4,,,,earthquakes,2004.0,12.0
usp000dbuv,2004-12-27 09:24:07.750000+00:00,Earthquake,Earthquake,13.252,93.166,"178 km NNE of Bamboo Flat, India",4.4,,,,earthquakes,2004.0,12.0
usp000dbux,2004-12-27 09:33:21.780000+00:00,Earthquake,Earthquake,9.296,93.685,"281 km SSE of Port Blair, India",4.4,,,,earthquakes,2004.0,12.0
usp000dbuy,2004-12-27 09:37:25.030000+00:00,Earthquake,Earthquake,7.584,92.667,"Nicobar Islands, India region",4.7,,,,earthquakes,2004.0,12.0
usp000dbv0,2004-12-27 09:57:52.730000+00:00,Earthquake,Earthquake,7.706,92.645,"Nicobar Islands, India region",5.7,,,,earthquakes,2004.0,12.0
usp000dbv1,2004-12-27 10:01:41.570000+00:00,Earthquake,Earthquake,7.512,92.645,"Nicobar Islands, India region",5.0,,,,earthquakes,2004.0,12.0
usp000dbv4,2004-12-27 10:28:10.470000+00:00,Earthquake,Earthquake,8.248,93.805,"Nicobar Islands, India region",4.5,,,,earthquakes,2004.0,12.0
usp000dbv9,2004-12-27 10:46:38.970000+00:00,Earthquake,Earthquake,13.681,93.039,"221 km N of Bamboo Flat, India",5.4,,,,earthquakes,2004.0,12.0
usp000dbva,2004-12-27 10:46:47.700000+00:00,Earthquake,Earthquake,13.657,93.05,"219 km N of Bamboo Flat, India",5.3,,,,earthquakes,2004.0,12.0
usp000dbve,2004-12-27 11:01:18.570000+00:00,Earthquake,Earthquake,8.776,93.46,"Nicobar Islands, India region",4.6,,,,earthquakes,2004.0,12.0
usp000dbvg,2004-12-27 11:06:47.430000+00:00,Earthquake,Earthquake,10.794,92.645,"97 km S of Port Blair, India",4.4,,,,earthquakes,2004.0,12.0
usp000dbvp,2004-12-27 11:30:43.630000+00:00,Earthquake,Earthquake,7.547,92.425,"Nicobar Islands, India region",4.7,,,,earthquakes,2004.0,12.0
usp000dbvq,2004-12-27 11:38:52.780000+00:00,Earthquake,Earthquake,10.938,91.473,"159 km WSW of Bamboo Flat, India",4.4,,,,earthquakes,2004.0,12.0
usp000dbvu,2004-12-27 11:57:55.490000+00:00,Earthquake,Earthquake,8.075,92.296,"Nicobar Islands, India region",5.1,,,,earthquakes,2004.0,12.0
usp000dbvw,2004-12-27 12:08:26.950000+00:00,Earthquake,Earthquake,7.507,92.292,"Nicobar Islands, India region",4.0,,,,earthquakes,2004.0,12.0
usp000dbvx,2004-12-27 12:13:59.570000+00:00,Earthquake,Earthquake,12.805,92.684,"122 km N of Bamboo Flat, India",5.0,,,,earthquakes,2004.0,12.0
usp000dbvy,2004-12-27 12:22:51.360000+00:00,Earthquake,Earthquake,9.545,93.186,"239 km SSE of Port Blair, India",4.5,,,,earthquakes,2004.0,12.0
usp000dbw0,2004-12-27 12:33:44.300000+00:00,Earthquake,Earthquake,13.59,93.053,"212 km N of Bamboo Flat, India",4.2,,,,earthquakes,2004.0,12.0
usp000dbw3,2004-12-27 12:45:11.230000+00:00,Earthquake,Earthquake,8.889,92.222,"Nicobar Islands, India region",4.4,,,,earthquakes,2004.0,12.0
usp000dbw4,2004-12-27 12:48:18.010000+00:00,Earthquake,Earthquake,8.576,93.842,"Nicobar Islands, India region",4.9,,,,earthquakes,2004.0,12.0
usp000dbw6,2004-12-27 12:58:01.220000+00:00,Earthquake,Earthquake,7.292,92.519,"Nicobar Islands, India region",4.7,,,,earthquakes,2004.0,12.0
usp000dbwd,2004-12-27 13:38:54.560000+00:00,Earthquake,Earthquake,12.822,92.485,"126 km NNW of Bamboo Flat, India",4.5,,,,earthquakes,2004.0,12.0
usp000dbwf,2004-12-27 13:44:13.350000+00:00,Earthquake,Earthquake,5.934,92.053,off the west coast of northern Sumatra,4.1,,,,earthquakes,2004.0,12.0
usp000dbwj,2004-12-27 13:55:20.560000+00:00,Earthquake,Earthquake,7.856,91.784,"Nicobar Islands, India region",4.3,,,,earthquakes,2004.0,12.0
usp000dbwn,2004-12-27 14:05:12.150000+00:00,Earthquake,Earthquake,8.068,91.971,"Nicobar Islands, India region",4.2,,,,earthquakes,2004.0,12.0
usp000dbwp,2004-12-27 14:06:47.250000+00:00,Earthquake,Earthquake,8.28,92.896,"Nicobar Islands, India region",4.4,,,,earthquakes,2004.0,12.0
usp000dbwr,2004-12-27 14:13:44.190000+00:00,Earthquake,Earthquake,8.645,93.517,"Nicobar Islands, India region",4.3,,,,earthquakes,2004.0,12.0
usp000dbws,2004-12-27 14:20:53.870000+00:00,Earthquake,Earthquake,8.096,92.715,"Nicobar Islands, India region",4.8,,,,earthquakes,2004.0,12.0
usp000dbwt,2004-12-27 14:29:10.580000+00:00,Earthquake,Earthquake,12.232,92.46,"65 km NNW of Bamboo Flat, India",4.5,,,,earthquakes,2004.0,12.0
usp000dbwu,2004-12-27 14:30:32.330000+00:00,Earthquake,Earthquake,8.546,93.873,"Nicobar Islands, India region",5.2,,,,earthquakes,2004.0,12.0
usp000dbww,2004-12-27 14:37:23.150000+00:00,Earthquake,Earthquake,13.066,93.219,"160 km NNE of Bamboo Flat, India",4.3,,,,earthquakes,2004.0,12.0
usp000dbwx,2004-12-27 14:43:48.510000+00:00,Earthquake,Earthquake,13.11,92.724,"155 km N of Bamboo Flat, India",4.5,,,,earthquakes,2004.0,12.0
usp000dbwy,2004-12-27 14:46:46.490000+00:00,Earthquake,Earthquake,12.35,92.469,"76 km NNW of Bamboo Flat, India",5.6,,,,earthquakes,2004.0,12.0
usp000dbwz,2004-12-27 14:59:00.160000+00:00,Earthquake,Earthquake,9.212,93.443,"281 km SSE of Port Blair, India",4.4,,,,earthquakes,2004.0,12.0
usp000dbx2,2004-12-27 15:20:33.640000+00:00,Earthquake,Earthquake,10.592,93.588,"150 km SE of Port Blair, India",5.2,,,,earthquakes,2004.0,12.0
usp000dbx4,2004-12-27 15:30:39.050000+00:00,Earthquake,Earthquake,6.568,92.635,"Nicobar Islands, India region",4.1,,,,earthquakes,2004.0,12.0
usp000dbx5,2004-12-27 15:41:01.600000+00:00,Earthquake,Earthquake,10.465,92.829,"133 km S of Port Blair, India",4.8,,,,earthquakes,2004.0,12.0
usp000dbx7,2004-12-27 15:49:32.870000+00:00,Earthquake,Earthquake,7.223,92.278,"Nicobar Islands, India region",4.6,,,,earthquakes,2004.0,12.0
usp000dbx8,2004-12-27 15:57:24.780000+00:00,Earthquake,Earthquake,9.158,93.343,"285 km SSE of Port Blair, India",4.3,,,,earthquakes,2004.0,12.0
usp000dbxb,2004-12-27 16:13:58.250000+00:00,Earthquake,Earthquake,8.671,91.407,"Nicobar Islands, India region",4.5,,,,earthquakes,2004.0,12.0
usp000dbxd,2004-12-27 16:22:44.190000+00:00,Earthquake,Earthquake,9.208,93.476,"283 km SSE of Port Blair, India",4.5,,,,earthquakes,2004.0,12.0
usp000dbxe,2004-12-27 16:25:21.040000+00:00,Earthquake,Earthquake,8.416,94.199,"Nicobar Islands, India region",4.1,,,,earthquakes,2004.0,12.0
usp000dbxg,2004-12-27 16:28:15.620000+00:00,Earthquake,Earthquake,8.61,92.169,"Nicobar Islands, India region",4.5,,,,earthquakes,2004.0,12.0
usp000dbxj,2004-12-27 16:33:55.350000+00:00,Earthquake,Earthquake,8.454,92.145,"Nicobar Islands, India region",4.8,,,,earthquakes,2004.0,12.0
usp000dbxv,2004-12-27 17:08:59.800000+00:00,Earthquake,Earthquake,10.337,93.143,"153 km SSE of Port Blair, India",4.3,,,,earthquakes,2004.0,12.0
usp000dbxw,2004-12-27 17:13:11.620000+00:00,Earthquake,Earthquake,13.234,92.391,"173 km NNW of Bamboo Flat, India",4.2,,,,earthquakes,2004.0,12.0
usp000dbxz,2004-12-27 17:23:40.310000+00:00,Earthquake,Earthquake,13.598,92.789,"210 km N of Bamboo Flat, India",4.1,,,,earthquakes,2004.0,12.0
usp000dby0,2004-12-27 17:27:24.790000+00:00,Earthquake,Earthquake,11.279,92.546,"48 km SSW of Port Blair, India",4.0,,,,earthquakes,2004.0,12.0
usp000dby5,2004-12-27 17:42:33.470000+00:00,Earthquake,Earthquake,11.838,91.798,"101 km W of Bamboo Flat, India",4.9,,,,earthquakes,2004.0,12.0
usp000dby9,2004-12-27 17:52:38.580000+00:00,Earthquake,Earthquake,7.352,91.44,"Nicobar Islands, India region",4.1,,,,earthquakes,2004.0,12.0
usp000dbyg,2004-12-27 18:14:14.600000+00:00,Earthquake,Earthquake,7.706,93.005,"Nicobar Islands, India region",4.4,,,,earthquakes,2004.0,12.0
usp000dbyh,2004-12-27 18:20:25.620000+00:00,Earthquake,Earthquake,8.007,91.89,"Nicobar Islands, India region",4.3,,,,earthquakes,2004.0,12.0
usp000dbyj,2004-12-27 18:24:05.780000+00:00,Earthquake,Earthquake,9.298,93.817,"286 km SSE of Port Blair, India",5.0,,,,earthquakes,2004.0,12.0
usp000dbyk,2004-12-27 18:31:04.850000+00:00,Earthquake,Earthquake,8.975,92.287,"Nicobar Islands, India region",4.5,,,,earthquakes,2004.0,12.0
usp000dbyr,2004-12-27 19:06:06.960000+00:00,Earthquake,Earthquake,8.801,92.195,"Nicobar Islands, India region",4.6,,,,earthquakes,2004.0,12.0
usp000dbyv,2004-12-27 19:13:18.850000+00:00,Earthquake,Earthquake,11.586,92.499,"26 km WSW of Bamboo Flat, India",5.5,,,,earthquakes,2004.0,12.0
usp000dbyw,2004-12-27 19:16:06.960000+00:00,Earthquake,Earthquake,11.489,92.494,"33 km SW of Bamboo Flat, India",5.1,,,,earthquakes,2004.0,12.0
usp000dbyx,2004-12-27 19:18:26.230000+00:00,Earthquake,Earthquake,8.971,92.36,"Nicobar Islands, India region",5.0,,,,earthquakes,2004.0,12.0
usp000dbyy,2004-12-27 19:26:58.120000+00:00,Earthquake,Earthquake,7.814,92.151,"Nicobar Islands, India region",5.2,,,,earthquakes,2004.0,12.0
usp000dbyz,2004-12-27 19:28:38.630000+00:00,Earthquake,Earthquake,9.706,92.59,"217 km S of Port Blair, India",4.9,,,,earthquakes,2004.0,12.0
usp000dbz0,2004-12-27 19:28:52.280000+00:00,Earthquake,Earthquake,8.547,93.686,"Nicobar Islands, India region",5.3,,,,earthquakes,2004.0,12.0
usp000dbz4,2004-12-27 19:50:14.330000+00:00,Earthquake,Earthquake,6.696,92.699,"Nicobar Islands, India region",4.5,,,,earthquakes,2004.0,12.0
usp000dbz6,2004-12-27 20:05:33.700000+00:00,Earthquake,Earthquake,8.697,92.936,"Nicobar Islands, India region",4.4,,,,earthquakes,2004.0,12.0
usp000dbz7,2004-12-27 20:08:14.820000+00:00,Earthquake,Earthquake,13.491,92.8,"198 km N of Bamboo Flat, India",4.3,,,,earthquakes,2004.0,12.0
usp000dbz9,2004-12-27 20:16:50.080000+00:00,Earthquake,Earthquake,8.412,93.66,"Nicobar Islands, India region",4.8,,,,earthquakes,2004.0,12.0
usp000dbzb,2004-12-27 20:23:44.610000+00:00,Earthquake,Earthquake,7.064,91.786,"Nicobar Islands, India region",5.7,,,,earthquakes,2004.0,12.0
usp000dbzc,2004-12-27 20:31:18.930000+00:00,Earthquake,Earthquake,7.185,91.936,"Nicobar Islands, India region",4.5,,,,earthquakes,2004.0,12.0
usp000dbze,2004-12-27 20:36:18.800000+00:00,Earthquake,Earthquake,8.948,93.682,"Nicobar Islands, India region",5.3,,,,earthquakes,2004.0,12.0
usp000dbzg,2004-12-27 20:41:06.760000+00:00,Earthquake,Earthquake,9.089,93.856,"Nicobar Islands, India region",4.9,,,,earthquakes,2004.0,12.0
usp000dbzh,2004-12-27 20:41:45.570000+00:00,Earthquake,Earthquake,8.814,93.528,"Nicobar Islands, India region",4.6,,,,earthquakes,2004.0,12.0
usp000dbzj,2004-12-27 20:47:49.730000+00:00,Earthquake,Earthquake,8.277,93.528,"Nicobar Islands, India region",4.7,,,,earthquakes,2004.0,12.0
usp000dbzk,2004-12-27 20:49:59.840000+00:00,Earthquake,Earthquake,8.0,92.045,"Nicobar Islands, India region",4.7,,,,earthquakes,2004.0,12.0
usp000dbzm,2004-12-27 20:52:06.860000+00:00,Earthquake,Earthquake,7.225,92.791,"Nicobar Islands, India region",4.6,,,,earthquakes,2004.0,12.0
usp000dbzs,2004-12-27 21:17:22.400000+00:00,Earthquake,Earthquake,6.939,91.91,"Nicobar Islands, India region",4.3,,,,earthquakes,2004.0,12.0
usp000dbzv,2004-12-27 21:24:42.750000+00:00,Earthquake,Earthquake,13.55,92.943,"206 km N of Bamboo Flat, India",4.8,,,,earthquakes,2004.0,12.0
usp000dbzw,2004-12-27 21:29:50.820000+00:00,Earthquake,Earthquake,7.884,92.349,"Nicobar Islands, India region",4.2,,,,earthquakes,2004.0,12.0
usp000dbzx,2004-12-27 21:40:02.170000+00:00,Earthquake,Earthquake,9.006,92.023,"Nicobar Islands, India region",4.1,,,,earthquakes,2004.0,12.0
usp000dbzy,2004-12-27 21:42:06.930000+00:00,Earthquake,Earthquake,8.34,93.564,"Nicobar Islands, India region",4.3,,,,earthquakes,2004.0,12.0
usp000dbzz,2004-12-27 21:44:07.710000+00:00,Earthquake,Earthquake,8.578,93.699,"Nicobar Islands, India region",4.8,,,,earthquakes,2004.0,12.0
usp000dc00,2004-12-27 21:46:05.050000+00:00,Earthquake,Earthquake,8.344,93.972,"Nicobar Islands, India region",4.4,,,,earthquakes,2004.0,12.0
usp000dc01,2004-12-27 21:53:45.240000+00:00,Earthquake,Earthquake,8.941,93.876,"Nicobar Islands, India region",4.7,,,,earthquakes,2004.0,12.0
usp000dc04,2004-12-27 21:57:52.400000+00:00,Earthquake,Earthquake,9.16,93.403,"286 km SSE of Port Blair, India",4.1,,,,earthquakes,2004.0,12.0
usp000dc05,2004-12-27 22:02:39.300000+00:00,Earthquake,Earthquake,8.285,93.768,"Nicobar Islands, India region",4.5,,,,earthquakes,2004.0,12.0
usp000dc06,2004-12-27 22:02:46.960000+00:00,Earthquake,Earthquake,8.011,93.527,"Nicobar Islands, India region",4.9,,,,earthquakes,2004.0,12.0
usp000dc07,2004-12-27 22:03:01.220000+00:00,Earthquake,Earthquake,6.391,92.164,"Nicobar Islands, India region",5.2,,,,earthquakes,2004.0,12.0
usp000dc09,2004-12-27 22:10:21.020000+00:00,Earthquake,Earthquake,6.956,91.846,"Nicobar Islands, India region",4.4,,,,earthquakes,2004.0,12.0
usp000dc0b,2004-12-27 22:15:07.180000+00:00,Earthquake,Earthquake,8.454,93.524,"Nicobar Islands, India region",4.4,,,,earthquakes,2004.0,12.0
usp000dc0c,2004-12-27 22:19:41.610000+00:00,Earthquake,Earthquake,12.027,92.423,"48 km NW of Bamboo Flat, India",4.7,,,,earthquakes,2004.0,12.0
usp000dc0d,2004-12-27 22:33:12.160000+00:00,Earthquake,Earthquake,7.734,92.396,"Nicobar Islands, India region",4.1,,,,earthquakes,2004.0,12.0
usp000dc0f,2004-12-27 22:49:13.410000+00:00,Earthquake,Earthquake,13.583,92.889,"209 km N of Bamboo Flat, India",4.5,,,,earthquakes,2004.0,12.0
usp000dc0g,2004-12-27 22:58:10.500000+00:00,Earthquake,Earthquake,12.746,93.19,"126 km NNE of Bamboo Flat, India",4.6,,,,earthquakes,2004.0,12.0
usp000dc0h,2004-12-27 23:02:00.670000+00:00,Earthquake,Earthquake,9.8,93.702,"231 km SSE of Port Blair, India",4.9,,,,earthquakes,2004.0,12.0
usp000dc0r,2004-12-27 23:20:07.750000+00:00,Earthquake,Earthquake,9.779,92.985,"210 km S of Port Blair, India",5.0,,,,earthquakes,2004.0,12.0
usp000dc0x,2004-12-27 23:58:00.490000+00:00,Earthquake,Earthquake,7.994,91.89,"Nicobar Islands, India region",5.4,,,,earthquakes,2004.0,12.0
usp000dc0y,2004-12-28 00:04:48.640000+00:00,Earthquake,Earthquake,8.738,92.646,"Nicobar Islands, India region",5.1,,,,earthquakes,2004.0,12.0
usp000dc15,2004-12-28 02:05:14.850000+00:00,Earthquake,Earthquake,13.867,93.361,"249 km NNE of Bamboo Flat, India",4.8,,,,earthquakes,2004.0,12.0
usp000dc1d,2004-12-28 04:36:28.610000+00:00,Earthquake,Earthquake,13.863,93.412,"250 km NNE of Bamboo Flat, India",4.8,,,,earthquakes,2004.0,12.0
usp000dc1g,2004-12-28 05:36:12.940000+00:00,Earthquake,Earthquake,9.45,93.711,"266 km SSE of Port Blair, India",5.4,,,,earthquakes,2004.0,12.0
usp000dc1m,2004-12-28 07:20:59.330000+00:00,Earthquake,Earthquake,11.39,92.883,"33 km SSE of Port Blair, India",4.8,,,,earthquakes,2004.0,12.0
usp000dc1t,2004-12-28 10:51:47.310000+00:00,Earthquake,Earthquake,10.546,92.353,"131 km SSW of Port Blair, India",5.3,,,,earthquakes,2004.0,12.0
usp000dc23,2004-12-28 14:08:43.630000+00:00,Earthquake,Earthquake,10.419,93.023,"141 km SSE of Port Blair, India",5.2,,,,earthquakes,2004.0,12.0
usp000dc2g,2004-12-28 17:11:16.620000+00:00,Earthquake,Earthquake,9.937,93.801,"223 km SSE of Port Blair, India",5.4,,,,earthquakes,2004.0,12.0
usp000dc2h,2004-12-28 17:46:20.670000+00:00,Earthquake,Earthquake,8.296,92.265,"Nicobar Islands, India region",4.9,,,,earthquakes,2004.0,12.0
usp000dc2k,2004-12-28 19:55:11.770000+00:00,Earthquake,Earthquake,9.488,93.699,"262 km SSE of Port Blair, India",5.2,,,,earthquakes,2004.0,12.0
usp000dc2n,2004-12-28 20:41:55.900000+00:00,Earthquake,Earthquake,10.064,93.159,"182 km SSE of Port Blair, India",5.0,,,,earthquakes,2004.0,12.0
usp000dc2r,2004-12-28 20:58:33.840000+00:00,Earthquake,Earthquake,9.205,94.027,"Nicobar Islands, India region",4.7,,,,earthquakes,2004.0,12.0
usp000dc2v,2004-12-28 21:47:27.420000+00:00,Earthquake,Earthquake,8.955,93.77,"Nicobar Islands, India region",5.4,,,,earthquakes,2004.0,12.0
usp000dc2x,2004-12-28 22:16:54.640000+00:00,Earthquake,Earthquake,13.847,92.846,"237 km N of Bamboo Flat, India",5.1,,,,earthquakes,2004.0,12.0
usp000dc2z,2004-12-28 23:35:16.690000+00:00,Earthquake,Earthquake,9.081,93.457,"296 km SSE of Port Blair, India",4.9,,,,earthquakes,2004.0,12.0
usp000dc30,2004-12-28 23:39:59.420000+00:00,Earthquake,Earthquake,11.076,92.122,"94 km SW of Port Blair, India",5.0,,,,earthquakes,2004.0,12.0
usp000dc31,2004-12-28 23:46:35.150000+00:00,Earthquake,Earthquake,9.344,93.052,"259 km S of Port Blair, India",5.0,,,,earthquakes,2004.0,12.0
usp000dc34,2004-12-29 00:25:06.060000+00:00,Earthquake,Earthquake,13.528,93.092,"206 km NNE of Bamboo Flat, India",4.1,,,,earthquakes,2004.0,12.0
usp000dc35,2004-12-29 00:32:25.220000+00:00,Earthquake,Earthquake,8.943,93.634,"Nicobar Islands, India region",4.5,,,,earthquakes,2004.0,12.0
usp000dc36,2004-12-29 00:41:35.720000+00:00,Earthquake,Earthquake,13.33,93.167,"186 km NNE of Bamboo Flat, India",4.4,,,,earthquakes,2004.0,12.0
usp000dc39,2004-12-29 01:36:27.550000+00:00,Earthquake,Earthquake,10.063,93.28,"186 km SSE of Port Blair, India",4.7,,,,earthquakes,2004.0,12.0
usp000dc3a,2004-12-29 01:39:41.240000+00:00,Earthquake,Earthquake,8.378,93.156,"Nicobar Islands, India region",5.9,,,,earthquakes,2004.0,12.0
usp000dc3b,2004-12-29 01:50:52.570000+00:00,Earthquake,Earthquake,9.109,93.756,"Nicobar Islands, India region",6.1,,,,earthquakes,2004.0,12.0
usp000dc3c,2004-12-29 02:13:28.350000+00:00,Earthquake,Earthquake,13.3,92.66,"177 km N of Bamboo Flat, India",5.4,,,,earthquakes,2004.0,12.0
usp000dc3e,2004-12-29 03:44:01.990000+00:00,Earthquake,Earthquake,12.773,92.651,"118 km N of Bamboo Flat, India",4.5,,,,earthquakes,2004.0,12.0
usp000dc3k,2004-12-29 04:46:14+00:00,Earthquake,Earthquake,7.4,92.703,"Nicobar Islands, India region",4.7,,,,earthquakes,2004.0,12.0
usp000dc3p,2004-12-29 05:51:59.510000+00:00,Earthquake,Earthquake,9.12,93.747,"Nicobar Islands, India region",4.5,,,,earthquakes,2004.0,12.0
usp000dc3q,2004-12-29 05:56:47.540000+00:00,Earthquake,Earthquake,8.791,93.198,"Nicobar Islands, India region",6.2,,,,earthquakes,2004.0,12.0
usp000dc3r,2004-12-29 06:05:16.760000+00:00,Earthquake,Earthquake,8.822,93.088,"Nicobar Islands, India region",5.9,,,,earthquakes,2004.0,12.0
usp000dc3s,2004-12-29 06:19:05.790000+00:00,Earthquake,Earthquake,9.606,93.602,"246 km SSE of Port Blair, India",5.4,,,,earthquakes,2004.0,12.0
usp000dc3t,2004-12-29 06:28:49.180000+00:00,Earthquake,Earthquake,12.935,92.622,"137 km N of Bamboo Flat, India",4.6,,,,earthquakes,2004.0,12.0
usp000dc3u,2004-12-29 06:30:43.260000+00:00,Earthquake,Earthquake,13.236,92.691,"169 km N of Bamboo Flat, India",5.4,,,,earthquakes,2004.0,12.0
usp000dc3w,2004-12-29 06:35:44.440000+00:00,Earthquake,Earthquake,9.358,93.145,"259 km S of Port Blair, India",5.0,,,,earthquakes,2004.0,12.0
usp000dc43,2004-12-29 10:24:02.300000+00:00,Earthquake,Earthquake,8.885,92.397,"Nicobar Islands, India region",4.9,,,,earthquakes,2004.0,12.0
usp000dc47,2004-12-29 11:58:42.630000+00:00,Earthquake,Earthquake,13.745,93.13,"230 km NNE of Bamboo Flat, India",5.2,,,,earthquakes,2004.0,12.0
usp000dc4b,2004-12-29 12:32:05.540000+00:00,Earthquake,Earthquake,8.554,93.778,"Nicobar Islands, India region",4.1,,,,earthquakes,2004.0,12.0
usp000dc4d,2004-12-29 13:50:36.670000+00:00,Earthquake,Earthquake,8.796,93.82,"Nicobar Islands, India region",4.8,,,,earthquakes,2004.0,12.0
usp000dc4g,2004-12-29 14:34:02.290000+00:00,Earthquake,Earthquake,13.247,92.581,"171 km N of Bamboo Flat, India",4.8,,,,earthquakes,2004.0,12.0
usp000dc4n,2004-12-29 15:36:28.770000+00:00,Earthquake,Earthquake,11.33,92.209,"68 km SW of Bamboo Flat, India",4.8,,,,earthquakes,2004.0,12.0
usp000dc4w,2004-12-29 17:12:36.910000+00:00,Earthquake,Earthquake,10.327,93.693,"180 km SE of Port Blair, India",5.3,,,,earthquakes,2004.0,12.0
usp000dc4z,2004-12-29 17:51:58.440000+00:00,Earthquake,Earthquake,13.405,92.984,"190 km N of Bamboo Flat, India",4.3,,,,earthquakes,2004.0,12.0
usp000dc53,2004-12-29 18:35:51.630000+00:00,Earthquake,Earthquake,11.296,92.201,"71 km SW of Bamboo Flat, India",4.5,,,,earthquakes,2004.0,12.0
usp000dc58,2004-12-29 19:51:16.460000+00:00,Earthquake,Earthquake,9.184,93.626,"290 km SSE of Port Blair, India",4.6,,,,earthquakes,2004.0,12.0
usp000dc5j,2004-12-29 22:55:43.610000+00:00,Earthquake,Earthquake,7.666,93.79,"Nicobar Islands, India region",4.8,,,,earthquakes,2004.0,12.0
usp000dc5k,2004-12-29 23:08:40+00:00,Earthquake,Earthquake,8.369,93.675,"Nicobar Islands, India region",4.5,,,,earthquakes,2004.0,12.0
usp000dc5m,2004-12-29 23:14:05.970000+00:00,Earthquake,Earthquake,7.861,92.072,"Nicobar Islands, India region",5.2,,,,earthquakes,2004.0,12.0
usp000dc5n,2004-12-29 23:26:50.010000+00:00,Earthquake,Earthquake,9.046,94.102,"Nicobar Islands, India region",4.4,,,,earthquakes,2004.0,12.0
usp000dc65,2004-12-30 02:45:41.420000+00:00,Earthquake,Earthquake,9.003,92.669,"294 km S of Port Blair, India",4.6,,,,earthquakes,2004.0,12.0
usp000dc66,2004-12-30 03:00:56.740000+00:00,Earthquake,Earthquake,6.551,91.837,"Nicobar Islands, India region",4.8,,,,earthquakes,2004.0,12.0
usp000dc67,2004-12-30 03:12:46.500000+00:00,Earthquake,Earthquake,9.033,92.532,"292 km S of Port Blair, India",4.9,,,,earthquakes,2004.0,12.0
usp000dc6k,2004-12-30 05:40:58.260000+00:00,Earthquake,Earthquake,7.579,92.379,"Nicobar Islands, India region",4.5,,,,earthquakes,2004.0,12.0
usp000dc6m,2004-12-30 06:15:55.880000+00:00,Earthquake,Earthquake,9.291,93.021,"264 km S of Port Blair, India",4.5,,,,earthquakes,2004.0,12.0
usp000dc6n,2004-12-30 06:38:19.990000+00:00,Earthquake,Earthquake,9.013,92.331,"296 km S of Port Blair, India",4.8,,,,earthquakes,2004.0,12.0
usp000dc6t,2004-12-30 08:12:26.770000+00:00,Earthquake,Earthquake,9.537,94.207,"284 km SE of Port Blair, India",4.9,,,,earthquakes,2004.0,12.0
usp000dc6u,2004-12-30 08:19:02.260000+00:00,Earthquake,Earthquake,9.322,93.767,"282 km SSE of Port Blair, India",4.5,,,,earthquakes,2004.0,12.0
usp000dc6w,2004-12-30 08:53:59.300000+00:00,Earthquake,Earthquake,8.432,92.359,"Nicobar Islands, India region",4.7,,,,earthquakes,2004.0,12.0
usp000dc70,2004-12-30 09:53:53.350000+00:00,Earthquake,Earthquake,11.35,91.858,"101 km WSW of Bamboo Flat, India",4.8,,,,earthquakes,2004.0,12.0
usp000dc74,2004-12-30 10:59:36.180000+00:00,Earthquake,Earthquake,13.249,92.031,"186 km NNW of Bamboo Flat, India",4.7,,,,earthquakes,2004.0,12.0
usp000dc7a,2004-12-30 14:57:25.760000+00:00,Earthquake,Earthquake,8.118,93.694,"Nicobar Islands, India region",4.6,,,,earthquakes,2004.0,12.0
usp000dc7k,2004-12-30 17:58:11.190000+00:00,Earthquake,Earthquake,12.237,92.515,"63 km NNW of Bamboo Flat, India",5.7,,,,earthquakes,2004.0,12.0
usp000dc83,2004-12-30 22:24:09.050000+00:00,Earthquake,Earthquake,8.556,93.731,"Nicobar Islands, India region",4.5,,,,earthquakes,2004.0,12.0
usp000dc8e,2004-12-31 00:32:05.260000+00:00,Earthquake,Earthquake,8.493,94.132,"Nicobar Islands, India region",4.8,,,,earthquakes,2004.0,12.0
usp000dc8g,2004-12-31 01:20:25.540000+00:00,Earthquake,Earthquake,10.603,91.492,"180 km SW of Port Blair, India",4.8,,,,earthquakes,2004.0,12.0
usp000dc8j,2004-12-31 02:24:00.520000+00:00,Earthquake,Earthquake,7.12,92.533,"Nicobar Islands, India region",6.1,,,,earthquakes,2004.0,12.0
usp000dc8s,2004-12-31 03:52:59.150000+00:00,Earthquake,Earthquake,10.736,91.863,"141 km SW of Port Blair, India",4.6,,,,earthquakes,2004.0,12.0
usp000dc90,2004-12-31 05:53:55.940000+00:00,Earthquake,Earthquake,11.083,91.988,"104 km SW of Bamboo Flat, India",5.1,,,,earthquakes,2004.0,12.0
usp000dc91,2004-12-31 06:08:11.750000+00:00,Earthquake,Earthquake,7.355,92.502,"Nicobar Islands, India region",4.8,,,,earthquakes,2004.0,12.0
usp000dc9a,2004-12-31 07:56:47.600000+00:00,Earthquake,Earthquake,8.837,92.458,"Nicobar Islands, India region",4.6,,,,earthquakes,2004.0,12.0
usp000dc9h,2004-12-31 09:51:10.050000+00:00,Earthquake,Earthquake,9.589,93.637,"249 km SSE of Port Blair, India",4.8,,,,earthquakes,2004.0,12.0
usp000dc9w,2004-12-31 13:59:30.570000+00:00,Earthquake,Earthquake,8.515,93.756,"Nicobar Islands, India region",4.6,,,,earthquakes,2004.0,12.0
usp000dc9y,2004-12-31 14:16:05.120000+00:00,Earthquake,Earthquake,13.646,93.62,"236 km NNE of Bamboo Flat, India",4.3,,,,earthquakes,2004.0,12.0
usp000dc9z,2004-12-31 14:23:56.380000+00:00,Earthquake,Earthquake,7.15,91.977,"Nicobar Islands, India region",4.6,,,,earthquakes,2004.0,12.0
usp000dca7,2004-12-31 16:01:06.620000+00:00,Earthquake,Earthquake,13.615,93.623,"233 km NNE of Bamboo Flat, India",4.4,,,,earthquakes,2004.0,12.0
usp000dcac,2004-12-31 17:18:51.550000+00:00,Earthquake,Earthquake,8.883,92.794,"Nicobar Islands, India region",4.4,,,,earthquakes,2004.0,12.0
usp000dcaf,2004-12-31 18:01:58.780000+00:00,Earthquake,Earthquake,7.019,92.596,"Nicobar Islands, India region",5.0,,,,earthquakes,2004.0,12.0
usp000dcar,2004-12-31 22:05:49.410000+00:00,Earthquake,Earthquake,12.436,92.746,"81 km N of Bamboo Flat, India",4.5,,,,earthquakes,2004.0,12.0
usp000dcas,2004-12-31 22:09:27.360000+00:00,Earthquake,Earthquake,9.435,93.895,"276 km SSE of Port Blair, India",5.3,,,,earthquakes,2004.0,12.0
usp000dcav,2004-12-31 23:05:23.030000+00:00,Earthquake,Earthquake,13.208,92.474,"168 km N of Bamboo Flat, India",4.3,,,,earthquakes,2004.0,12.0
usp000dcaz,2005-01-01 00:52:57.320000+00:00,Earthquake,Earthquake,8.36,92.46,"Nicobar Islands, India region",4.8,,,,earthquakes,2005.0,1.0
usp000dcb0,2005-01-01 00:56:46.640000+00:00,Earthquake,Earthquake,8.272,92.953,"Nicobar Islands, India region",4.7,,,,earthquakes,2005.0,1.0
usp000dcb6,2005-01-01 01:43:40.140000+00:00,Earthquake,Earthquake,7.034,92.462,"Nicobar Islands, India region",5.2,,,,earthquakes,2005.0,1.0
usp000dcb9,2005-01-01 02:54:20.770000+00:00,Earthquake,Earthquake,8.411,91.517,"Nicobar Islands, India region",4.9,,,,earthquakes,2005.0,1.0
usp000dcbe,2005-01-01 05:18:30.290000+00:00,Earthquake,Earthquake,8.12,93.73,"Nicobar Islands, India region",4.5,,,,earthquakes,2005.0,1.0
usp000dcbk,2005-01-01 06:34:46.470000+00:00,Earthquake,Earthquake,8.782,93.057,"Nicobar Islands, India region",5.0,,,,earthquakes,2005.0,1.0
usp000dcbp,2005-01-01 08:50:43.010000+00:00,Earthquake,Earthquake,9.193,93.6,"289 km SSE of Port Blair, India",4.8,,,,earthquakes,2005.0,1.0
usp000dcbt,2005-01-01 10:12:54.430000+00:00,Earthquake,Earthquake,8.714,93.63,"Nicobar Islands, India region",4.6,,,,earthquakes,2005.0,1.0
usp000dcbz,2005-01-01 11:53:12.710000+00:00,Earthquake,Earthquake,10.843,91.782,"139 km SW of Port Blair, India",5.0,,,,earthquakes,2005.0,1.0
usp000dcc3,2005-01-01 13:15:43.410000+00:00,Earthquake,Earthquake,8.622,93.485,"Nicobar Islands, India region",4.6,,,,earthquakes,2005.0,1.0
usp000dcc6,2005-01-01 14:29:11.220000+00:00,Earthquake,Earthquake,8.115,93.218,"Nicobar Islands, India region",5.5,,,,earthquakes,2005.0,1.0
usp000dccg,2005-01-01 17:06:32.930000+00:00,Earthquake,Earthquake,11.279,91.43,"147 km WSW of Bamboo Flat, India",4.6,,,,earthquakes,2005.0,1.0
usp000dcch,2005-01-01 17:28:19.960000+00:00,Earthquake,Earthquake,8.701,92.14,"Nicobar Islands, India region",4.8,,,,earthquakes,2005.0,1.0
usp000dcck,2005-01-01 18:24:08.690000+00:00,Earthquake,Earthquake,12.307,92.519,"70 km NNW of Bamboo Flat, India",4.8,,,,earthquakes,2005.0,1.0
usp000dccn,2005-01-01 19:08:07.800000+00:00,Earthquake,Earthquake,7.336,94.455,"Nicobar Islands, India region",6.1,,,,earthquakes,2005.0,1.0
usp000dcct,2005-01-01 22:23:18.980000+00:00,Earthquake,Earthquake,7.136,92.7,"Nicobar Islands, India region",5.1,,,,earthquakes,2005.0,1.0
usp000dccu,2005-01-01 22:28:13.780000+00:00,Earthquake,Earthquake,7.192,92.765,"Nicobar Islands, India region",5.5,,,,earthquakes,2005.0,1.0
usp000dccv,2005-01-01 22:40:51.430000+00:00,Earthquake,Earthquake,9.026,92.626,"292 km S of Port Blair, India",5.2,,,,earthquakes,2005.0,1.0
usp000dccy,2005-01-01 22:57:33.730000+00:00,Earthquake,Earthquake,8.144,93.344,"Nicobar Islands, India region",4.9,,,,earthquakes,2005.0,1.0
usp000dcd6,2005-01-02 01:55:42.310000+00:00,Earthquake,Earthquake,6.984,91.831,"Nicobar Islands, India region",4.6,,,,earthquakes,2005.0,1.0
usp000dcdf,2005-01-02 04:11:51.690000+00:00,Earthquake,Earthquake,6.857,92.337,"Nicobar Islands, India region",4.6,,,,earthquakes,2005.0,1.0
usp000dcdn,2005-01-02 05:49:15.800000+00:00,Earthquake,Earthquake,6.938,91.826,"Nicobar Islands, India region",4.4,,,,earthquakes,2005.0,1.0
usp000dcdt,2005-01-02 07:21:28.570000+00:00,Earthquake,Earthquake,11.897,92.249,"55 km WNW of Bamboo Flat, India",4.5,,,,earthquakes,2005.0,1.0
usp000dcdx,2005-01-02 09:16:20.390000+00:00,Earthquake,Earthquake,8.591,92.244,"Nicobar Islands, India region",4.7,,,,earthquakes,2005.0,1.0
usp000dceb,2005-01-02 13:39:58.920000+00:00,Earthquake,Earthquake,7.4,92.062,"Nicobar Islands, India region",4.3,,,,earthquakes,2005.0,1.0
usp000dced,2005-01-02 15:04:30.460000+00:00,Earthquake,Earthquake,9.926,93.487,"208 km SSE of Port Blair, India",4.5,,,,earthquakes,2005.0,1.0
usp000dcep,2005-01-02 18:41:01.800000+00:00,Earthquake,Earthquake,8.496,92.142,"Nicobar Islands, India region",4.6,,,,earthquakes,2005.0,1.0
usp000dceu,2005-01-02 20:41:30.940000+00:00,Earthquake,Earthquake,11.257,92.176,"76 km SW of Bamboo Flat, India",4.6,,,,earthquakes,2005.0,1.0
usp000dcfp,2005-01-03 09:14:03.470000+00:00,Earthquake,Earthquake,10.576,92.22,"133 km SSW of Port Blair, India",5.1,,,,earthquakes,2005.0,1.0
usp000dcfv,2005-01-03 12:03:50.870000+00:00,Earthquake,Earthquake,10.053,93.497,"196 km SSE of Port Blair, India",4.3,,,,earthquakes,2005.0,1.0
usp000dcg7,2005-01-03 17:53:34.070000+00:00,Earthquake,Earthquake,11.259,91.967,"95 km WSW of Bamboo Flat, India",4.8,,,,earthquakes,2005.0,1.0
usp000dch1,2005-01-04 02:49:16.660000+00:00,Earthquake,Earthquake,8.448,94.075,"Nicobar Islands, India region",4.7,,,,earthquakes,2005.0,1.0
usp000dchh,2005-01-04 09:13:12.250000+00:00,Earthquake,Earthquake,10.672,92.362,"Andaman Islands, India region",6.1,,,,earthquakes,2005.0,1.0
usp000dchj,2005-01-04 09:17:53.660000+00:00,Earthquake,Earthquake,10.609,92.385,"123 km SSW of Port Blair, India",5.2,,,,earthquakes,2005.0,1.0
usp000dchu,2005-01-04 12:15:33.480000+00:00,Earthquake,Earthquake,8.862,93.67,"Nicobar Islands, India region",4.9,,,,earthquakes,2005.0,1.0
usp000dcja,2005-01-04 19:14:49.130000+00:00,Earthquake,Earthquake,10.556,91.727,"165 km SW of Port Blair, India",5.7,,,,earthquakes,2005.0,1.0
usp000dck9,2005-01-05 07:03:40.300000+00:00,Earthquake,Earthquake,6.492,92.669,"Nicobar Islands, India region",4.5,,,,earthquakes,2005.0,1.0
usp000dcke,2005-01-05 08:32:56.540000+00:00,Earthquake,Earthquake,13.002,92.557,"145 km N of Bamboo Flat, India",4.9,,,,earthquakes,2005.0,1.0
usp000dckv,2005-01-05 14:01:31.010000+00:00,Earthquake,Earthquake,12.77,93.093,"125 km NNE of Bamboo Flat, India",4.6,,,,earthquakes,2005.0,1.0
usp000dckx,2005-01-05 14:28:06.410000+00:00,Earthquake,Earthquake,8.27,93.937,"Nicobar Islands, India region",4.7,,,,earthquakes,2005.0,1.0
usp000dcmj,2005-01-06 00:26:01.720000+00:00,Earthquake,Earthquake,6.823,91.913,"Nicobar Islands, India region",4.8,,,,earthquakes,2005.0,1.0
usp000dcmk,2005-01-06 00:29:08.820000+00:00,Earthquake,Earthquake,6.938,91.908,"Nicobar Islands, India region",5.4,,,,earthquakes,2005.0,1.0
usp000dcmu,2005-01-06 01:50:20.850000+00:00,Earthquake,Earthquake,12.164,92.958,"57 km NNE of Bamboo Flat, India",4.6,,,,earthquakes,2005.0,1.0
usp000dcn3,2005-01-06 04:21:41.790000+00:00,Earthquake,Earthquake,8.981,92.379,"299 km S of Port Blair, India",4.6,,,,earthquakes,2005.0,1.0
usp000dcn4,2005-01-06 04:52:42.940000+00:00,Earthquake,Earthquake,6.974,91.963,"Nicobar Islands, India region",5.3,,,,earthquakes,2005.0,1.0
usp000dcn9,2005-01-06 07:54:25.250000+00:00,Earthquake,Earthquake,10.804,93.606,"133 km SE of Port Blair, India",5.3,,,,earthquakes,2005.0,1.0
usp000dcnj,2005-01-06 10:38:44.340000+00:00,Earthquake,Earthquake,14.105,93.123,"269 km N of Bamboo Flat, India",5.0,,,,earthquakes,2005.0,1.0
usp000dcnk,2005-01-06 11:55:43.710000+00:00,Earthquake,Earthquake,10.906,91.795,"133 km SW of Bamboo Flat, India",5.5,,,,earthquakes,2005.0,1.0
usp000dcpd,2005-01-07 01:00:21.640000+00:00,Earthquake,Earthquake,7.512,91.442,"Nicobar Islands, India region",4.1,,,,earthquakes,2005.0,1.0
usp000dcpe,2005-01-07 01:43:45.360000+00:00,Earthquake,Earthquake,13.599,93.029,"212 km N of Bamboo Flat, India",4.1,,,,earthquakes,2005.0,1.0
usp000dcpm,2005-01-07 02:32:51.380000+00:00,Earthquake,Earthquake,8.766,92.689,"Nicobar Islands, India region",4.3,,,,earthquakes,2005.0,1.0
usp000dcq0,2005-01-07 07:47:00.620000+00:00,Earthquake,Earthquake,9.982,93.116,"190 km SSE of Port Blair, India",4.3,,,,earthquakes,2005.0,1.0
usp000dcq6,2005-01-07 10:49:14.330000+00:00,Earthquake,Earthquake,8.765,93.564,"Nicobar Islands, India region",5.3,,,,earthquakes,2005.0,1.0
usp000dcqc,2005-01-07 12:31:24.740000+00:00,Earthquake,Earthquake,13.526,92.9,"202 km N of Bamboo Flat, India",4.5,,,,earthquakes,2005.0,1.0
usp000dcqe,2005-01-07 13:10:08.840000+00:00,Earthquake,Earthquake,10.5,92.268,"139 km SSW of Port Blair, India",4.4,,,,earthquakes,2005.0,1.0
usp000dcr7,2005-01-07 20:10:44.280000+00:00,Earthquake,Earthquake,8.58,94.291,"Nicobar Islands, India region",4.7,,,,earthquakes,2005.0,1.0
usp000dcr9,2005-01-07 20:20:45.860000+00:00,Earthquake,Earthquake,8.843,93.771,"Nicobar Islands, India region",4.7,,,,earthquakes,2005.0,1.0
usp000dcrb,2005-01-07 21:18:41.480000+00:00,Earthquake,Earthquake,10.195,93.679,"192 km SSE of Port Blair, India",4.5,,,,earthquakes,2005.0,1.0
usp000dcrp,2005-01-08 00:16:07.620000+00:00,Earthquake,Earthquake,13.546,93.268,"Andaman Islands, India region",4.2,,,,earthquakes,2005.0,1.0
usp000dcrz,2005-01-08 02:48:15.610000+00:00,Earthquake,Earthquake,11.894,93.189,"Andaman Islands, India region",4.7,,,,earthquakes,2005.0,1.0
usp000dcs8,2005-01-08 05:20:19.620000+00:00,Earthquake,Earthquake,14.4,92.001,"Andaman Islands, India region",4.3,,,,earthquakes,2005.0,1.0
usp000dcs9,2005-01-08 05:30:46.600000+00:00,Earthquake,Earthquake,10.628,91.913,"146 km SW of Port Blair, India",4.9,,,,earthquakes,2005.0,1.0
usp000dcsa,2005-01-08 05:31:31.400000+00:00,Earthquake,Earthquake,10.641,91.925,"144 km SW of Port Blair, India",5.1,,,,earthquakes,2005.0,1.0
usp000dcsc,2005-01-08 05:41:52.880000+00:00,Earthquake,Earthquake,9.919,91.962,"211 km SSW of Port Blair, India",4.7,,,,earthquakes,2005.0,1.0
usp000dcsd,2005-01-08 05:46:07.040000+00:00,Earthquake,Earthquake,9.857,92.006,"215 km SSW of Port Blair, India",4.3,,,,earthquakes,2005.0,1.0
usp000dcss,2005-01-08 08:37:09.210000+00:00,Earthquake,Earthquake,11.798,94.342,"174 km E of Port Blair, India",4.6,,,,earthquakes,2005.0,1.0
usp000dcsz,2005-01-08 11:24:49.070000+00:00,Earthquake,Earthquake,9.612,92.336,"231 km S of Port Blair, India",4.5,,,,earthquakes,2005.0,1.0
usp000dct0,2005-01-08 11:24:58.280000+00:00,Earthquake,Earthquake,9.462,92.278,"249 km SSW of Port Blair, India",4.7,,,,earthquakes,2005.0,1.0
usp000dct4,2005-01-08 12:31:35.630000+00:00,Earthquake,Earthquake,11.51,92.948,"27 km SE of Port Blair, India",4.7,,,,earthquakes,2005.0,1.0
usp000dct8,2005-01-08 13:33:19.750000+00:00,Earthquake,Earthquake,8.324,90.825,"Nicobar Islands, India region",4.6,,,,earthquakes,2005.0,1.0
usp000dct9,2005-01-08 13:38:41.840000+00:00,Earthquake,Earthquake,8.527,93.988,"Nicobar Islands, India region",4.8,,,,earthquakes,2005.0,1.0
usp000dctt,2005-01-08 17:44:20.010000+00:00,Earthquake,Earthquake,6.508,92.255,"Nicobar Islands, India region",4.8,,,,earthquakes,2005.0,1.0
usp000dctx,2005-01-08 18:43:59.810000+00:00,Earthquake,Earthquake,8.511,92.55,"Nicobar Islands, India region",4.6,,,,earthquakes,2005.0,1.0
usp000dcu1,2005-01-08 20:02:13.100000+00:00,Earthquake,Earthquake,11.399,92.226,"63 km WSW of Bamboo Flat, India",4.8,,,,earthquakes,2005.0,1.0
usp000dcu7,2005-01-08 21:34:17.500000+00:00,Earthquake,Earthquake,9.698,93.652,"239 km SSE of Port Blair, India",4.6,,,,earthquakes,2005.0,1.0
usp000dcu8,2005-01-08 21:53:34.040000+00:00,Earthquake,Earthquake,9.615,93.57,"244 km SSE of Port Blair, India",4.1,,,,earthquakes,2005.0,1.0
usp000dcue,2005-01-08 23:44:36.610000+00:00,Earthquake,Earthquake,8.927,92.353,"Nicobar Islands, India region",4.6,,,,earthquakes,2005.0,1.0
usp000dcuk,2005-01-09 00:29:51.110000+00:00,Earthquake,Earthquake,8.409,93.672,"Nicobar Islands, India region",4.6,,,,earthquakes,2005.0,1.0
usp000dcum,2005-01-09 00:45:31.760000+00:00,Earthquake,Earthquake,13.628,92.989,"215 km N of Bamboo Flat, India",4.5,,,,earthquakes,2005.0,1.0
usp000dcuu,2005-01-09 01:57:12.540000+00:00,Earthquake,Earthquake,7.306,92.123,"Nicobar Islands, India region",4.3,,,,earthquakes,2005.0,1.0
usp000dcuv,2005-01-09 01:59:13.150000+00:00,Earthquake,Earthquake,7.59,92.4,"Nicobar Islands, India region",5.3,,,,earthquakes,2005.0,1.0
usp000dcux,2005-01-09 02:10:47.310000+00:00,Earthquake,Earthquake,7.359,92.151,"Nicobar Islands, India region",4.2,,,,earthquakes,2005.0,1.0
usp000dcv5,2005-01-09 03:57:59.190000+00:00,Earthquake,Earthquake,11.183,92.557,"57 km SSW of Port Blair, India",4.1,,,,earthquakes,2005.0,1.0
usp000dcvd,2005-01-09 06:56:32.450000+00:00,Earthquake,Earthquake,7.723,92.002,"Nicobar Islands, India region",4.2,,,,earthquakes,2005.0,1.0
usp000dcwn,2005-01-09 16:17:07.090000+00:00,Earthquake,Earthquake,10.241,92.598,"158 km S of Port Blair, India",4.3,,,,earthquakes,2005.0,1.0
usp000dcwq,2005-01-09 16:23:51.400000+00:00,Earthquake,Earthquake,10.805,91.147,"197 km WSW of Bamboo Flat, India",4.2,,,,earthquakes,2005.0,1.0
usp000dcwz,2005-01-09 17:35:03.220000+00:00,Earthquake,Earthquake,12.228,92.064,"92 km NW of Bamboo Flat, India",4.1,,,,earthquakes,2005.0,1.0
usp000dcx3,2005-01-09 18:02:30.570000+00:00,Earthquake,Earthquake,8.958,93.161,"Nicobar Islands, India region",4.1,,,,earthquakes,2005.0,1.0
usp000dcxa,2005-01-09 19:06:56.560000+00:00,Earthquake,Earthquake,11.638,94.353,"175 km E of Port Blair, India",4.2,,,,earthquakes,2005.0,1.0
usp000dcxh,2005-01-09 20:19:05.250000+00:00,Earthquake,Earthquake,13.566,93.019,"209 km N of Bamboo Flat, India",4.0,,,,earthquakes,2005.0,1.0
usp000dcxj,2005-01-09 20:46:07.130000+00:00,Earthquake,Earthquake,10.465,91.647,"179 km SW of Port Blair, India",4.1,,,,earthquakes,2005.0,1.0
usp000dcxn,2005-01-09 20:57:19.750000+00:00,Earthquake,Earthquake,11.621,94.224,"161 km E of Port Blair, India",4.4,,,,earthquakes,2005.0,1.0
usp000dcxz,2005-01-09 23:03:10.540000+00:00,Earthquake,Earthquake,6.471,92.424,"Nicobar Islands, India region",4.3,,,,earthquakes,2005.0,1.0
usp000dcy1,2005-01-09 23:20:37.050000+00:00,Earthquake,Earthquake,10.528,92.282,"135 km SSW of Port Blair, India",5.5,,,,earthquakes,2005.0,1.0
usp000dcy2,2005-01-09 23:34:06.830000+00:00,Earthquake,Earthquake,8.505,93.83,"Nicobar Islands, India region",4.7,,,,earthquakes,2005.0,1.0
usp000dcy5,2005-01-10 01:04:16.620000+00:00,Earthquake,Earthquake,9.636,93.761,"250 km SSE of Port Blair, India",4.9,,,,earthquakes,2005.0,1.0
usp000dczh,2005-01-10 15:20:17.730000+00:00,Earthquake,Earthquake,13.674,93.289,"227 km NNE of Bamboo Flat, India",4.7,,,,earthquakes,2005.0,1.0
usp000dczq,2005-01-10 16:59:41.920000+00:00,Earthquake,Earthquake,9.187,92.93,"274 km S of Port Blair, India",4.4,,,,earthquakes,2005.0,1.0
usp000dczx,2005-01-10 18:35:06.640000+00:00,Earthquake,Earthquake,8.709,93.302,"Nicobar Islands, India region",4.0,,,,earthquakes,2005.0,1.0
usp000dd0b,2005-01-10 21:52:22.220000+00:00,Earthquake,Earthquake,8.193,92.93,"Nicobar Islands, India region",4.3,,,,earthquakes,2005.0,1.0
usp000dd0g,2005-01-10 23:45:07.430000+00:00,Earthquake,Earthquake,10.675,93.056,"114 km SSE of Port Blair, India",4.6,,,,earthquakes,2005.0,1.0
usp000dd0t,2005-01-11 00:49:32.710000+00:00,Earthquake,Earthquake,8.669,93.525,"Nicobar Islands, India region",4.7,,,,earthquakes,2005.0,1.0
usp000dd1c,2005-01-11 04:52:40.960000+00:00,Earthquake,Earthquake,6.297,92.37,"Nicobar Islands, India region",4.4,,,,earthquakes,2005.0,1.0
usp000dd2d,2005-01-11 10:41:32.690000+00:00,Earthquake,Earthquake,12.839,92.357,"131 km NNW of Bamboo Flat, India",4.6,,,,earthquakes,2005.0,1.0
usp000dd2g,2005-01-11 11:03:32.390000+00:00,Earthquake,Earthquake,10.893,92.144,"107 km SW of Port Blair, India",4.5,,,,earthquakes,2005.0,1.0
usp000dd2k,2005-01-11 11:29:55.350000+00:00,Earthquake,Earthquake,10.793,91.904,"133 km SW of Port Blair, India",4.7,,,,earthquakes,2005.0,1.0
usp000dd2p,2005-01-11 12:08:18.350000+00:00,Earthquake,Earthquake,9.082,92.022,"296 km SSW of Port Blair, India",4.6,,,,earthquakes,2005.0,1.0
usp000dd2u,2005-01-11 13:27:59.270000+00:00,Earthquake,Earthquake,13.731,93.567,"242 km NNE of Bamboo Flat, India",4.5,,,,earthquakes,2005.0,1.0
usp000dd35,2005-01-11 14:31:45.860000+00:00,Earthquake,Earthquake,11.028,92.039,"104 km SW of Port Blair, India",4.7,,,,earthquakes,2005.0,1.0
usp000dd3d,2005-01-11 16:22:10.830000+00:00,Earthquake,Earthquake,10.977,92.924,"78 km SSE of Port Blair, India",4.1,,,,earthquakes,2005.0,1.0
usp000dd3j,2005-01-11 17:56:49.300000+00:00,Earthquake,Earthquake,12.685,92.944,"111 km NNE of Bamboo Flat, India",4.2,,,,earthquakes,2005.0,1.0
usp000dd3n,2005-01-11 18:12:30.560000+00:00,Earthquake,Earthquake,10.288,91.482,"205 km SW of Port Blair, India",4.2,,,,earthquakes,2005.0,1.0
usp000dd3q,2005-01-11 19:03:19.580000+00:00,Earthquake,Earthquake,10.494,91.877,"160 km SW of Port Blair, India",4.5,,,,earthquakes,2005.0,1.0
usp000dd47,2005-01-11 22:55:49.140000+00:00,Earthquake,Earthquake,11.872,92.265,"52 km WNW of Bamboo Flat, India",4.9,,,,earthquakes,2005.0,1.0
usp000dd48,2005-01-11 23:03:50.800000+00:00,Earthquake,Earthquake,13.949,91.728,"270 km NNW of Bamboo Flat, India",4.0,,,,earthquakes,2005.0,1.0
usp000dd4y,2005-01-12 04:21:49.310000+00:00,Earthquake,Earthquake,12.306,92.624,"67 km N of Bamboo Flat, India",4.3,,,,earthquakes,2005.0,1.0
usp000dd50,2005-01-12 04:55:40.410000+00:00,Earthquake,Earthquake,13.694,93.56,"238 km NNE of Bamboo Flat, India",4.5,,,,earthquakes,2005.0,1.0
usp000dd5z,2005-01-12 14:03:40.120000+00:00,Earthquake,Earthquake,7.357,92.396,"Nicobar Islands, India region",4.7,,,,earthquakes,2005.0,1.0
usp000dd6f,2005-01-12 19:50:02.130000+00:00,Earthquake,Earthquake,13.557,92.935,"206 km N of Bamboo Flat, India",4.5,,,,earthquakes,2005.0,1.0
usp000dd6g,2005-01-12 19:54:08.450000+00:00,Earthquake,Earthquake,8.831,92.565,"Nicobar Islands, India region",4.3,,,,earthquakes,2005.0,1.0
usp000dd6m,2005-01-12 20:27:10.460000+00:00,Earthquake,Earthquake,8.937,93.824,"Nicobar Islands, India region",4.5,,,,earthquakes,2005.0,1.0
usp000dd7g,2005-01-13 05:30:21.980000+00:00,Earthquake,Earthquake,11.853,92.205,"58 km WNW of Bamboo Flat, India",4.8,,,,earthquakes,2005.0,1.0
usp000dd7k,2005-01-13 05:51:47.900000+00:00,Earthquake,Earthquake,10.126,91.849,"196 km SSW of Port Blair, India",4.6,,,,earthquakes,2005.0,1.0
usp000dd7r,2005-01-13 07:28:36.420000+00:00,Earthquake,Earthquake,7.284,92.42,"Nicobar Islands, India region",4.8,,,,earthquakes,2005.0,1.0
usp000dd7x,2005-01-13 09:23:50.720000+00:00,Earthquake,Earthquake,6.537,92.437,"Nicobar Islands, India region",4.6,,,,earthquakes,2005.0,1.0
usp000dd8g,2005-01-13 12:56:40.340000+00:00,Earthquake,Earthquake,14.512,92.259,"Andaman Islands, India region",4.8,,,,earthquakes,2005.0,1.0
usp000dd8h,2005-01-13 13:22:43.990000+00:00,Earthquake,Earthquake,14.519,92.393,"Andaman Islands, India region",4.7,,,,earthquakes,2005.0,1.0
usp000dd8j,2005-01-13 13:25:28.470000+00:00,Earthquake,Earthquake,14.543,92.394,"Andaman Islands, India region",4.8,,,,earthquakes,2005.0,1.0
usp000dd8q,2005-01-13 15:42:00.280000+00:00,Earthquake,Earthquake,13.998,93.2,"259 km NNE of Bamboo Flat, India",4.7,,,,earthquakes,2005.0,1.0
usp000dd94,2005-01-13 19:35:08.320000+00:00,Earthquake,Earthquake,14.591,92.456,"Andaman Islands, India region",4.7,,,,earthquakes,2005.0,1.0
usp000dd96,2005-01-13 19:47:02.170000+00:00,Earthquake,Earthquake,14.56,92.597,"Andaman Islands, India region",4.6,,,,earthquakes,2005.0,1.0
usp000dd97,2005-01-13 19:56:23.570000+00:00,Earthquake,Earthquake,14.628,92.441,"Andaman Islands, India region",4.7,,,,earthquakes,2005.0,1.0
usp000dd9y,2005-01-14 05:06:52.620000+00:00,Earthquake,Earthquake,14.167,91.826,"289 km NNW of Bamboo Flat, India",4.1,,,,earthquakes,2005.0,1.0
usp000dd9z,2005-01-14 05:11:58.290000+00:00,Earthquake,Earthquake,14.498,92.297,"Andaman Islands, India region",4.4,,,,earthquakes,2005.0,1.0
usp000dda1,2005-01-14 05:40:08.200000+00:00,Earthquake,Earthquake,14.481,92.923,"Andaman Islands, India region",4.0,,,,earthquakes,2005.0,1.0
usp000dda2,2005-01-14 06:11:51.470000+00:00,Earthquake,Earthquake,12.918,92.127,"149 km NNW of Bamboo Flat, India",4.4,,,,earthquakes,2005.0,1.0
usp000ddaf,2005-01-14 09:59:03.650000+00:00,Earthquake,Earthquake,10.038,91.579,"220 km SW of Port Blair, India",4.7,,,,earthquakes,2005.0,1.0
usp000ddas,2005-01-14 11:38:43.910000+00:00,Earthquake,Earthquake,11.877,92.198,"59 km WNW of Bamboo Flat, India",4.4,,,,earthquakes,2005.0,1.0
usp000ddat,2005-01-14 11:54:45.840000+00:00,Earthquake,Earthquake,9.765,91.67,"241 km SSW of Port Blair, India",4.1,,,,earthquakes,2005.0,1.0
usp000ddb5,2005-01-14 16:22:03.200000+00:00,Earthquake,Earthquake,8.861,93.251,"Nicobar Islands, India region",5.1,,,,earthquakes,2005.0,1.0
usp000ddbb,2005-01-14 17:48:46.540000+00:00,Earthquake,Earthquake,11.885,92.522,"29 km NW of Bamboo Flat, India",4.4,,,,earthquakes,2005.0,1.0
usp000ddbn,2005-01-14 22:46:21.960000+00:00,Earthquake,Earthquake,14.408,92.242,"Andaman Islands, India region",4.5,,,,earthquakes,2005.0,1.0
usp000ddbs,2005-01-15 00:14:13.840000+00:00,Earthquake,Earthquake,14.437,92.475,"Andaman Islands, India region",4.0,,,,earthquakes,2005.0,1.0
usp000ddby,2005-01-15 01:24:47.800000+00:00,Earthquake,Earthquake,8.174,92.619,"Nicobar Islands, India region",4.1,,,,earthquakes,2005.0,1.0
usp000ddc0,2005-01-15 01:53:33.200000+00:00,Earthquake,Earthquake,8.842,93.485,"Nicobar Islands, India region",4.4,,,,earthquakes,2005.0,1.0
usp000ddck,2005-01-15 07:46:53.260000+00:00,Earthquake,Earthquake,14.57,92.387,"Andaman Islands, India region",5.5,,,,earthquakes,2005.0,1.0
usp000ddcq,2005-01-15 11:54:30.460000+00:00,Earthquake,Earthquake,10.805,91.144,"198 km WSW of Bamboo Flat, India",4.3,,,,earthquakes,2005.0,1.0
usp000ddcr,2005-01-15 12:22:44.960000+00:00,Earthquake,Earthquake,14.54,92.543,"Andaman Islands, India region",4.4,,,,earthquakes,2005.0,1.0
usp000ddcs,2005-01-15 12:23:40.530000+00:00,Earthquake,Earthquake,14.432,92.282,"Andaman Islands, India region",4.8,,,,earthquakes,2005.0,1.0
usp000ddcv,2005-01-15 13:08:18.640000+00:00,Earthquake,Earthquake,8.232,91.991,"Nicobar Islands, India region",4.3,,,,earthquakes,2005.0,1.0
usp000ddcy,2005-01-15 13:45:36.880000+00:00,Earthquake,Earthquake,14.509,92.546,"Andaman Islands, India region",4.6,,,,earthquakes,2005.0,1.0
usp000ddd3,2005-01-15 15:36:06.050000+00:00,Earthquake,Earthquake,14.469,92.222,"Andaman Islands, India region",4.4,,,,earthquakes,2005.0,1.0
usp000ddd9,2005-01-15 18:27:32.780000+00:00,Earthquake,Earthquake,8.951,93.476,"Nicobar Islands, India region",4.3,,,,earthquakes,2005.0,1.0
usp000ddda,2005-01-15 18:36:22.860000+00:00,Earthquake,Earthquake,8.775,93.23,"Nicobar Islands, India region",4.7,,,,earthquakes,2005.0,1.0
usp000dddh,2005-01-15 21:25:58.280000+00:00,Earthquake,Earthquake,14.603,92.372,"Andaman Islands, India region",4.8,,,,earthquakes,2005.0,1.0
usp000dddv,2005-01-16 00:08:52.640000+00:00,Earthquake,Earthquake,9.002,93.638,"Nicobar Islands, India region",4.3,,,,earthquakes,2005.0,1.0
usp000dde5,2005-01-16 01:36:41.680000+00:00,Earthquake,Earthquake,12.918,92.105,"150 km NNW of Bamboo Flat, India",4.3,,,,earthquakes,2005.0,1.0
usp000dde7,2005-01-16 02:11:32.490000+00:00,Earthquake,Earthquake,7.605,92.865,"Nicobar Islands, India region",4.3,,,,earthquakes,2005.0,1.0
usp000dde9,2005-01-16 02:56:23.950000+00:00,Earthquake,Earthquake,13.019,92.155,"158 km NNW of Bamboo Flat, India",4.3,,,,earthquakes,2005.0,1.0
usp000ddev,2005-01-16 07:18:24.730000+00:00,Earthquake,Earthquake,9.783,93.731,"234 km SSE of Port Blair, India",4.3,,,,earthquakes,2005.0,1.0
usp000ddew,2005-01-16 07:28:03.980000+00:00,Earthquake,Earthquake,10.741,92.076,"125 km SW of Port Blair, India",4.3,,,,earthquakes,2005.0,1.0
usp000ddf4,2005-01-16 09:25:59.920000+00:00,Earthquake,Earthquake,8.354,93.627,"Nicobar Islands, India region",4.4,,,,earthquakes,2005.0,1.0
usp000ddfg,2005-01-16 11:07:26.140000+00:00,Earthquake,Earthquake,14.565,92.588,"Andaman Islands, India region",4.6,,,,earthquakes,2005.0,1.0
usp000ddfh,2005-01-16 11:32:01.380000+00:00,Earthquake,Earthquake,8.6,93.678,"Nicobar Islands, India region",4.4,,,,earthquakes,2005.0,1.0
usp000ddfj,2005-01-16 11:32:30.210000+00:00,Earthquake,Earthquake,14.788,92.789,"Andaman Islands, India region",4.3,,,,earthquakes,2005.0,1.0
usp000ddfq,2005-01-16 13:24:19.440000+00:00,Earthquake,Earthquake,12.933,93.16,"144 km NNE of Bamboo Flat, India",4.2,,,,earthquakes,2005.0,1.0
usp000ddfu,2005-01-16 13:53:12.350000+00:00,Earthquake,Earthquake,8.08,93.609,"Nicobar Islands, India region",4.0,,,,earthquakes,2005.0,1.0
usp000ddfw,2005-01-16 13:56:07.380000+00:00,Earthquake,Earthquake,8.456,93.489,"Nicobar Islands, India region",4.0,,,,earthquakes,2005.0,1.0
usp000ddg1,2005-01-16 14:56:52.530000+00:00,Earthquake,Earthquake,10.797,92.221,"111 km SSW of Port Blair, India",4.4,,,,earthquakes,2005.0,1.0
usp000ddgr,2005-01-16 21:10:42.550000+00:00,Earthquake,Earthquake,9.554,93.845,"262 km SSE of Port Blair, India",4.2,,,,earthquakes,2005.0,1.0
usp000ddgv,2005-01-16 21:50:57.060000+00:00,Earthquake,Earthquake,9.344,91.965,"270 km SSW of Port Blair, India",4.0,,,,earthquakes,2005.0,1.0
usp000ddgw,2005-01-16 21:54:50.940000+00:00,Earthquake,Earthquake,7.717,92.434,"Nicobar Islands, India region",4.4,,,,earthquakes,2005.0,1.0
usp000ddh4,2005-01-16 22:47:29.060000+00:00,Earthquake,Earthquake,8.662,93.616,"Nicobar Islands, India region",5.0,,,,earthquakes,2005.0,1.0
usp000ddhe,2005-01-17 00:49:32.030000+00:00,Earthquake,Earthquake,34.273,80.005,"223 km E of Leh, India",4.4,,,,earthquakes,2005.0,1.0
usp000ddhv,2005-01-17 02:45:14.840000+00:00,Earthquake,Earthquake,14.57,92.594,"Andaman Islands, India region",5.0,,,,earthquakes,2005.0,1.0
usp000ddhz,2005-01-17 02:54:46.160000+00:00,Earthquake,Earthquake,14.336,92.09,"299 km NNW of Bamboo Flat, India",4.9,,,,earthquakes,2005.0,1.0
usp000ddj4,2005-01-17 03:52:03.380000+00:00,Earthquake,Earthquake,14.442,93.171,"Andaman Islands, India region",4.2,,,,earthquakes,2005.0,1.0
usp000ddj5,2005-01-17 03:55:43.900000+00:00,Earthquake,Earthquake,14.476,93.203,"Andaman Islands, India region",4.8,,,,earthquakes,2005.0,1.0
usp000ddjk,2005-01-17 06:13:25.790000+00:00,Earthquake,Earthquake,14.524,92.265,"Andaman Islands, India region",4.5,,,,earthquakes,2005.0,1.0
usp000ddjr,2005-01-17 07:19:24.120000+00:00,Earthquake,Earthquake,9.177,93.352,"283 km SSE of Port Blair, India",4.4,,,,earthquakes,2005.0,1.0
usp000ddju,2005-01-17 08:35:37.260000+00:00,Earthquake,Earthquake,11.046,91.745,"128 km SW of Bamboo Flat, India",4.4,,,,earthquakes,2005.0,1.0
usp000ddk1,2005-01-17 09:59:47.450000+00:00,Earthquake,Earthquake,8.351,93.449,"Nicobar Islands, India region",4.2,,,,earthquakes,2005.0,1.0
usp000ddk7,2005-01-17 11:05:55.570000+00:00,Earthquake,Earthquake,8.316,91.923,"Nicobar Islands, India region",4.5,,,,earthquakes,2005.0,1.0
usp000ddkc,2005-01-17 12:03:26.980000+00:00,Earthquake,Earthquake,13.673,93.032,"220 km N of Bamboo Flat, India",4.4,,,,earthquakes,2005.0,1.0
usp000ddkf,2005-01-17 13:32:50.610000+00:00,Earthquake,Earthquake,12.944,93.975,"194 km NE of Bamboo Flat, India",4.2,,,,earthquakes,2005.0,1.0
usp000ddkv,2005-01-17 17:07:51.360000+00:00,Earthquake,Earthquake,7.168,92.128,"Nicobar Islands, India region",4.5,,,,earthquakes,2005.0,1.0
usp000ddkw,2005-01-17 17:08:06.910000+00:00,Earthquake,Earthquake,7.456,92.445,"Nicobar Islands, India region",4.7,,,,earthquakes,2005.0,1.0
usp000ddkx,2005-01-17 17:19:23.110000+00:00,Earthquake,Earthquake,10.818,92.145,"114 km SW of Port Blair, India",4.5,,,,earthquakes,2005.0,1.0
usp000ddm5,2005-01-17 18:28:22.670000+00:00,Earthquake,Earthquake,14.407,93.009,"Andaman Islands, India region",4.2,,,,earthquakes,2005.0,1.0
usp000ddm7,2005-01-17 18:45:51.830000+00:00,Earthquake,Earthquake,8.312,93.562,"Nicobar Islands, India region",4.0,,,,earthquakes,2005.0,1.0
usp000ddma,2005-01-17 19:22:51.080000+00:00,Earthquake,Earthquake,8.351,93.034,"Nicobar Islands, India region",4.5,,,,earthquakes,2005.0,1.0
usp000ddme,2005-01-17 20:58:19.040000+00:00,Earthquake,Earthquake,7.317,92.321,"Nicobar Islands, India region",4.1,,,,earthquakes,2005.0,1.0
usp000ddmp,2005-01-17 22:59:35.470000+00:00,Earthquake,Earthquake,8.924,92.206,"Nicobar Islands, India region",4.3,,,,earthquakes,2005.0,1.0
usp000ddmv,2005-01-18 01:08:09.570000+00:00,Earthquake,Earthquake,13.002,92.203,"154 km NNW of Bamboo Flat, India",4.4,,,,earthquakes,2005.0,1.0
usp000ddmz,2005-01-18 02:36:45.530000+00:00,Earthquake,Earthquake,10.622,92.019,"140 km SW of Port Blair, India",5.0,,,,earthquakes,2005.0,1.0
usp000ddn5,2005-01-18 03:36:19.740000+00:00,Earthquake,Earthquake,13.488,92.738,"197 km N of Bamboo Flat, India",4.4,,,,earthquakes,2005.0,1.0
usp000ddnf,2005-01-18 05:20:35.120000+00:00,Earthquake,Earthquake,9.895,92.086,"208 km SSW of Port Blair, India",4.5,,,,earthquakes,2005.0,1.0
usp000ddnn,2005-01-18 06:15:34.490000+00:00,Earthquake,Earthquake,7.991,91.953,"Nicobar Islands, India region",4.5,,,,earthquakes,2005.0,1.0
usp000ddp0,2005-01-18 09:23:53.540000+00:00,Earthquake,Earthquake,13.49,92.777,"198 km N of Bamboo Flat, India",4.5,,,,earthquakes,2005.0,1.0
usp000ddp9,2005-01-18 10:49:22.180000+00:00,Earthquake,Earthquake,8.505,93.452,"Nicobar Islands, India region",4.3,,,,earthquakes,2005.0,1.0
usp000ddpq,2005-01-18 13:14:30.480000+00:00,Earthquake,Earthquake,13.556,92.653,"205 km N of Bamboo Flat, India",4.1,,,,earthquakes,2005.0,1.0
usp000ddpr,2005-01-18 13:17:51.680000+00:00,Earthquake,Earthquake,13.465,94.254,"256 km NE of Bamboo Flat, India",4.1,,,,earthquakes,2005.0,1.0
usp000ddps,2005-01-18 13:24:50.060000+00:00,Earthquake,Earthquake,10.67,91.47,"177 km SW of Bamboo Flat, India",4.7,,,,earthquakes,2005.0,1.0
usp000ddq8,2005-01-18 17:46:24.500000+00:00,Earthquake,Earthquake,13.942,93.374,"258 km NNE of Bamboo Flat, India",4.3,,,,earthquakes,2005.0,1.0
usp000ddqh,2005-01-18 20:57:46.530000+00:00,Earthquake,Earthquake,12.916,91.923,"159 km NNW of Bamboo Flat, India",4.3,,,,earthquakes,2005.0,1.0
usp000ddqj,2005-01-18 21:05:06.430000+00:00,Earthquake,Earthquake,14.59,92.539,"Andaman Islands, India region",4.0,,,,earthquakes,2005.0,1.0
usp000ddqy,2005-01-18 23:47:26.770000+00:00,Earthquake,Earthquake,12.728,91.956,"140 km NW of Bamboo Flat, India",4.8,,,,earthquakes,2005.0,1.0
usp000ddr5,2005-01-19 01:43:57.200000+00:00,Earthquake,Earthquake,13.517,92.798,"201 km N of Bamboo Flat, India",4.3,,,,earthquakes,2005.0,1.0
usp000ddsd,2005-01-19 10:42:50.300000+00:00,Earthquake,Earthquake,12.739,93.117,"122 km NNE of Bamboo Flat, India",4.2,,,,earthquakes,2005.0,1.0
usp000ddst,2005-01-19 13:48:08.510000+00:00,Earthquake,Earthquake,8.385,93.713,"Nicobar Islands, India region",4.3,,,,earthquakes,2005.0,1.0
usp000ddsw,2005-01-19 14:02:53.310000+00:00,Earthquake,Earthquake,13.583,94.367,"274 km NE of Bamboo Flat, India",4.3,,,,earthquakes,2005.0,1.0
usp000ddsx,2005-01-19 14:16:32.070000+00:00,Earthquake,Earthquake,8.208,93.86,"Nicobar Islands, India region",4.1,,,,earthquakes,2005.0,1.0
usp000ddtj,2005-01-19 19:03:16.860000+00:00,Earthquake,Earthquake,12.022,92.925,"42 km NNE of Bamboo Flat, India",4.6,,,,earthquakes,2005.0,1.0
usp000ddtv,2005-01-19 21:34:08.290000+00:00,Earthquake,Earthquake,13.017,94.01,"202 km NE of Bamboo Flat, India",4.2,,,,earthquakes,2005.0,1.0
usp000ddtz,2005-01-19 22:46:58.940000+00:00,Earthquake,Earthquake,13.206,92.189,"176 km NNW of Bamboo Flat, India",4.8,,,,earthquakes,2005.0,1.0
usp000ddu8,2005-01-20 01:51:22.700000+00:00,Earthquake,Earthquake,8.525,93.689,"Nicobar Islands, India region",4.5,,,,earthquakes,2005.0,1.0
usp000ddve,2005-01-20 14:15:18.620000+00:00,Earthquake,Earthquake,14.462,92.396,"Andaman Islands, India region",4.9,,,,earthquakes,2005.0,1.0
usp000ddvq,2005-01-20 15:17:38.090000+00:00,Earthquake,Earthquake,13.097,92.556,"155 km N of Bamboo Flat, India",4.8,,,,earthquakes,2005.0,1.0
usp000ddx0,2005-01-21 04:20:08.230000+00:00,Earthquake,Earthquake,9.783,93.57,"226 km SSE of Port Blair, India",4.1,,,,earthquakes,2005.0,1.0
usp000ddyy,2005-01-21 22:21:31.590000+00:00,Earthquake,Earthquake,10.751,92.127,"121 km SSW of Port Blair, India",4.7,,,,earthquakes,2005.0,1.0
usp000ddz1,2005-01-21 22:54:22.670000+00:00,Earthquake,Earthquake,11.161,91.972,"100 km SW of Bamboo Flat, India",4.0,,,,earthquakes,2005.0,1.0
usp000ddzc,2005-01-22 02:08:41.820000+00:00,Earthquake,Earthquake,9.799,93.646,"228 km SSE of Port Blair, India",4.5,,,,earthquakes,2005.0,1.0
usp000ddzn,2005-01-22 05:05:11.600000+00:00,Earthquake,Earthquake,13.429,92.791,"191 km N of Bamboo Flat, India",4.5,,,,earthquakes,2005.0,1.0
usp000de0c,2005-01-22 11:24:19.180000+00:00,Earthquake,Earthquake,8.394,93.61,"Nicobar Islands, India region",4.6,,,,earthquakes,2005.0,1.0
usp000de0g,2005-01-22 12:08:17.280000+00:00,Earthquake,Earthquake,14.438,92.346,"Andaman Islands, India region",4.3,,,,earthquakes,2005.0,1.0
usp000de0h,2005-01-22 12:11:56.760000+00:00,Earthquake,Earthquake,14.383,92.222,"Andaman Islands, India region",4.5,,,,earthquakes,2005.0,1.0
usp000de14,2005-01-22 18:38:14+00:00,Earthquake,Earthquake,14.554,92.938,"Andaman Islands, India region",5.5,,,,earthquakes,2005.0,1.0
usp000de26,2005-01-23 03:47:08.130000+00:00,Earthquake,Earthquake,9.405,93.09,"252 km S of Port Blair, India",4.3,,,,earthquakes,2005.0,1.0
usp000de2c,2005-01-23 05:47:19.880000+00:00,Earthquake,Earthquake,14.338,92.903,"292 km N of Bamboo Flat, India",4.3,,,,earthquakes,2005.0,1.0
usp000de2n,2005-01-23 08:22:15.220000+00:00,Earthquake,Earthquake,13.558,92.86,"206 km N of Bamboo Flat, India",4.8,,,,earthquakes,2005.0,1.0
usp000de2q,2005-01-23 08:36:55.880000+00:00,Earthquake,Earthquake,14.535,92.151,"Andaman Islands, India region",4.3,,,,earthquakes,2005.0,1.0
usp000de2s,2005-01-23 08:47:54.130000+00:00,Earthquake,Earthquake,9.791,93.694,"231 km SSE of Port Blair, India",4.5,,,,earthquakes,2005.0,1.0
usp000de35,2005-01-23 10:42:25.900000+00:00,Earthquake,Earthquake,11.136,92.222,"81 km SW of Port Blair, India",4.2,,,,earthquakes,2005.0,1.0
usp000de3h,2005-01-23 14:12:27.640000+00:00,Earthquake,Earthquake,8.091,92.738,"Nicobar Islands, India region",4.2,,,,earthquakes,2005.0,1.0
usp000de3q,2005-01-23 15:16:11.390000+00:00,Earthquake,Earthquake,8.356,92.838,"Nicobar Islands, India region",4.0,,,,earthquakes,2005.0,1.0
usp000de3z,2005-01-23 16:04:23.890000+00:00,Earthquake,Earthquake,12.596,92.456,"Andaman Islands, India region",4.0,,,,earthquakes,2005.0,1.0
usp000de42,2005-01-23 16:55:49.340000+00:00,Earthquake,Earthquake,13.635,93.011,"216 km N of Bamboo Flat, India",5.1,,,,earthquakes,2005.0,1.0
usp000de49,2005-01-23 18:26:20.780000+00:00,Earthquake,Earthquake,9.448,93.201,"250 km SSE of Port Blair, India",4.8,,,,earthquakes,2005.0,1.0
usp000de4g,2005-01-23 19:42:37.260000+00:00,Earthquake,Earthquake,13.471,92.672,"195 km N of Bamboo Flat, India",4.3,,,,earthquakes,2005.0,1.0
usp000de5v,2005-01-24 04:16:47.440000+00:00,Earthquake,Earthquake,7.33,92.482,"Nicobar Islands, India region",6.3,,,,earthquakes,2005.0,1.0
usp000de64,2005-01-24 06:29:13.660000+00:00,Earthquake,Earthquake,7.19,92.512,"Nicobar Islands, India region",4.6,,,,earthquakes,2005.0,1.0
usp000de68,2005-01-24 07:14:01.600000+00:00,Earthquake,Earthquake,10.409,92.813,"139 km S of Port Blair, India",4.5,,,,earthquakes,2005.0,1.0
usp000de6f,2005-01-24 08:59:21.680000+00:00,Earthquake,Earthquake,7.089,91.414,"Nicobar Islands, India region",4.4,,,,earthquakes,2005.0,1.0
usp000de6g,2005-01-24 09:09:38.840000+00:00,Earthquake,Earthquake,7.073,92.345,"Nicobar Islands, India region",4.4,,,,earthquakes,2005.0,1.0
usp000de77,2005-01-24 14:01:29.650000+00:00,Earthquake,Earthquake,7.231,92.449,"Nicobar Islands, India region",4.2,,,,earthquakes,2005.0,1.0
usp000de79,2005-01-24 14:04:19.870000+00:00,Earthquake,Earthquake,7.175,92.477,"Nicobar Islands, India region",4.4,,,,earthquakes,2005.0,1.0
usp000de7k,2005-01-24 16:10:39.100000+00:00,Earthquake,Earthquake,7.215,92.352,"Nicobar Islands, India region",4.2,,,,earthquakes,2005.0,1.0
usp000de8d,2005-01-24 22:02:46.070000+00:00,Earthquake,Earthquake,14.385,91.866,"Andaman Islands, India region",4.3,,,,earthquakes,2005.0,1.0
usp000de8x,2005-01-24 23:42:59.790000+00:00,Earthquake,Earthquake,9.181,92.771,"274 km S of Port Blair, India",4.3,,,,earthquakes,2005.0,1.0
usp000de92,2005-01-25 01:34:20.810000+00:00,Earthquake,Earthquake,10.453,93.188,"142 km SSE of Port Blair, India",4.3,,,,earthquakes,2005.0,1.0
usp000de93,2005-01-25 01:38:44.240000+00:00,Earthquake,Earthquake,12.977,92.519,"142 km N of Bamboo Flat, India",4.3,,,,earthquakes,2005.0,1.0
usp000de9q,2005-01-25 06:44:08.830000+00:00,Earthquake,Earthquake,14.623,92.518,"Andaman Islands, India region",4.7,,,,earthquakes,2005.0,1.0
usp000deb1,2005-01-25 15:09:05.840000+00:00,Earthquake,Earthquake,10.28,91.411,"211 km SW of Port Blair, India",4.4,,,,earthquakes,2005.0,1.0
usp000deb3,2005-01-25 15:30:29.460000+00:00,Earthquake,Earthquake,12.105,91.367,"153 km WNW of Bamboo Flat, India",4.0,,,,earthquakes,2005.0,1.0
usp000deb7,2005-01-25 16:07:31.670000+00:00,Earthquake,Earthquake,11.718,92.325,"42 km W of Bamboo Flat, India",4.3,,,,earthquakes,2005.0,1.0
usp000dec5,2005-01-25 22:24:36.060000+00:00,Earthquake,Earthquake,9.623,93.543,"Nicobar Islands, India region",4.5,,,,earthquakes,2005.0,1.0
usp000deca,2005-01-26 00:29:43.600000+00:00,Earthquake,Earthquake,10.513,92.191,"141 km SSW of Port Blair, India",4.5,,,,earthquakes,2005.0,1.0
usp000decq,2005-01-26 03:58:49.160000+00:00,Earthquake,Earthquake,10.973,91.94,"Andaman Islands, India region",4.5,,,,earthquakes,2005.0,1.0
usp000dect,2005-01-26 05:14:35.670000+00:00,Earthquake,Earthquake,13.461,92.465,"196 km N of Bamboo Flat, India",4.3,,,,earthquakes,2005.0,1.0
usp000dedh,2005-01-26 12:03:24.930000+00:00,Earthquake,Earthquake,9.489,93.245,"246 km SSE of Port Blair, India",4.3,,,,earthquakes,2005.0,1.0
usp000dedn,2005-01-26 14:15:00.230000+00:00,Earthquake,Earthquake,9.579,93.397,"241 km SSE of Port Blair, India",4.2,,,,earthquakes,2005.0,1.0
usp000deea,2005-01-26 16:32:54+00:00,Earthquake,Earthquake,13.702,92.947,"222 km N of Bamboo Flat, India",4.4,,,,earthquakes,2005.0,1.0
usp000degt,2005-01-27 03:42:58.150000+00:00,Earthquake,Earthquake,8.645,93.342,"Nicobar Islands, India region",4.5,,,,earthquakes,2005.0,1.0
usp000dehd,2005-01-27 05:35:23.160000+00:00,Earthquake,Earthquake,13.285,92.84,"175 km N of Bamboo Flat, India",5.0,,,,earthquakes,2005.0,1.0
usp000dehg,2005-01-27 05:51:00.290000+00:00,Earthquake,Earthquake,10.783,91.777,"144 km SW of Port Blair, India",5.2,,,,earthquakes,2005.0,1.0
usp000dehh,2005-01-27 05:55:19.970000+00:00,Earthquake,Earthquake,8.224,93.849,"Nicobar Islands, India region",4.6,,,,earthquakes,2005.0,1.0
usp000dejb,2005-01-27 08:09:30.450000+00:00,Earthquake,Earthquake,8.037,93.578,"Nicobar Islands, India region",4.7,,,,earthquakes,2005.0,1.0
usp000dekx,2005-01-27 12:23:56.630000+00:00,Earthquake,Earthquake,13.252,93.188,"179 km NNE of Bamboo Flat, India",4.6,,,,earthquakes,2005.0,1.0
usp000demq,2005-01-27 13:52:48.320000+00:00,Earthquake,Earthquake,8.283,93.754,"Nicobar Islands, India region",4.4,,,,earthquakes,2005.0,1.0
usp000deq9,2005-01-27 20:06:43.820000+00:00,Earthquake,Earthquake,8.222,93.883,"Nicobar Islands, India region",4.4,,,,earthquakes,2005.0,1.0
usp000deqf,2005-01-27 20:27:47.520000+00:00,Earthquake,Earthquake,8.267,93.803,"Nicobar Islands, India region",4.6,,,,earthquakes,2005.0,1.0
usp000deqm,2005-01-27 20:43:02.460000+00:00,Earthquake,Earthquake,8.221,93.708,"Nicobar Islands, India region",4.4,,,,earthquakes,2005.0,1.0
usp000deqr,2005-01-27 20:53:05.720000+00:00,Earthquake,Earthquake,8.455,94.061,"Nicobar Islands, India region",4.6,,,,earthquakes,2005.0,1.0
usp000deqt,2005-01-27 21:00:44.610000+00:00,Earthquake,Earthquake,9.697,93.471,"231 km SSE of Port Blair, India",5.3,,,,earthquakes,2005.0,1.0
usp000der2,2005-01-27 21:20:18.990000+00:00,Earthquake,Earthquake,8.227,93.689,"Nicobar Islands, India region",4.3,,,,earthquakes,2005.0,1.0
usp000dere,2005-01-27 21:57:54.340000+00:00,Earthquake,Earthquake,8.213,93.713,"Nicobar Islands, India region",4.3,,,,earthquakes,2005.0,1.0
usp000derz,2005-01-27 23:05:43.380000+00:00,Earthquake,Earthquake,8.218,93.857,"Nicobar Islands, India region",4.4,,,,earthquakes,2005.0,1.0
usp000dess,2005-01-28 01:10:53.490000+00:00,Earthquake,Earthquake,7.935,93.397,"Nicobar Islands, India region",4.1,,,,earthquakes,2005.0,1.0
usp000deth,2005-01-28 02:38:51.600000+00:00,Earthquake,Earthquake,12.573,92.501,"99 km NNW of Bamboo Flat, India",4.2,,,,earthquakes,2005.0,1.0
usp000detu,2005-01-28 03:23:56.940000+00:00,Earthquake,Earthquake,8.149,93.673,"Nicobar Islands, India region",4.4,,,,earthquakes,2005.0,1.0
usp000deu2,2005-01-28 04:04:03.810000+00:00,Earthquake,Earthquake,8.17,93.796,"Nicobar Islands, India region",4.8,,,,earthquakes,2005.0,1.0
usp000deuc,2005-01-28 04:43:42.410000+00:00,Earthquake,Earthquake,8.192,93.78,"Nicobar Islands, India region",4.6,,,,earthquakes,2005.0,1.0
usp000dev9,2005-01-28 06:25:04.340000+00:00,Earthquake,Earthquake,13.221,92.506,"169 km N of Bamboo Flat, India",4.6,,,,earthquakes,2005.0,1.0
usp000devf,2005-01-28 06:48:05.720000+00:00,Earthquake,Earthquake,8.188,93.833,"Nicobar Islands, India region",4.6,,,,earthquakes,2005.0,1.0
usp000devv,2005-01-28 08:07:15.630000+00:00,Earthquake,Earthquake,13.782,93.125,"234 km N of Bamboo Flat, India",4.5,,,,earthquakes,2005.0,1.0
usp000dew4,2005-01-28 08:37:09.270000+00:00,Earthquake,Earthquake,13.968,93.367,"260 km NNE of Bamboo Flat, India",4.4,,,,earthquakes,2005.0,1.0
usp000dew5,2005-01-28 08:38:38.720000+00:00,Earthquake,Earthquake,9.04,93.445,"Nicobar Islands, India region",4.1,,,,earthquakes,2005.0,1.0
usp000dew6,2005-01-28 08:41:21.860000+00:00,Earthquake,Earthquake,8.069,94.145,"Nicobar Islands, India region",4.5,,,,earthquakes,2005.0,1.0
usp000dewg,2005-01-28 09:16:31.450000+00:00,Earthquake,Earthquake,7.753,94.072,"Nicobar Islands, India region",4.8,,,,earthquakes,2005.0,1.0
usp000dewu,2005-01-28 10:03:59.320000+00:00,Earthquake,Earthquake,8.425,93.594,"Nicobar Islands, India region",4.2,,,,earthquakes,2005.0,1.0
usp000dexw,2005-01-28 13:40:55.830000+00:00,Earthquake,Earthquake,7.898,93.265,"Nicobar Islands, India region",4.3,,,,earthquakes,2005.0,1.0
usp000dexx,2005-01-28 13:45:34.170000+00:00,Earthquake,Earthquake,8.243,93.846,"Nicobar Islands, India region",4.5,,,,earthquakes,2005.0,1.0
usp000dey5,2005-01-28 14:41:12.660000+00:00,Earthquake,Earthquake,8.348,93.973,"Nicobar Islands, India region",4.4,,,,earthquakes,2005.0,1.0
usp000deys,2005-01-28 16:20:40.470000+00:00,Earthquake,Earthquake,8.403,93.871,"Nicobar Islands, India region",4.0,,,,earthquakes,2005.0,1.0
usp000deyw,2005-01-28 16:38:54.380000+00:00,Earthquake,Earthquake,8.244,93.967,"Nicobar Islands, India region",4.5,,,,earthquakes,2005.0,1.0
usp000deyy,2005-01-28 16:58:36.900000+00:00,Earthquake,Earthquake,8.146,93.648,"Nicobar Islands, India region",4.3,,,,earthquakes,2005.0,1.0
usp000dezm,2005-01-28 18:34:55.600000+00:00,Earthquake,Earthquake,8.413,93.811,"Nicobar Islands, India region",4.3,,,,earthquakes,2005.0,1.0
usp000dezv,2005-01-28 19:16:40.010000+00:00,Earthquake,Earthquake,7.655,93.975,"Nicobar Islands, India region",4.4,,,,earthquakes,2005.0,1.0
usp000df09,2005-01-28 21:20:14.710000+00:00,Earthquake,Earthquake,10.304,92.659,"150 km S of Port Blair, India",4.5,,,,earthquakes,2005.0,1.0
usp000df0e,2005-01-28 21:41:00.670000+00:00,Earthquake,Earthquake,7.872,93.324,"Nicobar Islands, India region",4.3,,,,earthquakes,2005.0,1.0
usp000df10,2005-01-28 23:21:48.770000+00:00,Earthquake,Earthquake,8.445,93.403,"Nicobar Islands, India region",4.4,,,,earthquakes,2005.0,1.0
usp000df1e,2005-01-29 00:42:29.840000+00:00,Earthquake,Earthquake,7.311,94.973,"Nicobar Islands, India region",4.1,,,,earthquakes,2005.0,1.0
usp000df1k,2005-01-29 01:13:44.390000+00:00,Earthquake,Earthquake,7.311,92.528,"Nicobar Islands, India region",5.3,,,,earthquakes,2005.0,1.0
usp000df26,2005-01-29 03:22:18.700000+00:00,Earthquake,Earthquake,7.132,92.472,"Nicobar Islands, India region",4.5,,,,earthquakes,2005.0,1.0
usp000df2c,2005-01-29 04:08:17.810000+00:00,Earthquake,Earthquake,12.036,92.295,"59 km NW of Bamboo Flat, India",4.5,,,,earthquakes,2005.0,1.0
usp000df2k,2005-01-29 05:44:13.890000+00:00,Earthquake,Earthquake,13.104,92.996,"158 km N of Bamboo Flat, India",5.2,,,,earthquakes,2005.0,1.0
usp000df2u,2005-01-29 06:52:43.150000+00:00,Earthquake,Earthquake,7.731,93.874,"Nicobar Islands, India region",4.2,,,,earthquakes,2005.0,1.0
usp000df30,2005-01-29 07:27:40.560000+00:00,Earthquake,Earthquake,8.346,93.289,"Nicobar Islands, India region",4.2,,,,earthquakes,2005.0,1.0
usp000df33,2005-01-29 07:45:25.800000+00:00,Earthquake,Earthquake,7.637,94.14,"Nicobar Islands, India region",4.5,,,,earthquakes,2005.0,1.0
usp000df51,2005-01-29 18:49:16.130000+00:00,Earthquake,Earthquake,7.012,92.498,"Nicobar Islands, India region",4.7,,,,earthquakes,2005.0,1.0
usp000df56,2005-01-29 19:26:49.010000+00:00,Earthquake,Earthquake,7.132,92.036,"Nicobar Islands, India region",4.7,,,,earthquakes,2005.0,1.0
usp000df5q,2005-01-29 20:58:35.670000+00:00,Earthquake,Earthquake,8.319,93.959,"Nicobar Islands, India region",5.0,,,,earthquakes,2005.0,1.0
usp000df62,2005-01-29 22:59:54.630000+00:00,Earthquake,Earthquake,12.377,92.358,"84 km NNW of Bamboo Flat, India",5.0,,,,earthquakes,2005.0,1.0
usp000df65,2005-01-29 23:14:30.370000+00:00,Earthquake,Earthquake,7.959,93.509,"Nicobar Islands, India region",5.0,,,,earthquakes,2005.0,1.0
usp000df6s,2005-01-30 03:37:34.720000+00:00,Earthquake,Earthquake,13.108,93.042,"159 km NNE of Bamboo Flat, India",4.6,,,,earthquakes,2005.0,1.0
usp000df70,2005-01-30 06:26:15.380000+00:00,Earthquake,Earthquake,13.784,93.147,"235 km NNE of Bamboo Flat, India",5.1,,,,earthquakes,2005.0,1.0
usp000df74,2005-01-30 07:02:26.670000+00:00,Earthquake,Earthquake,13.154,92.932,"162 km N of Bamboo Flat, India",5.1,,,,earthquakes,2005.0,1.0
usp000df8t,2005-01-31 03:02:50.010000+00:00,Earthquake,Earthquake,13.228,92.942,"170 km N of Bamboo Flat, India",4.7,,,,earthquakes,2005.0,1.0
usp000df9j,2005-01-31 09:19:27.740000+00:00,Earthquake,Earthquake,13.621,92.815,"212 km N of Bamboo Flat, India",4.3,,,,earthquakes,2005.0,1.0
usp000dfa5,2005-01-31 18:09:11.840000+00:00,Earthquake,Earthquake,7.452,92.909,"Nicobar Islands, India region",4.4,,,,earthquakes,2005.0,1.0
usp000dfa9,2005-01-31 20:42:50.330000+00:00,Earthquake,Earthquake,14.413,92.198,"Andaman Islands, India region",4.9,,,,earthquakes,2005.0,1.0
usp000dfaf,2005-01-31 23:51:19.210000+00:00,Earthquake,Earthquake,9.347,93.006,"258 km S of Port Blair, India",4.6,,,,earthquakes,2005.0,1.0
usp000dfag,2005-02-01 00:02:07.770000+00:00,Earthquake,Earthquake,8.803,93.658,"Nicobar Islands, India region",4.6,,,,earthquakes,2005.0,2.0
usp000dfau,2005-02-01 04:41:35.470000+00:00,Earthquake,Earthquake,12.884,92.54,"132 km N of Bamboo Flat, India",4.9,,,,earthquakes,2005.0,2.0
usp000dfb9,2005-02-01 10:35:16.890000+00:00,Earthquake,Earthquake,9.99,93.959,"227 km SE of Port Blair, India",5.4,,,,earthquakes,2005.0,2.0
usp000dfbj,2005-02-01 13:54:38.040000+00:00,Earthquake,Earthquake,9.988,93.993,"230 km SE of Port Blair, India",5.3,,,,earthquakes,2005.0,2.0
usp000dfbp,2005-02-01 14:38:39.700000+00:00,Earthquake,Earthquake,9.862,94.044,"244 km SE of Port Blair, India",4.7,,,,earthquakes,2005.0,2.0
usp000dfbu,2005-02-01 15:54:12.030000+00:00,Earthquake,Earthquake,9.959,94.099,"239 km SE of Port Blair, India",4.9,,,,earthquakes,2005.0,2.0
usp000dfca,2005-02-01 19:35:06.970000+00:00,Earthquake,Earthquake,9.774,94.001,"250 km SSE of Port Blair, India",4.5,,,,earthquakes,2005.0,2.0
usp000dfct,2005-02-02 01:30:22.280000+00:00,Earthquake,Earthquake,9.962,93.96,"230 km SE of Port Blair, India",5.5,,,,earthquakes,2005.0,2.0
usp000dfcy,2005-02-02 04:29:46.340000+00:00,Earthquake,Earthquake,9.915,93.956,"234 km SE of Port Blair, India",4.7,,,,earthquakes,2005.0,2.0
usp000dfdr,2005-02-02 14:58:08.630000+00:00,Earthquake,Earthquake,6.428,90.377,"Nicobar Islands, India region",5.1,,,,earthquakes,2005.0,2.0
usp000dffd,2005-02-03 20:13:29.840000+00:00,Earthquake,Earthquake,26.125,95.563,"75 km ESE of Tuensang, India",4.9,,,,earthquakes,2005.0,2.0
usp000dfh0,2005-02-04 21:24:22.710000+00:00,Earthquake,Earthquake,7.009,92.431,"Nicobar Islands, India region",4.5,,,,earthquakes,2005.0,2.0
usp000dfh7,2005-02-05 01:58:11.510000+00:00,Earthquake,Earthquake,13.581,92.788,"208 km N of Bamboo Flat, India",4.6,,,,earthquakes,2005.0,2.0
usp000dfh9,2005-02-05 03:07:07.630000+00:00,Earthquake,Earthquake,10.102,93.12,"177 km SSE of Port Blair, India",4.6,,,,earthquakes,2005.0,2.0
usp000dfhg,2005-02-05 04:18:54.970000+00:00,Earthquake,Earthquake,10.011,92.982,"184 km S of Port Blair, India",5.0,,,,earthquakes,2005.0,2.0
usp000dfhh,2005-02-05 04:21:23.810000+00:00,Earthquake,Earthquake,9.971,92.943,"188 km S of Port Blair, India",4.6,,,,earthquakes,2005.0,2.0
usp000dfhr,2005-02-05 08:14:02.490000+00:00,Earthquake,Earthquake,13.683,92.786,"219 km N of Bamboo Flat, India",4.5,,,,earthquakes,2005.0,2.0
usp000dfjy,2005-02-05 22:58:14.140000+00:00,Earthquake,Earthquake,7.878,94.231,"Nicobar Islands, India region",4.4,,,,earthquakes,2005.0,2.0
usp000dfkd,2005-02-06 04:24:18.630000+00:00,Earthquake,Earthquake,13.855,93.58,"256 km NNE of Bamboo Flat, India",5.4,,,,earthquakes,2005.0,2.0
usp000dfkf,2005-02-06 04:51:08.380000+00:00,Earthquake,Earthquake,13.784,93.286,"238 km NNE of Bamboo Flat, India",4.2,,,,earthquakes,2005.0,2.0
usp000dfkq,2005-02-06 07:16:46.790000+00:00,Earthquake,Earthquake,11.009,92.266,"89 km SW of Port Blair, India",4.2,,,,earthquakes,2005.0,2.0
usp000dfm5,2005-02-06 11:12:46.600000+00:00,Earthquake,Earthquake,8.346,92.595,"Nicobar Islands, India region",4.8,,,,earthquakes,2005.0,2.0
usp000dfmz,2005-02-06 23:01:41.030000+00:00,Earthquake,Earthquake,13.343,91.917,"201 km NNW of Bamboo Flat, India",4.5,,,,earthquakes,2005.0,2.0
usp000dfn0,2005-02-06 23:12:58.850000+00:00,Earthquake,Earthquake,7.365,92.271,"Nicobar Islands, India region",4.5,,,,earthquakes,2005.0,2.0
usp000dfn6,2005-02-07 01:26:56.390000+00:00,Earthquake,Earthquake,13.424,92.835,"191 km N of Bamboo Flat, India",4.2,,,,earthquakes,2005.0,2.0
usp000dfnt,2005-02-07 14:28:21.820000+00:00,Earthquake,Earthquake,13.755,92.974,"229 km N of Bamboo Flat, India",4.3,,,,earthquakes,2005.0,2.0
usp000dfnv,2005-02-07 15:57:52.180000+00:00,Earthquake,Earthquake,10.586,92.628,"120 km S of Port Blair, India",4.4,,,,earthquakes,2005.0,2.0
usp000dfr2,2005-02-08 21:20:40.180000+00:00,Earthquake,Earthquake,8.469,94.112,"Nicobar Islands, India region",4.7,,,,earthquakes,2005.0,2.0
usp000dfre,2005-02-09 01:39:10.140000+00:00,Earthquake,Earthquake,13.552,92.83,"205 km N of Bamboo Flat, India",4.5,,,,earthquakes,2005.0,2.0
usp000dfrh,2005-02-09 02:45:57.780000+00:00,Earthquake,Earthquake,6.801,92.618,"Nicobar Islands, India region",5.1,,,,earthquakes,2005.0,2.0
usp000dfsj,2005-02-09 12:49:26.670000+00:00,Earthquake,Earthquake,10.822,93.165,"103 km SSE of Port Blair, India",4.6,,,,earthquakes,2005.0,2.0
usp000dfsr,2005-02-09 14:06:28.310000+00:00,Earthquake,Earthquake,8.692,93.766,"Nicobar Islands, India region",4.4,,,,earthquakes,2005.0,2.0
usp000dft3,2005-02-09 18:37:13.270000+00:00,Earthquake,Earthquake,14.626,92.67,"Andaman Islands, India region",4.5,,,,earthquakes,2005.0,2.0
usp000dftc,2005-02-09 21:45:44.950000+00:00,Earthquake,Earthquake,10.768,93.368,"120 km SE of Port Blair, India",4.2,,,,earthquakes,2005.0,2.0
usp000dftf,2005-02-09 23:12:31.790000+00:00,Earthquake,Earthquake,14.565,92.422,"Andaman Islands, India region",4.5,,,,earthquakes,2005.0,2.0
usp000dftu,2005-02-10 02:11:41.300000+00:00,Earthquake,Earthquake,8.719,93.643,"Nicobar Islands, India region",4.2,,,,earthquakes,2005.0,2.0
usp000dftv,2005-02-10 02:15:51.050000+00:00,Earthquake,Earthquake,8.923,94.0,"Nicobar Islands, India region",4.0,,,,earthquakes,2005.0,2.0
usp000dftw,2005-02-10 02:19:45.010000+00:00,Earthquake,Earthquake,8.849,94.033,"Nicobar Islands, India region",4.4,,,,earthquakes,2005.0,2.0
usp000dfu2,2005-02-10 03:21:03.830000+00:00,Earthquake,Earthquake,8.379,93.289,"Nicobar Islands, India region",4.2,,,,earthquakes,2005.0,2.0
usp000dfub,2005-02-10 05:27:17.340000+00:00,Earthquake,Earthquake,8.888,94.016,"Nicobar Islands, India region",4.6,,,,earthquakes,2005.0,2.0
usp000dfuc,2005-02-10 05:43:32.900000+00:00,Earthquake,Earthquake,8.706,93.842,"Nicobar Islands, India region",4.4,,,,earthquakes,2005.0,2.0
usp000dfwm,2005-02-11 05:14:19.910000+00:00,Earthquake,Earthquake,10.653,93.281,"126 km SSE of Port Blair, India",4.3,,,,earthquakes,2005.0,2.0
usp000dfwy,2005-02-11 09:29:00.070000+00:00,Earthquake,Earthquake,8.427,93.59,"Nicobar Islands, India region",4.3,,,,earthquakes,2005.0,2.0
usp000dfxr,2005-02-11 18:33:27.320000+00:00,Earthquake,Earthquake,13.929,93.048,"249 km N of Bamboo Flat, India",4.4,,,,earthquakes,2005.0,2.0
usp000dg0g,2005-02-12 22:04:22.460000+00:00,Earthquake,Earthquake,8.579,94.148,"Nicobar Islands, India region",4.2,,,,earthquakes,2005.0,2.0
usp000dg1k,2005-02-13 10:23:51.170000+00:00,Earthquake,Earthquake,13.01,93.222,"154 km NNE of Bamboo Flat, India",4.6,,,,earthquakes,2005.0,2.0
usp000dg3b,2005-02-14 02:50:23.930000+00:00,Earthquake,Earthquake,13.818,92.972,"235 km N of Bamboo Flat, India",4.6,,,,earthquakes,2005.0,2.0
usp000dg3g,2005-02-14 05:02:56.010000+00:00,Earthquake,Earthquake,13.123,92.49,"159 km N of Bamboo Flat, India",4.4,,,,earthquakes,2005.0,2.0
usp000dg3s,2005-02-14 07:19:53.140000+00:00,Earthquake,Earthquake,14.528,92.074,"Andaman Islands, India region",4.3,,,,earthquakes,2005.0,2.0
usp000dg4n,2005-02-14 15:30:16.100000+00:00,Earthquake,Earthquake,6.91,91.342,"Nicobar Islands, India region",4.6,,,,earthquakes,2005.0,2.0
usp000dg4q,2005-02-14 16:04:52.610000+00:00,Earthquake,Earthquake,12.934,91.519,"188 km NW of Bamboo Flat, India",4.2,,,,earthquakes,2005.0,2.0
usp000dg4r,2005-02-14 16:15:25.660000+00:00,Earthquake,Earthquake,7.656,92.257,"Nicobar Islands, India region",4.7,,,,earthquakes,2005.0,2.0
usp000dg4v,2005-02-14 17:19:56.340000+00:00,Earthquake,Earthquake,12.911,91.697,"173 km NW of Bamboo Flat, India",4.6,,,,earthquakes,2005.0,2.0
usp000dg5v,2005-02-15 02:32:03.850000+00:00,Earthquake,Earthquake,13.47,92.946,"197 km N of Bamboo Flat, India",4.6,,,,earthquakes,2005.0,2.0
usp000dg6k,2005-02-15 11:15:11.700000+00:00,Earthquake,Earthquake,24.55,92.524,"9 km W of L?la, India",5.0,,,,earthquakes,2005.0,2.0
usp000dg6x,2005-02-15 13:05:49.840000+00:00,Earthquake,Earthquake,24.428,94.537,"51 km ESE of W?ngjing, India",5.2,,,,earthquakes,2005.0,2.0
usp000dg7u,2005-02-15 20:08:42.470000+00:00,Earthquake,Earthquake,8.778,93.863,"Nicobar Islands, India region",4.9,,,,earthquakes,2005.0,2.0
usp000dg7v,2005-02-15 20:20:43.220000+00:00,Earthquake,Earthquake,8.769,93.908,"Nicobar Islands, India region",4.7,,,,earthquakes,2005.0,2.0
usp000dg7w,2005-02-15 20:42:55.290000+00:00,Earthquake,Earthquake,8.693,93.976,"Nicobar Islands, India region",4.2,,,,earthquakes,2005.0,2.0
usp000dg7z,2005-02-15 21:48:38.440000+00:00,Earthquake,Earthquake,31.85,74.991,"3 km ESE of Fatehgarh Ch?ri?n, India",4.2,,,,earthquakes,2005.0,2.0
usp000dg83,2005-02-15 22:23:04.230000+00:00,Earthquake,Earthquake,8.833,93.932,"Nicobar Islands, India region",4.1,,,,earthquakes,2005.0,2.0
usp000dg89,2005-02-16 00:16:04.180000+00:00,Earthquake,Earthquake,13.595,92.958,"211 km N of Bamboo Flat, India",4.4,,,,earthquakes,2005.0,2.0
usp000dg8v,2005-02-16 06:36:41.670000+00:00,Earthquake,Earthquake,13.658,92.756,"216 km N of Bamboo Flat, India",4.4,,,,earthquakes,2005.0,2.0
usp000dg8w,2005-02-16 07:05:50.930000+00:00,Earthquake,Earthquake,9.006,93.519,"Nicobar Islands, India region",4.3,,,,earthquakes,2005.0,2.0
usp000dg9n,2005-02-16 13:03:29.390000+00:00,Earthquake,Earthquake,8.375,93.881,"Nicobar Islands, India region",4.5,,,,earthquakes,2005.0,2.0
usp000dg9r,2005-02-16 14:33:25.970000+00:00,Earthquake,Earthquake,9.753,93.595,"231 km SSE of Port Blair, India",4.8,,,,earthquakes,2005.0,2.0
usp000dg9v,2005-02-16 15:56:11.560000+00:00,Earthquake,Earthquake,13.125,92.284,"164 km NNW of Bamboo Flat, India",4.0,,,,earthquakes,2005.0,2.0
usp000dgby,2005-02-17 11:10:43.690000+00:00,Earthquake,Earthquake,13.725,92.816,"224 km N of Bamboo Flat, India",4.3,,,,earthquakes,2005.0,2.0
usp000dgcv,2005-02-17 20:13:21.930000+00:00,Earthquake,Earthquake,13.086,92.245,"161 km NNW of Bamboo Flat, India",4.3,,,,earthquakes,2005.0,2.0
usp000dgd3,2005-02-17 22:41:42.070000+00:00,Earthquake,Earthquake,12.823,91.517,"180 km NW of Bamboo Flat, India",4.0,,,,earthquakes,2005.0,2.0
usp000dgdt,2005-02-18 05:53:52.040000+00:00,Earthquake,Earthquake,13.324,91.569,"218 km NW of Bamboo Flat, India",4.6,,,,earthquakes,2005.0,2.0
usp000dgk5,2005-02-20 11:43:42.350000+00:00,Earthquake,Earthquake,11.405,92.214,"63 km WSW of Bamboo Flat, India",4.8,,,,earthquakes,2005.0,2.0
usp000dgmd,2005-02-20 23:08:03.960000+00:00,Earthquake,Earthquake,10.219,93.608,"185 km SSE of Port Blair, India",5.4,,,,earthquakes,2005.0,2.0
usp000dgme,2005-02-20 23:20:30.820000+00:00,Earthquake,Earthquake,13.576,92.844,"207 km N of Bamboo Flat, India",4.3,,,,earthquakes,2005.0,2.0
usp000dgn8,2005-02-21 11:07:26.940000+00:00,Earthquake,Earthquake,6.875,92.303,"Nicobar Islands, India region",4.6,,,,earthquakes,2005.0,2.0
usp000dgp3,2005-02-21 18:36:01.290000+00:00,Earthquake,Earthquake,10.097,93.429,"188 km SSE of Port Blair, India",4.2,,,,earthquakes,2005.0,2.0
usp000dgpc,2005-02-21 21:04:51.100000+00:00,Earthquake,Earthquake,7.043,92.36,"Nicobar Islands, India region",4.1,,,,earthquakes,2005.0,2.0
usp000dgpj,2005-02-21 23:07:05.720000+00:00,Earthquake,Earthquake,25.473,95.019,"56 km ESE of Phek, India",4.2,,,,earthquakes,2005.0,2.0
usp000dgqr,2005-02-22 08:02:23.020000+00:00,Earthquake,Earthquake,7.216,92.244,"Nicobar Islands, India region",4.5,,,,earthquakes,2005.0,2.0
usp000dgqt,2005-02-22 08:34:16.160000+00:00,Earthquake,Earthquake,13.38,91.809,"210 km NNW of Bamboo Flat, India",4.2,,,,earthquakes,2005.0,2.0
usp000dgrk,2005-02-22 17:12:00.640000+00:00,Earthquake,Earthquake,10.829,91.772,"141 km SW of Port Blair, India",5.5,,,,earthquakes,2005.0,2.0
usp000dgt1,2005-02-23 09:33:48.210000+00:00,Earthquake,Earthquake,6.552,91.512,"Nicobar Islands, India region",4.4,,,,earthquakes,2005.0,2.0
usp000dgtf,2005-02-23 13:16:25.880000+00:00,Earthquake,Earthquake,7.483,91.92,"Nicobar Islands, India region",4.4,,,,earthquakes,2005.0,2.0
usp000dguc,2005-02-23 21:22:04.090000+00:00,Earthquake,Earthquake,8.426,93.855,"Nicobar Islands, India region",4.3,,,,earthquakes,2005.0,2.0
usp000dgus,2005-02-24 02:13:06.470000+00:00,Earthquake,Earthquake,8.539,90.446,"Nicobar Islands, India region",4.4,,,,earthquakes,2005.0,2.0
usp000dgv6,2005-02-24 06:16:32.780000+00:00,Earthquake,Earthquake,13.802,93.094,"236 km N of Bamboo Flat, India",4.8,,,,earthquakes,2005.0,2.0
usp000dgvc,2005-02-24 11:03:35.600000+00:00,Earthquake,Earthquake,13.784,93.143,"235 km NNE of Bamboo Flat, India",4.8,,,,earthquakes,2005.0,2.0
usp000dgvm,2005-02-24 13:29:17.810000+00:00,Earthquake,Earthquake,7.197,92.165,"Nicobar Islands, India region",4.6,,,,earthquakes,2005.0,2.0
usp000dgvx,2005-02-24 14:59:17.110000+00:00,Earthquake,Earthquake,7.149,92.103,"Nicobar Islands, India region",4.7,,,,earthquakes,2005.0,2.0
usp000dgvy,2005-02-24 15:06:47.500000+00:00,Earthquake,Earthquake,8.63,93.768,"Nicobar Islands, India region",4.8,,,,earthquakes,2005.0,2.0
usp000dgw0,2005-02-24 15:55:58.880000+00:00,Earthquake,Earthquake,7.322,93.217,"Nicobar Islands, India region",4.2,,,,earthquakes,2005.0,2.0
usp000dgwx,2005-02-25 02:46:08.760000+00:00,Earthquake,Earthquake,10.056,93.402,"191 km SSE of Port Blair, India",4.0,,,,earthquakes,2005.0,2.0
usp000dgx2,2005-02-25 04:49:20.100000+00:00,Earthquake,Earthquake,14.054,93.302,"268 km NNE of Bamboo Flat, India",4.1,,,,earthquakes,2005.0,2.0
usp000dgxt,2005-02-25 13:30:07.960000+00:00,Earthquake,Earthquake,7.734,94.17,"Nicobar Islands, India region",5.1,,,,earthquakes,2005.0,2.0
usp000dgz8,2005-02-26 01:42:19.910000+00:00,Earthquake,Earthquake,7.709,91.447,"Nicobar Islands, India region",4.3,,,,earthquakes,2005.0,2.0
usp000dgzb,2005-02-26 03:02:34.840000+00:00,Earthquake,Earthquake,13.741,92.908,"226 km N of Bamboo Flat, India",4.0,,,,earthquakes,2005.0,2.0
usp000dgzp,2005-02-26 05:12:38.260000+00:00,Earthquake,Earthquake,9.142,93.594,"294 km SSE of Port Blair, India",4.3,,,,earthquakes,2005.0,2.0
usp000dh07,2005-02-26 09:59:00.020000+00:00,Earthquake,Earthquake,11.954,92.183,"64 km WNW of Bamboo Flat, India",4.5,,,,earthquakes,2005.0,2.0
usp000dh0r,2005-02-26 14:19:55.160000+00:00,Earthquake,Earthquake,11.917,93.602,"97 km ENE of Port Blair, India",4.3,,,,earthquakes,2005.0,2.0
usp000dh0s,2005-02-26 14:24:58.270000+00:00,Earthquake,Earthquake,9.38,93.112,"Nicobar Islands, India region",5.1,,,,earthquakes,2005.0,2.0
usp000dh0t,2005-02-26 14:33:51.710000+00:00,Earthquake,Earthquake,5.694,92.468,off the west coast of northern Sumatra,4.7,,,,earthquakes,2005.0,2.0
usp000dh14,2005-02-26 16:21:57.840000+00:00,Earthquake,Earthquake,10.805,91.633,"154 km SW of Bamboo Flat, India",4.2,,,,earthquakes,2005.0,2.0
usp000dh1g,2005-02-26 20:04:20.610000+00:00,Earthquake,Earthquake,10.804,91.813,"139 km SW of Port Blair, India",4.3,,,,earthquakes,2005.0,2.0
usp000dh2t,2005-02-27 07:13:13.490000+00:00,Earthquake,Earthquake,13.302,92.527,"178 km N of Bamboo Flat, India",4.1,,,,earthquakes,2005.0,2.0
usp000dh3j,2005-02-27 15:28:48.790000+00:00,Earthquake,Earthquake,8.354,93.659,"Nicobar Islands, India region",4.1,,,,earthquakes,2005.0,2.0
usp000dh3k,2005-02-27 15:31:59.150000+00:00,Earthquake,Earthquake,10.038,91.567,"221 km SW of Port Blair, India",4.7,,,,earthquakes,2005.0,2.0
usp000dh3n,2005-02-27 16:14:46.360000+00:00,Earthquake,Earthquake,12.846,93.167,"135 km NNE of Bamboo Flat, India",4.3,,,,earthquakes,2005.0,2.0
usp000dh3p,2005-02-27 16:38:29.020000+00:00,Earthquake,Earthquake,13.946,92.981,"250 km N of Bamboo Flat, India",4.4,,,,earthquakes,2005.0,2.0
usp000dh3u,2005-02-27 18:32:14.240000+00:00,Earthquake,Earthquake,25.371,91.553,"16 km WNW of Cherrapunji, India",4.2,,,,earthquakes,2005.0,2.0
usp000dh4h,2005-02-28 00:35:29.620000+00:00,Earthquake,Earthquake,9.871,93.853,"232 km SSE of Port Blair, India",4.7,,,,earthquakes,2005.0,2.0
usp000dh4y,2005-02-28 03:37:07.760000+00:00,Earthquake,Earthquake,9.885,91.588,"234 km SSW of Port Blair, India",4.5,,,,earthquakes,2005.0,2.0
usp000dh52,2005-02-28 04:36:24.210000+00:00,Earthquake,Earthquake,9.965,91.522,"230 km SW of Port Blair, India",4.7,,,,earthquakes,2005.0,2.0
usp000dh75,2005-02-28 18:01:59.750000+00:00,Earthquake,Earthquake,32.534,76.624,"37 km W of Kyelang, India",4.8,,,,earthquakes,2005.0,2.0
usp000dh7h,2005-02-28 20:50:26.160000+00:00,Earthquake,Earthquake,8.427,93.298,"Nicobar Islands, India region",4.4,,,,earthquakes,2005.0,2.0
usp000dh9f,2005-03-01 12:02:20.390000+00:00,Earthquake,Earthquake,11.783,92.201,"56 km W of Bamboo Flat, India",4.3,,,,earthquakes,2005.0,3.0
usp000dh9u,2005-03-01 14:20:50.940000+00:00,Earthquake,Earthquake,13.701,92.691,"221 km N of Bamboo Flat, India",4.0,,,,earthquakes,2005.0,3.0
usp000dhap,2005-03-01 22:22:06.690000+00:00,Earthquake,Earthquake,8.593,93.557,"Nicobar Islands, India region",4.8,,,,earthquakes,2005.0,3.0
usp000dhbc,2005-03-02 04:34:32.140000+00:00,Earthquake,Earthquake,9.202,93.886,"299 km SSE of Port Blair, India",4.3,,,,earthquakes,2005.0,3.0
usp000dhdq,2005-03-03 06:25:44.580000+00:00,Earthquake,Earthquake,14.507,92.362,"Andaman Islands, India region",4.7,,,,earthquakes,2005.0,3.0
usp000dhez,2005-03-03 18:11:32.100000+00:00,Earthquake,Earthquake,14.595,92.237,"Andaman Islands, India region",4.3,,,,earthquakes,2005.0,3.0
usp000dhf1,2005-03-03 18:28:15.780000+00:00,Earthquake,Earthquake,12.97,93.137,"147 km NNE of Bamboo Flat, India",4.0,,,,earthquakes,2005.0,3.0
usp000dhfe,2005-03-04 01:30:18.780000+00:00,Earthquake,Earthquake,10.917,92.335,"94 km SSW of Port Blair, India",4.3,,,,earthquakes,2005.0,3.0
usp000dhgn,2005-03-04 10:33:04.620000+00:00,Earthquake,Earthquake,10.827,91.732,"144 km SW of Port Blair, India",4.6,,,,earthquakes,2005.0,3.0
usp000dhh9,2005-03-04 16:16:38.020000+00:00,Earthquake,Earthquake,8.309,93.397,"Nicobar Islands, India region",4.2,,,,earthquakes,2005.0,3.0
usp000dhhk,2005-03-04 19:21:45.400000+00:00,Earthquake,Earthquake,9.176,92.307,"279 km S of Port Blair, India",4.3,,,,earthquakes,2005.0,3.0
usp000dhhx,2005-03-04 23:06:59.760000+00:00,Earthquake,Earthquake,8.592,94.466,"Nicobar Islands, India region",4.3,,,,earthquakes,2005.0,3.0
usp000dhk5,2005-03-05 13:17:29.060000+00:00,Earthquake,Earthquake,10.225,93.659,"188 km SSE of Port Blair, India",4.8,,,,earthquakes,2005.0,3.0
usp000dhng,2005-03-06 10:18:50.080000+00:00,Earthquake,Earthquake,7.535,91.997,"Nicobar Islands, India region",4.5,,,,earthquakes,2005.0,3.0
usp000dhqy,2005-03-07 10:04:27.330000+00:00,Earthquake,Earthquake,10.646,93.491,"139 km SE of Port Blair, India",4.6,,,,earthquakes,2005.0,3.0
usp000dhs9,2005-03-07 21:32:32.570000+00:00,Earthquake,Earthquake,9.311,91.834,"278 km SSW of Port Blair, India",4.7,,,,earthquakes,2005.0,3.0
usp000dhut,2005-03-09 06:19:50.530000+00:00,Earthquake,Earthquake,9.655,93.846,"252 km SSE of Port Blair, India",4.2,,,,earthquakes,2005.0,3.0
usp000dhy6,2005-03-10 18:08:19.130000+00:00,Earthquake,Earthquake,9.068,92.706,"287 km S of Port Blair, India",4.0,,,,earthquakes,2005.0,3.0
usp000dhyb,2005-03-10 19:50:40.870000+00:00,Earthquake,Earthquake,9.886,94.572,"280 km SE of Port Blair, India",4.0,,,,earthquakes,2005.0,3.0
usp000dj0e,2005-03-11 20:08:50.010000+00:00,Earthquake,Earthquake,7.166,92.265,"Nicobar Islands, India region",4.6,,,,earthquakes,2005.0,3.0
usp000dj0w,2005-03-12 01:11:30.700000+00:00,Earthquake,Earthquake,9.456,93.362,"253 km SSE of Port Blair, India",4.0,,,,earthquakes,2005.0,3.0
usp000dj1b,2005-03-12 04:50:51.130000+00:00,Earthquake,Earthquake,9.4,93.059,"252 km S of Port Blair, India",4.8,,,,earthquakes,2005.0,3.0
usp000dj1c,2005-03-12 04:59:26.040000+00:00,Earthquake,Earthquake,14.246,92.152,"288 km NNW of Bamboo Flat, India",4.0,,,,earthquakes,2005.0,3.0
usp000dj1h,2005-03-12 05:33:49.710000+00:00,Earthquake,Earthquake,10.604,91.528,"177 km SW of Port Blair, India",4.6,,,,earthquakes,2005.0,3.0
usp000dj25,2005-03-12 12:42:25.100000+00:00,Earthquake,Earthquake,10.771,92.233,"113 km SSW of Port Blair, India",4.0,,,,earthquakes,2005.0,3.0
usp000dj2g,2005-03-12 16:09:05.010000+00:00,Earthquake,Earthquake,10.707,92.057,"130 km SW of Port Blair, India",4.5,,,,earthquakes,2005.0,3.0
usp000dj2k,2005-03-12 17:30:02.310000+00:00,Earthquake,Earthquake,9.676,91.789,"243 km SSW of Port Blair, India",4.1,,,,earthquakes,2005.0,3.0
usp000dj2v,2005-03-12 22:43:32.710000+00:00,Earthquake,Earthquake,9.735,91.634,"245 km SSW of Port Blair, India",5.2,,,,earthquakes,2005.0,3.0
usp000dj34,2005-03-13 02:18:43.780000+00:00,Earthquake,Earthquake,11.582,93.019,"31 km ESE of Port Blair, India",4.8,,,,earthquakes,2005.0,3.0
usp000dj3k,2005-03-13 09:36:36.470000+00:00,Earthquake,Earthquake,12.335,92.392,"78 km NNW of Bamboo Flat, India",4.2,,,,earthquakes,2005.0,3.0
usp000dj3r,2005-03-13 11:00:02.800000+00:00,Earthquake,Earthquake,10.628,92.13,"133 km SSW of Port Blair, India",4.5,,,,earthquakes,2005.0,3.0
usp000dj40,2005-03-13 13:18:43.100000+00:00,Earthquake,Earthquake,10.143,91.768,"199 km SSW of Port Blair, India",4.3,,,,earthquakes,2005.0,3.0
usp000dj4m,2005-03-13 20:23:12.940000+00:00,Earthquake,Earthquake,11.834,94.38,"179 km E of Port Blair, India",4.2,,,,earthquakes,2005.0,3.0
usp000dj4p,2005-03-13 20:33:41.390000+00:00,Earthquake,Earthquake,11.626,94.032,"140 km E of Port Blair, India",4.2,,,,earthquakes,2005.0,3.0
usp000dj5p,2005-03-14 03:50:12+00:00,Earthquake,Earthquake,11.852,94.681,"211 km E of Port Blair, India",4.6,,,,earthquakes,2005.0,3.0
usp000dj5q,2005-03-14 04:04:09.320000+00:00,Earthquake,Earthquake,11.066,92.086,"97 km SW of Port Blair, India",4.6,,,,earthquakes,2005.0,3.0
usp000dj5s,2005-03-14 04:27:16.490000+00:00,Earthquake,Earthquake,9.439,93.152,"250 km S of Port Blair, India",4.9,,,,earthquakes,2005.0,3.0
usp000dj5z,2005-03-14 05:39:59.030000+00:00,Earthquake,Earthquake,11.782,94.387,"179 km E of Port Blair, India",4.4,,,,earthquakes,2005.0,3.0
usp000dj6d,2005-03-14 09:43:49.120000+00:00,Earthquake,Earthquake,17.145,73.73,"28 km ESE of M?khjan, India",4.9,,,,earthquakes,2005.0,3.0
usp000dj7k,2005-03-14 21:49:04.280000+00:00,Earthquake,Earthquake,12.178,92.399,"63 km NNW of Bamboo Flat, India",4.7,,,,earthquakes,2005.0,3.0
usp000dj82,2005-03-15 02:07:06.830000+00:00,Earthquake,Earthquake,17.072,73.668,"Maharashtra, India",4.3,,,,earthquakes,2005.0,3.0
usp000dj88,2005-03-15 05:25:56.360000+00:00,Earthquake,Earthquake,8.721,93.678,"Nicobar Islands, India region",4.4,,,,earthquakes,2005.0,3.0
usp000dj8a,2005-03-15 05:48:11.700000+00:00,Earthquake,Earthquake,8.641,93.871,"Nicobar Islands, India region",4.4,,,,earthquakes,2005.0,3.0
usp000djac,2005-03-16 05:44:22.180000+00:00,Earthquake,Earthquake,8.608,93.689,"Nicobar Islands, India region",4.3,,,,earthquakes,2005.0,3.0
usp000djak,2005-03-16 09:26:04.970000+00:00,Earthquake,Earthquake,11.043,92.192,"91 km SW of Port Blair, India",4.8,,,,earthquakes,2005.0,3.0
usp000djay,2005-03-16 14:56:28.330000+00:00,Earthquake,Earthquake,8.141,92.001,"Nicobar Islands, India region",4.2,,,,earthquakes,2005.0,3.0
usp000djb6,2005-03-16 18:16:08.080000+00:00,Earthquake,Earthquake,9.52,93.254,"243 km SSE of Port Blair, India",4.4,,,,earthquakes,2005.0,3.0
usp000djcf,2005-03-17 05:28:48.230000+00:00,Earthquake,Earthquake,10.27,93.796,"192 km SE of Port Blair, India",4.5,,,,earthquakes,2005.0,3.0
usp000djgg,2005-03-19 00:00:10.790000+00:00,Earthquake,Earthquake,13.365,92.289,"189 km NNW of Bamboo Flat, India",4.0,,,,earthquakes,2005.0,3.0
usp000djhg,2005-03-19 04:00:15.980000+00:00,Earthquake,Earthquake,9.16,91.831,"294 km SSW of Port Blair, India",4.2,,,,earthquakes,2005.0,3.0
usp000djk1,2005-03-19 18:41:51.520000+00:00,Earthquake,Earthquake,10.975,92.257,"93 km SW of Port Blair, India",4.1,,,,earthquakes,2005.0,3.0
usp000djk7,2005-03-19 19:45:36.660000+00:00,Earthquake,Earthquake,6.291,92.351,"Nicobar Islands, India region",4.4,,,,earthquakes,2005.0,3.0
usp000djky,2005-03-20 03:33:36.330000+00:00,Earthquake,Earthquake,11.555,92.37,"41 km WSW of Bamboo Flat, India",4.4,,,,earthquakes,2005.0,3.0
usp000djn6,2005-03-20 18:17:53.770000+00:00,Earthquake,Earthquake,7.326,92.285,"Nicobar Islands, India region",4.1,,,,earthquakes,2005.0,3.0
usp000djqp,2005-03-21 14:14:09.430000+00:00,Earthquake,Earthquake,12.339,92.533,"73 km NNW of Bamboo Flat, India",5.0,,,,earthquakes,2005.0,3.0
usp000djru,2005-03-21 23:36:40.060000+00:00,Earthquake,Earthquake,10.182,93.721,"195 km SSE of Port Blair, India",4.6,,,,earthquakes,2005.0,3.0
usp000djt2,2005-03-22 09:38:28.260000+00:00,Earthquake,Earthquake,13.061,92.476,"152 km N of Bamboo Flat, India",5.0,,,,earthquakes,2005.0,3.0
usp000djun,2005-03-22 23:44:17.710000+00:00,Earthquake,Earthquake,8.697,93.545,"Nicobar Islands, India region",4.1,,,,earthquakes,2005.0,3.0
usp000djvc,2005-03-23 05:59:07.920000+00:00,Earthquake,Earthquake,26.08,95.285,"50 km ESE of Tuensang, India",4.9,,,,earthquakes,2005.0,3.0
usp000djvn,2005-03-23 09:17:06.020000+00:00,Earthquake,Earthquake,12.312,92.568,"69 km NNW of Bamboo Flat, India",5.2,,,,earthquakes,2005.0,3.0
usp000djwx,2005-03-23 20:30:07.920000+00:00,Earthquake,Earthquake,10.295,92.887,"152 km S of Port Blair, India",4.2,,,,earthquakes,2005.0,3.0
usp000dk09,2005-03-25 04:01:29.800000+00:00,Earthquake,Earthquake,13.384,92.659,"186 km N of Bamboo Flat, India",4.0,,,,earthquakes,2005.0,3.0
usp000dk17,2005-03-25 13:34:40.020000+00:00,Earthquake,Earthquake,25.477,94.842,"40 km ESE of Phek, India",5.2,,,,earthquakes,2005.0,3.0
usp000dk2b,2005-03-26 00:03:27.680000+00:00,Earthquake,Earthquake,12.914,93.295,"148 km NNE of Bamboo Flat, India",4.3,,,,earthquakes,2005.0,3.0
usp000dk2f,2005-03-26 00:56:34.670000+00:00,Earthquake,Earthquake,16.822,73.276,"19 km S of Ratnagiri, India",4.3,,,,earthquakes,2005.0,3.0
usp000dk2j,2005-03-26 01:13:52.600000+00:00,Earthquake,Earthquake,12.724,93.139,"122 km NNE of Bamboo Flat, India",4.5,,,,earthquakes,2005.0,3.0
usp000dk2q,2005-03-26 02:02:45.300000+00:00,Earthquake,Earthquake,6.403,92.56,"Nicobar Islands, India region",4.2,,,,earthquakes,2005.0,3.0
usp000dk2x,2005-03-26 03:58:33.720000+00:00,Earthquake,Earthquake,7.326,91.431,"Nicobar Islands, India region",4.3,,,,earthquakes,2005.0,3.0
usp000dk36,2005-03-26 04:43:44.830000+00:00,Earthquake,Earthquake,14.34,92.068,"Andaman Islands, India region",4.2,,,,earthquakes,2005.0,3.0
usp000dk47,2005-03-26 20:32:13.420000+00:00,Earthquake,Earthquake,28.259,87.926,"101 km NW of Mangan, India",4.7,,,,earthquakes,2005.0,3.0
usp000dk5s,2005-03-27 13:04:08.020000+00:00,Earthquake,Earthquake,10.622,91.276,"197 km SW of Bamboo Flat, India",4.5,,,,earthquakes,2005.0,3.0
usp000dk5z,2005-03-27 15:09:47.320000+00:00,Earthquake,Earthquake,10.852,92.143,"111 km SW of Port Blair, India",4.1,,,,earthquakes,2005.0,3.0
usp000dk6f,2005-03-27 21:27:00.930000+00:00,Earthquake,Earthquake,13.029,91.749,"180 km NW of Bamboo Flat, India",4.3,,,,earthquakes,2005.0,3.0
usp000dk7z,2005-03-28 13:37:20.980000+00:00,Earthquake,Earthquake,8.117,91.395,"Nicobar Islands, India region",4.1,,,,earthquakes,2005.0,3.0
usp000dk9p,2005-03-28 18:36:56.010000+00:00,Earthquake,Earthquake,13.441,92.838,"193 km N of Bamboo Flat, India",4.4,,,,earthquakes,2005.0,3.0
usp000dkct,2005-03-29 00:19:00.800000+00:00,Earthquake,Earthquake,9.712,93.567,"234 km SSE of Port Blair, India",4.4,,,,earthquakes,2005.0,3.0
usp000dked,2005-03-29 04:26:42.350000+00:00,Earthquake,Earthquake,9.965,93.895,"226 km SSE of Port Blair, India",4.6,,,,earthquakes,2005.0,3.0
usp000dkmx,2005-03-30 08:34:09.330000+00:00,Earthquake,Earthquake,11.81,94.926,"238 km E of Port Blair, India",4.3,,,,earthquakes,2005.0,3.0
usp000dkqp,2005-03-31 00:20:34.420000+00:00,Earthquake,Earthquake,10.896,92.798,"85 km S of Port Blair, India",4.6,,,,earthquakes,2005.0,3.0
usp000dkx1,2005-04-01 14:11:45.500000+00:00,Earthquake,Earthquake,13.123,92.704,"157 km N of Bamboo Flat, India",4.6,,,,earthquakes,2005.0,4.0
usp000dky1,2005-04-01 19:21:51.830000+00:00,Earthquake,Earthquake,13.108,92.72,"155 km N of Bamboo Flat, India",4.8,,,,earthquakes,2005.0,4.0
usp000dm41,2005-04-03 14:42:49.360000+00:00,Earthquake,Earthquake,9.776,93.661,"231 km SSE of Port Blair, India",5.2,,,,earthquakes,2005.0,4.0
usp000dm4g,2005-04-03 17:21:11.130000+00:00,Earthquake,Earthquake,6.729,92.167,"Nicobar Islands, India region",4.0,,,,earthquakes,2005.0,4.0
usp000dm7u,2005-04-04 15:12:24.730000+00:00,Earthquake,Earthquake,14.704,93.47,"Andaman Islands, India region",4.5,,,,earthquakes,2005.0,4.0
usp000dmah,2005-04-05 10:21:51.530000+00:00,Earthquake,Earthquake,34.516,74.812,southwestern Kashmir,4.0,,,,earthquakes,2005.0,4.0
usp000dmcy,2005-04-06 04:56:48.980000+00:00,Earthquake,Earthquake,7.535,93.157,"Nicobar Islands, India region",4.5,,,,earthquakes,2005.0,4.0
usp000dmd7,2005-04-06 07:08:16.770000+00:00,Earthquake,Earthquake,8.394,93.887,"Nicobar Islands, India region",4.0,,,,earthquakes,2005.0,4.0
usp000dmd8,2005-04-06 07:17:52.890000+00:00,Earthquake,Earthquake,10.235,91.58,"203 km SW of Port Blair, India",4.8,,,,earthquakes,2005.0,4.0
usp000dmjj,2005-04-08 00:59:24.110000+00:00,Earthquake,Earthquake,10.693,91.498,"173 km SW of Bamboo Flat, India",4.2,,,,earthquakes,2005.0,4.0
usp000dmmk,2005-04-08 13:08:03.830000+00:00,Earthquake,Earthquake,8.299,91.61,"Nicobar Islands, India region",4.0,,,,earthquakes,2005.0,4.0
usp000dmmn,2005-04-08 13:27:28.570000+00:00,Earthquake,Earthquake,13.475,93.049,"199 km N of Bamboo Flat, India",4.1,,,,earthquakes,2005.0,4.0
usp000dmmq,2005-04-08 13:32:41.170000+00:00,Earthquake,Earthquake,8.148,91.684,"Nicobar Islands, India region",4.2,,,,earthquakes,2005.0,4.0
usp000dmp4,2005-04-09 01:10:17.860000+00:00,Earthquake,Earthquake,13.162,92.463,"164 km N of Bamboo Flat, India",4.1,,,,earthquakes,2005.0,4.0
usp000dmpa,2005-04-09 01:36:15.280000+00:00,Earthquake,Earthquake,10.69,91.296,"191 km SW of Bamboo Flat, India",4.2,,,,earthquakes,2005.0,4.0
usp000dmsp,2005-04-10 02:23:50.290000+00:00,Earthquake,Earthquake,10.567,92.232,"133 km SSW of Port Blair, India",5.0,,,,earthquakes,2005.0,4.0
usp000dmte,2005-04-10 07:59:54.980000+00:00,Earthquake,Earthquake,8.113,91.663,"Nicobar Islands, India region",4.3,,,,earthquakes,2005.0,4.0
usp000dmth,2005-04-10 08:14:44.580000+00:00,Earthquake,Earthquake,8.184,91.776,"Nicobar Islands, India region",4.6,,,,earthquakes,2005.0,4.0
usp000dmx3,2005-04-10 16:09:30.590000+00:00,Earthquake,Earthquake,8.012,91.868,"Nicobar Islands, India region",4.5,,,,earthquakes,2005.0,4.0
usp000dn18,2005-04-11 09:25:14.650000+00:00,Earthquake,Earthquake,11.301,90.992,"193 km WSW of Bamboo Flat, India",4.2,,,,earthquakes,2005.0,4.0
usp000dn2t,2005-04-11 18:38:38.600000+00:00,Earthquake,Earthquake,13.695,92.91,"221 km N of Bamboo Flat, India",4.3,,,,earthquakes,2005.0,4.0
usp000dn39,2005-04-11 20:32:18.160000+00:00,Earthquake,Earthquake,11.582,92.644,"14 km SW of Port Blair, India",4.1,,,,earthquakes,2005.0,4.0
usp000dn5p,2005-04-12 13:05:58.860000+00:00,Earthquake,Earthquake,10.473,92.753,"131 km S of Port Blair, India",4.1,,,,earthquakes,2005.0,4.0
usp000dn7a,2005-04-13 01:43:13.860000+00:00,Earthquake,Earthquake,13.405,92.737,"188 km N of Bamboo Flat, India",4.3,,,,earthquakes,2005.0,4.0
usp000dn7f,2005-04-13 02:47:51.620000+00:00,Earthquake,Earthquake,8.892,93.171,"Nicobar Islands, India region",4.2,,,,earthquakes,2005.0,4.0
usp000dnae,2005-04-14 07:11:27.170000+00:00,Earthquake,Earthquake,32.567,76.359,"21 km E of Chamba, India",4.8,,,,earthquakes,2005.0,4.0
usp000dnbq,2005-04-14 18:43:12.840000+00:00,Earthquake,Earthquake,8.405,93.703,"Nicobar Islands, India region",4.2,,,,earthquakes,2005.0,4.0
usp000dnbr,2005-04-14 18:44:28.870000+00:00,Earthquake,Earthquake,8.248,93.571,"Nicobar Islands, India region",4.3,,,,earthquakes,2005.0,4.0
usp000dncv,2005-04-15 03:30:56.260000+00:00,Earthquake,Earthquake,10.297,92.336,"157 km SSW of Port Blair, India",4.3,,,,earthquakes,2005.0,4.0
usp000dndv,2005-04-15 14:40:28.360000+00:00,Earthquake,Earthquake,10.01,93.525,"202 km SSE of Port Blair, India",4.3,,,,earthquakes,2005.0,4.0
usp000dnf3,2005-04-15 23:28:24.360000+00:00,Earthquake,Earthquake,10.319,92.573,"150 km S of Port Blair, India",4.4,,,,earthquakes,2005.0,4.0
usp000dngm,2005-04-16 10:13:15.960000+00:00,Earthquake,Earthquake,12.887,91.92,"157 km NNW of Bamboo Flat, India",4.6,,,,earthquakes,2005.0,4.0
usp000dnha,2005-04-16 16:50:29.130000+00:00,Earthquake,Earthquake,14.658,92.493,"Andaman Islands, India region",4.7,,,,earthquakes,2005.0,4.0
usp000dnhp,2005-04-16 20:51:52+00:00,Earthquake,Earthquake,12.244,92.743,"60 km N of Bamboo Flat, India",4.5,,,,earthquakes,2005.0,4.0
usp000dnkv,2005-04-17 17:09:47.720000+00:00,Earthquake,Earthquake,13.845,93.156,"242 km NNE of Bamboo Flat, India",4.7,,,,earthquakes,2005.0,4.0
usp000dnmm,2005-04-17 21:37:53.230000+00:00,Earthquake,Earthquake,10.178,93.634,"191 km SSE of Port Blair, India",5.3,,,,earthquakes,2005.0,4.0
usp000dnmt,2005-04-17 23:21:25.510000+00:00,Earthquake,Earthquake,10.783,92.041,"124 km SW of Port Blair, India",4.7,,,,earthquakes,2005.0,4.0
usp000dnny,2005-04-18 09:50:10.130000+00:00,Earthquake,Earthquake,10.692,91.719,"155 km SW of Port Blair, India",4.4,,,,earthquakes,2005.0,4.0
usp000dnpn,2005-04-18 14:16:40.930000+00:00,Earthquake,Earthquake,10.738,91.611,"160 km SW of Bamboo Flat, India",4.6,,,,earthquakes,2005.0,4.0
usp000dnq1,2005-04-18 18:33:56.450000+00:00,Earthquake,Earthquake,10.726,91.547,"167 km SW of Bamboo Flat, India",4.0,,,,earthquakes,2005.0,4.0
usp000dnq5,2005-04-18 20:10:34.570000+00:00,Earthquake,Earthquake,32.671,76.41,"29 km ENE of Chamba, India",4.1,,,,earthquakes,2005.0,4.0
usp000dnt4,2005-04-20 03:09:14.870000+00:00,Earthquake,Earthquake,8.973,93.568,"Nicobar Islands, India region",4.2,,,,earthquakes,2005.0,4.0
usp000dntn,2005-04-20 07:47:49.500000+00:00,Earthquake,Earthquake,10.922,92.586,"84 km SSW of Port Blair, India",4.5,,,,earthquakes,2005.0,4.0
usp000dnvp,2005-04-21 00:24:22.180000+00:00,Earthquake,Earthquake,6.938,92.649,"Nicobar Islands, India region",4.6,,,,earthquakes,2005.0,4.0
usp000dnys,2005-04-22 01:26:38.380000+00:00,Earthquake,Earthquake,8.664,93.47,"Nicobar Islands, India region",4.4,,,,earthquakes,2005.0,4.0
usp000dp1e,2005-04-23 05:19:07.720000+00:00,Earthquake,Earthquake,8.93,93.679,"Nicobar Islands, India region",4.7,,,,earthquakes,2005.0,4.0
usp000dp2k,2005-04-23 18:49:36.980000+00:00,Earthquake,Earthquake,12.923,92.403,"139 km NNW of Bamboo Flat, India",4.5,,,,earthquakes,2005.0,4.0
usp000dp55,2005-04-24 19:57:07.650000+00:00,Earthquake,Earthquake,12.897,93.064,"137 km NNE of Bamboo Flat, India",4.3,,,,earthquakes,2005.0,4.0
usp000dp6y,2005-04-25 14:57:57.650000+00:00,Earthquake,Earthquake,10.699,91.689,"157 km SW of Port Blair, India",4.5,,,,earthquakes,2005.0,4.0
usp000dpan,2005-04-26 20:50:10.110000+00:00,Earthquake,Earthquake,13.721,93.014,"225 km N of Bamboo Flat, India",4.2,,,,earthquakes,2005.0,4.0
usp000dpbc,2005-04-27 02:15:35.310000+00:00,Earthquake,Earthquake,8.703,92.349,"Nicobar Islands, India region",4.5,,,,earthquakes,2005.0,4.0
usp000dpcq,2005-04-27 14:04:44.280000+00:00,Earthquake,Earthquake,8.686,93.713,"Nicobar Islands, India region",4.9,,,,earthquakes,2005.0,4.0
usp000dpew,2005-04-28 16:45:12.990000+00:00,Earthquake,Earthquake,8.652,92.292,"Nicobar Islands, India region",4.5,,,,earthquakes,2005.0,4.0
usp000dpey,2005-04-28 18:02:16.140000+00:00,Earthquake,Earthquake,11.385,92.169,"69 km WSW of Bamboo Flat, India",4.3,,,,earthquakes,2005.0,4.0
usp000dpf4,2005-04-28 20:12:48.980000+00:00,Earthquake,Earthquake,7.305,92.068,"Nicobar Islands, India region",4.5,,,,earthquakes,2005.0,4.0
usp000dpf7,2005-04-28 21:17:51.800000+00:00,Earthquake,Earthquake,7.287,92.056,"Nicobar Islands, India region",4.4,,,,earthquakes,2005.0,4.0
usp000dpj3,2005-04-30 00:24:42.810000+00:00,Earthquake,Earthquake,9.508,93.142,"242 km S of Port Blair, India",4.6,,,,earthquakes,2005.0,4.0
usp000dpng,2005-05-01 03:57:55.310000+00:00,Earthquake,Earthquake,9.048,92.121,"297 km SSW of Port Blair, India",4.2,,,,earthquakes,2005.0,5.0
usp000dpp1,2005-05-01 07:39:30.510000+00:00,Earthquake,Earthquake,12.155,92.46,"57 km NNW of Bamboo Flat, India",4.5,,,,earthquakes,2005.0,5.0
usp000dppw,2005-05-01 14:56:48.600000+00:00,Earthquake,Earthquake,9.06,92.706,"288 km S of Port Blair, India",4.2,,,,earthquakes,2005.0,5.0
usp000dpq3,2005-05-01 17:39:55.030000+00:00,Earthquake,Earthquake,11.379,92.07,"78 km WSW of Bamboo Flat, India",4.5,,,,earthquakes,2005.0,5.0
usp000dpqm,2005-05-01 21:36:38.160000+00:00,Earthquake,Earthquake,13.575,92.849,"207 km N of Bamboo Flat, India",4.7,,,,earthquakes,2005.0,5.0
usp000dptb,2005-05-03 00:38:57.730000+00:00,Earthquake,Earthquake,25.764,91.059,"34 km NW of Nongstoin, India",4.3,,,,earthquakes,2005.0,5.0
usp000dpw0,2005-05-04 02:32:41.250000+00:00,Earthquake,Earthquake,9.291,91.688,"287 km SSW of Port Blair, India",5.3,,,,earthquakes,2005.0,5.0
usp000dpwu,2005-05-04 12:40:53.160000+00:00,Earthquake,Earthquake,9.217,91.802,"289 km SSW of Port Blair, India",4.3,,,,earthquakes,2005.0,5.0
usp000dq2b,2005-05-06 12:26:19.390000+00:00,Earthquake,Earthquake,9.869,92.45,"201 km S of Port Blair, India",4.3,,,,earthquakes,2005.0,5.0
usp000dq3h,2005-05-07 01:47:46.160000+00:00,Earthquake,Earthquake,9.925,92.82,"192 km S of Port Blair, India",4.4,,,,earthquakes,2005.0,5.0
usp000dq4a,2005-05-07 08:24:19.420000+00:00,Earthquake,Earthquake,12.504,91.62,"148 km NW of Bamboo Flat, India",4.2,,,,earthquakes,2005.0,5.0
usp000dq5r,2005-05-08 00:01:48.260000+00:00,Earthquake,Earthquake,9.749,90.066,"Nicobar Islands, India region",4.5,,,,earthquakes,2005.0,5.0
usp000dq91,2005-05-09 07:56:49.560000+00:00,Earthquake,Earthquake,12.845,93.206,"137 km NNE of Bamboo Flat, India",4.5,,,,earthquakes,2005.0,5.0
usp000dqad,2005-05-09 17:38:01.280000+00:00,Earthquake,Earthquake,10.72,92.055,"129 km SW of Port Blair, India",4.0,,,,earthquakes,2005.0,5.0
usp000dqdx,2005-05-10 20:20:09.470000+00:00,Earthquake,Earthquake,6.238,92.571,"Nicobar Islands, India region",4.2,,,,earthquakes,2005.0,5.0
usp000dqjb,2005-05-11 22:52:20.680000+00:00,Earthquake,Earthquake,11.049,92.062,"101 km SW of Port Blair, India",4.4,,,,earthquakes,2005.0,5.0
usp000dqn9,2005-05-12 23:29:22.460000+00:00,Earthquake,Earthquake,7.687,92.064,"Nicobar Islands, India region",4.6,,,,earthquakes,2005.0,5.0
usp000dqp1,2005-05-13 03:05:14.260000+00:00,Earthquake,Earthquake,12.842,92.311,"133 km NNW of Bamboo Flat, India",4.2,,,,earthquakes,2005.0,5.0
usp000dqpm,2005-05-13 07:24:47.930000+00:00,Earthquake,Earthquake,13.839,93.283,"244 km NNE of Bamboo Flat, India",4.3,,,,earthquakes,2005.0,5.0
usp000dqym,2005-05-16 10:33:55.960000+00:00,Earthquake,Earthquake,10.084,92.482,"177 km S of Port Blair, India",4.4,,,,earthquakes,2005.0,5.0
usp000dqyq,2005-05-16 11:48:54.580000+00:00,Earthquake,Earthquake,8.644,93.72,"Nicobar Islands, India region",4.7,,,,earthquakes,2005.0,5.0
usp000dqz3,2005-05-16 16:03:23.980000+00:00,Earthquake,Earthquake,9.894,92.031,"211 km SSW of Port Blair, India",4.2,,,,earthquakes,2005.0,5.0
usp000dr0q,2005-05-17 08:17:00.010000+00:00,Earthquake,Earthquake,9.69,93.925,"253 km SSE of Port Blair, India",4.4,,,,earthquakes,2005.0,5.0
usp000dr18,2005-05-17 13:04:09.020000+00:00,Earthquake,Earthquake,13.055,91.847,"177 km NNW of Bamboo Flat, India",4.2,,,,earthquakes,2005.0,5.0
usp000dr4z,2005-05-19 05:43:30.790000+00:00,Earthquake,Earthquake,35.632,78.375,"163 km ENE of Thang, India",4.2,,,,earthquakes,2005.0,5.0
usp000dr96,2005-05-21 06:22:20.220000+00:00,Earthquake,Earthquake,12.056,95.042,"253 km E of Port Blair, India",4.2,,,,earthquakes,2005.0,5.0
usp000drae,2005-05-21 21:36:48.750000+00:00,Earthquake,Earthquake,7.515,92.69,"Nicobar Islands, India region",4.3,,,,earthquakes,2005.0,5.0
usp000drf7,2005-05-23 22:07:53.020000+00:00,Earthquake,Earthquake,8.216,91.614,"Nicobar Islands, India region",4.0,,,,earthquakes,2005.0,5.0
usp000drh7,2005-05-24 21:06:33.600000+00:00,Earthquake,Earthquake,22.845,92.331,"42 km W of Lunglei, India",4.2,,,,earthquakes,2005.0,5.0
usp000drhj,2005-05-25 01:40:21.600000+00:00,Earthquake,Earthquake,13.653,92.889,"216 km N of Bamboo Flat, India",4.2,,,,earthquakes,2005.0,5.0
usp000drhz,2005-05-25 07:51:20.860000+00:00,Earthquake,Earthquake,12.912,93.212,"144 km NNE of Bamboo Flat, India",4.3,,,,earthquakes,2005.0,5.0
usp000drpn,2005-05-27 18:31:13.360000+00:00,Earthquake,Earthquake,13.011,92.519,"146 km N of Bamboo Flat, India",4.2,,,,earthquakes,2005.0,5.0
usp000drqf,2005-05-28 04:36:34.050000+00:00,Earthquake,Earthquake,12.291,94.709,"Andaman Islands, India region",4.1,,,,earthquakes,2005.0,5.0
usp000drs7,2005-05-29 01:59:28.860000+00:00,Earthquake,Earthquake,11.982,92.155,"68 km WNW of Bamboo Flat, India",4.1,,,,earthquakes,2005.0,5.0
usp000drtf,2005-05-29 10:46:16.440000+00:00,Earthquake,Earthquake,26.934,92.423,"26 km NNW of Dhekiajuli, India",4.3,,,,earthquakes,2005.0,5.0
usp000drtt,2005-05-29 13:45:44.350000+00:00,Earthquake,Earthquake,12.739,92.688,"114 km N of Bamboo Flat, India",4.2,,,,earthquakes,2005.0,5.0
usp000drv9,2005-05-29 23:27:58.540000+00:00,Earthquake,Earthquake,9.526,92.788,"236 km S of Port Blair, India",4.6,,,,earthquakes,2005.0,5.0
usp000drxh,2005-05-31 00:33:30.510000+00:00,Earthquake,Earthquake,10.007,91.462,"231 km SW of Port Blair, India",4.8,,,,earthquakes,2005.0,5.0
usp000drz0,2005-05-31 18:18:23.220000+00:00,Earthquake,Earthquake,8.823,94.261,"Nicobar Islands, India region",4.5,,,,earthquakes,2005.0,5.0
usp000ds0u,2005-06-01 18:55:49.060000+00:00,Earthquake,Earthquake,6.526,92.439,"Nicobar Islands, India region",4.2,,,,earthquakes,2005.0,6.0
usp000ds10,2005-06-01 20:06:41.450000+00:00,Earthquake,Earthquake,28.881,94.626,"46 km NNE of Shi Yomi, India",5.8,,,,earthquakes,2005.0,6.0
usp000ds6v,2005-06-04 13:55:15.610000+00:00,Earthquake,Earthquake,11.683,92.319,"43 km W of Bamboo Flat, India",4.4,,,,earthquakes,2005.0,6.0
usp000dsca,2005-06-06 18:30:36.730000+00:00,Earthquake,Earthquake,8.115,91.916,"Nicobar Islands, India region",4.4,,,,earthquakes,2005.0,6.0
usp000dsck,2005-06-06 22:01:44.790000+00:00,Earthquake,Earthquake,9.487,92.845,"241 km S of Port Blair, India",4.5,,,,earthquakes,2005.0,6.0
usp000dsd7,2005-06-07 03:27:07.530000+00:00,Earthquake,Earthquake,12.318,94.861,"241 km ENE of Port Blair, India",4.8,,,,earthquakes,2005.0,6.0
usp000dsdh,2005-06-07 05:03:19.150000+00:00,Earthquake,Earthquake,12.697,93.155,"120 km NNE of Bamboo Flat, India",4.5,,,,earthquakes,2005.0,6.0
usp000dsdp,2005-06-07 05:49:15.940000+00:00,Earthquake,Earthquake,12.007,92.262,"60 km NW of Bamboo Flat, India",4.1,,,,earthquakes,2005.0,6.0
usp000dsfn,2005-06-07 21:32:07.330000+00:00,Earthquake,Earthquake,17.144,73.854,"26 km S of P?tan, India",4.4,,,,earthquakes,2005.0,6.0
usp000dshd,2005-06-08 16:25:31.050000+00:00,Earthquake,Earthquake,7.566,91.764,"Nicobar Islands, India region",4.2,,,,earthquakes,2005.0,6.0
usp000dsk8,2005-06-09 12:40:26+00:00,Earthquake,Earthquake,10.987,91.798,"127 km SW of Bamboo Flat, India",4.3,,,,earthquakes,2005.0,6.0
usp000dsmg,2005-06-10 01:29:10.540000+00:00,Earthquake,Earthquake,8.291,93.535,"Nicobar Islands, India region",4.2,,,,earthquakes,2005.0,6.0
usp000dsq4,2005-06-11 04:39:04.730000+00:00,Earthquake,Earthquake,12.145,94.701,"219 km ENE of Port Blair, India",4.6,,,,earthquakes,2005.0,6.0
usp000dsq5,2005-06-11 04:46:47.210000+00:00,Earthquake,Earthquake,12.217,94.696,"220 km ENE of Port Blair, India",4.7,,,,earthquakes,2005.0,6.0
usp000dss2,2005-06-12 03:42:33.350000+00:00,Earthquake,Earthquake,26.454,96.249,"62 km WNW of Sarupathar, India",4.1,,,,earthquakes,2005.0,6.0
usp000dstw,2005-06-12 20:22:59.770000+00:00,Earthquake,Earthquake,10.428,91.699,"178 km SW of Port Blair, India",4.0,,,,earthquakes,2005.0,6.0
usp000dsum,2005-06-13 05:48:20.120000+00:00,Earthquake,Earthquake,8.731,92.717,"Nicobar Islands, India region",4.5,,,,earthquakes,2005.0,6.0
usp000dsvb,2005-06-13 16:13:56.870000+00:00,Earthquake,Earthquake,11.275,95.098,"260 km E of Port Blair, India",4.1,,,,earthquakes,2005.0,6.0
usp000dsvd,2005-06-13 17:14:17.670000+00:00,Earthquake,Earthquake,13.584,92.746,"208 km N of Bamboo Flat, India",4.6,,,,earthquakes,2005.0,6.0
usp000dsye,2005-06-14 11:37:19.420000+00:00,Earthquake,Earthquake,26.072,95.691,"89 km ESE of Tuensang, India",4.9,,,,earthquakes,2005.0,6.0
usp000dsz4,2005-06-14 14:23:18.470000+00:00,Earthquake,Earthquake,27.205,87.92,"32 km WNW of Naya B?z?r, India",4.6,,,,earthquakes,2005.0,6.0
usp000dt32,2005-06-15 06:15:22.370000+00:00,Earthquake,Earthquake,12.21,92.348,"69 km NW of Bamboo Flat, India",4.5,,,,earthquakes,2005.0,6.0
usp000dt3t,2005-06-15 10:07:47.840000+00:00,Earthquake,Earthquake,13.508,92.87,"200 km N of Bamboo Flat, India",4.5,,,,earthquakes,2005.0,6.0
usp000dt71,2005-06-16 16:06:36.520000+00:00,Earthquake,Earthquake,7.705,92.126,"Nicobar Islands, India region",4.8,,,,earthquakes,2005.0,6.0
usp000dt7j,2005-06-16 22:38:58.770000+00:00,Earthquake,Earthquake,10.264,69.7,Arabian Sea,4.5,,,,earthquakes,2005.0,6.0
usp000dt7r,2005-06-17 00:11:18.920000+00:00,Earthquake,Earthquake,11.043,94.805,"235 km ESE of Port Blair, India",4.3,,,,earthquakes,2005.0,6.0
usp000dtdg,2005-06-19 02:09:32.460000+00:00,Earthquake,Earthquake,7.427,93.08,"Nicobar Islands, India region",4.5,,,,earthquakes,2005.0,6.0
usp000dtdj,2005-06-19 02:44:57.500000+00:00,Earthquake,Earthquake,13.456,92.72,"194 km N of Bamboo Flat, India",4.6,,,,earthquakes,2005.0,6.0
usp000dtjx,2005-06-21 01:37:37.680000+00:00,Earthquake,Earthquake,6.606,92.617,"Nicobar Islands, India region",4.7,,,,earthquakes,2005.0,6.0
usp000dtp7,2005-06-22 15:00:55.820000+00:00,Earthquake,Earthquake,11.755,92.811,"11 km ENE of Bamboo Flat, India",4.2,,,,earthquakes,2005.0,6.0
usp000dtrv,2005-06-23 17:53:51.260000+00:00,Earthquake,Earthquake,10.116,93.021,"174 km S of Port Blair, India",4.5,,,,earthquakes,2005.0,6.0
usp000dtsv,2005-06-24 01:46:20.200000+00:00,Earthquake,Earthquake,26.478,93.139,"37 km ESE of Tezpur, India",4.3,,,,earthquakes,2005.0,6.0
usp000dtwx,2005-06-25 20:57:03.890000+00:00,Earthquake,Earthquake,33.871,80.81,"299 km E of Leh, India",4.0,,,,earthquakes,2005.0,6.0
usp000dtxm,2005-06-26 05:03:43.050000+00:00,Earthquake,Earthquake,11.988,95.008,"249 km E of Port Blair, India",4.3,,,,earthquakes,2005.0,6.0
usp000du2g,2005-06-28 05:22:07.930000+00:00,Earthquake,Earthquake,10.643,92.03,"137 km SW of Port Blair, India",4.5,,,,earthquakes,2005.0,6.0
usp000du2m,2005-06-28 06:41:08.040000+00:00,Earthquake,Earthquake,12.147,92.456,"57 km NNW of Bamboo Flat, India",4.3,,,,earthquakes,2005.0,6.0
usp000du37,2005-06-28 13:53:12.140000+00:00,Earthquake,Earthquake,6.034,92.688,"Nicobar Islands, India region",4.5,,,,earthquakes,2005.0,6.0
usp000du8b,2005-06-30 16:02:33.140000+00:00,Earthquake,Earthquake,7.743,91.958,"Nicobar Islands, India region",4.9,,,,earthquakes,2005.0,6.0
usp000du8n,2005-06-30 18:43:10.140000+00:00,Earthquake,Earthquake,7.492,91.749,"Nicobar Islands, India region",4.2,,,,earthquakes,2005.0,6.0
usp000duah,2005-07-01 15:11:26.240000+00:00,Earthquake,Earthquake,7.563,91.657,"Nicobar Islands, India region",4.0,,,,earthquakes,2005.0,7.0
usp000duc5,2005-07-02 10:01:12.820000+00:00,Earthquake,Earthquake,28.794,96.089,"91 km NNW of Hayuliang, India",4.6,,,,earthquakes,2005.0,7.0
usp000duck,2005-07-02 16:10:55.140000+00:00,Earthquake,Earthquake,9.103,92.605,"283 km S of Port Blair, India",4.6,,,,earthquakes,2005.0,7.0
usp000ducs,2005-07-02 18:12:21.880000+00:00,Earthquake,Earthquake,13.849,93.607,"256 km NNE of Bamboo Flat, India",5.1,,,,earthquakes,2005.0,7.0
usp000due9,2005-07-03 12:27:16.750000+00:00,Earthquake,Earthquake,11.665,93.046,"32 km E of Port Blair, India",4.2,,,,earthquakes,2005.0,7.0
usp000dufx,2005-07-04 04:35:33.560000+00:00,Earthquake,Earthquake,8.317,93.073,"Nicobar Islands, India region",4.5,,,,earthquakes,2005.0,7.0
usp000duhe,2005-07-04 16:07:36.040000+00:00,Earthquake,Earthquake,10.251,93.582,"181 km SSE of Port Blair, India",5.3,,,,earthquakes,2005.0,7.0
usp000duhq,2005-07-04 19:44:05.760000+00:00,Earthquake,Earthquake,32.729,76.312,"25 km NE of Chamba, India",4.8,,,,earthquakes,2005.0,7.0
usp000duht,2005-07-04 20:29:42.360000+00:00,Earthquake,Earthquake,10.257,93.481,"175 km SSE of Port Blair, India",4.4,,,,earthquakes,2005.0,7.0
usp000dujm,2005-07-05 05:03:07.240000+00:00,Earthquake,Earthquake,10.465,92.239,"143 km SSW of Port Blair, India",4.6,,,,earthquakes,2005.0,7.0
usp000duqm,2005-07-07 17:41:10.890000+00:00,Earthquake,Earthquake,26.938,97.254,"92 km NNE of Sarupathar, India",4.4,,,,earthquakes,2005.0,7.0
usp000duuy,2005-07-09 12:25:38.110000+00:00,Earthquake,Earthquake,13.658,92.892,"217 km N of Bamboo Flat, India",4.4,,,,earthquakes,2005.0,7.0
usp000duv2,2005-07-09 12:58:14.910000+00:00,Earthquake,Earthquake,13.658,92.833,"216 km N of Bamboo Flat, India",4.4,,,,earthquakes,2005.0,7.0
usp000duvv,2005-07-09 23:47:27.950000+00:00,Earthquake,Earthquake,9.315,93.013,"261 km S of Port Blair, India",4.8,,,,earthquakes,2005.0,7.0
usp000dv38,2005-07-13 00:29:29.810000+00:00,Earthquake,Earthquake,10.351,92.903,"146 km S of Port Blair, India",5.5,,,,earthquakes,2005.0,7.0
usp000dv3y,2005-07-13 08:40:39.440000+00:00,Earthquake,Earthquake,8.527,92.258,"Nicobar Islands, India region",4.8,,,,earthquakes,2005.0,7.0
usp000dv68,2005-07-14 11:09:14.820000+00:00,Earthquake,Earthquake,10.958,91.6,"146 km SW of Bamboo Flat, India",4.3,,,,earthquakes,2005.0,7.0
usp000dv8g,2005-07-15 11:58:18.300000+00:00,Earthquake,Earthquake,11.014,91.816,"124 km SW of Bamboo Flat, India",4.2,,,,earthquakes,2005.0,7.0
usp000dv9n,2005-07-16 00:11:18.080000+00:00,Earthquake,Earthquake,12.76,93.442,"141 km NE of Bamboo Flat, India",4.2,,,,earthquakes,2005.0,7.0
usp000dva7,2005-07-16 06:25:20.750000+00:00,Earthquake,Earthquake,8.687,92.37,"Nicobar Islands, India region",4.3,,,,earthquakes,2005.0,7.0
usp000dvc5,2005-07-17 02:42:40.590000+00:00,Earthquake,Earthquake,8.302,93.562,"Nicobar Islands, India region",4.2,,,,earthquakes,2005.0,7.0
usp000dvcc,2005-07-17 06:12:40.710000+00:00,Earthquake,Earthquake,26.413,93.388,"32 km SW of Bok?kh?t, India",4.8,,,,earthquakes,2005.0,7.0
usp000dvdj,2005-07-17 22:06:38.790000+00:00,Earthquake,Earthquake,7.575,92.179,"Nicobar Islands, India region",4.1,,,,earthquakes,2005.0,7.0
usp000dvjs,2005-07-20 10:54:49.520000+00:00,Earthquake,Earthquake,35.34,77.791,"101 km ENE of Thang, India",4.2,,,,earthquakes,2005.0,7.0
usp000dvq3,2005-07-22 22:45:38.460000+00:00,Earthquake,Earthquake,13.027,93.307,"Andaman Islands, India region",4.6,,,,earthquakes,2005.0,7.0
usp000dvr7,2005-07-23 10:16:30.720000+00:00,Earthquake,Earthquake,12.744,93.292,"131 km NNE of Bamboo Flat, India",4.5,,,,earthquakes,2005.0,7.0
usp000dvtc,2005-07-24 15:42:06.210000+00:00,Earthquake,Earthquake,7.92,92.19,"Nicobar Islands, India region",7.2,,,,earthquakes,2005.0,7.0
usp000dvte,2005-07-24 15:54:33.980000+00:00,Earthquake,Earthquake,8.064,91.816,"Nicobar Islands, India region",5.1,,,,earthquakes,2005.0,7.0
usp000dvtf,2005-07-24 16:00:12.340000+00:00,Earthquake,Earthquake,8.091,92.109,"Nicobar Islands, India region",5.1,,,,earthquakes,2005.0,7.0
usp000dvtg,2005-07-24 16:11:44.580000+00:00,Earthquake,Earthquake,8.034,91.905,"Nicobar Islands, India region",4.8,,,,earthquakes,2005.0,7.0
usp000dvth,2005-07-24 16:15:08.360000+00:00,Earthquake,Earthquake,7.634,92.599,"Nicobar Islands, India region",4.2,,,,earthquakes,2005.0,7.0
usp000dvtj,2005-07-24 16:45:21.110000+00:00,Earthquake,Earthquake,7.707,91.966,"Nicobar Islands, India region",4.1,,,,earthquakes,2005.0,7.0
usp000dvtk,2005-07-24 16:48:04.200000+00:00,Earthquake,Earthquake,7.784,91.824,"Nicobar Islands, India region",4.3,,,,earthquakes,2005.0,7.0
usp000dvtm,2005-07-24 16:55:58.830000+00:00,Earthquake,Earthquake,7.68,92.108,"Nicobar Islands, India region",4.2,,,,earthquakes,2005.0,7.0
usp000dvtn,2005-07-24 17:10:05.790000+00:00,Earthquake,Earthquake,8.067,92.011,"Nicobar Islands, India region",4.8,,,,earthquakes,2005.0,7.0
usp000dvtq,2005-07-24 17:18:47.630000+00:00,Earthquake,Earthquake,7.65,92.33,"Nicobar Islands, India region",4.1,,,,earthquakes,2005.0,7.0
usp000dvts,2005-07-24 17:28:23.470000+00:00,Earthquake,Earthquake,8.026,91.958,"Nicobar Islands, India region",4.9,,,,earthquakes,2005.0,7.0
usp000dvtu,2005-07-24 17:38:31.300000+00:00,Earthquake,Earthquake,7.891,92.042,"Nicobar Islands, India region",4.2,,,,earthquakes,2005.0,7.0
usp000dvtv,2005-07-24 17:39:41.170000+00:00,Earthquake,Earthquake,7.824,91.778,"Nicobar Islands, India region",4.4,,,,earthquakes,2005.0,7.0
usp000dvtw,2005-07-24 17:46:13.420000+00:00,Earthquake,Earthquake,7.942,91.838,"Nicobar Islands, India region",4.0,,,,earthquakes,2005.0,7.0
usp000dvu1,2005-07-24 18:25:50.650000+00:00,Earthquake,Earthquake,7.695,92.138,"Nicobar Islands, India region",4.6,,,,earthquakes,2005.0,7.0
usp000dvu5,2005-07-24 19:21:36.940000+00:00,Earthquake,Earthquake,7.9,91.889,"Nicobar Islands, India region",4.4,,,,earthquakes,2005.0,7.0
usp000dvu6,2005-07-24 19:39:03.750000+00:00,Earthquake,Earthquake,8.009,91.805,"Nicobar Islands, India region",4.6,,,,earthquakes,2005.0,7.0
usp000dvua,2005-07-24 20:57:34.780000+00:00,Earthquake,Earthquake,7.901,92.143,"Nicobar Islands, India region",4.4,,,,earthquakes,2005.0,7.0
usp000dvuc,2005-07-24 21:29:17.440000+00:00,Earthquake,Earthquake,7.977,91.827,"Nicobar Islands, India region",4.6,,,,earthquakes,2005.0,7.0
usp000dvue,2005-07-24 22:00:28.430000+00:00,Earthquake,Earthquake,7.83,91.87,"Nicobar Islands, India region",4.4,,,,earthquakes,2005.0,7.0
usp000dvuf,2005-07-24 22:08:04.960000+00:00,Earthquake,Earthquake,7.827,92.258,"Nicobar Islands, India region",4.5,,,,earthquakes,2005.0,7.0
usp000dvuj,2005-07-24 22:27:31.920000+00:00,Earthquake,Earthquake,6.784,92.587,"Nicobar Islands, India region",4.4,,,,earthquakes,2005.0,7.0
usp000dvuk,2005-07-24 23:06:10.020000+00:00,Earthquake,Earthquake,7.6,92.016,"Nicobar Islands, India region",4.2,,,,earthquakes,2005.0,7.0
usp000dvuy,2005-07-25 02:17:15.570000+00:00,Earthquake,Earthquake,7.791,92.01,"Nicobar Islands, India region",5.0,,,,earthquakes,2005.0,7.0
usp000dvv5,2005-07-25 03:26:17.600000+00:00,Earthquake,Earthquake,8.123,91.926,"Nicobar Islands, India region",5.6,,,,earthquakes,2005.0,7.0
usp000dvve,2005-07-25 05:10:02.050000+00:00,Earthquake,Earthquake,7.98,91.855,"Nicobar Islands, India region",4.5,,,,earthquakes,2005.0,7.0
usp000dvvh,2005-07-25 06:17:12.280000+00:00,Earthquake,Earthquake,7.655,92.17,"Nicobar Islands, India region",4.2,,,,earthquakes,2005.0,7.0
usp000dvvs,2005-07-25 07:44:34.440000+00:00,Earthquake,Earthquake,8.119,91.83,"Nicobar Islands, India region",4.6,,,,earthquakes,2005.0,7.0
usp000dvvu,2005-07-25 08:49:28.400000+00:00,Earthquake,Earthquake,7.905,91.955,"Nicobar Islands, India region",4.4,,,,earthquakes,2005.0,7.0
usp000dvvv,2005-07-25 08:50:24.380000+00:00,Earthquake,Earthquake,8.114,91.932,"Nicobar Islands, India region",4.7,,,,earthquakes,2005.0,7.0
usp000dvvz,2005-07-25 09:24:01.360000+00:00,Earthquake,Earthquake,7.827,92.12,"Nicobar Islands, India region",4.2,,,,earthquakes,2005.0,7.0
usp000dvw4,2005-07-25 11:07:15.140000+00:00,Earthquake,Earthquake,7.816,91.905,"Nicobar Islands, India region",4.4,,,,earthquakes,2005.0,7.0
usp000dvwa,2005-07-25 12:43:46.450000+00:00,Earthquake,Earthquake,8.02,93.002,"Nicobar Islands, India region",5.2,,,,earthquakes,2005.0,7.0
usp000dvwm,2005-07-25 15:10:43.060000+00:00,Earthquake,Earthquake,7.713,92.225,"Nicobar Islands, India region",4.4,,,,earthquakes,2005.0,7.0
usp000dvww,2005-07-25 17:51:35.050000+00:00,Earthquake,Earthquake,8.226,92.894,"Nicobar Islands, India region",4.3,,,,earthquakes,2005.0,7.0
usp000dvxm,2005-07-26 00:56:15.510000+00:00,Earthquake,Earthquake,8.061,91.889,"Nicobar Islands, India region",4.7,,,,earthquakes,2005.0,7.0
usp000dvxn,2005-07-26 01:18:59.550000+00:00,Earthquake,Earthquake,7.712,92.298,"Nicobar Islands, India region",4.4,,,,earthquakes,2005.0,7.0
usp000dvy6,2005-07-26 05:47:40.280000+00:00,Earthquake,Earthquake,7.994,91.801,"Nicobar Islands, India region",4.7,,,,earthquakes,2005.0,7.0
usp000dvyd,2005-07-26 06:32:11.440000+00:00,Earthquake,Earthquake,8.372,91.639,"Nicobar Islands, India region",5.3,,,,earthquakes,2005.0,7.0
usp000dvyk,2005-07-26 07:15:32.540000+00:00,Earthquake,Earthquake,8.397,91.714,"Nicobar Islands, India region",4.1,,,,earthquakes,2005.0,7.0
usp000dw06,2005-07-26 18:27:05.300000+00:00,Earthquake,Earthquake,23.273,91.406,"5 km WNW of Belonia, India",4.0,,,,earthquakes,2005.0,7.0
usp000dw08,2005-07-26 19:03:24.280000+00:00,Earthquake,Earthquake,7.44,92.044,"Nicobar Islands, India region",4.5,,,,earthquakes,2005.0,7.0
usp000dw0d,2005-07-26 20:59:04.580000+00:00,Earthquake,Earthquake,11.427,92.229,"61 km WSW of Bamboo Flat, India",4.8,,,,earthquakes,2005.0,7.0
usp000dw1f,2005-07-27 06:52:30.080000+00:00,Earthquake,Earthquake,12.04,94.986,"247 km E of Port Blair, India",4.5,,,,earthquakes,2005.0,7.0
usp000dw2f,2005-07-27 16:05:04.440000+00:00,Earthquake,Earthquake,7.971,92.009,"Nicobar Islands, India region",4.2,,,,earthquakes,2005.0,7.0
usp000dw6j,2005-07-29 09:35:39.030000+00:00,Earthquake,Earthquake,7.935,91.736,"Nicobar Islands, India region",4.4,,,,earthquakes,2005.0,7.0
usp000dw6r,2005-07-29 12:27:01.540000+00:00,Earthquake,Earthquake,8.381,92.328,"Nicobar Islands, India region",5.3,,,,earthquakes,2005.0,7.0
usp000dw86,2005-07-29 21:46:20.740000+00:00,Earthquake,Earthquake,10.84,93.091,"98 km SSE of Port Blair, India",4.6,,,,earthquakes,2005.0,7.0
usp000dw9t,2005-07-30 09:26:05.140000+00:00,Earthquake,Earthquake,10.864,91.602,"152 km SW of Bamboo Flat, India",4.6,,,,earthquakes,2005.0,7.0
usp000dwa4,2005-07-30 12:24:38.280000+00:00,Earthquake,Earthquake,8.016,91.958,"Nicobar Islands, India region",5.1,,,,earthquakes,2005.0,7.0
usp000dwax,2005-07-30 23:46:01.860000+00:00,Earthquake,Earthquake,13.031,93.351,"162 km NNE of Bamboo Flat, India",4.4,,,,earthquakes,2005.0,7.0
usp000dwda,2005-07-31 19:29:57.550000+00:00,Earthquake,Earthquake,13.875,93.216,"246 km NNE of Bamboo Flat, India",4.8,,,,earthquakes,2005.0,7.0
usp000dwgb,2005-08-02 07:09:30.850000+00:00,Earthquake,Earthquake,9.283,92.993,"264 km S of Port Blair, India",4.0,,,,earthquakes,2005.0,8.0
usp000dwh2,2005-08-02 16:18:49.190000+00:00,Earthquake,Earthquake,8.247,92.477,"Nicobar Islands, India region",4.2,,,,earthquakes,2005.0,8.0
usp000dwh3,2005-08-02 16:23:47.140000+00:00,Earthquake,Earthquake,9.004,92.28,"298 km S of Port Blair, India",4.3,,,,earthquakes,2005.0,8.0
usp000dwjd,2005-08-03 07:20:23.050000+00:00,Earthquake,Earthquake,7.201,92.164,"Nicobar Islands, India region",4.4,,,,earthquakes,2005.0,8.0
usp000dwjf,2005-08-03 07:33:10.630000+00:00,Earthquake,Earthquake,11.429,92.775,"26 km S of Port Blair, India",4.7,,,,earthquakes,2005.0,8.0
usp000dwm0,2005-08-03 23:43:47.150000+00:00,Earthquake,Earthquake,6.725,92.667,"Nicobar Islands, India region",5.4,,,,earthquakes,2005.0,8.0
usp000dwmk,2005-08-04 03:09:01.460000+00:00,Earthquake,Earthquake,12.857,91.799,"Andaman Islands, India region",4.5,,,,earthquakes,2005.0,8.0
usp000dwqg,2005-08-05 06:12:25.220000+00:00,Earthquake,Earthquake,10.762,91.448,"173 km SW of Bamboo Flat, India",4.7,,,,earthquakes,2005.0,8.0
usp000dwrh,2005-08-05 16:31:03.700000+00:00,Earthquake,Earthquake,6.737,92.704,"Nicobar Islands, India region",4.4,,,,earthquakes,2005.0,8.0
usp000dwtn,2005-08-06 11:49:35.660000+00:00,Earthquake,Earthquake,8.132,92.422,"Nicobar Islands, India region",4.5,,,,earthquakes,2005.0,8.0
usp000dwzv,2005-08-09 05:05:44.770000+00:00,Earthquake,Earthquake,13.19,92.183,"174 km NNW of Bamboo Flat, India",4.1,,,,earthquakes,2005.0,8.0
usp000dx0p,2005-08-09 15:16:10.880000+00:00,Earthquake,Earthquake,13.787,93.457,"244 km NNE of Bamboo Flat, India",4.7,,,,earthquakes,2005.0,8.0
usp000dx6p,2005-08-12 12:13:28.280000+00:00,Earthquake,Earthquake,9.952,91.328,"244 km SW of Port Blair, India",4.0,,,,earthquakes,2005.0,8.0
usp000dxa6,2005-08-14 06:33:32.500000+00:00,Earthquake,Earthquake,17.398,74.118,"13 km NNW of Kar?d, India",4.4,,,,earthquakes,2005.0,8.0
usp000dxba,2005-08-14 20:18:07.070000+00:00,Earthquake,Earthquake,13.244,92.544,"171 km N of Bamboo Flat, India",4.8,,,,earthquakes,2005.0,8.0
usp000dxe6,2005-08-16 03:45:54.190000+00:00,Earthquake,Earthquake,30.924,78.56,"24 km NNE of Uttark?shi, India",4.4,,,,earthquakes,2005.0,8.0
usp000dxf0,2005-08-16 12:04:00.710000+00:00,Earthquake,Earthquake,8.352,92.095,"Nicobar Islands, India region",4.3,,,,earthquakes,2005.0,8.0
usp000dxkj,2005-08-18 13:57:29.620000+00:00,Earthquake,Earthquake,12.943,93.269,"150 km NNE of Bamboo Flat, India",4.4,,,,earthquakes,2005.0,8.0
usp000dxs9,2005-08-21 08:27:19.970000+00:00,Earthquake,Earthquake,12.981,92.405,"145 km NNW of Bamboo Flat, India",4.5,,,,earthquakes,2005.0,8.0
usp000dy3d,2005-08-26 13:29:16.090000+00:00,Earthquake,Earthquake,10.416,91.521,"192 km SW of Port Blair, India",4.3,,,,earthquakes,2005.0,8.0
usp000dy3t,2005-08-26 16:39:43.960000+00:00,Earthquake,Earthquake,9.005,92.342,"297 km S of Port Blair, India",4.7,,,,earthquakes,2005.0,8.0
usp000dy3x,2005-08-26 18:30:32.560000+00:00,Earthquake,Earthquake,7.528,91.792,"Nicobar Islands, India region",4.1,,,,earthquakes,2005.0,8.0
usp000dy9e,2005-08-29 14:44:47.780000+00:00,Earthquake,Earthquake,11.044,92.251,"87 km SW of Port Blair, India",5.1,,,,earthquakes,2005.0,8.0
usp000dyb2,2005-08-30 08:53:17.460000+00:00,Earthquake,Earthquake,17.067,73.773,"23 km NW of Malk?pur, India",4.7,,,,earthquakes,2005.0,8.0
usp000dyct,2005-08-31 01:54:47.710000+00:00,Earthquake,Earthquake,7.769,91.864,"Nicobar Islands, India region",4.4,,,,earthquakes,2005.0,8.0
usp000dygn,2005-09-01 13:02:35.820000+00:00,Earthquake,Earthquake,10.985,91.815,"Andaman Islands, India region",4.1,,,,earthquakes,2005.0,9.0
usp000dypk,2005-09-03 15:44:46.690000+00:00,Earthquake,Earthquake,12.247,94.749,"227 km ENE of Port Blair, India",4.1,,,,earthquakes,2005.0,9.0
usp000dyqd,2005-09-04 00:00:30.740000+00:00,Earthquake,Earthquake,10.302,91.778,"184 km SW of Port Blair, India",4.4,,,,earthquakes,2005.0,9.0
usp000dys7,2005-09-04 19:06:14.670000+00:00,Earthquake,Earthquake,13.013,92.525,"146 km N of Bamboo Flat, India",4.2,,,,earthquakes,2005.0,9.0
usp000dysq,2005-09-05 01:45:43+00:00,Earthquake,Earthquake,30.406,79.151,"20 km NE of Rudrapray?g, India",4.6,,,,earthquakes,2005.0,9.0
usp000dyvs,2005-09-06 11:10:29.110000+00:00,Earthquake,Earthquake,7.686,92.199,"Nicobar Islands, India region",5.2,,,,earthquakes,2005.0,9.0
usp000dyx3,2005-09-07 02:57:47.920000+00:00,Earthquake,Earthquake,33.025,80.698,"294 km NNE of Josh?math, India",4.0,,,,earthquakes,2005.0,9.0
usp000dyyq,2005-09-07 21:42:46.430000+00:00,Earthquake,Earthquake,11.914,93.206,"57 km ENE of Port Blair, India",4.9,,,,earthquakes,2005.0,9.0
usp000dyyv,2005-09-08 01:24:41.370000+00:00,Earthquake,Earthquake,13.526,92.797,"202 km N of Bamboo Flat, India",4.2,,,,earthquakes,2005.0,9.0
usp000dz72,2005-09-10 19:35:52.010000+00:00,Earthquake,Earthquake,10.5,91.732,"170 km SW of Port Blair, India",4.2,,,,earthquakes,2005.0,9.0
usp000dzay,2005-09-12 16:59:52.130000+00:00,Earthquake,Earthquake,25.881,90.529,"27 km SE of Lakhipur, India",4.2,,,,earthquakes,2005.0,9.0
usp000dzc6,2005-09-13 05:12:44.120000+00:00,Earthquake,Earthquake,11.267,91.926,"98 km WSW of Bamboo Flat, India",4.0,,,,earthquakes,2005.0,9.0
usp000dzcy,2005-09-13 14:32:57.820000+00:00,Earthquake,Earthquake,8.073,91.912,"Nicobar Islands, India region",5.5,,,,earthquakes,2005.0,9.0
usp000dzcz,2005-09-13 14:42:35.250000+00:00,Earthquake,Earthquake,7.942,91.874,"Nicobar Islands, India region",4.3,,,,earthquakes,2005.0,9.0
usp000dzd1,2005-09-13 15:27:17.050000+00:00,Earthquake,Earthquake,8.009,91.936,"Nicobar Islands, India region",4.2,,,,earthquakes,2005.0,9.0
usp000dze7,2005-09-14 08:17:02.860000+00:00,Earthquake,Earthquake,8.042,91.913,"Nicobar Islands, India region",4.9,,,,earthquakes,2005.0,9.0
usp000dze8,2005-09-14 09:03:46.830000+00:00,Earthquake,Earthquake,7.984,91.926,"Nicobar Islands, India region",4.6,,,,earthquakes,2005.0,9.0
usp000dzf4,2005-09-14 19:07:55.930000+00:00,Earthquake,Earthquake,8.17,91.537,"Nicobar Islands, India region",4.2,,,,earthquakes,2005.0,9.0
usp000dznh,2005-09-18 07:25:59.460000+00:00,Earthquake,Earthquake,24.561,94.781,"72 km E of W?ngjing, India",5.7,,,,earthquakes,2005.0,9.0
usp000dzrh,2005-09-19 19:24:01.900000+00:00,Earthquake,Earthquake,10.072,93.095,"180 km SSE of Port Blair, India",4.3,,,,earthquakes,2005.0,9.0
usp000dzx6,2005-09-22 05:51:12.070000+00:00,Earthquake,Earthquake,13.605,92.732,"210 km N of Bamboo Flat, India",4.7,,,,earthquakes,2005.0,9.0
usp000dzzd,2005-09-22 23:30:29.650000+00:00,Earthquake,Earthquake,8.182,92.431,"Nicobar Islands, India region",4.6,,,,earthquakes,2005.0,9.0
usp000dzzj,2005-09-23 00:04:48.680000+00:00,Earthquake,Earthquake,8.013,91.818,"Nicobar Islands, India region",4.2,,,,earthquakes,2005.0,9.0
usp000e083,2005-09-25 16:55:16.630000+00:00,Earthquake,Earthquake,10.177,93.518,"185 km SSE of Port Blair, India",4.0,,,,earthquakes,2005.0,9.0
usp000e0cc,2005-09-27 11:31:42.840000+00:00,Earthquake,Earthquake,6.751,93.138,"Nicobar Islands, India region",4.4,,,,earthquakes,2005.0,9.0
usp000e0j3,2005-09-30 01:20:45.910000+00:00,Earthquake,Earthquake,8.259,92.864,"Nicobar Islands, India region",4.2,,,,earthquakes,2005.0,9.0
usp000e0rp,2005-10-02 19:20:34.530000+00:00,Earthquake,Earthquake,13.021,92.329,"152 km NNW of Bamboo Flat, India",4.4,,,,earthquakes,2005.0,10.0
usp000e0u2,2005-10-03 16:29:08.060000+00:00,Earthquake,Earthquake,12.909,92.5,"135 km N of Bamboo Flat, India",4.3,,,,earthquakes,2005.0,10.0
usp000e0u9,2005-10-03 20:26:58.890000+00:00,Earthquake,Earthquake,13.453,92.719,"193 km N of Bamboo Flat, India",4.2,,,,earthquakes,2005.0,10.0
usp000e0uw,2005-10-04 03:59:39.180000+00:00,Earthquake,Earthquake,12.273,93.114,"76 km NE of Bamboo Flat, India",4.5,,,,earthquakes,2005.0,10.0
usp000e0ww,2005-10-05 05:14:49.700000+00:00,Earthquake,Earthquake,13.549,93.06,"207 km N of Bamboo Flat, India",4.6,,,,earthquakes,2005.0,10.0
usp000e0xb,2005-10-05 12:19:09.280000+00:00,Earthquake,Earthquake,7.897,92.063,"Nicobar Islands, India region",5.3,,,,earthquakes,2005.0,10.0
usp000e11g,2005-10-07 15:57:27.100000+00:00,Earthquake,Earthquake,12.989,93.211,"152 km NNE of Bamboo Flat, India",4.2,,,,earthquakes,2005.0,10.0
usp000e13f,2005-10-08 04:56:26.520000+00:00,Earthquake,Earthquake,34.122,73.807,"22 km WNW of Uri, India",4.7,,,,earthquakes,2005.0,10.0
usp000e14a,2005-10-08 06:14:44.370000+00:00,Earthquake,Earthquake,34.054,73.954,"9 km WSW of Uri, India",4.5,,,,earthquakes,2005.0,10.0
usp000e15n,2005-10-08 09:36:50.930000+00:00,Earthquake,Earthquake,34.202,73.888,"20 km NW of Uri, India",4.8,,,,earthquakes,2005.0,10.0
usp000e17p,2005-10-08 14:39:26.480000+00:00,Earthquake,Earthquake,34.095,73.773,"25 km W of Uri, India",4.0,,,,earthquakes,2005.0,10.0
usp000e1a9,2005-10-09 01:11:59.640000+00:00,Earthquake,Earthquake,34.211,73.783,"28 km WNW of Uri, India",4.4,,,,earthquakes,2005.0,10.0
usp000e1ee,2005-10-09 18:41:00.390000+00:00,Earthquake,Earthquake,25.374,95.692,"124 km ESE of Phek, India",4.0,,,,earthquakes,2005.0,10.0
usp000e1f4,2005-10-09 22:37:53.180000+00:00,Earthquake,Earthquake,34.233,73.788,"29 km NW of Uri, India",4.4,,,,earthquakes,2005.0,10.0
usp000e1fh,2005-10-10 01:07:08.820000+00:00,Earthquake,Earthquake,12.159,94.7,"219 km ENE of Port Blair, India",4.2,,,,earthquakes,2005.0,10.0
usp000e1hu,2005-10-10 17:37:55.070000+00:00,Earthquake,Earthquake,7.795,91.714,"Nicobar Islands, India region",4.4,,,,earthquakes,2005.0,10.0
usp000e1hw,2005-10-10 17:51:27.360000+00:00,Earthquake,Earthquake,11.626,92.847,"11 km ESE of Port Blair, India",4.1,,,,earthquakes,2005.0,10.0
usp000e1ja,2005-10-10 20:26:44.100000+00:00,Earthquake,Earthquake,8.035,91.916,"Nicobar Islands, India region",4.3,,,,earthquakes,2005.0,10.0
usp000e1jz,2005-10-11 03:37:56.850000+00:00,Earthquake,Earthquake,10.894,92.296,"98 km SSW of Port Blair, India",5.4,,,,earthquakes,2005.0,10.0
usp000e1ky,2005-10-11 14:21:03.140000+00:00,Earthquake,Earthquake,12.144,92.39,"60 km NW of Bamboo Flat, India",4.8,,,,earthquakes,2005.0,10.0
usp000e1mp,2005-10-11 20:51:15.050000+00:00,Earthquake,Earthquake,34.275,73.868,"27 km NW of Uri, India",4.2,,,,earthquakes,2005.0,10.0
usp000e1mw,2005-10-11 22:53:53.120000+00:00,Earthquake,Earthquake,33.078,76.208,"47 km ENE of Bhadarw?h, India",4.1,,,,earthquakes,2005.0,10.0
usp000e1vp,2005-10-15 04:24:06.250000+00:00,Earthquake,Earthquake,34.014,74.003,"8 km SSW of Uri, India",5.2,,,,earthquakes,2005.0,10.0
usp000e1vs,2005-10-15 04:32:21.040000+00:00,Earthquake,Earthquake,33.954,73.93,"17 km SW of Uri, India",5.0,,,,earthquakes,2005.0,10.0
usp000e1vt,2005-10-15 04:43:01.720000+00:00,Earthquake,Earthquake,34.29,73.883,"27 km NNW of Uri, India",4.2,,,,earthquakes,2005.0,10.0
usp000e1w1,2005-10-15 06:52:13.970000+00:00,Earthquake,Earthquake,34.026,73.871,"17 km WSW of Uri, India",4.5,,,,earthquakes,2005.0,10.0
usp000e1x8,2005-10-15 23:16:32.930000+00:00,Earthquake,Earthquake,12.889,93.177,"140 km NNE of Bamboo Flat, India",4.0,,,,earthquakes,2005.0,10.0
usp000e1y0,2005-10-16 07:18:59.480000+00:00,Earthquake,Earthquake,7.66,92.772,"Nicobar Islands, India region",4.8,,,,earthquakes,2005.0,10.0
usp000e1y6,2005-10-16 09:59:29.710000+00:00,Earthquake,Earthquake,10.562,92.297,"131 km SSW of Port Blair, India",4.7,,,,earthquakes,2005.0,10.0
usp000e26d,2005-10-18 21:36:46.360000+00:00,Earthquake,Earthquake,13.668,92.958,"219 km N of Bamboo Flat, India",4.2,,,,earthquakes,2005.0,10.0
usp000e2ep,2005-10-21 14:45:36.030000+00:00,Earthquake,Earthquake,34.458,73.981,"42 km N of Uri, India",4.0,,,,earthquakes,2005.0,10.0
usp000e2hc,2005-10-22 11:09:12.620000+00:00,Earthquake,Earthquake,12.355,94.98,"254 km ENE of Port Blair, India",4.7,,,,earthquakes,2005.0,10.0
usp000e2hs,2005-10-22 13:45:20.400000+00:00,Earthquake,Earthquake,25.568,96.05,"103 km SW of Sarupathar, India",5.0,,,,earthquakes,2005.0,10.0
usp000e2j3,2005-10-22 15:43:25.480000+00:00,Earthquake,Earthquake,12.343,95.031,"259 km ENE of Port Blair, India",4.5,,,,earthquakes,2005.0,10.0
usp000e2kd,2005-10-23 01:45:56.780000+00:00,Earthquake,Earthquake,11.433,91.977,"85 km WSW of Bamboo Flat, India",4.2,,,,earthquakes,2005.0,10.0
usp000e2tq,2005-10-25 09:22:16.300000+00:00,Earthquake,Earthquake,13.135,93.411,"175 km NNE of Bamboo Flat, India",4.5,,,,earthquakes,2005.0,10.0
usp000e2vg,2005-10-26 01:42:41.880000+00:00,Earthquake,Earthquake,34.206,73.928,"17 km NW of Uri, India",4.8,,,,earthquakes,2005.0,10.0
usp000e2vj,2005-10-26 01:59:10.950000+00:00,Earthquake,Earthquake,13.538,93.011,"205 km N of Bamboo Flat, India",4.4,,,,earthquakes,2005.0,10.0
usp000e2yv,2005-10-27 19:26:21.230000+00:00,Earthquake,Earthquake,34.167,73.841,"21 km WNW of Uri, India",4.2,,,,earthquakes,2005.0,10.0
usp000e37v,2005-10-31 17:57:42.780000+00:00,Earthquake,Earthquake,9.19,93.521,"286 km SSE of Port Blair, India",4.8,,,,earthquakes,2005.0,10.0
usp000e3bk,2005-11-02 06:51:46.740000+00:00,Earthquake,Earthquake,9.425,93.159,"251 km S of Port Blair, India",4.7,,,,earthquakes,2005.0,11.0
usp000e3db,2005-11-03 06:09:55.020000+00:00,Earthquake,Earthquake,13.702,92.958,"223 km N of Bamboo Flat, India",4.5,,,,earthquakes,2005.0,11.0
usp000e3en,2005-11-03 21:08:56.700000+00:00,Earthquake,Earthquake,7.416,92.396,"Nicobar Islands, India region",4.7,,,,earthquakes,2005.0,11.0
usp000e3ew,2005-11-03 22:52:32.970000+00:00,Earthquake,Earthquake,7.065,92.419,"Nicobar Islands, India region",4.7,,,,earthquakes,2005.0,11.0
usp000e3kg,2005-11-05 23:03:49.390000+00:00,Earthquake,Earthquake,34.188,73.826,"23 km WNW of Uri, India",4.1,,,,earthquakes,2005.0,11.0
usp000e3u0,2005-11-09 08:17:40.090000+00:00,Earthquake,Earthquake,11.787,92.438,"31 km WNW of Bamboo Flat, India",4.6,,,,earthquakes,2005.0,11.0
usp000e3ub,2005-11-09 13:22:12.680000+00:00,Earthquake,Earthquake,10.056,91.491,"224 km SW of Port Blair, India",4.5,,,,earthquakes,2005.0,11.0
usp000e43s,2005-11-13 18:14:23.130000+00:00,Earthquake,Earthquake,13.498,92.773,"199 km N of Bamboo Flat, India",4.2,,,,earthquakes,2005.0,11.0
usp000e45v,2005-11-14 18:44:05.100000+00:00,Earthquake,Earthquake,9.904,92.141,"205 km SSW of Port Blair, India",4.3,,,,earthquakes,2005.0,11.0
usp000e46c,2005-11-15 00:23:21.640000+00:00,Earthquake,Earthquake,12.352,90.639,"237 km WNW of Bamboo Flat, India",4.6,,,,earthquakes,2005.0,11.0
usp000e49j,2005-11-16 02:26:54.990000+00:00,Earthquake,Earthquake,34.507,75.563,"52 km W of Kargil, India",4.7,,,,earthquakes,2005.0,11.0
usp000e4f1,2005-11-18 18:56:55.530000+00:00,Earthquake,Earthquake,26.466,96.379,"51 km WNW of Sarupathar, India",4.8,,,,earthquakes,2005.0,11.0
usp000e4fv,2005-11-19 04:05:55.520000+00:00,Earthquake,Earthquake,12.843,92.473,"129 km NNW of Bamboo Flat, India",4.5,,,,earthquakes,2005.0,11.0
usp000e4kb,2005-11-20 18:50:40.740000+00:00,Earthquake,Earthquake,17.65,73.721,"25 km ENE of Chipl?n, India",4.2,,,,earthquakes,2005.0,11.0
usp000e4q5,2005-11-22 12:20:00.150000+00:00,Earthquake,Earthquake,14.022,93.417,"267 km NNE of Bamboo Flat, India",4.7,,,,earthquakes,2005.0,11.0
usp000e4qf,2005-11-22 15:28:31.640000+00:00,Earthquake,Earthquake,25.43,94.289,"32 km SSE of Koh?ma, India",4.5,,,,earthquakes,2005.0,11.0
usp000e4wh,2005-11-25 20:47:45.730000+00:00,Earthquake,Earthquake,6.979,92.385,"Nicobar Islands, India region",4.8,,,,earthquakes,2005.0,11.0
usp000e4wv,2005-11-26 01:07:24.200000+00:00,Earthquake,Earthquake,10.547,91.66,"171 km SW of Port Blair, India",4.7,,,,earthquakes,2005.0,11.0
usp000e53j,2005-11-28 16:57:13.040000+00:00,Earthquake,Earthquake,21.015,89.158,"125 km SE of Kultali, India",4.7,,,,earthquakes,2005.0,11.0
usp000e54u,2005-11-29 09:27:22.810000+00:00,Earthquake,Earthquake,34.748,80.073,"237 km ENE of Leh, India",4.5,,,,earthquakes,2005.0,11.0
usp000e5cj,2005-12-02 19:12:05.090000+00:00,Earthquake,Earthquake,12.867,93.3,"143 km NNE of Bamboo Flat, India",4.2,,,,earthquakes,2005.0,12.0
usp000e5st,2005-12-08 11:46:11.510000+00:00,Earthquake,Earthquake,7.611,91.966,"Nicobar Islands, India region",4.2,,,,earthquakes,2005.0,12.0
usp000e5uy,2005-12-09 14:15:18.210000+00:00,Earthquake,Earthquake,9.111,92.615,"282 km S of Port Blair, India",4.3,,,,earthquakes,2005.0,12.0
usp000e5v0,2005-12-09 14:15:28.560000+00:00,Earthquake,Earthquake,9.106,92.808,"283 km S of Port Blair, India",4.1,,,,earthquakes,2005.0,12.0
usp000e60t,2005-12-12 07:12:44.940000+00:00,Earthquake,Earthquake,25.961,92.313,"32 km S of Morigaon, India",4.3,,,,earthquakes,2005.0,12.0
usp000e610,2005-12-12 08:58:24.460000+00:00,Earthquake,Earthquake,10.335,93.934,"196 km SE of Port Blair, India",4.6,,,,earthquakes,2005.0,12.0
usp000e61c,2005-12-12 15:42:30.990000+00:00,Earthquake,Earthquake,11.967,94.929,"240 km E of Port Blair, India",4.2,,,,earthquakes,2005.0,12.0
usp000e647,2005-12-14 07:09:54.190000+00:00,Earthquake,Earthquake,30.476,79.255,"17 km WNW of P?palkoti, India",5.1,,,,earthquakes,2005.0,12.0
usp000e64b,2005-12-14 08:07:32.820000+00:00,Earthquake,Earthquake,8.762,93.974,"Nicobar Islands, India region",4.2,,,,earthquakes,2005.0,12.0
usp000e650,2005-12-14 18:26:38.610000+00:00,Earthquake,Earthquake,13.446,92.734,"193 km N of Bamboo Flat, India",4.1,,,,earthquakes,2005.0,12.0
usp000e65g,2005-12-15 01:19:56.780000+00:00,Earthquake,Earthquake,34.806,77.471,"63 km ESE of Thang, India",4.0,,,,earthquakes,2005.0,12.0
usp000e68g,2005-12-16 12:12:57.960000+00:00,Earthquake,Earthquake,10.683,93.975,"172 km SE of Port Blair, India",4.0,,,,earthquakes,2005.0,12.0
usp000e6am,2005-12-17 09:45:43.540000+00:00,Earthquake,Earthquake,13.452,92.595,"194 km N of Bamboo Flat, India",4.4,,,,earthquakes,2005.0,12.0
usp000e6d1,2005-12-18 21:23:09.220000+00:00,Earthquake,Earthquake,11.035,93.896,"143 km ESE of Port Blair, India",4.2,,,,earthquakes,2005.0,12.0
usp000e6ff,2005-12-19 21:45:25.550000+00:00,Earthquake,Earthquake,7.559,92.263,"Nicobar Islands, India region",4.1,,,,earthquakes,2005.0,12.0
usp000e6mj,2005-12-22 14:35:10.870000+00:00,Earthquake,Earthquake,6.571,91.808,"Nicobar Islands, India region",4.5,,,,earthquakes,2005.0,12.0
usp000e6qe,2005-12-23 19:45:19.910000+00:00,Earthquake,Earthquake,8.102,93.206,"Nicobar Islands, India region",4.1,,,,earthquakes,2005.0,12.0
usp000e6rb,2005-12-24 01:46:12.560000+00:00,Earthquake,Earthquake,8.837,93.698,"Nicobar Islands, India region",4.4,,,,earthquakes,2005.0,12.0
usp000e6sp,2005-12-24 14:42:49.840000+00:00,Earthquake,Earthquake,12.929,92.265,"144 km NNW of Bamboo Flat, India",4.0,,,,earthquakes,2005.0,12.0
usp000e6wh,2005-12-26 00:54:50.930000+00:00,Earthquake,Earthquake,13.893,92.672,"242 km N of Bamboo Flat, India",4.5,,,,earthquakes,2005.0,12.0
usp000e6y7,2005-12-26 10:46:06.950000+00:00,Earthquake,Earthquake,17.285,73.884,"10 km S of P?tan, India",4.1,,,,earthquakes,2005.0,12.0
usp000e6yc,2005-12-26 11:40:41.570000+00:00,Earthquake,Earthquake,11.545,92.299,"48 km WSW of Bamboo Flat, India",4.3,,,,earthquakes,2005.0,12.0
usp000e6yu,2005-12-26 14:31:59.460000+00:00,Earthquake,Earthquake,11.783,92.271,"49 km W of Bamboo Flat, India",4.4,,,,earthquakes,2005.0,12.0
usp000e714,2005-12-27 12:06:05.630000+00:00,Earthquake,Earthquake,12.161,92.913,"55 km NNE of Bamboo Flat, India",4.1,,,,earthquakes,2005.0,12.0
usp000e71f,2005-12-27 16:19:15.760000+00:00,Earthquake,Earthquake,24.783,93.991,"5 km ESE of Imph?l, India",4.7,,,,earthquakes,2005.0,12.0
usp000e792,2005-12-31 06:31:43.980000+00:00,Earthquake,Earthquake,25.732,90.384,"30 km NE of Tura, India",4.2,,,,earthquakes,2005.0,12.0
usp000e7am,2005-12-31 23:45:36.850000+00:00,Earthquake,Earthquake,8.808,91.814,"Nicobar Islands, India region",4.2,,,,earthquakes,2005.0,12.0
usp000e7e0,2006-01-02 14:00:30.160000+00:00,Earthquake,Earthquake,12.44,92.63,"82 km N of Bamboo Flat, India",4.6,,,,earthquakes,2006.0,1.0
usp000e7pm,2006-01-06 04:25:05.750000+00:00,Earthquake,Earthquake,12.235,95.2,"274 km ENE of Port Blair, India",5.4,,,,earthquakes,2006.0,1.0
usp000e7z3,2006-01-10 09:16:01.350000+00:00,Earthquake,Earthquake,12.743,93.071,"121 km NNE of Bamboo Flat, India",4.1,,,,earthquakes,2006.0,1.0
usp000e7zs,2006-01-10 16:38:36.220000+00:00,Earthquake,Earthquake,9.937,93.613,"213 km SSE of Port Blair, India",4.0,,,,earthquakes,2006.0,1.0
usp000e814,2006-01-11 05:48:41.370000+00:00,Earthquake,Earthquake,34.083,73.927,"11 km W of Uri, India",4.7,,,,earthquakes,2006.0,1.0
usp000e81y,2006-01-11 18:29:34.230000+00:00,Earthquake,Earthquake,12.187,92.773,"54 km N of Bamboo Flat, India",4.1,,,,earthquakes,2006.0,1.0
usp000e88t,2006-01-15 06:35:25.800000+00:00,Earthquake,Earthquake,13.599,92.732,"210 km N of Bamboo Flat, India",4.2,,,,earthquakes,2006.0,1.0
usp000e8b5,2006-01-16 21:10:57.540000+00:00,Earthquake,Earthquake,10.394,92.314,"148 km SSW of Port Blair, India",4.1,,,,earthquakes,2006.0,1.0
usp000e8cd,2006-01-17 17:26:52.040000+00:00,Earthquake,Earthquake,32.791,78.581,"144 km ENE of Man?li, India",4.6,,,,earthquakes,2006.0,1.0
usp000e8f4,2006-01-18 22:44:33.320000+00:00,Earthquake,Earthquake,8.538,92.397,"Nicobar Islands, India region",4.1,,,,earthquakes,2006.0,1.0
usp000e8gy,2006-01-20 01:39:47.700000+00:00,Earthquake,Earthquake,6.938,91.963,"Nicobar Islands, India region",4.6,,,,earthquakes,2006.0,1.0
usp000e8j9,2006-01-20 22:13:46.270000+00:00,Earthquake,Earthquake,9.064,93.857,"Nicobar Islands, India region",4.5,,,,earthquakes,2006.0,1.0
usp000e8jv,2006-01-21 04:07:03.710000+00:00,Earthquake,Earthquake,13.002,93.245,"155 km NNE of Bamboo Flat, India",5.6,,,,earthquakes,2006.0,1.0
usp000e8n4,2006-01-22 03:20:01.990000+00:00,Earthquake,Earthquake,34.681,80.234,"250 km ENE of Leh, India",4.3,,,,earthquakes,2006.0,1.0
usp000e8tr,2006-01-25 02:26:45.030000+00:00,Earthquake,Earthquake,6.972,92.471,"Nicobar Islands, India region",4.4,,,,earthquakes,2006.0,1.0
usp000e8vm,2006-01-26 02:15:18.830000+00:00,Earthquake,Earthquake,6.982,92.703,"Nicobar Islands, India region",4.0,,,,earthquakes,2006.0,1.0
usp000e8vv,2006-01-26 04:14:24.740000+00:00,Earthquake,Earthquake,10.624,91.681,"163 km SW of Port Blair, India",4.2,,,,earthquakes,2006.0,1.0
usp000e8wb,2006-01-26 13:32:45.890000+00:00,Earthquake,Earthquake,8.487,92.627,"Nicobar Islands, India region",4.3,,,,earthquakes,2006.0,1.0
usp000e946,2006-01-30 01:57:34.500000+00:00,Earthquake,Earthquake,30.168,80.225,"45 km NW of Dh?rchula, India",4.1,,,,earthquakes,2006.0,1.0
usp000e98w,2006-02-01 13:52:38.500000+00:00,Earthquake,Earthquake,34.197,73.858,"21 km NW of Uri, India",4.6,,,,earthquakes,2006.0,2.0
usp000e99c,2006-02-01 18:02:24.950000+00:00,Earthquake,Earthquake,9.384,93.105,"255 km S of Port Blair, India",4.2,,,,earthquakes,2006.0,2.0
usp000e99p,2006-02-01 22:24:15.920000+00:00,Earthquake,Earthquake,30.288,80.483,"49 km N of Dh?rchula, India",4.7,,,,earthquakes,2006.0,2.0
usp000e9bt,2006-02-03 00:54:23.460000+00:00,Earthquake,Earthquake,23.827,70.559,"29 km NNW of R?par, India",4.5,,,,earthquakes,2006.0,2.0
usp000e9dn,2006-02-03 20:34:10.980000+00:00,Earthquake,Earthquake,11.86,92.372,"41 km WNW of Bamboo Flat, India",6.1,,,,earthquakes,2006.0,2.0
usp000e9dz,2006-02-03 22:56:32.990000+00:00,Earthquake,Earthquake,11.695,92.388,"35 km W of Bamboo Flat, India",4.3,,,,earthquakes,2006.0,2.0
usp000e9hw,2006-02-05 13:27:26.590000+00:00,Earthquake,Earthquake,10.365,94.319,"224 km SE of Port Blair, India",4.4,,,,earthquakes,2006.0,2.0
usp000e9hy,2006-02-05 13:40:33.100000+00:00,Earthquake,Earthquake,10.902,91.83,"130 km SW of Port Blair, India",4.8,,,,earthquakes,2006.0,2.0
usp000e9jg,2006-02-05 17:49:22.590000+00:00,Earthquake,Earthquake,7.03,92.46,"Nicobar Islands, India region",4.2,,,,earthquakes,2006.0,2.0
usp000e9x4,2006-02-11 05:04:21.270000+00:00,Earthquake,Earthquake,27.233,92.145,"27 km W of Bomdila, India",4.7,,,,earthquakes,2006.0,2.0
usp000e9yh,2006-02-12 04:54:40.780000+00:00,Earthquake,Earthquake,23.889,91.634,"21 km S of Khowai, India",4.2,,,,earthquakes,2006.0,2.0
usp000ea1q,2006-02-14 00:55:25.060000+00:00,Earthquake,Earthquake,27.382,88.388,"16 km NE of Gyalshing, India",5.3,,,,earthquakes,2006.0,2.0
usp000ea2m,2006-02-14 19:17:33.260000+00:00,Earthquake,Earthquake,30.265,80.528,"46 km N of Dh?rchula, India",4.5,,,,earthquakes,2006.0,2.0
usp000ea4m,2006-02-16 00:47:22.010000+00:00,Earthquake,Earthquake,8.572,93.968,"Nicobar Islands, India region",4.3,,,,earthquakes,2006.0,2.0
usp000ea52,2006-02-16 07:01:59.560000+00:00,Earthquake,Earthquake,24.361,94.204,"27 km SE of Kakching, India",4.5,,,,earthquakes,2006.0,2.0
usp000eazp,2006-02-27 12:49:55.600000+00:00,Earthquake,Earthquake,27.438,96.791,"74 km SSE of Hayuliang, India",4.1,,,,earthquakes,2006.0,2.0
usp000eb46,2006-03-01 17:16:37.390000+00:00,Earthquake,Earthquake,11.049,92.051,"102 km SW of Port Blair, India",4.1,,,,earthquakes,2006.0,3.0
usp000eb4r,2006-03-01 22:06:06.880000+00:00,Earthquake,Earthquake,11.102,92.123,"92 km SW of Port Blair, India",4.9,,,,earthquakes,2006.0,3.0
usp000eb6g,2006-03-02 17:16:59.970000+00:00,Earthquake,Earthquake,24.268,94.526,"58 km SE of W?ngjing, India",4.9,,,,earthquakes,2006.0,3.0
usp000eb93,2006-03-03 07:22:56.210000+00:00,Earthquake,Earthquake,29.099,95.275,"108 km NE of Shi Yomi, India",4.1,,,,earthquakes,2006.0,3.0
usp000ebma,2006-03-07 18:20:46.110000+00:00,Earthquake,Earthquake,23.777,70.899,"34 km NE of R?par, India",5.5,,,,earthquakes,2006.0,3.0
usp000ebng,2006-03-08 05:27:37.010000+00:00,Earthquake,Earthquake,9.604,92.101,"238 km SSW of Port Blair, India",4.1,,,,earthquakes,2006.0,3.0
usp000ebp7,2006-03-08 14:49:44.740000+00:00,Earthquake,Earthquake,13.627,92.723,"213 km N of Bamboo Flat, India",4.5,,,,earthquakes,2006.0,3.0
usp000ebr3,2006-03-09 14:45:37.570000+00:00,Earthquake,Earthquake,11.036,94.888,"243 km ESE of Port Blair, India",4.2,,,,earthquakes,2006.0,3.0
usp000ebr4,2006-03-09 14:47:56+00:00,Earthquake,Earthquake,10.818,94.578,"220 km ESE of Port Blair, India",4.7,,,,earthquakes,2006.0,3.0
usp000ebr5,2006-03-09 14:48:54.910000+00:00,Earthquake,Earthquake,10.75,94.404,"207 km ESE of Port Blair, India",4.9,,,,earthquakes,2006.0,3.0
usp000ebr8,2006-03-09 14:51:25.830000+00:00,Earthquake,Earthquake,10.929,94.78,"236 km ESE of Port Blair, India",4.5,,,,earthquakes,2006.0,3.0
usp000ebr9,2006-03-09 14:54:10.830000+00:00,Earthquake,Earthquake,10.716,94.467,"215 km ESE of Port Blair, India",4.7,,,,earthquakes,2006.0,3.0
usp000ebra,2006-03-09 14:57:09.390000+00:00,Earthquake,Earthquake,10.698,93.901,"165 km SE of Port Blair, India",5.1,,,,earthquakes,2006.0,3.0
usp000ebrb,2006-03-09 15:00:40.840000+00:00,Earthquake,Earthquake,8.922,94.599,"Nicobar Islands, India region",5.1,,,,earthquakes,2006.0,3.0
usp000ebrc,2006-03-09 15:03:12.610000+00:00,Earthquake,Earthquake,10.736,94.275,"196 km ESE of Port Blair, India",5.1,,,,earthquakes,2006.0,3.0
usp000ebrd,2006-03-09 15:04:28.830000+00:00,Earthquake,Earthquake,10.672,94.321,"204 km ESE of Port Blair, India",4.7,,,,earthquakes,2006.0,3.0
usp000ebrf,2006-03-09 15:12:02.630000+00:00,Earthquake,Earthquake,10.789,94.45,"209 km ESE of Port Blair, India",5.2,,,,earthquakes,2006.0,3.0
usp000ebrg,2006-03-09 15:16:42.340000+00:00,Earthquake,Earthquake,10.736,94.498,"217 km ESE of Port Blair, India",4.6,,,,earthquakes,2006.0,3.0
usp000ebrh,2006-03-09 15:19:15.530000+00:00,Earthquake,Earthquake,10.801,94.51,"215 km ESE of Port Blair, India",5.2,,,,earthquakes,2006.0,3.0
usp000ebrj,2006-03-09 15:24:35.080000+00:00,Earthquake,Earthquake,10.9,94.677,"227 km ESE of Port Blair, India",4.6,,,,earthquakes,2006.0,3.0
usp000ebrk,2006-03-09 15:26:39.920000+00:00,Earthquake,Earthquake,10.926,95.107,"270 km ESE of Port Blair, India",4.4,,,,earthquakes,2006.0,3.0
usp000ebrm,2006-03-09 15:27:11.260000+00:00,Earthquake,Earthquake,10.472,94.241,"210 km SE of Port Blair, India",4.8,,,,earthquakes,2006.0,3.0
usp000ebrn,2006-03-09 15:30:10.180000+00:00,Earthquake,Earthquake,10.994,94.834,"239 km ESE of Port Blair, India",4.4,,,,earthquakes,2006.0,3.0
usp000ebrp,2006-03-09 15:36:35.230000+00:00,Earthquake,Earthquake,10.739,94.613,"228 km ESE of Port Blair, India",4.2,,,,earthquakes,2006.0,3.0
usp000ebrq,2006-03-09 15:37:48.130000+00:00,Earthquake,Earthquake,10.622,94.214,"197 km SE of Port Blair, India",4.5,,,,earthquakes,2006.0,3.0
usp000ebrr,2006-03-09 15:40:10.640000+00:00,Earthquake,Earthquake,10.843,94.475,"209 km ESE of Port Blair, India",4.4,,,,earthquakes,2006.0,3.0
usp000ebrs,2006-03-09 15:46:51.630000+00:00,Earthquake,Earthquake,10.725,94.359,"204 km ESE of Port Blair, India",5.0,,,,earthquakes,2006.0,3.0
usp000ebrt,2006-03-09 15:59:05.370000+00:00,Earthquake,Earthquake,10.539,94.295,"210 km SE of Port Blair, India",4.3,,,,earthquakes,2006.0,3.0
usp000ebrv,2006-03-09 16:07:56.480000+00:00,Earthquake,Earthquake,10.795,94.609,"225 km ESE of Port Blair, India",4.6,,,,earthquakes,2006.0,3.0
usp000ebrw,2006-03-09 16:10:32.580000+00:00,Earthquake,Earthquake,10.692,94.361,"206 km ESE of Port Blair, India",4.3,,,,earthquakes,2006.0,3.0
usp000ebry,2006-03-09 16:14:30.870000+00:00,Earthquake,Earthquake,10.637,94.385,"212 km ESE of Port Blair, India",4.6,,,,earthquakes,2006.0,3.0
usp000ebrz,2006-03-09 16:17:36.970000+00:00,Earthquake,Earthquake,10.762,94.682,"233 km ESE of Port Blair, India",4.5,,,,earthquakes,2006.0,3.0
usp000ebs1,2006-03-09 16:24:28.970000+00:00,Earthquake,Earthquake,10.852,94.754,"236 km ESE of Port Blair, India",4.5,,,,earthquakes,2006.0,3.0
usp000ebs2,2006-03-09 16:28:49.330000+00:00,Earthquake,Earthquake,10.79,94.508,"215 km ESE of Port Blair, India",4.7,,,,earthquakes,2006.0,3.0
usp000ebs3,2006-03-09 16:34:04.990000+00:00,Earthquake,Earthquake,10.765,94.636,"229 km ESE of Port Blair, India",4.0,,,,earthquakes,2006.0,3.0
usp000ebs4,2006-03-09 16:42:31.770000+00:00,Earthquake,Earthquake,10.726,94.531,"220 km ESE of Port Blair, India",4.9,,,,earthquakes,2006.0,3.0
usp000ebs6,2006-03-09 16:51:23.960000+00:00,Earthquake,Earthquake,10.86,94.745,"235 km ESE of Port Blair, India",4.5,,,,earthquakes,2006.0,3.0
usp000ebs7,2006-03-09 17:03:30.480000+00:00,Earthquake,Earthquake,10.534,94.678,"245 km ESE of Port Blair, India",4.2,,,,earthquakes,2006.0,3.0
usp000ebs8,2006-03-09 17:08:51.940000+00:00,Earthquake,Earthquake,10.728,94.507,"218 km ESE of Port Blair, India",4.8,,,,earthquakes,2006.0,3.0
usp000ebs9,2006-03-09 17:09:11.440000+00:00,Earthquake,Earthquake,10.559,94.154,"196 km SE of Port Blair, India",4.9,,,,earthquakes,2006.0,3.0
usp000ebsa,2006-03-09 17:14:34.380000+00:00,Earthquake,Earthquake,10.744,94.449,"212 km ESE of Port Blair, India",4.2,,,,earthquakes,2006.0,3.0
usp000ebsb,2006-03-09 17:20:43.120000+00:00,Earthquake,Earthquake,10.69,94.495,"219 km ESE of Port Blair, India",4.6,,,,earthquakes,2006.0,3.0
usp000ebsc,2006-03-09 17:24:36.060000+00:00,Earthquake,Earthquake,10.622,94.325,"207 km SE of Port Blair, India",4.3,,,,earthquakes,2006.0,3.0
usp000ebsd,2006-03-09 17:25:39.640000+00:00,Earthquake,Earthquake,10.72,94.402,"208 km ESE of Port Blair, India",4.6,,,,earthquakes,2006.0,3.0
usp000ebsf,2006-03-09 17:38:23.620000+00:00,Earthquake,Earthquake,10.826,94.722,"234 km ESE of Port Blair, India",4.5,,,,earthquakes,2006.0,3.0
usp000ebsg,2006-03-09 17:41:28.180000+00:00,Earthquake,Earthquake,10.85,94.631,"224 km ESE of Port Blair, India",4.5,,,,earthquakes,2006.0,3.0
usp000ebsh,2006-03-09 17:43:18.240000+00:00,Earthquake,Earthquake,10.816,94.482,"211 km ESE of Port Blair, India",4.5,,,,earthquakes,2006.0,3.0
usp000ebsj,2006-03-09 17:46:50.650000+00:00,Earthquake,Earthquake,10.57,94.671,"242 km ESE of Port Blair, India",4.1,,,,earthquakes,2006.0,3.0
usp000ebsm,2006-03-09 17:48:41.210000+00:00,Earthquake,Earthquake,10.721,94.44,"212 km ESE of Port Blair, India",4.5,,,,earthquakes,2006.0,3.0
usp000ebsn,2006-03-09 17:52:11.620000+00:00,Earthquake,Earthquake,10.827,94.788,"241 km ESE of Port Blair, India",4.6,,,,earthquakes,2006.0,3.0
usp000ebsq,2006-03-09 17:55:40.420000+00:00,Earthquake,Earthquake,10.738,94.408,"208 km ESE of Port Blair, India",4.5,,,,earthquakes,2006.0,3.0
usp000ebss,2006-03-09 18:02:21.310000+00:00,Earthquake,Earthquake,10.763,94.553,"221 km ESE of Port Blair, India",4.2,,,,earthquakes,2006.0,3.0
usp000ebst,2006-03-09 18:02:58.870000+00:00,Earthquake,Earthquake,10.55,94.024,"186 km SE of Port Blair, India",4.5,,,,earthquakes,2006.0,3.0
usp000ebsv,2006-03-09 18:10:00.040000+00:00,Earthquake,Earthquake,10.822,94.649,"227 km ESE of Port Blair, India",4.4,,,,earthquakes,2006.0,3.0
usp000ebsw,2006-03-09 18:20:23.620000+00:00,Earthquake,Earthquake,10.773,94.557,"221 km ESE of Port Blair, India",4.5,,,,earthquakes,2006.0,3.0
usp000ebsx,2006-03-09 18:21:51.560000+00:00,Earthquake,Earthquake,10.84,94.58,"220 km ESE of Port Blair, India",5.4,,,,earthquakes,2006.0,3.0
usp000ebsy,2006-03-09 18:26:27.320000+00:00,Earthquake,Earthquake,10.659,94.239,"197 km SE of Port Blair, India",5.3,,,,earthquakes,2006.0,3.0
usp000ebsz,2006-03-09 18:36:30.520000+00:00,Earthquake,Earthquake,10.796,94.693,"233 km ESE of Port Blair, India",4.4,,,,earthquakes,2006.0,3.0
usp000ebt0,2006-03-09 18:40:41.990000+00:00,Earthquake,Earthquake,10.743,94.452,"212 km ESE of Port Blair, India",4.5,,,,earthquakes,2006.0,3.0
usp000ebt2,2006-03-09 18:51:51.220000+00:00,Earthquake,Earthquake,10.968,94.856,"242 km ESE of Port Blair, India",4.6,,,,earthquakes,2006.0,3.0
usp000ebt3,2006-03-09 19:03:21.190000+00:00,Earthquake,Earthquake,10.849,94.545,"216 km ESE of Port Blair, India",4.3,,,,earthquakes,2006.0,3.0
usp000ebt4,2006-03-09 19:03:33.900000+00:00,Earthquake,Earthquake,10.62,94.311,"206 km SE of Port Blair, India",4.3,,,,earthquakes,2006.0,3.0
usp000ebt5,2006-03-09 19:15:26.660000+00:00,Earthquake,Earthquake,10.707,94.536,"222 km ESE of Port Blair, India",5.0,,,,earthquakes,2006.0,3.0
usp000ebt6,2006-03-09 19:15:43.700000+00:00,Earthquake,Earthquake,10.719,94.335,"202 km ESE of Port Blair, India",5.2,,,,earthquakes,2006.0,3.0
usp000ebt7,2006-03-09 19:25:01.850000+00:00,Earthquake,Earthquake,10.866,94.699,"230 km ESE of Port Blair, India",4.8,,,,earthquakes,2006.0,3.0
usp000ebt8,2006-03-09 19:39:23.570000+00:00,Earthquake,Earthquake,10.765,94.585,"224 km ESE of Port Blair, India",4.6,,,,earthquakes,2006.0,3.0
usp000ebta,2006-03-09 19:53:23.810000+00:00,Earthquake,Earthquake,11.92,94.123,"152 km E of Port Blair, India",4.2,,,,earthquakes,2006.0,3.0
usp000ebtc,2006-03-09 20:00:18.050000+00:00,Earthquake,Earthquake,10.684,94.424,"213 km ESE of Port Blair, India",4.3,,,,earthquakes,2006.0,3.0
usp000ebtf,2006-03-09 20:23:04.960000+00:00,Earthquake,Earthquake,10.88,94.601,"220 km ESE of Port Blair, India",4.0,,,,earthquakes,2006.0,3.0
usp000ebtg,2006-03-09 20:25:46.140000+00:00,Earthquake,Earthquake,10.712,94.429,"211 km ESE of Port Blair, India",5.2,,,,earthquakes,2006.0,3.0
usp000ebth,2006-03-09 20:47:58.940000+00:00,Earthquake,Earthquake,10.802,94.668,"230 km ESE of Port Blair, India",4.4,,,,earthquakes,2006.0,3.0
usp000ebtj,2006-03-09 21:11:14.600000+00:00,Earthquake,Earthquake,10.8,94.58,"221 km ESE of Port Blair, India",4.7,,,,earthquakes,2006.0,3.0
usp000ebtk,2006-03-09 21:18:55.470000+00:00,Earthquake,Earthquake,10.773,94.57,"222 km ESE of Port Blair, India",4.9,,,,earthquakes,2006.0,3.0
usp000ebtn,2006-03-09 21:37:00.950000+00:00,Earthquake,Earthquake,10.708,94.359,"205 km ESE of Port Blair, India",5.3,,,,earthquakes,2006.0,3.0
usp000ebtr,2006-03-09 22:30:46.630000+00:00,Earthquake,Earthquake,10.73,94.358,"204 km ESE of Port Blair, India",5.2,,,,earthquakes,2006.0,3.0
usp000ebts,2006-03-09 22:32:27.960000+00:00,Earthquake,Earthquake,10.654,94.134,"188 km SE of Port Blair, India",4.9,,,,earthquakes,2006.0,3.0
usp000ebtt,2006-03-09 22:39:09.510000+00:00,Earthquake,Earthquake,10.727,94.18,"187 km ESE of Port Blair, India",4.2,,,,earthquakes,2006.0,3.0
usp000ebtv,2006-03-09 22:59:54.130000+00:00,Earthquake,Earthquake,10.672,94.213,"194 km SE of Port Blair, India",4.2,,,,earthquakes,2006.0,3.0
usp000ebtw,2006-03-09 23:00:22.130000+00:00,Earthquake,Earthquake,10.721,94.172,"187 km SE of Port Blair, India",4.8,,,,earthquakes,2006.0,3.0
usp000ebu1,2006-03-10 00:14:36.160000+00:00,Earthquake,Earthquake,10.734,94.37,"205 km ESE of Port Blair, India",4.5,,,,earthquakes,2006.0,3.0
usp000ebu3,2006-03-10 00:26:27.200000+00:00,Earthquake,Earthquake,10.506,94.117,"197 km SE of Port Blair, India",4.3,,,,earthquakes,2006.0,3.0
usp000ebu6,2006-03-10 00:48:38.560000+00:00,Earthquake,Earthquake,11.06,93.894,"142 km ESE of Port Blair, India",4.3,,,,earthquakes,2006.0,3.0
usp000ebu7,2006-03-10 00:49:19.910000+00:00,Earthquake,Earthquake,9.978,92.945,"187 km S of Port Blair, India",4.2,,,,earthquakes,2006.0,3.0
usp000ebub,2006-03-10 01:13:41.390000+00:00,Earthquake,Earthquake,10.788,94.372,"202 km ESE of Port Blair, India",4.9,,,,earthquakes,2006.0,3.0
usp000ebuh,2006-03-10 03:05:18.240000+00:00,Earthquake,Earthquake,10.573,94.036,"185 km SE of Port Blair, India",4.1,,,,earthquakes,2006.0,3.0
usp000ebum,2006-03-10 03:36:25.690000+00:00,Earthquake,Earthquake,10.971,95.099,"268 km ESE of Port Blair, India",4.3,,,,earthquakes,2006.0,3.0
usp000ebun,2006-03-10 03:42:45.230000+00:00,Earthquake,Earthquake,7.905,92.05,"Nicobar Islands, India region",4.2,,,,earthquakes,2006.0,3.0
usp000ebup,2006-03-10 04:05:42.660000+00:00,Earthquake,Earthquake,10.716,94.256,"195 km ESE of Port Blair, India",5.4,,,,earthquakes,2006.0,3.0
usp000ebur,2006-03-10 04:23:57.440000+00:00,Earthquake,Earthquake,10.562,94.331,"211 km SE of Port Blair, India",4.5,,,,earthquakes,2006.0,3.0
usp000ebus,2006-03-10 04:34:05.900000+00:00,Earthquake,Earthquake,10.527,94.257,"207 km SE of Port Blair, India",4.8,,,,earthquakes,2006.0,3.0
usp000ebuu,2006-03-10 04:43:33.640000+00:00,Earthquake,Earthquake,10.632,94.284,"203 km SE of Port Blair, India",5.2,,,,earthquakes,2006.0,3.0
usp000ebuw,2006-03-10 05:06:09.400000+00:00,Earthquake,Earthquake,10.55,94.258,"206 km SE of Port Blair, India",5.1,,,,earthquakes,2006.0,3.0
usp000ebux,2006-03-10 05:09:41.080000+00:00,Earthquake,Earthquake,10.529,94.214,"203 km SE of Port Blair, India",4.1,,,,earthquakes,2006.0,3.0
usp000ebuy,2006-03-10 05:27:46.520000+00:00,Earthquake,Earthquake,10.518,94.213,"204 km SE of Port Blair, India",4.7,,,,earthquakes,2006.0,3.0
usp000ebv3,2006-03-10 07:04:37.850000+00:00,Earthquake,Earthquake,10.53,94.224,"204 km SE of Port Blair, India",4.4,,,,earthquakes,2006.0,3.0
usp000ebv4,2006-03-10 07:19:24.970000+00:00,Earthquake,Earthquake,10.615,94.213,"197 km SE of Port Blair, India",4.6,,,,earthquakes,2006.0,3.0
usp000ebv5,2006-03-10 07:33:28.460000+00:00,Earthquake,Earthquake,10.527,94.145,"198 km SE of Port Blair, India",4.3,,,,earthquakes,2006.0,3.0
usp000ebvb,2006-03-10 08:20:29.700000+00:00,Earthquake,Earthquake,10.888,94.84,"244 km ESE of Port Blair, India",4.3,,,,earthquakes,2006.0,3.0
usp000ebvf,2006-03-10 09:13:09.350000+00:00,Earthquake,Earthquake,10.532,94.167,"199 km SE of Port Blair, India",4.7,,,,earthquakes,2006.0,3.0
usp000ebvj,2006-03-10 09:31:40.070000+00:00,Earthquake,Earthquake,10.73,94.365,"204 km ESE of Port Blair, India",4.8,,,,earthquakes,2006.0,3.0
usp000ebvq,2006-03-10 10:52:46.030000+00:00,Earthquake,Earthquake,10.704,94.515,"220 km ESE of Port Blair, India",4.6,,,,earthquakes,2006.0,3.0
usp000ebvt,2006-03-10 11:26:09.460000+00:00,Earthquake,Earthquake,10.606,94.303,"206 km SE of Port Blair, India",4.2,,,,earthquakes,2006.0,3.0
usp000ebvu,2006-03-10 11:30:23.910000+00:00,Earthquake,Earthquake,10.353,94.034,"202 km SE of Port Blair, India",4.3,,,,earthquakes,2006.0,3.0
usp000ebvv,2006-03-10 11:40:45.910000+00:00,Earthquake,Earthquake,10.579,94.075,"188 km SE of Port Blair, India",4.3,,,,earthquakes,2006.0,3.0
usp000ebw0,2006-03-10 12:03:58.220000+00:00,Earthquake,Earthquake,10.689,94.4,"210 km ESE of Port Blair, India",5.2,,,,earthquakes,2006.0,3.0
usp000ebw4,2006-03-10 12:31:12.910000+00:00,Earthquake,Earthquake,10.645,94.374,"210 km ESE of Port Blair, India",4.4,,,,earthquakes,2006.0,3.0
usp000ebwa,2006-03-10 13:51:06.190000+00:00,Earthquake,Earthquake,10.598,94.354,"211 km SE of Port Blair, India",4.7,,,,earthquakes,2006.0,3.0
usp000ebwe,2006-03-10 14:21:11.020000+00:00,Earthquake,Earthquake,10.579,94.334,"211 km SE of Port Blair, India",4.5,,,,earthquakes,2006.0,3.0
usp000ebwg,2006-03-10 15:08:22.690000+00:00,Earthquake,Earthquake,10.668,94.257,"198 km SE of Port Blair, India",4.8,,,,earthquakes,2006.0,3.0
usp000ebwj,2006-03-10 15:29:24.720000+00:00,Earthquake,Earthquake,10.652,94.329,"206 km ESE of Port Blair, India",4.5,,,,earthquakes,2006.0,3.0
usp000ebwn,2006-03-10 16:30:47.160000+00:00,Earthquake,Earthquake,10.703,94.324,"202 km ESE of Port Blair, India",4.8,,,,earthquakes,2006.0,3.0
usp000ebws,2006-03-10 17:59:14.830000+00:00,Earthquake,Earthquake,10.722,94.349,"203 km ESE of Port Blair, India",4.6,,,,earthquakes,2006.0,3.0
usp000ebwu,2006-03-10 18:46:31.970000+00:00,Earthquake,Earthquake,10.569,94.273,"206 km SE of Port Blair, India",4.2,,,,earthquakes,2006.0,3.0
usp000ebwy,2006-03-10 19:29:15.100000+00:00,Earthquake,Earthquake,9.958,93.322,"199 km SSE of Port Blair, India",4.1,,,,earthquakes,2006.0,3.0
usp000ebx1,2006-03-10 20:04:08.620000+00:00,Earthquake,Earthquake,10.638,94.195,"194 km SE of Port Blair, India",4.6,,,,earthquakes,2006.0,3.0
usp000ebx2,2006-03-10 20:45:42.640000+00:00,Earthquake,Earthquake,10.633,94.238,"199 km SE of Port Blair, India",4.6,,,,earthquakes,2006.0,3.0
usp000ebx4,2006-03-10 22:00:31.830000+00:00,Earthquake,Earthquake,10.429,94.273,"215 km SE of Port Blair, India",4.1,,,,earthquakes,2006.0,3.0
usp000ebx6,2006-03-10 22:13:53.740000+00:00,Earthquake,Earthquake,10.597,94.246,"202 km SE of Port Blair, India",4.7,,,,earthquakes,2006.0,3.0
usp000ebxb,2006-03-10 23:12:12.200000+00:00,Earthquake,Earthquake,10.631,94.285,"203 km SE of Port Blair, India",4.6,,,,earthquakes,2006.0,3.0
usp000ebxc,2006-03-10 23:37:31.840000+00:00,Earthquake,Earthquake,10.476,94.128,"200 km SE of Port Blair, India",4.5,,,,earthquakes,2006.0,3.0
usp000ebxf,2006-03-11 02:06:09.870000+00:00,Earthquake,Earthquake,10.435,93.965,"190 km SE of Port Blair, India",4.2,,,,earthquakes,2006.0,3.0
usp000ebxk,2006-03-11 03:08:37.940000+00:00,Earthquake,Earthquake,10.688,94.384,"209 km ESE of Port Blair, India",4.3,,,,earthquakes,2006.0,3.0
usp000ebxr,2006-03-11 04:47:30.600000+00:00,Earthquake,Earthquake,10.672,94.276,"200 km ESE of Port Blair, India",4.8,,,,earthquakes,2006.0,3.0
usp000eby1,2006-03-11 10:39:04.290000+00:00,Earthquake,Earthquake,10.62,94.214,"197 km SE of Port Blair, India",5.0,,,,earthquakes,2006.0,3.0
usp000eby2,2006-03-11 10:39:34.540000+00:00,Earthquake,Earthquake,10.964,94.402,"196 km ESE of Port Blair, India",4.8,,,,earthquakes,2006.0,3.0
usp000eby9,2006-03-11 11:48:51.750000+00:00,Earthquake,Earthquake,10.641,94.23,"197 km SE of Port Blair, India",5.0,,,,earthquakes,2006.0,3.0
usp000ebyb,2006-03-11 13:05:40.920000+00:00,Earthquake,Earthquake,10.735,94.261,"194 km ESE of Port Blair, India",4.5,,,,earthquakes,2006.0,3.0
usp000ebyc,2006-03-11 13:32:19.040000+00:00,Earthquake,Earthquake,10.626,94.269,"202 km SE of Port Blair, India",4.7,,,,earthquakes,2006.0,3.0
usp000ebyy,2006-03-11 19:44:52.040000+00:00,Earthquake,Earthquake,10.731,94.474,"215 km ESE of Port Blair, India",4.2,,,,earthquakes,2006.0,3.0
usp000ebzp,2006-03-12 02:13:23.570000+00:00,Earthquake,Earthquake,10.645,94.349,"208 km ESE of Port Blair, India",4.2,,,,earthquakes,2006.0,3.0
usp000ebzq,2006-03-12 02:15:20.640000+00:00,Earthquake,Earthquake,10.51,94.104,"195 km SE of Port Blair, India",4.2,,,,earthquakes,2006.0,3.0
usp000ec0j,2006-03-12 12:58:27.930000+00:00,Earthquake,Earthquake,10.792,94.592,"223 km ESE of Port Blair, India",4.3,,,,earthquakes,2006.0,3.0
usp000ec0m,2006-03-12 13:22:11.250000+00:00,Earthquake,Earthquake,10.06,91.515,"222 km SW of Port Blair, India",4.5,,,,earthquakes,2006.0,3.0
usp000ec0v,2006-03-12 16:52:47.460000+00:00,Earthquake,Earthquake,10.147,91.589,"210 km SW of Port Blair, India",4.4,,,,earthquakes,2006.0,3.0
usp000ec17,2006-03-12 20:00:58.600000+00:00,Earthquake,Earthquake,10.404,93.988,"194 km SE of Port Blair, India",4.1,,,,earthquakes,2006.0,3.0
usp000ec1g,2006-03-12 22:59:20.940000+00:00,Earthquake,Earthquake,13.879,93.638,"260 km NNE of Bamboo Flat, India",5.2,,,,earthquakes,2006.0,3.0
usp000ec3v,2006-03-14 01:29:40.380000+00:00,Earthquake,Earthquake,10.665,94.423,"214 km ESE of Port Blair, India",4.5,,,,earthquakes,2006.0,3.0
usp000ec6g,2006-03-15 05:49:25.790000+00:00,Earthquake,Earthquake,10.669,94.328,"204 km ESE of Port Blair, India",4.4,,,,earthquakes,2006.0,3.0
usp000ec6r,2006-03-15 07:30:40.910000+00:00,Earthquake,Earthquake,10.647,94.447,"217 km ESE of Port Blair, India",4.8,,,,earthquakes,2006.0,3.0
usp000ec6z,2006-03-15 08:41:00.520000+00:00,Earthquake,Earthquake,10.609,94.286,"204 km SE of Port Blair, India",4.5,,,,earthquakes,2006.0,3.0
usp000ec71,2006-03-15 09:01:12.770000+00:00,Earthquake,Earthquake,9.239,92.925,"269 km S of Port Blair, India",4.3,,,,earthquakes,2006.0,3.0
usp000ec9h,2006-03-16 13:59:22+00:00,Earthquake,Earthquake,10.798,94.426,"207 km ESE of Port Blair, India",5.4,,,,earthquakes,2006.0,3.0
usp000ecae,2006-03-17 00:03:19.930000+00:00,Earthquake,Earthquake,13.516,92.808,"201 km N of Bamboo Flat, India",4.6,,,,earthquakes,2006.0,3.0
usp000ecdg,2006-03-18 10:56:39.370000+00:00,Earthquake,Earthquake,6.856,92.782,"Nicobar Islands, India region",4.3,,,,earthquakes,2006.0,3.0
usp000ecgc,2006-03-19 18:12:03.170000+00:00,Earthquake,Earthquake,10.844,94.744,"236 km ESE of Port Blair, India",4.4,,,,earthquakes,2006.0,3.0
usp000ecgd,2006-03-19 18:12:16.900000+00:00,Earthquake,Earthquake,10.804,94.652,"228 km ESE of Port Blair, India",4.3,,,,earthquakes,2006.0,3.0
usp000ecgh,2006-03-19 19:11:06.400000+00:00,Earthquake,Earthquake,10.68,94.34,"205 km ESE of Port Blair, India",4.7,,,,earthquakes,2006.0,3.0
usp000ecgj,2006-03-19 19:12:13.640000+00:00,Earthquake,Earthquake,10.676,94.298,"201 km ESE of Port Blair, India",4.9,,,,earthquakes,2006.0,3.0
usp000ecgu,2006-03-19 21:57:09.110000+00:00,Earthquake,Earthquake,10.718,94.35,"204 km ESE of Port Blair, India",5.0,,,,earthquakes,2006.0,3.0
usp000ecm9,2006-03-21 06:10:04.980000+00:00,Earthquake,Earthquake,7.872,91.92,"Nicobar Islands, India region",4.3,,,,earthquakes,2006.0,3.0
usp000ecme,2006-03-21 07:29:34.990000+00:00,Earthquake,Earthquake,24.685,94.073,"2 km ENE of Yairipok, India",4.4,,,,earthquakes,2006.0,3.0
usp000ecmn,2006-03-21 09:15:31.290000+00:00,Earthquake,Earthquake,10.752,94.497,"216 km ESE of Port Blair, India",4.3,,,,earthquakes,2006.0,3.0
usp000ecmp,2006-03-21 09:30:04.150000+00:00,Earthquake,Earthquake,10.699,94.537,"222 km ESE of Port Blair, India",4.7,,,,earthquakes,2006.0,3.0
usp000ecn0,2006-03-21 12:45:07.440000+00:00,Earthquake,Earthquake,10.798,94.47,"211 km ESE of Port Blair, India",4.7,,,,earthquakes,2006.0,3.0
usp000ecw1,2006-03-25 05:51:51.410000+00:00,Earthquake,Earthquake,26.788,92.242,"14 km ENE of Udalguri, India",4.8,,,,earthquakes,2006.0,3.0
usp000eczh,2006-03-26 07:23:47.610000+00:00,Earthquake,Earthquake,10.537,94.71,"248 km ESE of Port Blair, India",4.7,,,,earthquakes,2006.0,3.0
usp000ed3y,2006-03-28 05:37:12.170000+00:00,Earthquake,Earthquake,10.804,94.564,"220 km ESE of Port Blair, India",4.5,,,,earthquakes,2006.0,3.0
usp000edb1,2006-03-31 07:30:56.510000+00:00,Earthquake,Earthquake,10.5,94.0,"188 km SE of Port Blair, India",4.1,,,,earthquakes,2006.0,3.0
usp000edkd,2006-04-03 05:55:16.220000+00:00,Earthquake,Earthquake,11.693,93.784,"113 km E of Port Blair, India",4.2,,,,earthquakes,2006.0,4.0
usp000edpa,2006-04-04 13:06:47.050000+00:00,Earthquake,Earthquake,13.612,92.829,"211 km N of Bamboo Flat, India",4.4,,,,earthquakes,2006.0,4.0
usp000edu5,2006-04-06 12:02:54.590000+00:00,Earthquake,Earthquake,23.726,70.682,"17 km NNE of R?par, India",5.0,,,,earthquakes,2006.0,4.0
usp000edug,2006-04-06 14:56:37.210000+00:00,Earthquake,Earthquake,26.209,96.668,"14 km W of Sarupathar, India",4.4,,,,earthquakes,2006.0,4.0
usp000eduj,2006-04-06 15:14:25.290000+00:00,Earthquake,Earthquake,10.218,93.397,"175 km SSE of Port Blair, India",4.0,,,,earthquakes,2006.0,4.0
usp000eduw,2006-04-06 17:59:16.440000+00:00,Earthquake,Earthquake,23.322,70.477,"13 km E of Bhach?u, India",5.5,,,,earthquakes,2006.0,4.0
usp000edxh,2006-04-07 23:41:03.610000+00:00,Earthquake,Earthquake,10.845,92.074,"116 km SW of Port Blair, India",4.4,,,,earthquakes,2006.0,4.0
usp000ee4h,2006-04-10 22:05:43.060000+00:00,Earthquake,Earthquake,23.467,70.074,"33 km NW of Bhach?u, India",4.9,,,,earthquakes,2006.0,4.0
usp000ee5p,2006-04-11 03:54:06.590000+00:00,Earthquake,Earthquake,27.271,92.237,"18 km W of Bomdila, India",4.1,,,,earthquakes,2006.0,4.0
usp000ee9a,2006-04-12 07:55:44.070000+00:00,Earthquake,Earthquake,11.87,93.339,"68 km ENE of Port Blair, India",4.3,,,,earthquakes,2006.0,4.0
usp000eea7,2006-04-12 15:37:20.010000+00:00,Earthquake,Earthquake,8.62,92.378,"Nicobar Islands, India region",4.3,,,,earthquakes,2006.0,4.0
usp000eebs,2006-04-12 23:51:45.920000+00:00,Earthquake,Earthquake,9.932,93.809,"224 km SSE of Port Blair, India",4.0,,,,earthquakes,2006.0,4.0
usp000eee2,2006-04-13 16:34:26.810000+00:00,Earthquake,Earthquake,6.756,92.559,"Nicobar Islands, India region",4.2,,,,earthquakes,2006.0,4.0
usp000eegq,2006-04-14 10:26:09.510000+00:00,Earthquake,Earthquake,9.406,93.217,"255 km SSE of Port Blair, India",5.0,,,,earthquakes,2006.0,4.0
usp000eeh8,2006-04-14 16:24:56.620000+00:00,Earthquake,Earthquake,24.241,94.628,"69 km SE of W?ngjing, India",4.8,,,,earthquakes,2006.0,4.0
usp000eek2,2006-04-15 09:13:55.150000+00:00,Earthquake,Earthquake,9.339,93.078,"259 km S of Port Blair, India",4.5,,,,earthquakes,2006.0,4.0
usp000eepe,2006-04-16 13:40:58.980000+00:00,Earthquake,Earthquake,8.741,93.912,"Nicobar Islands, India region",4.3,,,,earthquakes,2006.0,4.0
usp000eesr,2006-04-17 16:39:58.870000+00:00,Earthquake,Earthquake,17.069,73.689,"27 km NNE of L?nja, India",4.7,,,,earthquakes,2006.0,4.0
usp000ef0z,2006-04-20 20:09:56.410000+00:00,Earthquake,Earthquake,9.369,93.168,"258 km S of Port Blair, India",4.0,,,,earthquakes,2006.0,4.0
usp000ef5d,2006-04-21 09:46:14.930000+00:00,Earthquake,Earthquake,30.347,94.97,"209 km NNE of Shi Yomi, India",4.9,,,,earthquakes,2006.0,4.0
usp000efd8,2006-04-24 06:49:12.300000+00:00,Earthquake,Earthquake,13.297,92.617,"177 km N of Bamboo Flat, India",4.5,,,,earthquakes,2006.0,4.0
usp000efg6,2006-04-25 13:18:14.830000+00:00,Earthquake,Earthquake,24.918,94.978,"95 km SSE of Phek, India",4.1,,,,earthquakes,2006.0,4.0
usp000efr4,2006-04-29 03:36:36.680000+00:00,Earthquake,Earthquake,7.58,91.962,"Nicobar Islands, India region",4.4,,,,earthquakes,2006.0,4.0
usp000efrr,2006-04-29 10:29:01.940000+00:00,Earthquake,Earthquake,8.928,93.772,"Nicobar Islands, India region",4.3,,,,earthquakes,2006.0,4.0
usp000eftr,2006-04-30 07:52:13.720000+00:00,Earthquake,Earthquake,5.984,93.112,off the west coast of northern Sumatra,4.7,,,,earthquakes,2006.0,4.0
usp000eggr,2006-05-07 14:54:57.560000+00:00,Earthquake,Earthquake,23.144,70.196,"9 km NE of G?ndh?dh?m, India",4.0,,,,earthquakes,2006.0,5.0
usp000eggx,2006-05-07 16:01:01.880000+00:00,Earthquake,Earthquake,28.975,76.561,"9 km NNW of Rohtak, India",4.3,,,,earthquakes,2006.0,5.0
usp000egme,2006-05-08 22:36:33.750000+00:00,Earthquake,Earthquake,10.078,92.094,"189 km SSW of Port Blair, India",4.4,,,,earthquakes,2006.0,5.0
usp000egp1,2006-05-09 13:30:19.390000+00:00,Earthquake,Earthquake,32.661,76.686,"33 km WNW of Kyelang, India",4.4,,,,earthquakes,2006.0,5.0
usp000egq1,2006-05-09 23:17:40.960000+00:00,Earthquake,Earthquake,26.029,95.756,"96 km ESE of Tuensang, India",4.6,,,,earthquakes,2006.0,5.0
usp000egv1,2006-05-11 09:49:58.500000+00:00,Earthquake,Earthquake,24.805,95.239,"121 km SE of Phek, India",4.8,,,,earthquakes,2006.0,5.0
usp000eh43,2006-05-14 15:33:15.220000+00:00,Earthquake,Earthquake,13.952,93.01,"251 km N of Bamboo Flat, India",4.0,,,,earthquakes,2006.0,5.0
usp000eh7e,2006-05-15 23:58:48.950000+00:00,Earthquake,Earthquake,24.936,95.081,"99 km SE of Phek, India",4.2,,,,earthquakes,2006.0,5.0
usp000ehar,2006-05-17 06:46:30.080000+00:00,Earthquake,Earthquake,6.984,92.457,"Nicobar Islands, India region",4.9,,,,earthquakes,2006.0,5.0
usp000ehpa,2006-05-22 10:09:50.440000+00:00,Earthquake,Earthquake,12.78,92.242,"130 km NNW of Bamboo Flat, India",4.3,,,,earthquakes,2006.0,5.0
usp000ehr8,2006-05-22 23:32:08+00:00,Earthquake,Earthquake,10.786,92.806,"97 km S of Port Blair, India",4.1,,,,earthquakes,2006.0,5.0
usp000ehww,2006-05-25 06:50:02.230000+00:00,Earthquake,Earthquake,10.437,91.802,"170 km SW of Port Blair, India",4.9,,,,earthquakes,2006.0,5.0
usp000ehyz,2006-05-26 00:41:41.660000+00:00,Earthquake,Earthquake,33.148,76.241,"47 km ESE of Kishtw?r, India",5.0,,,,earthquakes,2006.0,5.0
usp000ehzt,2006-05-26 04:52:09.510000+00:00,Earthquake,Earthquake,26.209,96.858,"4 km E of Sarupathar, India",4.6,,,,earthquakes,2006.0,5.0
usp000ejcv,2006-05-31 17:44:18.440000+00:00,Earthquake,Earthquake,10.3,91.723,"188 km SW of Port Blair, India",4.1,,,,earthquakes,2006.0,5.0
usp000ejfx,2006-06-01 18:54:31.950000+00:00,Earthquake,Earthquake,10.888,92.82,"86 km S of Port Blair, India",4.8,,,,earthquakes,2006.0,6.0
usp000ejky,2006-06-03 13:01:14.730000+00:00,Earthquake,Earthquake,13.033,92.51,"149 km N of Bamboo Flat, India",4.7,,,,earthquakes,2006.0,6.0
usp000ektv,2006-06-19 16:57:35.960000+00:00,Earthquake,Earthquake,25.529,90.676,"47 km E of Tura, India",4.2,,,,earthquakes,2006.0,6.0
usp000ekwe,2006-06-21 00:18:47.480000+00:00,Earthquake,Earthquake,7.079,91.728,"Nicobar Islands, India region",4.1,,,,earthquakes,2006.0,6.0
usp000ekwf,2006-06-21 00:41:46.380000+00:00,Earthquake,Earthquake,6.778,92.582,"Nicobar Islands, India region",4.7,,,,earthquakes,2006.0,6.0
usp000ekxx,2006-06-21 12:34:52.680000+00:00,Earthquake,Earthquake,6.938,92.454,"Nicobar Islands, India region",6.0,,,,earthquakes,2006.0,6.0
usp000eky0,2006-06-21 12:52:55.220000+00:00,Earthquake,Earthquake,6.706,92.343,"Nicobar Islands, India region",4.7,,,,earthquakes,2006.0,6.0
usp000ekzs,2006-06-22 03:57:30.510000+00:00,Earthquake,Earthquake,13.014,93.279,"157 km NNE of Bamboo Flat, India",4.3,,,,earthquakes,2006.0,6.0
usp000em0u,2006-06-22 19:16:04.560000+00:00,Earthquake,Earthquake,24.822,94.29,"29 km ENE of Yairipok, India",4.6,,,,earthquakes,2006.0,6.0
usp000em1v,2006-06-23 05:34:06.400000+00:00,Earthquake,Earthquake,23.462,70.116,"29 km NW of Bhach?u, India",4.8,,,,earthquakes,2006.0,6.0
usp000emdn,2006-06-27 15:02:16.090000+00:00,Earthquake,Earthquake,8.811,93.596,"Nicobar Islands, India region",5.0,,,,earthquakes,2006.0,6.0
usp000emn5,2006-06-30 15:25:02.310000+00:00,Earthquake,Earthquake,9.391,93.086,"254 km S of Port Blair, India",4.5,,,,earthquakes,2006.0,6.0
usp000en17,2006-07-06 22:17:11.510000+00:00,Earthquake,Earthquake,13.749,93.08,"230 km N of Bamboo Flat, India",4.2,,,,earthquakes,2006.0,7.0
usp000enfr,2006-07-12 21:43:08.970000+00:00,Earthquake,Earthquake,9.975,92.864,"187 km S of Port Blair, India",4.4,,,,earthquakes,2006.0,7.0
usp000enu7,2006-07-17 13:47:48.360000+00:00,Earthquake,Earthquake,26.744,89.432,"7 km E of H?sim?ra, India",4.1,,,,earthquakes,2006.0,7.0
usp000enzn,2006-07-18 10:42:29.530000+00:00,Earthquake,Earthquake,32.783,77.38,"40 km NE of Kyelang, India",4.2,,,,earthquakes,2006.0,7.0
usp000ep50,2006-07-20 00:10:58.240000+00:00,Earthquake,Earthquake,31.642,78.038,"27 km ENE of Sar?han, India",4.0,,,,earthquakes,2006.0,7.0
usp000epg3,2006-07-24 15:50:09.940000+00:00,Earthquake,Earthquake,11.062,92.002,"105 km SW of Bamboo Flat, India",4.5,,,,earthquakes,2006.0,7.0
usp000epkm,2006-07-26 02:22:44.800000+00:00,Earthquake,Earthquake,11.613,92.586,"17 km SW of Bamboo Flat, India",4.3,,,,earthquakes,2006.0,7.0
usp000epn9,2006-07-26 21:27:10.480000+00:00,Earthquake,Earthquake,6.964,92.425,"Nicobar Islands, India region",4.3,,,,earthquakes,2006.0,7.0
usp000epp9,2006-07-27 08:02:06.390000+00:00,Earthquake,Earthquake,11.631,92.894,"16 km ESE of Port Blair, India",4.8,,,,earthquakes,2006.0,7.0
usp000eq2y,2006-08-02 13:06:27.510000+00:00,Earthquake,Earthquake,24.283,94.453,"52 km SE of W?ngjing, India",4.2,,,,earthquakes,2006.0,8.0
usp000eq2z,2006-08-02 13:11:57.780000+00:00,Earthquake,Earthquake,8.632,91.926,"Nicobar Islands, India region",5.1,,,,earthquakes,2006.0,8.0
usp000eq9d,2006-08-05 07:33:02.490000+00:00,Earthquake,Earthquake,29.887,80.098,"32 km E of B?geshwar, India",4.5,,,,earthquakes,2006.0,8.0
usp000eqc9,2006-08-06 17:14:52.930000+00:00,Earthquake,Earthquake,11.116,92.053,"97 km SW of Bamboo Flat, India",4.2,,,,earthquakes,2006.0,8.0
usp000eqkg,2006-08-09 14:37:18.010000+00:00,Earthquake,Earthquake,26.467,96.325,"56 km WNW of Sarupathar, India",4.5,,,,earthquakes,2006.0,8.0
usp000eqtx,2006-08-12 20:46:11.300000+00:00,Earthquake,Earthquake,24.662,92.71,"15 km NE of L?la, India",5.0,,,,earthquakes,2006.0,8.0
usp000eque,2006-08-13 02:02:40.550000+00:00,Earthquake,Earthquake,8.61,92.009,"Nicobar Islands, India region",4.8,,,,earthquakes,2006.0,8.0
usp000eqvy,2006-08-13 19:22:41.050000+00:00,Earthquake,Earthquake,26.854,97.105,"77 km NNE of Sarupathar, India",4.3,,,,earthquakes,2006.0,8.0
usp000eqya,2006-08-14 21:29:21.970000+00:00,Earthquake,Earthquake,7.238,92.511,"Nicobar Islands, India region",4.4,,,,earthquakes,2006.0,8.0
usp000er0c,2006-08-15 16:33:08.290000+00:00,Earthquake,Earthquake,11.685,91.747,"105 km W of Bamboo Flat, India",4.2,,,,earthquakes,2006.0,8.0
usp000er5v,2006-08-17 14:07:51.170000+00:00,Earthquake,Earthquake,8.53,92.158,"Nicobar Islands, India region",4.5,,,,earthquakes,2006.0,8.0
usp000er7p,2006-08-18 02:59:13.030000+00:00,Earthquake,Earthquake,7.093,92.488,"Nicobar Islands, India region",4.4,,,,earthquakes,2006.0,8.0
usp000erbv,2006-08-20 02:37:17.930000+00:00,Earthquake,Earthquake,23.26,70.72,"35 km SSE of R?par, India",4.4,,,,earthquakes,2006.0,8.0
usp000ergw,2006-08-22 12:32:11.290000+00:00,Earthquake,Earthquake,29.418,95.358,"137 km NE of Shi Yomi, India",4.2,,,,earthquakes,2006.0,8.0
usp000erq4,2006-08-25 08:03:06.810000+00:00,Earthquake,Earthquake,12.149,95.489,"Andaman Islands, India region",4.9,,,,earthquakes,2006.0,8.0
usp000erws,2006-08-27 16:58:54.360000+00:00,Earthquake,Earthquake,10.644,92.016,"138 km SW of Port Blair, India",4.5,,,,earthquakes,2006.0,8.0
usp000eskh,2006-09-06 21:48:52.080000+00:00,Earthquake,Earthquake,11.096,91.921,"109 km SW of Bamboo Flat, India",4.0,,,,earthquakes,2006.0,9.0
usp000espf,2006-09-08 09:16:36.250000+00:00,Earthquake,Earthquake,10.582,91.731,"163 km SW of Port Blair, India",4.7,,,,earthquakes,2006.0,9.0
usp000esu2,2006-09-10 06:12:18.080000+00:00,Earthquake,Earthquake,24.635,94.597,"54 km E of W?ngjing, India",4.2,,,,earthquakes,2006.0,9.0
usp000esxb,2006-09-11 16:10:00.010000+00:00,Earthquake,Earthquake,10.187,94.439,"246 km SE of Port Blair, India",4.0,,,,earthquakes,2006.0,9.0
usp000esxc,2006-09-11 18:12:22.330000+00:00,Earthquake,Earthquake,35.472,78.225,"143 km ENE of Thang, India",5.5,,,,earthquakes,2006.0,9.0
usp000eszh,2006-09-12 21:10:24.740000+00:00,Earthquake,Earthquake,11.069,93.6,"114 km SE of Port Blair, India",4.3,,,,earthquakes,2006.0,9.0
usp000et5d,2006-09-16 00:48:34.100000+00:00,Earthquake,Earthquake,6.364,95.471,"Nicobar Islands, India region",4.1,,,,earthquakes,2006.0,9.0
usp000etj0,2006-09-21 22:43:22.950000+00:00,Earthquake,Earthquake,26.803,96.735,"66 km N of Sarupathar, India",4.2,,,,earthquakes,2006.0,9.0
usp000etq3,2006-09-24 03:22:24.700000+00:00,Earthquake,Earthquake,11.194,92.087,"88 km SW of Bamboo Flat, India",4.2,,,,earthquakes,2006.0,9.0
usp000etre,2006-09-24 19:55:24.760000+00:00,Earthquake,Earthquake,8.196,92.092,"Nicobar Islands, India region",4.3,,,,earthquakes,2006.0,9.0
usp000etrt,2006-09-25 00:27:45.780000+00:00,Earthquake,Earthquake,28.389,96.518,"35 km N of Hayuliang, India",4.0,,,,earthquakes,2006.0,9.0
usp000etst,2006-09-25 11:40:49.820000+00:00,Earthquake,Earthquake,10.55,92.324,"131 km SSW of Port Blair, India",4.8,,,,earthquakes,2006.0,9.0
usp000eu05,2006-09-28 13:08:06.340000+00:00,Earthquake,Earthquake,11.847,95.202,"268 km E of Port Blair, India",4.4,,,,earthquakes,2006.0,9.0
usp000eu06,2006-09-28 13:14:58.260000+00:00,Earthquake,Earthquake,11.758,95.211,"268 km E of Port Blair, India",4.5,,,,earthquakes,2006.0,9.0
usp000eu07,2006-09-28 13:22:47.130000+00:00,Earthquake,Earthquake,11.746,95.014,"247 km E of Port Blair, India",4.9,,,,earthquakes,2006.0,9.0
usp000eu0b,2006-09-28 13:49:40.830000+00:00,Earthquake,Earthquake,7.104,92.472,"Nicobar Islands, India region",4.3,,,,earthquakes,2006.0,9.0
usp000eu0d,2006-09-28 14:39:15.240000+00:00,Earthquake,Earthquake,11.788,95.001,"246 km E of Port Blair, India",4.9,,,,earthquakes,2006.0,9.0
usp000eu0j,2006-09-28 15:55:07.880000+00:00,Earthquake,Earthquake,11.791,95.596,"Andaman Islands, India region",4.2,,,,earthquakes,2006.0,9.0
usp000eu0n,2006-09-28 18:22:07.520000+00:00,Earthquake,Earthquake,9.442,93.132,"249 km S of Port Blair, India",4.1,,,,earthquakes,2006.0,9.0
usp000eu0x,2006-09-28 20:47:13.920000+00:00,Earthquake,Earthquake,33.227,75.493,"10 km NNW of Doda, India",4.0,,,,earthquakes,2006.0,9.0
usp000eu4b,2006-09-30 06:58:05.810000+00:00,Earthquake,Earthquake,11.912,95.394,"289 km E of Port Blair, India",4.2,,,,earthquakes,2006.0,9.0
usp000eu6v,2006-10-01 03:25:43.930000+00:00,Earthquake,Earthquake,11.779,94.962,"241 km E of Port Blair, India",4.9,,,,earthquakes,2006.0,10.0
usp000eu6w,2006-10-01 03:28:03.600000+00:00,Earthquake,Earthquake,11.684,94.918,"236 km E of Port Blair, India",4.7,,,,earthquakes,2006.0,10.0
usp000eu9p,2006-10-01 22:34:12.050000+00:00,Earthquake,Earthquake,12.674,92.292,"117 km NNW of Bamboo Flat, India",4.3,,,,earthquakes,2006.0,10.0
usp000eu9r,2006-10-01 22:48:21.460000+00:00,Earthquake,Earthquake,12.758,92.562,"118 km N of Bamboo Flat, India",4.0,,,,earthquakes,2006.0,10.0
usp000eubc,2006-10-02 12:50:51.530000+00:00,Earthquake,Earthquake,10.004,91.893,"206 km SSW of Port Blair, India",4.1,,,,earthquakes,2006.0,10.0
usp000eudp,2006-10-03 09:42:14.820000+00:00,Earthquake,Earthquake,9.417,93.055,"251 km S of Port Blair, India",4.7,,,,earthquakes,2006.0,10.0
usp000eugz,2006-10-05 04:53:01.340000+00:00,Earthquake,Earthquake,13.251,92.188,"180 km NNW of Bamboo Flat, India",4.7,,,,earthquakes,2006.0,10.0
usp000eujg,2006-10-06 04:23:07.760000+00:00,Earthquake,Earthquake,9.455,93.125,"248 km S of Port Blair, India",4.9,,,,earthquakes,2006.0,10.0
usp000eurw,2006-10-09 09:32:38.460000+00:00,Earthquake,Earthquake,13.823,93.075,"238 km N of Bamboo Flat, India",4.5,,,,earthquakes,2006.0,10.0
usp000euxk,2006-10-11 05:39:01.500000+00:00,Earthquake,Earthquake,13.421,92.81,"190 km N of Bamboo Flat, India",4.0,,,,earthquakes,2006.0,10.0
usp000ev3u,2006-10-13 07:18:26.600000+00:00,Earthquake,Earthquake,34.659,80.203,"246 km ENE of Leh, India",4.4,,,,earthquakes,2006.0,10.0
usp000ev4q,2006-10-13 17:39:59.550000+00:00,Earthquake,Earthquake,13.595,92.705,"209 km N of Bamboo Flat, India",4.3,,,,earthquakes,2006.0,10.0
usp000evcn,2006-10-17 07:59:16.970000+00:00,Earthquake,Earthquake,10.441,91.755,"173 km SW of Port Blair, India",5.0,,,,earthquakes,2006.0,10.0
usp000eved,2006-10-18 01:46:55.800000+00:00,Earthquake,Earthquake,10.312,92.38,"155 km SSW of Port Blair, India",4.4,,,,earthquakes,2006.0,10.0
usp000evhz,2006-10-19 17:35:23.300000+00:00,Earthquake,Earthquake,22.154,93.046,"37 km S of Saiha, India",4.3,,,,earthquakes,2006.0,10.0
usp000evj5,2006-10-19 19:53:58.480000+00:00,Earthquake,Earthquake,10.251,93.729,"189 km SE of Port Blair, India",4.7,,,,earthquakes,2006.0,10.0
usp000evk9,2006-10-20 06:12:29.530000+00:00,Earthquake,Earthquake,11.588,92.695,"10 km SSW of Port Blair, India",4.5,,,,earthquakes,2006.0,10.0
usp000evsm,2006-10-22 11:23:22.350000+00:00,Earthquake,Earthquake,10.331,91.794,"180 km SW of Port Blair, India",4.6,,,,earthquakes,2006.0,10.0
usp000evtf,2006-10-22 19:55:41.880000+00:00,Earthquake,Earthquake,10.133,91.626,"209 km SW of Port Blair, India",4.2,,,,earthquakes,2006.0,10.0
usp000evts,2006-10-22 22:24:08.730000+00:00,Earthquake,Earthquake,10.639,93.879,"167 km SE of Port Blair, India",4.0,,,,earthquakes,2006.0,10.0
usp000ew3p,2006-10-27 01:07:32.960000+00:00,Earthquake,Earthquake,29.854,80.545,"2 km ENE of Dh?rchula, India",4.1,,,,earthquakes,2006.0,10.0
usp000ew3t,2006-10-27 03:53:21.620000+00:00,Earthquake,Earthquake,5.864,92.292,off the west coast of northern Sumatra,4.6,,,,earthquakes,2006.0,10.0
usp000ew43,2006-10-27 07:55:01.980000+00:00,Earthquake,Earthquake,29.875,80.035,"25 km E of B?geshwar, India",4.2,,,,earthquakes,2006.0,10.0
usp000ew73,2006-10-29 01:15:55.650000+00:00,Earthquake,Earthquake,12.887,91.924,"157 km NNW of Bamboo Flat, India",4.2,,,,earthquakes,2006.0,10.0
usp000ew7v,2006-10-29 08:51:37.920000+00:00,Earthquake,Earthquake,8.664,93.75,"Nicobar Islands, India region",4.3,,,,earthquakes,2006.0,10.0
usp000ew7x,2006-10-29 09:23:49.130000+00:00,Earthquake,Earthquake,7.444,89.623,Bay of Bengal,4.1,,,,earthquakes,2006.0,10.0
usp000ewb1,2006-10-30 17:15:19.490000+00:00,Earthquake,Earthquake,10.551,92.339,"131 km SSW of Port Blair, India",4.2,,,,earthquakes,2006.0,10.0
usp000ewd8,2006-11-01 04:02:19.690000+00:00,Earthquake,Earthquake,8.6,93.896,"Nicobar Islands, India region",4.6,,,,earthquakes,2006.0,11.0
usp000ewja,2006-11-03 14:43:10.270000+00:00,Earthquake,Earthquake,22.104,93.351,"57 km SE of Saiha, India",5.0,,,,earthquakes,2006.0,11.0
usp000ewqd,2006-11-06 01:19:57.480000+00:00,Earthquake,Earthquake,24.694,95.146,"110 km E of W?ngjing, India",4.8,,,,earthquakes,2006.0,11.0
usp000ewys,2006-11-09 05:05:51.470000+00:00,Earthquake,Earthquake,8.247,93.944,"Nicobar Islands, India region",4.5,,,,earthquakes,2006.0,11.0
usp000ex3b,2006-11-10 13:21:24.340000+00:00,Earthquake,Earthquake,24.536,92.326,"24 km NE of Dharmanagar, India",4.9,,,,earthquakes,2006.0,11.0
usp000eymw,2006-11-23 15:14:56.900000+00:00,Earthquake,Earthquake,13.759,93.884,"260 km NNE of Bamboo Flat, India",4.5,,,,earthquakes,2006.0,11.0
usp000eysv,2006-11-25 08:50:34.530000+00:00,Earthquake,Earthquake,35.703,78.199,"154 km ENE of Thang, India",4.1,,,,earthquakes,2006.0,11.0
usp000ez35,2006-11-28 23:28:38.630000+00:00,Earthquake,Earthquake,13.124,93.234,"167 km NNE of Bamboo Flat, India",4.5,,,,earthquakes,2006.0,11.0
usp000ez42,2006-11-29 05:41:14.180000+00:00,Earthquake,Earthquake,27.348,76.83,"23 km ENE of R?jgarh, India",4.0,,,,earthquakes,2006.0,11.0
usp000eznk,2006-12-06 14:33:15.940000+00:00,Earthquake,Earthquake,13.518,92.956,"Andaman Islands, India region",4.2,,,,earthquakes,2006.0,12.0
usp000ezya,2006-12-10 08:19:25.950000+00:00,Earthquake,Earthquake,31.507,77.027,"12 km ESE of Sundarnagar, India",4.0,,,,earthquakes,2006.0,12.0
usp000f0t4,2006-12-22 19:50:44.630000+00:00,Earthquake,Earthquake,10.653,92.361,"Andaman Islands, India region",6.2,,,,earthquakes,2006.0,12.0
usp000f0xp,2006-12-24 22:43:26.730000+00:00,Earthquake,Earthquake,26.881,76.154,"11 km ENE of Basi, India",4.2,,,,earthquakes,2006.0,12.0
usp000f0xu,2006-12-25 00:28:21.060000+00:00,Earthquake,Earthquake,12.774,93.244,"131 km NNE of Bamboo Flat, India",4.3,,,,earthquakes,2006.0,12.0
usp000f1fb,2006-12-31 21:36:54.070000+00:00,Earthquake,Earthquake,28.216,88.232,"83 km NNW of Mangan, India",4.1,,,,earthquakes,2006.0,12.0
usp000f1nx,2007-01-04 01:00:34.150000+00:00,Earthquake,Earthquake,13.777,93.174,"235 km NNE of Bamboo Flat, India",4.4,,,,earthquakes,2007.0,1.0
usp000f1q5,2007-01-04 17:03:51.600000+00:00,Earthquake,Earthquake,6.734,92.48,"Nicobar Islands, India region",4.0,,,,earthquakes,2007.0,1.0
usp000f1tc,2007-01-06 07:46:26.700000+00:00,Earthquake,Earthquake,9.385,93.148,"256 km S of Port Blair, India",4.8,,,,earthquakes,2007.0,1.0
usp000f1z8,2007-01-08 12:48:40.510000+00:00,Earthquake,Earthquake,8.077,92.437,"Nicobar Islands, India region",6.1,,,,earthquakes,2007.0,1.0
usp000f20b,2007-01-08 23:29:00.740000+00:00,Earthquake,Earthquake,9.867,92.07,"212 km SSW of Port Blair, India",4.1,,,,earthquakes,2007.0,1.0
usp000f23k,2007-01-10 07:17:24+00:00,Earthquake,Earthquake,10.487,93.019,"133 km SSE of Port Blair, India",4.6,,,,earthquakes,2007.0,1.0
usp000f28d,2007-01-12 04:41:24.360000+00:00,Earthquake,Earthquake,8.847,92.247,"Nicobar Islands, India region",4.9,,,,earthquakes,2007.0,1.0
usp000f2n6,2007-01-15 06:13:38.940000+00:00,Earthquake,Earthquake,12.598,92.704,"99 km N of Bamboo Flat, India",4.7,,,,earthquakes,2007.0,1.0
usp000f2uc,2007-01-17 03:59:32.620000+00:00,Earthquake,Earthquake,8.179,92.552,"Nicobar Islands, India region",4.2,,,,earthquakes,2007.0,1.0
usp000f2w7,2007-01-17 20:05:04.340000+00:00,Earthquake,Earthquake,11.411,92.152,"69 km WSW of Bamboo Flat, India",4.8,,,,earthquakes,2007.0,1.0
usp000f33s,2007-01-21 02:48:24.460000+00:00,Earthquake,Earthquake,22.56,93.065,"11 km NE of Saiha, India",4.0,,,,earthquakes,2007.0,1.0
usp000f3fu,2007-01-24 10:29:27.290000+00:00,Earthquake,Earthquake,25.686,89.86,"16 km N of Mank?char, India",4.1,,,,earthquakes,2007.0,1.0
usp000f3fz,2007-01-24 11:03:31.440000+00:00,Earthquake,Earthquake,24.702,94.491,"44 km E of Yairipok, India",4.7,,,,earthquakes,2007.0,1.0
usp000f3jw,2007-01-25 14:46:23.170000+00:00,Earthquake,Earthquake,8.962,92.287,"Nicobar Islands, India region",4.2,,,,earthquakes,2007.0,1.0
usp000f3sk,2007-01-28 00:18:51.940000+00:00,Earthquake,Earthquake,7.757,88.367,Bay of Bengal,4.6,,,,earthquakes,2007.0,1.0
usp000f3ww,2007-01-29 19:48:34.440000+00:00,Earthquake,Earthquake,8.359,93.595,"Nicobar Islands, India region",5.4,,,,earthquakes,2007.0,1.0
usp000f443,2007-02-02 00:41:16.240000+00:00,Earthquake,Earthquake,28.272,94.224,"32 km SSW of Shi Yomi, India",4.3,,,,earthquakes,2007.0,2.0
usp000f45x,2007-02-03 00:47:59.770000+00:00,Earthquake,Earthquake,13.949,93.862,"278 km NNE of Bamboo Flat, India",4.8,,,,earthquakes,2007.0,2.0
usp000f45y,2007-02-03 00:51:15.610000+00:00,Earthquake,Earthquake,32.098,78.582,"99 km NE of Sar?han, India",4.7,,,,earthquakes,2007.0,2.0
usp000f47n,2007-02-03 20:31:48.080000+00:00,Earthquake,Earthquake,10.219,91.603,"203 km SW of Port Blair, India",4.7,,,,earthquakes,2007.0,2.0
usp000f4ag,2007-02-05 09:24:37.750000+00:00,Earthquake,Earthquake,11.24,92.218,"74 km SW of Port Blair, India",4.7,,,,earthquakes,2007.0,2.0
usp000f4nw,2007-02-11 09:53:55.920000+00:00,Earthquake,Earthquake,27.087,96.821,"97 km N of Sarupathar, India",4.4,,,,earthquakes,2007.0,2.0
usp000f528,2007-02-17 23:52:39.950000+00:00,Earthquake,Earthquake,24.415,94.811,"78 km ESE of W?ngjing, India",4.4,,,,earthquakes,2007.0,2.0
usp000f56w,2007-02-20 02:45:14.940000+00:00,Earthquake,Earthquake,10.692,94.653,"234 km ESE of Port Blair, India",4.4,,,,earthquakes,2007.0,2.0
usp000f574,2007-02-20 04:20:37.710000+00:00,Earthquake,Earthquake,6.513,90.669,"Nicobar Islands, India region",4.7,,,,earthquakes,2007.0,2.0
usp000f59e,2007-02-21 00:33:25.880000+00:00,Earthquake,Earthquake,31.373,77.752,"14 km SE of R?mpur, India",4.1,,,,earthquakes,2007.0,2.0
usp000f5a2,2007-02-21 06:35:08.370000+00:00,Earthquake,Earthquake,12.376,95.042,"262 km ENE of Port Blair, India",4.6,,,,earthquakes,2007.0,2.0
usp000f5ac,2007-02-21 09:23:09.910000+00:00,Earthquake,Earthquake,12.506,95.116,"274 km ENE of Port Blair, India",4.8,,,,earthquakes,2007.0,2.0
usp000f5da,2007-02-22 14:41:34.340000+00:00,Earthquake,Earthquake,10.129,92.189,"180 km SSW of Port Blair, India",4.3,,,,earthquakes,2007.0,2.0
usp000f5vr,2007-03-01 05:08:20.740000+00:00,Earthquake,Earthquake,10.292,93.059,"155 km SSE of Port Blair, India",5.0,,,,earthquakes,2007.0,3.0
usp000f6cr,2007-03-09 14:50:27.090000+00:00,Earthquake,Earthquake,24.335,94.751,"75 km ESE of W?ngjing, India",4.2,,,,earthquakes,2007.0,3.0
usp000f6fy,2007-03-11 06:09:00.330000+00:00,Earthquake,Earthquake,13.009,93.593,"173 km NNE of Bamboo Flat, India",4.4,,,,earthquakes,2007.0,3.0
usp000f6kk,2007-03-13 00:12:16.410000+00:00,Earthquake,Earthquake,10.791,92.994,"100 km SSE of Port Blair, India",4.4,,,,earthquakes,2007.0,3.0
usp000f6nm,2007-03-13 20:42:49.410000+00:00,Earthquake,Earthquake,7.169,92.178,"Nicobar Islands, India region",4.2,,,,earthquakes,2007.0,3.0
usp000f6th,2007-03-16 07:19:42.830000+00:00,Earthquake,Earthquake,12.892,91.863,"161 km NW of Bamboo Flat, India",4.7,,,,earthquakes,2007.0,3.0
usp000f79w,2007-03-24 11:58:40.110000+00:00,Earthquake,Earthquake,10.138,93.718,"199 km SSE of Port Blair, India",4.4,,,,earthquakes,2007.0,3.0
usp000f7dv,2007-03-25 18:27:09.410000+00:00,Earthquake,Earthquake,8.777,93.604,"Nicobar Islands, India region",4.3,,,,earthquakes,2007.0,3.0
usp000f7gb,2007-03-26 10:02:22.400000+00:00,Earthquake,Earthquake,10.333,93.079,"151 km SSE of Port Blair, India",4.6,,,,earthquakes,2007.0,3.0
usp000f7qy,2007-03-28 20:39:59.200000+00:00,Earthquake,Earthquake,12.914,92.471,"136 km NNW of Bamboo Flat, India",4.0,,,,earthquakes,2007.0,3.0
usp000f7tz,2007-03-29 23:49:49.260000+00:00,Earthquake,Earthquake,10.846,92.141,"112 km SW of Port Blair, India",4.5,,,,earthquakes,2007.0,3.0
usp000f81q,2007-04-01 07:08:59.890000+00:00,Earthquake,Earthquake,9.203,91.516,"Nicobar Islands, India region",5.1,,,,earthquakes,2007.0,4.0
usp000f8rx,2007-04-05 08:42:16.280000+00:00,Earthquake,Earthquake,24.886,95.207,"112 km SE of Phek, India",4.5,,,,earthquakes,2007.0,4.0
usp000f8xf,2007-04-07 00:17:49.970000+00:00,Earthquake,Earthquake,7.84,92.788,"Nicobar Islands, India region",4.3,,,,earthquakes,2007.0,4.0
usp000f8xq,2007-04-07 01:25:11.820000+00:00,Earthquake,Earthquake,13.635,93.964,"253 km NNE of Bamboo Flat, India",4.0,,,,earthquakes,2007.0,4.0
usp000f8zh,2007-04-07 11:46:33.370000+00:00,Earthquake,Earthquake,28.614,96.418,"61 km NNW of Hayuliang, India",4.0,,,,earthquakes,2007.0,4.0
usp000f93d,2007-04-08 16:20:13.550000+00:00,Earthquake,Earthquake,23.083,70.187,"5 km E of G?ndh?dh?m, India",4.2,,,,earthquakes,2007.0,4.0
usp000f9bb,2007-04-10 13:56:53.890000+00:00,Earthquake,Earthquake,12.99,92.525,"144 km N of Bamboo Flat, India",5.5,,,,earthquakes,2007.0,4.0
usp000fa4n,2007-04-20 03:13:14.570000+00:00,Earthquake,Earthquake,10.119,93.543,"192 km SSE of Port Blair, India",4.2,,,,earthquakes,2007.0,4.0
usp000fb13,2007-05-01 16:40:57.470000+00:00,Earthquake,Earthquake,8.385,92.375,"Nicobar Islands, India region",4.4,,,,earthquakes,2007.0,5.0
usp000fb1k,2007-05-01 20:51:38.020000+00:00,Earthquake,Earthquake,26.141,96.622,"20 km WSW of Sarupathar, India",4.1,,,,earthquakes,2007.0,5.0
usp000fb2m,2007-05-02 09:08:33.310000+00:00,Earthquake,Earthquake,13.34,93.359,"194 km NNE of Bamboo Flat, India",4.5,,,,earthquakes,2007.0,5.0
usp000fc1y,2007-05-15 23:23:24.920000+00:00,Earthquake,Earthquake,26.182,95.817,"95 km SSE of Khonsa, India",4.3,,,,earthquakes,2007.0,5.0
usp000fc2e,2007-05-16 04:17:27.950000+00:00,Earthquake,Earthquake,27.291,87.851,"40 km W of Gyalshing, India",4.0,,,,earthquakes,2007.0,5.0
usp000fc7u,2007-05-18 12:40:01.190000+00:00,Earthquake,Earthquake,27.276,88.147,"11 km W of Gyalshing, India",4.7,,,,earthquakes,2007.0,5.0
usp000fccm,2007-05-20 14:18:21.330000+00:00,Earthquake,Earthquake,27.334,88.236,"5 km NNW of Gyalshing, India",4.9,,,,earthquakes,2007.0,5.0
usp000fd16,2007-05-30 03:58:06.750000+00:00,Earthquake,Earthquake,10.59,92.52,"121 km SSW of Port Blair, India",4.3,,,,earthquakes,2007.0,5.0
usp000fd4b,2007-05-31 23:18:05.060000+00:00,Earthquake,Earthquake,8.305,93.864,"Nicobar Islands, India region",5.4,,,,earthquakes,2007.0,5.0
usp000fd8s,2007-06-03 00:57:21.050000+00:00,Earthquake,Earthquake,13.045,93.437,"Andaman Islands, India region",4.1,,,,earthquakes,2007.0,6.0
usp000fdar,2007-06-04 01:22:14.910000+00:00,Earthquake,Earthquake,9.378,93.864,"281 km SSE of Port Blair, India",5.0,,,,earthquakes,2007.0,6.0
usp000fdja,2007-06-07 11:37:48.820000+00:00,Earthquake,Earthquake,10.556,91.568,"177 km SW of Port Blair, India",4.5,,,,earthquakes,2007.0,6.0
usp000fdsj,2007-06-10 19:41:26.150000+00:00,Earthquake,Earthquake,26.065,96.823,"15 km S of Sarupathar, India",4.2,,,,earthquakes,2007.0,6.0
usp000fe0s,2007-06-14 19:52:38.600000+00:00,Earthquake,Earthquake,32.112,76.823,"14 km NNE of Jogindarnagar, India",4.3,,,,earthquakes,2007.0,6.0
usp000fefy,2007-06-21 08:57:46.280000+00:00,Earthquake,Earthquake,10.338,92.889,"147 km S of Port Blair, India",4.6,,,,earthquakes,2007.0,6.0
usp000fege,2007-06-21 14:26:21.340000+00:00,Earthquake,Earthquake,24.979,95.376,"116 km SE of Phek, India",4.0,,,,earthquakes,2007.0,6.0
usp000fern,2007-06-24 21:29:11.480000+00:00,Earthquake,Earthquake,9.503,93.231,"245 km SSE of Port Blair, India",4.5,,,,earthquakes,2007.0,6.0
usp000fev8,2007-06-25 18:09:50.350000+00:00,Earthquake,Earthquake,25.946,94.24,"16 km S of Wokha, India",4.8,,,,earthquakes,2007.0,6.0
usp000fewv,2007-06-26 08:26:33.620000+00:00,Earthquake,Earthquake,11.295,95.432,"295 km E of Port Blair, India",4.4,,,,earthquakes,2007.0,6.0
usp000fezg,2007-06-27 18:40:24.150000+00:00,Earthquake,Earthquake,28.892,95.024,"75 km ENE of Shi Yomi, India",4.0,,,,earthquakes,2007.0,6.0
usp000ffcp,2007-07-03 14:47:31.180000+00:00,Earthquake,Earthquake,10.121,91.505,"218 km SW of Port Blair, India",4.4,,,,earthquakes,2007.0,7.0
usp000ffh9,2007-07-05 07:14:19.520000+00:00,Earthquake,Earthquake,9.823,92.733,"203 km S of Port Blair, India",4.6,,,,earthquakes,2007.0,7.0
usp000ffmv,2007-07-07 01:56:10.030000+00:00,Earthquake,Earthquake,6.787,92.593,"Nicobar Islands, India region",4.6,,,,earthquakes,2007.0,7.0
usp000fg2t,2007-07-13 06:18:55.550000+00:00,Earthquake,Earthquake,23.641,70.639,"7 km N of R?par, India",4.2,,,,earthquakes,2007.0,7.0
usp000fghe,2007-07-18 04:27:24.380000+00:00,Earthquake,Earthquake,6.465,84.395,Bay of Bengal,5.2,,,,earthquakes,2007.0,7.0
usp000fgwd,2007-07-22 23:02:14.790000+00:00,Earthquake,Earthquake,30.881,78.239,"Uttaranchal, India",5.1,,,,earthquakes,2007.0,7.0
usp000fh13,2007-07-24 23:55:21.240000+00:00,Earthquake,Earthquake,13.579,92.766,"207 km N of Bamboo Flat, India",4.5,,,,earthquakes,2007.0,7.0
usp000fh1a,2007-07-25 01:19:33.440000+00:00,Earthquake,Earthquake,10.961,91.67,"140 km SW of Bamboo Flat, India",4.2,,,,earthquakes,2007.0,7.0
usp000fh38,2007-07-25 23:37:31.520000+00:00,Earthquake,Earthquake,7.157,92.518,"Nicobar Islands, India region",6.1,,,,earthquakes,2007.0,7.0
usp000fh8c,2007-07-28 01:00:33.540000+00:00,Earthquake,Earthquake,22.83,92.359,"39 km W of Lunglei, India",4.0,,,,earthquakes,2007.0,7.0
usp000fhum,2007-08-04 06:14:46.750000+00:00,Earthquake,Earthquake,9.468,93.301,"250 km SSE of Port Blair, India",4.9,,,,earthquakes,2007.0,8.0
usp000fj1c,2007-08-06 14:38:12.850000+00:00,Earthquake,Earthquake,6.691,90.998,"Nicobar Islands, India region",5.0,,,,earthquakes,2007.0,8.0
usp000fj76,2007-08-08 20:59:14.030000+00:00,Earthquake,Earthquake,9.049,93.876,"Nicobar Islands, India region",4.3,,,,earthquakes,2007.0,8.0
usp000fj9j,2007-08-09 20:33:46.250000+00:00,Earthquake,Earthquake,31.343,80.155,"103 km NNE of Josh?math, India",4.5,,,,earthquakes,2007.0,8.0
usp000fja4,2007-08-10 01:47:11.210000+00:00,Earthquake,Earthquake,24.344,94.79,"78 km ESE of W?ngjing, India",4.0,,,,earthquakes,2007.0,8.0
usp000fjb0,2007-08-10 12:35:17.330000+00:00,Earthquake,Earthquake,26.752,97.274,"76 km NE of Sarupathar, India",4.4,,,,earthquakes,2007.0,8.0
usp000fjj1,2007-08-13 02:02:57.510000+00:00,Earthquake,Earthquake,26.566,97.167,"53 km NE of Sarupathar, India",4.4,,,,earthquakes,2007.0,8.0
usp000fjyr,2007-08-16 19:38:56.300000+00:00,Earthquake,Earthquake,7.834,92.176,"Nicobar Islands, India region",4.9,,,,earthquakes,2007.0,8.0
usp000fkam,2007-08-20 19:15:53.500000+00:00,Earthquake,Earthquake,17.2,73.7,"22 km ESE of M?khjan, India",4.4,,,,earthquakes,2007.0,8.0
usp000fm3z,2007-09-01 01:33:16.100000+00:00,Earthquake,Earthquake,27.853,87.873,"73 km NNW of Gyalshing, India",4.0,,,,earthquakes,2007.0,9.0
usp000fmn9,2007-09-07 20:14:56.970000+00:00,Earthquake,Earthquake,23.005,92.707,"12 km NNW of Lunglei, India",4.2,,,,earthquakes,2007.0,9.0
usp000fn6p,2007-09-13 23:24:25.860000+00:00,Earthquake,Earthquake,12.955,93.144,"146 km NNE of Bamboo Flat, India",4.2,,,,earthquakes,2007.0,9.0
usp000fnd8,2007-09-16 01:09:03.830000+00:00,Earthquake,Earthquake,11.063,95.034,"258 km ESE of Port Blair, India",4.5,,,,earthquakes,2007.0,9.0
usp000fng9,2007-09-17 00:33:42.670000+00:00,Earthquake,Earthquake,30.039,95.182,"184 km NNE of Shi Yomi, India",4.2,,,,earthquakes,2007.0,9.0
usp000fnmg,2007-09-18 19:49:04.900000+00:00,Earthquake,Earthquake,25.241,91.13,"33 km SSW of Nongstoin, India",4.3,,,,earthquakes,2007.0,9.0
usp000fnpp,2007-09-19 12:43:58.330000+00:00,Earthquake,Earthquake,10.019,93.629,"206 km SSE of Port Blair, India",4.8,,,,earthquakes,2007.0,9.0
usp000fnq8,2007-09-19 17:18:11.980000+00:00,Earthquake,Earthquake,10.715,91.986,"134 km SW of Port Blair, India",4.8,,,,earthquakes,2007.0,9.0
usp000fnq9,2007-09-19 17:20:13.570000+00:00,Earthquake,Earthquake,10.532,91.584,"178 km SW of Port Blair, India",4.7,,,,earthquakes,2007.0,9.0
usp000fnqk,2007-09-19 21:10:02.540000+00:00,Earthquake,Earthquake,10.82,92.202,"110 km SSW of Port Blair, India",4.5,,,,earthquakes,2007.0,9.0
usp000fnve,2007-09-22 00:07:52.510000+00:00,Earthquake,Earthquake,7.174,92.03,"Nicobar Islands, India region",4.2,,,,earthquakes,2007.0,9.0
usp000fnx8,2007-09-22 22:57:08.640000+00:00,Earthquake,Earthquake,25.019,95.489,"122 km SE of Phek, India",4.2,,,,earthquakes,2007.0,9.0
usp000fppu,2007-10-02 09:39:51.690000+00:00,Earthquake,Earthquake,9.8,93.894,"241 km SSE of Port Blair, India",4.5,,,,earthquakes,2007.0,10.0
usp000fpup,2007-10-04 05:14:18.150000+00:00,Earthquake,Earthquake,32.685,76.336,"24 km NE of Chamba, India",4.6,,,,earthquakes,2007.0,10.0
usp000fpz7,2007-10-06 01:39:05.380000+00:00,Earthquake,Earthquake,34.517,74.396,"25 km WNW of Bandipura, India",4.2,,,,earthquakes,2007.0,10.0
usp000fq37,2007-10-08 01:12:34.710000+00:00,Earthquake,Earthquake,23.104,69.983,"4 km WSW of Anj?r, India",4.5,,,,earthquakes,2007.0,10.0
usp000fq4x,2007-10-08 18:10:43.980000+00:00,Earthquake,Earthquake,13.681,93.14,"223 km NNE of Bamboo Flat, India",4.4,,,,earthquakes,2007.0,10.0
usp000fq5w,2007-10-09 02:35:40.310000+00:00,Earthquake,Earthquake,9.645,93.049,"226 km S of Port Blair, India",4.5,,,,earthquakes,2007.0,10.0
usp000fq6y,2007-10-09 18:30:47.030000+00:00,Earthquake,Earthquake,8.658,93.564,"Nicobar Islands, India region",4.0,,,,earthquakes,2007.0,10.0
usp000fq8r,2007-10-10 12:25:36.670000+00:00,Earthquake,Earthquake,9.702,91.8,"240 km SSW of Port Blair, India",5.2,,,,earthquakes,2007.0,10.0
usp000fqbv,2007-10-12 01:59:43.620000+00:00,Earthquake,Earthquake,7.259,91.914,"Nicobar Islands, India region",4.1,,,,earthquakes,2007.0,10.0
usp000fqdq,2007-10-12 21:33:16.360000+00:00,Earthquake,Earthquake,10.655,92.547,"113 km S of Port Blair, India",4.7,,,,earthquakes,2007.0,10.0
usp000fqsz,2007-10-17 23:04:05.660000+00:00,Earthquake,Earthquake,12.699,92.554,"111 km N of Bamboo Flat, India",4.3,,,,earthquakes,2007.0,10.0
usp000fqtm,2007-10-18 05:54:42.400000+00:00,Earthquake,Earthquake,27.794,77.614,"13 km NE of Chh?ta, India",4.7,,,,earthquakes,2007.0,10.0
usp000fr70,2007-10-24 23:14:22.580000+00:00,Earthquake,Earthquake,35.649,77.428,"98 km NE of Thang, India",4.2,,,,earthquakes,2007.0,10.0
usp000fr9g,2007-10-26 06:50:06.660000+00:00,Earthquake,Earthquake,35.304,76.753,"41 km N of Thang, India",5.2,,,,earthquakes,2007.0,10.0
usp000fra3,2007-10-26 13:12:44.180000+00:00,Earthquake,Earthquake,8.769,93.086,"Nicobar Islands, India region",4.5,,,,earthquakes,2007.0,10.0
usp000fs18,2007-11-06 00:27:31.720000+00:00,Earthquake,Earthquake,21.229,70.898,"17 km SW of Dh?ri, India",4.9,,,,earthquakes,2007.0,11.0
usp000fs1z,2007-11-06 09:38:05.780000+00:00,Earthquake,Earthquake,21.181,70.724,"17 km S of V?s?vadar, India",5.1,,,,earthquakes,2007.0,11.0
usp000fsax,2007-11-10 17:53:23.320000+00:00,Earthquake,Earthquake,8.746,93.852,"Nicobar Islands, India region",4.6,,,,earthquakes,2007.0,11.0
usp000fsb1,2007-11-10 19:36:24.430000+00:00,Earthquake,Earthquake,29.387,95.481,"143 km NE of Shi Yomi, India",5.0,,,,earthquakes,2007.0,11.0
usp000fsns,2007-11-16 01:28:34.010000+00:00,Earthquake,Earthquake,10.188,91.587,"Andaman Islands, India region",4.3,,,,earthquakes,2007.0,11.0
usp000fsrn,2007-11-17 03:59:40.460000+00:00,Earthquake,Earthquake,26.329,93.25,"49 km SW of Bok?kh?t, India",4.2,,,,earthquakes,2007.0,11.0
usp000ft1j,2007-11-21 16:54:12.760000+00:00,Earthquake,Earthquake,10.911,91.267,"180 km WSW of Bamboo Flat, India",4.2,,,,earthquakes,2007.0,11.0
usp000ft71,2007-11-24 10:57:46.980000+00:00,Earthquake,Earthquake,16.878,73.735,"19 km E of L?nja, India",4.8,,,,earthquakes,2007.0,11.0
usp000ft72,2007-11-24 11:35:47.270000+00:00,Earthquake,Earthquake,17.151,73.892,"Maharashtra, India",4.2,,,,earthquakes,2007.0,11.0
usp000ftab,2007-11-25 23:12:17.020000+00:00,Earthquake,Earthquake,28.555,77.057,"9 km SE of Najafgarh, India",4.7,,,,earthquakes,2007.0,11.0
usp000ftje,2007-11-29 22:36:51.500000+00:00,Earthquake,Earthquake,10.831,93.418,"117 km SE of Port Blair, India",4.0,,,,earthquakes,2007.0,11.0
usp000ftk1,2007-11-30 08:44:23.800000+00:00,Earthquake,Earthquake,26.031,95.307,"54 km ESE of Tuensang, India",4.4,,,,earthquakes,2007.0,11.0
usp000ftqq,2007-12-02 15:49:29.100000+00:00,Earthquake,Earthquake,12.829,92.084,"142 km NNW of Bamboo Flat, India",4.2,,,,earthquakes,2007.0,12.0
usp000fu62,2007-12-10 04:07:18.280000+00:00,Earthquake,Earthquake,8.086,93.568,"Nicobar Islands, India region",4.1,,,,earthquakes,2007.0,12.0
usp000fu8w,2007-12-11 13:45:11.910000+00:00,Earthquake,Earthquake,24.307,94.314,"39 km ESE of Kakching, India",4.3,,,,earthquakes,2007.0,12.0
usp000fu90,2007-12-11 15:56:38.640000+00:00,Earthquake,Earthquake,34.99,77.478,"62 km E of Thang, India",5.1,,,,earthquakes,2007.0,12.0
usp000fu91,2007-12-11 16:01:32.250000+00:00,Earthquake,Earthquake,34.923,77.428,"57 km E of Thang, India",4.3,,,,earthquakes,2007.0,12.0
usp000fukk,2007-12-16 23:31:52.060000+00:00,Earthquake,Earthquake,11.189,93.499,"97 km ESE of Port Blair, India",4.6,,,,earthquakes,2007.0,12.0
usp000fva0,2007-12-26 19:31:23.870000+00:00,Earthquake,Earthquake,35.222,76.655,"35 km NNW of Thang, India",4.0,,,,earthquakes,2007.0,12.0
usp000fvhv,2007-12-29 00:47:12.740000+00:00,Earthquake,Earthquake,7.055,91.989,"Nicobar Islands, India region",4.6,,,,earthquakes,2007.0,12.0
usp000fvze,2008-01-04 20:52:24.180000+00:00,Earthquake,Earthquake,12.922,92.563,"136 km N of Bamboo Flat, India",4.1,,,,earthquakes,2008.0,1.0
usp000fwge,2008-01-11 20:12:58.270000+00:00,Earthquake,Earthquake,11.936,93.336,"70 km ENE of Port Blair, India",4.4,,,,earthquakes,2008.0,1.0
usp000fwjw,2008-01-12 16:40:37.460000+00:00,Earthquake,Earthquake,26.486,96.355,"55 km NW of Sarupathar, India",4.3,,,,earthquakes,2008.0,1.0
usp000fwkc,2008-01-12 20:15:24.640000+00:00,Earthquake,Earthquake,13.584,92.687,"208 km N of Bamboo Flat, India",4.0,,,,earthquakes,2008.0,1.0
usp000fwkg,2008-01-12 22:44:47.360000+00:00,Earthquake,Earthquake,22.761,92.333,"44 km WSW of Lunglei, India",4.9,,,,earthquakes,2008.0,1.0
usp000fwqa,2008-01-14 13:38:35.990000+00:00,Earthquake,Earthquake,10.413,92.869,"139 km S of Port Blair, India",5.9,,,,earthquakes,2008.0,1.0
usp000fwx0,2008-01-17 19:21:55.880000+00:00,Earthquake,Earthquake,29.052,95.963,"122 km NNW of Hayuliang, India",4.6,,,,earthquakes,2008.0,1.0
usp000fxes,2008-01-25 15:10:28.860000+00:00,Earthquake,Earthquake,28.018,94.453,"23 km W of B?s?r, India",4.0,,,,earthquakes,2008.0,1.0
usp000fxpt,2008-01-29 12:23:53.810000+00:00,Earthquake,Earthquake,27.528,92.728,"41 km NE of Bomdila, India",4.1,,,,earthquakes,2008.0,1.0
usp000fxv7,2008-01-31 13:22:18.760000+00:00,Earthquake,Earthquake,22.787,92.403,"36 km WSW of Lunglei, India",4.9,,,,earthquakes,2008.0,1.0
usp000fy4z,2008-02-04 10:15:05.160000+00:00,Earthquake,Earthquake,8.192,91.467,"Nicobar Islands, India region",4.3,,,,earthquakes,2008.0,2.0
usp000fy9n,2008-02-06 06:09:40.420000+00:00,Earthquake,Earthquake,23.433,87.111,"16 km NW of Beli?tor, India",4.3,,,,earthquakes,2008.0,2.0
usp000fyv8,2008-02-14 01:35:13.530000+00:00,Earthquake,Earthquake,25.73,94.871,"37 km E of Phek, India",4.5,,,,earthquakes,2008.0,2.0
usp000fyzm,2008-02-15 18:27:15.930000+00:00,Earthquake,Earthquake,9.877,93.142,"202 km SSE of Port Blair, India",4.4,,,,earthquakes,2008.0,2.0
usp000fzx0,2008-02-25 07:25:06.430000+00:00,Earthquake,Earthquake,33.706,74.941,"9 km NW of Kulgam, India",4.3,,,,earthquakes,2008.0,2.0
usp000fzz1,2008-02-26 01:35:40.200000+00:00,Earthquake,Earthquake,10.195,91.453,"215 km SW of Port Blair, India",4.0,,,,earthquakes,2008.0,2.0
usp000g04v,2008-02-27 15:39:15.650000+00:00,Earthquake,Earthquake,10.499,91.658,"175 km SW of Port Blair, India",4.1,,,,earthquakes,2008.0,2.0
usp000g0s1,2008-03-05 13:17:26.290000+00:00,Earthquake,Earthquake,10.115,91.457,"222 km SW of Port Blair, India",4.3,,,,earthquakes,2008.0,3.0
usp000g0tf,2008-03-05 22:57:12.520000+00:00,Earthquake,Earthquake,33.768,75.028,"7 km WSW of Bijbehara, India",4.2,,,,earthquakes,2008.0,3.0
usp000g0zq,2008-03-08 16:51:26.750000+00:00,Earthquake,Earthquake,24.8,94.838,"81 km E of Yairipok, India",4.3,,,,earthquakes,2008.0,3.0
usp000g11k,2008-03-09 11:10:41.030000+00:00,Earthquake,Earthquake,23.33,70.592,"25 km E of Bhach?u, India",4.5,,,,earthquakes,2008.0,3.0
usp000g11x,2008-03-09 13:56:47.320000+00:00,Earthquake,Earthquake,8.847,93.759,"Nicobar Islands, India region",4.6,,,,earthquakes,2008.0,3.0
usp000g17a,2008-03-11 06:13:34.480000+00:00,Earthquake,Earthquake,34.127,73.9,"14 km WNW of Uri, India",4.1,,,,earthquakes,2008.0,3.0
usp000g19n,2008-03-12 03:18:48.830000+00:00,Earthquake,Earthquake,27.133,96.977,"104 km N of Sarupathar, India",4.7,,,,earthquakes,2008.0,3.0
usp000g1dk,2008-03-13 15:42:33.180000+00:00,Earthquake,Earthquake,26.784,91.937,"16 km WNW of Udalguri, India",4.4,,,,earthquakes,2008.0,3.0
usp000g1eb,2008-03-14 00:11:09.860000+00:00,Earthquake,Earthquake,13.284,93.047,"178 km NNE of Bamboo Flat, India",4.0,,,,earthquakes,2008.0,3.0
usp000g1pn,2008-03-17 17:50:33.110000+00:00,Earthquake,Earthquake,12.075,92.503,"47 km NNW of Bamboo Flat, India",4.3,,,,earthquakes,2008.0,3.0
usp000g1ra,2008-03-18 15:31:55.160000+00:00,Earthquake,Earthquake,26.472,92.841,"18 km SSE of Tezpur, India",4.1,,,,earthquakes,2008.0,3.0
usp000g2cn,2008-03-26 04:38:47.520000+00:00,Earthquake,Earthquake,24.041,93.295,"37 km E of Darlawn, India",4.1,,,,earthquakes,2008.0,3.0
usp000g2kv,2008-03-29 03:14:20.900000+00:00,Earthquake,Earthquake,13.661,92.912,"217 km N of Bamboo Flat, India",4.4,,,,earthquakes,2008.0,3.0
usp000g2qk,2008-03-30 13:10:27.150000+00:00,Earthquake,Earthquake,13.067,93.928,"200 km NE of Bamboo Flat, India",4.7,,,,earthquakes,2008.0,3.0
usp000g2xm,2008-04-02 00:48:34.060000+00:00,Earthquake,Earthquake,7.944,91.61,"Nicobar Islands, India region",4.0,,,,earthquakes,2008.0,4.0
usp000g31z,2008-04-03 19:05:28.120000+00:00,Earthquake,Earthquake,26.312,92.982,"36 km NNE of Hoj?i, India",4.3,,,,earthquakes,2008.0,4.0
usp000g32d,2008-04-03 22:12:54.710000+00:00,Earthquake,Earthquake,26.106,96.915,"15 km SE of Sarupathar, India",4.6,,,,earthquakes,2008.0,4.0
usp000g3cy,2008-04-08 19:10:26.210000+00:00,Earthquake,Earthquake,22.768,92.428,"35 km WSW of Lunglei, India",4.2,,,,earthquakes,2008.0,4.0
usp000g3e1,2008-04-09 06:55:15.270000+00:00,Earthquake,Earthquake,8.7,93.404,"Nicobar Islands, India region",4.2,,,,earthquakes,2008.0,4.0
usp000g3hc,2008-04-10 03:16:47.470000+00:00,Earthquake,Earthquake,14.505,92.891,"Andaman Islands, India region",4.3,,,,earthquakes,2008.0,4.0
usp000g449,2008-04-17 01:12:24.330000+00:00,Earthquake,Earthquake,26.07,92.244,"22 km SSW of Morigaon, India",4.6,,,,earthquakes,2008.0,4.0
usp000g455,2008-04-17 08:29:07.920000+00:00,Earthquake,Earthquake,8.264,91.78,"Nicobar Islands, India region",5.1,,,,earthquakes,2008.0,4.0
usp000g456,2008-04-17 08:31:27.220000+00:00,Earthquake,Earthquake,8.338,91.86,"Nicobar Islands, India region",5.1,,,,earthquakes,2008.0,4.0
usp000g45b,2008-04-17 10:17:58.470000+00:00,Earthquake,Earthquake,8.203,91.875,"Nicobar Islands, India region",4.6,,,,earthquakes,2008.0,4.0
usp000g4hc,2008-04-21 23:00:16.550000+00:00,Earthquake,Earthquake,8.235,91.733,"Nicobar Islands, India region",4.5,,,,earthquakes,2008.0,4.0
usp000g4w0,2008-04-26 08:37:16.950000+00:00,Earthquake,Earthquake,10.373,91.628,"188 km SW of Port Blair, India",4.2,,,,earthquakes,2008.0,4.0
usp000g50a,2008-04-28 03:34:41.290000+00:00,Earthquake,Earthquake,12.221,92.551,"60 km NNW of Bamboo Flat, India",4.5,,,,earthquakes,2008.0,4.0
usp000g5f9,2008-05-04 05:54:44.110000+00:00,Earthquake,Earthquake,11.398,92.52,"38 km SW of Port Blair, India",4.4,,,,earthquakes,2008.0,5.0
usp000g5j8,2008-05-05 11:53:48.200000+00:00,Earthquake,Earthquake,6.987,92.442,"Nicobar Islands, India region",4.7,,,,earthquakes,2008.0,5.0
usp000g5zm,2008-05-10 05:58:56.470000+00:00,Earthquake,Earthquake,27.622,92.758,"51 km NE of Bomdila, India",4.3,,,,earthquakes,2008.0,5.0
usp000g5zr,2008-05-10 06:35:55.860000+00:00,Earthquake,Earthquake,33.06,76.116,"38 km ENE of Bhadarw?h, India",4.4,,,,earthquakes,2008.0,5.0
usp000g6x4,2008-05-15 23:38:17.110000+00:00,Earthquake,Earthquake,10.077,92.829,"176 km S of Port Blair, India",4.4,,,,earthquakes,2008.0,5.0
usp000g7cu,2008-05-21 07:35:25.380000+00:00,Earthquake,Earthquake,12.271,93.205,"82 km NE of Bamboo Flat, India",4.4,,,,earthquakes,2008.0,5.0
usp000g81k,2008-05-29 10:34:46.710000+00:00,Earthquake,Earthquake,26.308,91.791,"14 km NNE of North Guw?h?ti, India",4.5,,,,earthquakes,2008.0,5.0
usp000g838,2008-05-30 02:46:29.770000+00:00,Earthquake,Earthquake,13.257,95.292,"Andaman Islands, India region",4.0,,,,earthquakes,2008.0,5.0
usp000g89k,2008-06-01 07:38:59.560000+00:00,Earthquake,Earthquake,10.234,91.573,"203 km SW of Port Blair, India",4.8,,,,earthquakes,2008.0,6.0
usp000g8ew,2008-06-03 03:42:12.210000+00:00,Earthquake,Earthquake,26.666,96.784,"51 km N of Sarupathar, India",4.0,,,,earthquakes,2008.0,6.0
usp000g8te,2008-06-07 11:13:31.270000+00:00,Earthquake,Earthquake,13.183,92.654,"164 km N of Bamboo Flat, India",4.4,,,,earthquakes,2008.0,6.0
usp000g8zs,2008-06-09 08:27:11.200000+00:00,Earthquake,Earthquake,28.218,93.346,"84 km NW of Ziro, India",4.3,,,,earthquakes,2008.0,6.0
usp000g9bn,2008-06-12 13:22:11.490000+00:00,Earthquake,Earthquake,11.078,92.864,"66 km S of Port Blair, India",4.2,,,,earthquakes,2008.0,6.0
usp000g9f8,2008-06-13 11:16:04.110000+00:00,Earthquake,Earthquake,28.379,95.245,"35 km NNW of P?sigh?t, India",4.1,,,,earthquakes,2008.0,6.0
usp000g9qn,2008-06-15 11:02:01.990000+00:00,Earthquake,Earthquake,32.97,76.371,"51 km NNE of Chamba, India",4.3,,,,earthquakes,2008.0,6.0
usp000ga1c,2008-06-19 00:35:33.370000+00:00,Earthquake,Earthquake,6.791,92.701,"Nicobar Islands, India region",5.1,,,,earthquakes,2008.0,6.0
usp000gagy,2008-06-25 05:40:44.170000+00:00,Earthquake,Earthquake,9.418,93.122,"252 km S of Port Blair, India",4.8,,,,earthquakes,2008.0,6.0
usp000gapt,2008-06-27 11:40:13.990000+00:00,Earthquake,Earthquake,11.005,91.824,"124 km SW of Bamboo Flat, India",6.6,,,,earthquakes,2008.0,6.0
usp000gapv,2008-06-27 11:59:06.040000+00:00,Earthquake,Earthquake,10.904,91.789,"134 km SW of Bamboo Flat, India",4.4,,,,earthquakes,2008.0,6.0
usp000gapz,2008-06-27 12:29:11.910000+00:00,Earthquake,Earthquake,10.946,91.814,"129 km SW of Bamboo Flat, India",4.5,,,,earthquakes,2008.0,6.0
usp000gaq1,2008-06-27 12:50:31.820000+00:00,Earthquake,Earthquake,10.849,91.788,"138 km SW of Port Blair, India",4.3,,,,earthquakes,2008.0,6.0
usp000gaq4,2008-06-27 13:07:08.200000+00:00,Earthquake,Earthquake,10.894,91.777,"135 km SW of Bamboo Flat, India",5.9,,,,earthquakes,2008.0,6.0
usp000gaq5,2008-06-27 13:10:12.400000+00:00,Earthquake,Earthquake,10.89,92.003,"118 km SW of Port Blair, India",5.2,,,,earthquakes,2008.0,6.0
usp000gaq8,2008-06-27 13:31:23.260000+00:00,Earthquake,Earthquake,10.821,91.696,"147 km SW of Bamboo Flat, India",4.4,,,,earthquakes,2008.0,6.0
usp000gaqb,2008-06-27 13:53:06.410000+00:00,Earthquake,Earthquake,11.353,92.535,"41 km SSW of Port Blair, India",4.4,,,,earthquakes,2008.0,6.0
usp000gaqd,2008-06-27 14:02:13.060000+00:00,Earthquake,Earthquake,10.73,91.526,"168 km SW of Bamboo Flat, India",4.1,,,,earthquakes,2008.0,6.0
usp000gaqf,2008-06-27 14:14:09.330000+00:00,Earthquake,Earthquake,10.854,91.78,"138 km SW of Port Blair, India",4.7,,,,earthquakes,2008.0,6.0
usp000gaqj,2008-06-27 14:16:50.220000+00:00,Earthquake,Earthquake,10.15,91.468,"218 km SW of Port Blair, India",4.4,,,,earthquakes,2008.0,6.0
usp000gaqp,2008-06-27 14:36:42.820000+00:00,Earthquake,Earthquake,10.736,91.535,"167 km SW of Bamboo Flat, India",4.5,,,,earthquakes,2008.0,6.0
usp000gaqs,2008-06-27 14:54:46.950000+00:00,Earthquake,Earthquake,10.849,91.709,"144 km SW of Bamboo Flat, India",4.5,,,,earthquakes,2008.0,6.0
usp000gaqv,2008-06-27 15:00:14.420000+00:00,Earthquake,Earthquake,10.841,91.724,"144 km SW of Bamboo Flat, India",4.5,,,,earthquakes,2008.0,6.0
usp000gaqx,2008-06-27 15:01:58+00:00,Earthquake,Earthquake,9.853,90.178,"Nicobar Islands, India region",4.0,,,,earthquakes,2008.0,6.0
usp000garr,2008-06-27 18:05:13.650000+00:00,Earthquake,Earthquake,10.892,91.782,"135 km SW of Bamboo Flat, India",5.0,,,,earthquakes,2008.0,6.0
usp000garv,2008-06-27 18:34:00.120000+00:00,Earthquake,Earthquake,10.773,91.581,"160 km SW of Bamboo Flat, India",4.0,,,,earthquakes,2008.0,6.0
usp000garx,2008-06-27 19:19:46.410000+00:00,Earthquake,Earthquake,10.882,91.787,"135 km SW of Bamboo Flat, India",4.9,,,,earthquakes,2008.0,6.0
usp000gas0,2008-06-27 19:27:57.650000+00:00,Earthquake,Earthquake,10.792,91.729,"147 km SW of Port Blair, India",4.3,,,,earthquakes,2008.0,6.0
usp000gas1,2008-06-27 19:31:01.840000+00:00,Earthquake,Earthquake,10.822,91.682,"148 km SW of Bamboo Flat, India",4.4,,,,earthquakes,2008.0,6.0
usp000gas6,2008-06-27 20:20:57.260000+00:00,Earthquake,Earthquake,10.589,91.353,"193 km SW of Bamboo Flat, India",4.0,,,,earthquakes,2008.0,6.0
usp000gas7,2008-06-27 20:37:34.010000+00:00,Earthquake,Earthquake,10.717,91.581,"164 km SW of Bamboo Flat, India",4.1,,,,earthquakes,2008.0,6.0
usp000gas9,2008-06-27 20:57:39.680000+00:00,Earthquake,Earthquake,10.795,91.72,"147 km SW of Port Blair, India",4.7,,,,earthquakes,2008.0,6.0
usp000gasd,2008-06-27 21:34:45.490000+00:00,Earthquake,Earthquake,10.576,91.34,"195 km SW of Bamboo Flat, India",4.0,,,,earthquakes,2008.0,6.0
usp000gasj,2008-06-27 23:07:46.050000+00:00,Earthquake,Earthquake,10.88,91.702,"143 km SW of Bamboo Flat, India",4.0,,,,earthquakes,2008.0,6.0
usp000gask,2008-06-27 23:17:31.110000+00:00,Earthquake,Earthquake,10.79,91.626,"155 km SW of Bamboo Flat, India",4.2,,,,earthquakes,2008.0,6.0
usp000gat1,2008-06-28 03:26:52.650000+00:00,Earthquake,Earthquake,10.873,91.899,"127 km SW of Port Blair, India",5.1,,,,earthquakes,2008.0,6.0
usp000gat2,2008-06-28 03:32:07.830000+00:00,Earthquake,Earthquake,10.356,91.326,"212 km SW of Port Blair, India",4.1,,,,earthquakes,2008.0,6.0
usp000gat3,2008-06-28 03:33:31.250000+00:00,Earthquake,Earthquake,10.394,91.311,"210 km SW of Port Blair, India",4.0,,,,earthquakes,2008.0,6.0
usp000gat4,2008-06-28 03:34:27.240000+00:00,Earthquake,Earthquake,10.771,91.784,"144 km SW of Port Blair, India",4.7,,,,earthquakes,2008.0,6.0
usp000gat7,2008-06-28 04:35:01.650000+00:00,Earthquake,Earthquake,10.862,91.683,"146 km SW of Bamboo Flat, India",4.9,,,,earthquakes,2008.0,6.0
usp000gat8,2008-06-28 04:40:20.960000+00:00,Earthquake,Earthquake,10.839,91.717,"144 km SW of Bamboo Flat, India",4.2,,,,earthquakes,2008.0,6.0
usp000gat9,2008-06-28 04:43:22.440000+00:00,Earthquake,Earthquake,10.822,91.769,"141 km SW of Port Blair, India",4.1,,,,earthquakes,2008.0,6.0
usp000gata,2008-06-28 04:44:49.380000+00:00,Earthquake,Earthquake,10.684,91.838,"147 km SW of Port Blair, India",4.0,,,,earthquakes,2008.0,6.0
usp000gatb,2008-06-28 05:00:01.160000+00:00,Earthquake,Earthquake,10.958,91.836,"126 km SW of Bamboo Flat, India",4.4,,,,earthquakes,2008.0,6.0
usp000gatg,2008-06-28 05:21:21.510000+00:00,Earthquake,Earthquake,10.753,91.85,"140 km SW of Port Blair, India",4.4,,,,earthquakes,2008.0,6.0
usp000gath,2008-06-28 05:45:28.180000+00:00,Earthquake,Earthquake,10.664,91.568,"169 km SW of Port Blair, India",4.2,,,,earthquakes,2008.0,6.0
usp000gatp,2008-06-28 06:18:19.610000+00:00,Earthquake,Earthquake,10.741,91.555,"165 km SW of Bamboo Flat, India",4.1,,,,earthquakes,2008.0,6.0
usp000gau3,2008-06-28 11:08:09.500000+00:00,Earthquake,Earthquake,11.19,92.304,"71 km SW of Port Blair, India",4.4,,,,earthquakes,2008.0,6.0
usp000gaua,2008-06-28 12:54:46.360000+00:00,Earthquake,Earthquake,10.847,91.712,"144 km SW of Bamboo Flat, India",6.1,,,,earthquakes,2008.0,6.0
usp000gaub,2008-06-28 13:09:06.450000+00:00,Earthquake,Earthquake,10.762,91.803,"143 km SW of Port Blair, India",4.5,,,,earthquakes,2008.0,6.0
usp000gaue,2008-06-28 13:31:01.470000+00:00,Earthquake,Earthquake,10.739,91.696,"153 km SW of Port Blair, India",4.6,,,,earthquakes,2008.0,6.0
usp000gauf,2008-06-28 13:40:42.460000+00:00,Earthquake,Earthquake,10.758,91.593,"160 km SW of Bamboo Flat, India",4.4,,,,earthquakes,2008.0,6.0
usp000gauj,2008-06-28 13:52:56.200000+00:00,Earthquake,Earthquake,10.66,91.609,"166 km SW of Port Blair, India",4.5,,,,earthquakes,2008.0,6.0
usp000gauk,2008-06-28 13:57:03.570000+00:00,Earthquake,Earthquake,10.727,91.707,"153 km SW of Port Blair, India",4.9,,,,earthquakes,2008.0,6.0
usp000gauq,2008-06-28 14:30:06.560000+00:00,Earthquake,Earthquake,10.83,91.788,"139 km SW of Port Blair, India",4.7,,,,earthquakes,2008.0,6.0
usp000gaus,2008-06-28 14:33:35.810000+00:00,Earthquake,Earthquake,10.713,91.514,"170 km SW of Bamboo Flat, India",4.5,,,,earthquakes,2008.0,6.0
usp000gav1,2008-06-28 15:29:11.500000+00:00,Earthquake,Earthquake,10.902,91.925,"123 km SW of Port Blair, India",5.4,,,,earthquakes,2008.0,6.0
usp000gav2,2008-06-28 15:39:59.140000+00:00,Earthquake,Earthquake,10.409,91.146,"223 km SW of Bamboo Flat, India",4.2,,,,earthquakes,2008.0,6.0
usp000gav4,2008-06-28 15:47:54.910000+00:00,Earthquake,Earthquake,10.909,92.102,"109 km SW of Port Blair, India",4.0,,,,earthquakes,2008.0,6.0
usp000gav7,2008-06-28 15:55:07.290000+00:00,Earthquake,Earthquake,10.677,91.673,"160 km SW of Port Blair, India",4.8,,,,earthquakes,2008.0,6.0
usp000gavc,2008-06-28 16:22:53.360000+00:00,Earthquake,Earthquake,10.888,92.056,"114 km SW of Port Blair, India",4.0,,,,earthquakes,2008.0,6.0
usp000gavk,2008-06-28 17:16:59.470000+00:00,Earthquake,Earthquake,10.889,91.998,"118 km SW of Port Blair, India",4.7,,,,earthquakes,2008.0,6.0
usp000gavn,2008-06-28 17:27:16.910000+00:00,Earthquake,Earthquake,10.919,92.075,"110 km SW of Port Blair, India",4.1,,,,earthquakes,2008.0,6.0
usp000gavp,2008-06-28 17:37:36.040000+00:00,Earthquake,Earthquake,10.934,91.945,"119 km SW of Port Blair, India",4.1,,,,earthquakes,2008.0,6.0
usp000gavx,2008-06-28 20:17:59.650000+00:00,Earthquake,Earthquake,10.753,91.755,"148 km SW of Port Blair, India",4.4,,,,earthquakes,2008.0,6.0
usp000gaw1,2008-06-28 21:21:03.040000+00:00,Earthquake,Earthquake,10.892,91.928,"123 km SW of Port Blair, India",4.1,,,,earthquakes,2008.0,6.0
usp000gawb,2008-06-28 23:19:07.500000+00:00,Earthquake,Earthquake,10.943,91.748,"134 km SW of Bamboo Flat, India",4.3,,,,earthquakes,2008.0,6.0
usp000gawf,2008-06-29 00:32:13.400000+00:00,Earthquake,Earthquake,11.003,91.728,"132 km SW of Bamboo Flat, India",5.0,,,,earthquakes,2008.0,6.0
usp000gawn,2008-06-29 01:14:16.830000+00:00,Earthquake,Earthquake,10.576,91.377,"192 km SW of Bamboo Flat, India",4.3,,,,earthquakes,2008.0,6.0
usp000gawp,2008-06-29 01:33:16.720000+00:00,Earthquake,Earthquake,10.57,91.537,"179 km SW of Port Blair, India",4.1,,,,earthquakes,2008.0,6.0
usp000gawx,2008-06-29 04:14:37.010000+00:00,Earthquake,Earthquake,10.75,91.64,"157 km SW of Bamboo Flat, India",5.2,,,,earthquakes,2008.0,6.0
usp000gawy,2008-06-29 04:23:08.160000+00:00,Earthquake,Earthquake,11.282,91.813,"108 km WSW of Bamboo Flat, India",4.1,,,,earthquakes,2008.0,6.0
usp000gax0,2008-06-29 04:33:42.300000+00:00,Earthquake,Earthquake,10.926,91.749,"135 km SW of Bamboo Flat, India",4.0,,,,earthquakes,2008.0,6.0
usp000gax1,2008-06-29 04:39:00.410000+00:00,Earthquake,Earthquake,10.761,91.703,"151 km SW of Port Blair, India",4.3,,,,earthquakes,2008.0,6.0
usp000gax3,2008-06-29 04:47:56.600000+00:00,Earthquake,Earthquake,10.501,91.449,"191 km SW of Port Blair, India",4.2,,,,earthquakes,2008.0,6.0
usp000gax7,2008-06-29 05:43:56.850000+00:00,Earthquake,Earthquake,10.696,91.552,"168 km SW of Bamboo Flat, India",4.1,,,,earthquakes,2008.0,6.0
usp000gaxc,2008-06-29 07:33:51.350000+00:00,Earthquake,Earthquake,10.486,91.151,"217 km SW of Bamboo Flat, India",4.3,,,,earthquakes,2008.0,6.0
usp000gaxe,2008-06-29 08:22:05.780000+00:00,Earthquake,Earthquake,10.597,91.477,"182 km SW of Port Blair, India",4.2,,,,earthquakes,2008.0,6.0
usp000gaxm,2008-06-29 10:53:30.820000+00:00,Earthquake,Earthquake,10.838,91.819,"136 km SW of Port Blair, India",4.4,,,,earthquakes,2008.0,6.0
usp000gaxw,2008-06-29 13:21:09.170000+00:00,Earthquake,Earthquake,10.843,91.68,"147 km SW of Bamboo Flat, India",4.4,,,,earthquakes,2008.0,6.0
usp000gaze,2008-06-30 01:23:09.180000+00:00,Earthquake,Earthquake,10.876,91.722,"141 km SW of Bamboo Flat, India",4.0,,,,earthquakes,2008.0,6.0
usp000gazh,2008-06-30 02:10:04.810000+00:00,Earthquake,Earthquake,10.866,91.734,"141 km SW of Bamboo Flat, India",4.6,,,,earthquakes,2008.0,6.0
usp000gazr,2008-06-30 03:41:10.580000+00:00,Earthquake,Earthquake,10.709,91.805,"147 km SW of Port Blair, India",4.3,,,,earthquakes,2008.0,6.0
usp000gb22,2008-07-01 05:50:55.200000+00:00,Earthquake,Earthquake,10.841,91.605,"154 km SW of Bamboo Flat, India",4.5,,,,earthquakes,2008.0,7.0
usp000gb46,2008-07-02 00:34:03.110000+00:00,Earthquake,Earthquake,12.259,94.344,"185 km ENE of Port Blair, India",4.1,,,,earthquakes,2008.0,7.0
usp000gbbc,2008-07-04 21:35:27.800000+00:00,Earthquake,Earthquake,29.325,96.321,"140 km N of Hayuliang, India",4.7,,,,earthquakes,2008.0,7.0
usp000gbbz,2008-07-05 01:39:29.730000+00:00,Earthquake,Earthquake,10.18,91.601,"206 km SW of Port Blair, India",4.4,,,,earthquakes,2008.0,7.0
usp000gbd6,2008-07-05 13:25:50.970000+00:00,Earthquake,Earthquake,11.061,92.369,"78 km SSW of Port Blair, India",4.0,,,,earthquakes,2008.0,7.0
usp000gben,2008-07-06 02:49:06.100000+00:00,Earthquake,Earthquake,11.018,91.95,"112 km SW of Bamboo Flat, India",4.3,,,,earthquakes,2008.0,7.0
usp000gbgy,2008-07-06 23:23:52.290000+00:00,Earthquake,Earthquake,10.73,91.833,"143 km SW of Port Blair, India",4.0,,,,earthquakes,2008.0,7.0
usp000gbh9,2008-07-07 02:50:36.670000+00:00,Earthquake,Earthquake,25.972,95.33,"60 km ESE of Tuensang, India",4.9,,,,earthquakes,2008.0,7.0
usp000gbj4,2008-07-07 09:58:52.390000+00:00,Earthquake,Earthquake,10.742,91.695,"153 km SW of Port Blair, India",5.0,,,,earthquakes,2008.0,7.0
usp000gbne,2008-07-08 15:51:40.120000+00:00,Earthquake,Earthquake,10.902,91.099,"197 km WSW of Bamboo Flat, India",4.0,,,,earthquakes,2008.0,7.0
usp000gbnh,2008-07-08 16:05:58.630000+00:00,Earthquake,Earthquake,10.73,91.826,"144 km SW of Port Blair, India",4.6,,,,earthquakes,2008.0,7.0
usp000gbw6,2008-07-11 09:37:38.650000+00:00,Earthquake,Earthquake,10.768,91.733,"148 km SW of Port Blair, India",4.5,,,,earthquakes,2008.0,7.0
usp000gc3q,2008-07-14 00:40:32.220000+00:00,Earthquake,Earthquake,10.646,91.767,"155 km SW of Port Blair, India",4.5,,,,earthquakes,2008.0,7.0
usp000gc4f,2008-07-14 07:16:08.390000+00:00,Earthquake,Earthquake,10.547,91.625,"174 km SW of Port Blair, India",4.3,,,,earthquakes,2008.0,7.0
usp000gc53,2008-07-14 13:28:43.650000+00:00,Earthquake,Earthquake,27.419,92.021,"19 km SSE of Tawang, India",4.1,,,,earthquakes,2008.0,7.0
usp000gc71,2008-07-15 03:16:13.240000+00:00,Earthquake,Earthquake,10.676,92.005,"136 km SW of Port Blair, India",4.2,,,,earthquakes,2008.0,7.0
usp000gcgq,2008-07-18 13:10:02.090000+00:00,Earthquake,Earthquake,25.049,95.066,"89 km SE of Phek, India",4.4,,,,earthquakes,2008.0,7.0
usp000gcm5,2008-07-19 13:39:55.500000+00:00,Earthquake,Earthquake,13.017,93.262,"157 km NNE of Bamboo Flat, India",4.0,,,,earthquakes,2008.0,7.0
usp000gcrk,2008-07-20 23:06:37.570000+00:00,Earthquake,Earthquake,28.836,95.845,"99 km NNE of P?sigh?t, India",4.1,,,,earthquakes,2008.0,7.0
usp000gcxf,2008-07-22 21:19:44.770000+00:00,Earthquake,Earthquake,10.786,91.749,"146 km SW of Port Blair, India",4.8,,,,earthquakes,2008.0,7.0
usp000gcxg,2008-07-22 21:26:03.650000+00:00,Earthquake,Earthquake,29.93,95.204,"174 km NNE of Shi Yomi, India",4.7,,,,earthquakes,2008.0,7.0
usp000gcxj,2008-07-22 22:32:55.440000+00:00,Earthquake,Earthquake,10.776,91.778,"144 km SW of Port Blair, India",4.1,,,,earthquakes,2008.0,7.0
usp000gd1t,2008-07-24 09:51:35.250000+00:00,Earthquake,Earthquake,10.701,91.694,"156 km SW of Port Blair, India",4.6,,,,earthquakes,2008.0,7.0
usp000gd1z,2008-07-24 12:19:02.260000+00:00,Earthquake,Earthquake,12.784,92.026,"141 km NNW of Bamboo Flat, India",4.5,,,,earthquakes,2008.0,7.0
usp000gd4t,2008-07-25 20:24:38.820000+00:00,Earthquake,Earthquake,10.738,91.914,"137 km SW of Port Blair, India",4.5,,,,earthquakes,2008.0,7.0
usp000gd5x,2008-07-26 05:35:33.750000+00:00,Earthquake,Earthquake,11.611,91.659,"115 km W of Bamboo Flat, India",5.1,,,,earthquakes,2008.0,7.0
usp000gd65,2008-07-26 09:45:52.730000+00:00,Earthquake,Earthquake,10.653,91.704,"159 km SW of Port Blair, India",4.4,,,,earthquakes,2008.0,7.0
usp000gd6e,2008-07-26 13:23:55.230000+00:00,Earthquake,Earthquake,12.965,92.557,"141 km N of Bamboo Flat, India",4.1,,,,earthquakes,2008.0,7.0
usp000gd6q,2008-07-26 16:49:53.120000+00:00,Earthquake,Earthquake,10.326,93.138,"154 km SSE of Port Blair, India",4.8,,,,earthquakes,2008.0,7.0
usp000gddk,2008-07-29 19:10:59.640000+00:00,Earthquake,Earthquake,17.644,74.166,"6 km NNW of Rahimatpur, India",4.5,,,,earthquakes,2008.0,7.0
usp000gdv1,2008-08-04 23:28:17.940000+00:00,Earthquake,Earthquake,13.694,93.145,"225 km NNE of Bamboo Flat, India",4.3,,,,earthquakes,2008.0,8.0
usp000gdw8,2008-08-05 10:08:11.950000+00:00,Earthquake,Earthquake,13.865,93.581,"257 km NNE of Bamboo Flat, India",5.2,,,,earthquakes,2008.0,8.0
usp000gdxg,2008-08-05 21:58:49.620000+00:00,Earthquake,Earthquake,10.821,91.693,"148 km SW of Bamboo Flat, India",4.8,,,,earthquakes,2008.0,8.0
usp000geas,2008-08-10 08:20:33.420000+00:00,Earthquake,Earthquake,11.055,91.814,"121 km SW of Bamboo Flat, India",6.2,,,,earthquakes,2008.0,8.0
usp000geax,2008-08-10 09:01:13.370000+00:00,Earthquake,Earthquake,10.788,91.673,"152 km SW of Bamboo Flat, India",4.2,,,,earthquakes,2008.0,8.0
usp000geay,2008-08-10 09:16:21.190000+00:00,Earthquake,Earthquake,10.913,91.777,"134 km SW of Bamboo Flat, India",4.4,,,,earthquakes,2008.0,8.0
usp000geb0,2008-08-10 09:27:57.410000+00:00,Earthquake,Earthquake,11.025,91.757,"128 km SW of Bamboo Flat, India",5.3,,,,earthquakes,2008.0,8.0
usp000geb2,2008-08-10 09:46:07.430000+00:00,Earthquake,Earthquake,10.77,91.504,"167 km SW of Bamboo Flat, India",4.2,,,,earthquakes,2008.0,8.0
usp000geb7,2008-08-10 10:38:58.080000+00:00,Earthquake,Earthquake,10.737,91.474,"172 km SW of Bamboo Flat, India",4.1,,,,earthquakes,2008.0,8.0
usp000geb8,2008-08-10 10:43:51.220000+00:00,Earthquake,Earthquake,10.866,91.79,"136 km SW of Port Blair, India",4.3,,,,earthquakes,2008.0,8.0
usp000geba,2008-08-10 11:18:54.570000+00:00,Earthquake,Earthquake,10.933,91.683,"141 km SW of Bamboo Flat, India",4.5,,,,earthquakes,2008.0,8.0
usp000gebb,2008-08-10 11:48:08.990000+00:00,Earthquake,Earthquake,10.862,91.823,"134 km SW of Port Blair, India",4.2,,,,earthquakes,2008.0,8.0
usp000gebg,2008-08-10 12:20:52.630000+00:00,Earthquake,Earthquake,10.881,91.734,"140 km SW of Bamboo Flat, India",4.3,,,,earthquakes,2008.0,8.0
usp000gebh,2008-08-10 12:21:11.800000+00:00,Earthquake,Earthquake,10.947,91.711,"137 km SW of Bamboo Flat, India",5.7,,,,earthquakes,2008.0,8.0
usp000gebj,2008-08-10 12:37:55.460000+00:00,Earthquake,Earthquake,10.876,91.635,"149 km SW of Bamboo Flat, India",4.5,,,,earthquakes,2008.0,8.0
usp000gebn,2008-08-10 12:59:02.220000+00:00,Earthquake,Earthquake,10.976,91.757,"131 km SW of Bamboo Flat, India",4.4,,,,earthquakes,2008.0,8.0
usp000gebp,2008-08-10 13:01:31.580000+00:00,Earthquake,Earthquake,10.985,91.79,"128 km SW of Bamboo Flat, India",5.3,,,,earthquakes,2008.0,8.0
usp000gebs,2008-08-10 13:36:01.960000+00:00,Earthquake,Earthquake,10.82,91.719,"146 km SW of Bamboo Flat, India",4.2,,,,earthquakes,2008.0,8.0
usp000gebv,2008-08-10 14:16:50.570000+00:00,Earthquake,Earthquake,10.859,91.843,"133 km SW of Port Blair, India",4.5,,,,earthquakes,2008.0,8.0
usp000gebz,2008-08-10 14:57:38.210000+00:00,Earthquake,Earthquake,10.566,91.072,"219 km SW of Bamboo Flat, India",4.5,,,,earthquakes,2008.0,8.0
usp000gec1,2008-08-10 15:06:34.730000+00:00,Earthquake,Earthquake,10.775,91.803,"142 km SW of Port Blair, India",4.2,,,,earthquakes,2008.0,8.0
usp000gec2,2008-08-10 15:28:56.540000+00:00,Earthquake,Earthquake,10.818,91.711,"146 km SW of Bamboo Flat, India",4.3,,,,earthquakes,2008.0,8.0
usp000gecg,2008-08-10 19:13:07.020000+00:00,Earthquake,Earthquake,11.013,91.846,"121 km SW of Bamboo Flat, India",4.7,,,,earthquakes,2008.0,8.0
usp000gedk,2008-08-11 06:19:07.720000+00:00,Earthquake,Earthquake,10.887,91.69,"143 km SW of Bamboo Flat, India",4.0,,,,earthquakes,2008.0,8.0
usp000geg9,2008-08-12 09:18:59.140000+00:00,Earthquake,Earthquake,26.795,97.093,"71 km NNE of Sarupathar, India",4.5,,,,earthquakes,2008.0,8.0
usp000gegq,2008-08-12 17:38:45.280000+00:00,Earthquake,Earthquake,10.873,91.803,"135 km SW of Port Blair, India",4.3,,,,earthquakes,2008.0,8.0
usp000gegw,2008-08-12 19:52:06.710000+00:00,Earthquake,Earthquake,10.993,91.785,"128 km SW of Bamboo Flat, India",4.5,,,,earthquakes,2008.0,8.0
usp000gejj,2008-08-13 10:11:14.560000+00:00,Earthquake,Earthquake,10.901,91.644,"146 km SW of Bamboo Flat, India",4.3,,,,earthquakes,2008.0,8.0
usp000gf0e,2008-08-19 10:54:26.720000+00:00,Earthquake,Earthquake,30.077,80.013,"35 km NE of B?geshwar, India",4.2,,,,earthquakes,2008.0,8.0
usp000gfc7,2008-08-23 23:11:15.420000+00:00,Earthquake,Earthquake,8.961,92.209,"Nicobar Islands, India region",4.3,,,,earthquakes,2008.0,8.0
usp000gfp1,2008-08-27 05:35:18.100000+00:00,Earthquake,Earthquake,27.149,92.012,"42 km WSW of Bomdila, India",4.2,,,,earthquakes,2008.0,8.0
usp000gfte,2008-08-28 07:07:11.420000+00:00,Earthquake,Earthquake,12.021,92.406,"49 km NW of Bamboo Flat, India",4.4,,,,earthquakes,2008.0,8.0
usp000gfwy,2008-08-29 06:43:08.210000+00:00,Earthquake,Earthquake,10.915,91.803,"132 km SW of Bamboo Flat, India",4.5,,,,earthquakes,2008.0,8.0
usp000gfy7,2008-08-29 16:48:46.220000+00:00,Earthquake,Earthquake,10.734,91.732,"151 km SW of Port Blair, India",4.1,,,,earthquakes,2008.0,8.0
usp000gfyc,2008-08-29 17:44:46.200000+00:00,Earthquake,Earthquake,13.569,93.337,"217 km NNE of Bamboo Flat, India",4.0,,,,earthquakes,2008.0,8.0
usp000gfzv,2008-08-30 07:45:08.700000+00:00,Earthquake,Earthquake,11.053,91.673,"134 km WSW of Bamboo Flat, India",4.8,,,,earthquakes,2008.0,8.0
usp000gg0j,2008-08-30 14:41:48.020000+00:00,Earthquake,Earthquake,26.035,95.676,"88 km ESE of Tuensang, India",4.3,,,,earthquakes,2008.0,8.0
usp000ggch,2008-09-04 06:46:46.950000+00:00,Earthquake,Earthquake,9.929,93.062,"195 km S of Port Blair, India",4.2,,,,earthquakes,2008.0,9.0
usp000ggda,2008-09-04 12:53:11.290000+00:00,Earthquake,Earthquake,30.279,80.349,"50 km NNW of Dh?rchula, India",5.0,,,,earthquakes,2008.0,9.0
usp000gge6,2008-09-04 20:33:37.950000+00:00,Earthquake,Earthquake,26.017,95.131,"41 km SE of Tuensang, India",4.4,,,,earthquakes,2008.0,9.0
usp000ggg0,2008-09-05 18:54:21.290000+00:00,Earthquake,Earthquake,10.301,93.737,"185 km SE of Port Blair, India",4.1,,,,earthquakes,2008.0,9.0
usp000gghh,2008-09-06 11:37:54.660000+00:00,Earthquake,Earthquake,8.565,93.453,"Nicobar Islands, India region",4.3,,,,earthquakes,2008.0,9.0
usp000ggka,2008-09-07 09:00:28.530000+00:00,Earthquake,Earthquake,12.943,92.389,"142 km NNW of Bamboo Flat, India",5.0,,,,earthquakes,2008.0,9.0
usp000ggtu,2008-09-10 19:07:16.140000+00:00,Earthquake,Earthquake,26.662,96.773,"50 km N of Sarupathar, India",4.2,,,,earthquakes,2008.0,9.0
usp000ggu0,2008-09-10 22:23:20.480000+00:00,Earthquake,Earthquake,9.054,93.183,"292 km S of Port Blair, India",4.1,,,,earthquakes,2008.0,9.0
usp000gh2w,2008-09-15 06:16:03.180000+00:00,Earthquake,Earthquake,10.327,92.972,"150 km S of Port Blair, India",4.3,,,,earthquakes,2008.0,9.0
usp000gh4f,2008-09-16 01:20:00.550000+00:00,Earthquake,Earthquake,13.494,92.724,"198 km N of Bamboo Flat, India",4.9,,,,earthquakes,2008.0,9.0
usp000gh4q,2008-09-16 05:38:17.050000+00:00,Earthquake,Earthquake,10.848,91.805,"136 km SW of Port Blair, India",4.3,,,,earthquakes,2008.0,9.0
usp000gh63,2008-09-16 21:47:14.540000+00:00,Earthquake,Earthquake,17.438,73.915,"7 km NNE of P?tan, India",5.0,,,,earthquakes,2008.0,9.0
usp000ghac,2008-09-18 20:32:45.170000+00:00,Earthquake,Earthquake,10.932,91.784,"132 km SW of Bamboo Flat, India",5.0,,,,earthquakes,2008.0,9.0
usp000ghe8,2008-09-20 17:35:49.300000+00:00,Earthquake,Earthquake,8.443,93.891,"Nicobar Islands, India region",4.5,,,,earthquakes,2008.0,9.0
usp000gj89,2008-10-03 17:48:24.310000+00:00,Earthquake,Earthquake,10.733,91.715,"152 km SW of Port Blair, India",4.5,,,,earthquakes,2008.0,10.0
usp000gj8s,2008-10-03 21:19:48.410000+00:00,Earthquake,Earthquake,10.67,91.687,"159 km SW of Port Blair, India",4.3,,,,earthquakes,2008.0,10.0
usp000gj8t,2008-10-03 21:20:23.760000+00:00,Earthquake,Earthquake,10.764,91.659,"155 km SW of Port Blair, India",5.6,,,,earthquakes,2008.0,10.0
usp000gj8v,2008-10-03 21:40:41.330000+00:00,Earthquake,Earthquake,10.526,91.578,"179 km SW of Port Blair, India",4.0,,,,earthquakes,2008.0,10.0
usp000gj8w,2008-10-03 21:57:34.810000+00:00,Earthquake,Earthquake,10.662,91.498,"175 km SW of Bamboo Flat, India",4.3,,,,earthquakes,2008.0,10.0
usp000gj8x,2008-10-03 22:15:43.340000+00:00,Earthquake,Earthquake,10.585,91.628,"170 km SW of Port Blair, India",4.3,,,,earthquakes,2008.0,10.0
usp000gj90,2008-10-03 22:57:34.760000+00:00,Earthquake,Earthquake,10.595,91.569,"174 km SW of Port Blair, India",4.6,,,,earthquakes,2008.0,10.0
usp000gj91,2008-10-03 23:02:17.270000+00:00,Earthquake,Earthquake,10.743,91.725,"151 km SW of Port Blair, India",4.2,,,,earthquakes,2008.0,10.0
usp000gj94,2008-10-03 23:57:05.770000+00:00,Earthquake,Earthquake,10.742,91.765,"148 km SW of Port Blair, India",4.0,,,,earthquakes,2008.0,10.0
usp000gj9d,2008-10-04 01:37:41.810000+00:00,Earthquake,Earthquake,10.595,91.722,"162 km SW of Port Blair, India",4.2,,,,earthquakes,2008.0,10.0
usp000gj9f,2008-10-04 02:05:52.730000+00:00,Earthquake,Earthquake,10.63,91.738,"158 km SW of Port Blair, India",4.4,,,,earthquakes,2008.0,10.0
usp000gj9k,2008-10-04 04:16:47.320000+00:00,Earthquake,Earthquake,10.595,91.608,"171 km SW of Port Blair, India",4.1,,,,earthquakes,2008.0,10.0
usp000gj9z,2008-10-04 10:28:57.660000+00:00,Earthquake,Earthquake,10.443,91.866,"166 km SW of Port Blair, India",4.5,,,,earthquakes,2008.0,10.0
usp000gjae,2008-10-04 13:59:35.360000+00:00,Earthquake,Earthquake,10.546,91.663,"171 km SW of Port Blair, India",4.2,,,,earthquakes,2008.0,10.0
usp000gjaq,2008-10-04 16:10:30.930000+00:00,Earthquake,Earthquake,10.716,91.718,"153 km SW of Port Blair, India",4.3,,,,earthquakes,2008.0,10.0
usp000gjar,2008-10-04 16:20:29.160000+00:00,Earthquake,Earthquake,10.784,91.702,"150 km SW of Port Blair, India",4.0,,,,earthquakes,2008.0,10.0
usp000gjtv,2008-10-10 00:45:23.940000+00:00,Earthquake,Earthquake,9.727,92.608,"215 km S of Port Blair, India",4.4,,,,earthquakes,2008.0,10.0
usp000gju5,2008-10-10 03:24:06.130000+00:00,Earthquake,Earthquake,8.409,92.327,"Nicobar Islands, India region",4.1,,,,earthquakes,2008.0,10.0
usp000gk04,2008-10-11 17:16:08.040000+00:00,Earthquake,Earthquake,13.676,93.785,"247 km NNE of Bamboo Flat, India",4.3,,,,earthquakes,2008.0,10.0
usp000gkf7,2008-10-17 17:23:11.210000+00:00,Earthquake,Earthquake,12.508,95.031,"265 km ENE of Port Blair, India",4.2,,,,earthquakes,2008.0,10.0
usp000gkfj,2008-10-17 19:12:32.060000+00:00,Earthquake,Earthquake,12.309,94.849,"239 km ENE of Port Blair, India",4.2,,,,earthquakes,2008.0,10.0
usp000gkha,2008-10-18 14:14:47.240000+00:00,Earthquake,Earthquake,13.767,93.615,"248 km NNE of Bamboo Flat, India",4.8,,,,earthquakes,2008.0,10.0
usp000gkk4,2008-10-19 13:26:46.730000+00:00,Earthquake,Earthquake,11.015,91.783,"126 km SW of Bamboo Flat, India",4.5,,,,earthquakes,2008.0,10.0
usp000gkrq,2008-10-21 15:09:10.500000+00:00,Earthquake,Earthquake,31.655,77.465,"11 km E of Banj?r, India",4.5,,,,earthquakes,2008.0,10.0
usp000gkvr,2008-10-23 15:31:34.570000+00:00,Earthquake,Earthquake,10.885,91.523,"158 km SW of Bamboo Flat, India",4.2,,,,earthquakes,2008.0,10.0
usp000gm9h,2008-10-29 05:16:20.090000+00:00,Earthquake,Earthquake,10.941,92.195,"100 km SW of Port Blair, India",4.3,,,,earthquakes,2008.0,10.0
usp000gmhw,2008-10-31 20:00:53.870000+00:00,Earthquake,Earthquake,12.772,92.234,"129 km NNW of Bamboo Flat, India",4.1,,,,earthquakes,2008.0,10.0
usp000gmq9,2008-11-02 18:07:27.940000+00:00,Earthquake,Earthquake,11.271,95.032,"253 km E of Port Blair, India",4.3,,,,earthquakes,2008.0,11.0
usp000gn8d,2008-11-08 16:51:37.950000+00:00,Earthquake,Earthquake,23.636,87.36,"14 km NNE of Durgapur, India",4.2,,,,earthquakes,2008.0,11.0
usp000gnfs,2008-11-11 17:15:00.560000+00:00,Earthquake,Earthquake,13.127,92.555,"158 km N of Bamboo Flat, India",4.6,,,,earthquakes,2008.0,11.0
usp000gnu7,2008-11-16 11:37:40+00:00,Earthquake,Earthquake,10.844,91.785,"138 km SW of Port Blair, India",4.6,,,,earthquakes,2008.0,11.0
usp000gnu8,2008-11-16 12:20:36.880000+00:00,Earthquake,Earthquake,10.833,91.711,"145 km SW of Bamboo Flat, India",5.5,,,,earthquakes,2008.0,11.0
usp000gnu9,2008-11-16 12:25:09.150000+00:00,Earthquake,Earthquake,10.829,91.701,"146 km SW of Bamboo Flat, India",4.6,,,,earthquakes,2008.0,11.0
usp000gnub,2008-11-16 13:41:25.780000+00:00,Earthquake,Earthquake,10.803,91.817,"139 km SW of Port Blair, India",4.3,,,,earthquakes,2008.0,11.0
usp000gnuc,2008-11-16 13:46:26.350000+00:00,Earthquake,Earthquake,10.837,91.792,"138 km SW of Port Blair, India",4.6,,,,earthquakes,2008.0,11.0
usp000gnug,2008-11-16 14:27:39.640000+00:00,Earthquake,Earthquake,10.835,91.896,"130 km SW of Port Blair, India",4.0,,,,earthquakes,2008.0,11.0
usp000gnyq,2008-11-18 02:01:25.580000+00:00,Earthquake,Earthquake,10.778,91.66,"153 km SW of Bamboo Flat, India",4.3,,,,earthquakes,2008.0,11.0
usp000gp22,2008-11-19 17:14:20.220000+00:00,Earthquake,Earthquake,8.657,93.64,"Nicobar Islands, India region",5.2,,,,earthquakes,2008.0,11.0
usp000gpsw,2008-12-02 05:11:42.030000+00:00,Earthquake,Earthquake,27.373,88.051,"22 km WNW of Gyalshing, India",5.2,,,,earthquakes,2008.0,12.0
usp000gq08,2008-12-05 23:24:36.990000+00:00,Earthquake,Earthquake,8.74,94.079,"Nicobar Islands, India region",5.2,,,,earthquakes,2008.0,12.0
usp000gq09,2008-12-05 23:33:45.690000+00:00,Earthquake,Earthquake,8.71,93.971,"Nicobar Islands, India region",4.6,,,,earthquakes,2008.0,12.0
usp000gq0f,2008-12-06 00:43:08.790000+00:00,Earthquake,Earthquake,8.723,93.984,"Nicobar Islands, India region",5.3,,,,earthquakes,2008.0,12.0
usp000gq0j,2008-12-06 01:35:03+00:00,Earthquake,Earthquake,8.613,93.917,"Nicobar Islands, India region",4.1,,,,earthquakes,2008.0,12.0
usp000gq6w,2008-12-08 17:08:40.610000+00:00,Earthquake,Earthquake,6.633,68.636,North Indian Ocean,4.4,,,,earthquakes,2008.0,12.0
usp000gq74,2008-12-08 20:14:35.460000+00:00,Earthquake,Earthquake,8.501,93.074,"Nicobar Islands, India region",4.3,,,,earthquakes,2008.0,12.0
usp000gqa1,2008-12-09 21:00:52.430000+00:00,Earthquake,Earthquake,7.665,92.217,"Nicobar Islands, India region",5.1,,,,earthquakes,2008.0,12.0
usp000gqku,2008-12-14 16:54:48.910000+00:00,Earthquake,Earthquake,24.899,94.656,"66 km ENE of Yairipok, India",4.0,,,,earthquakes,2008.0,12.0
usp000gqmp,2008-12-15 05:06:15.240000+00:00,Earthquake,Earthquake,36.398,76.959,"163 km N of Thang, India",4.2,,,,earthquakes,2008.0,12.0
usp000gr89,2008-12-23 08:34:59.160000+00:00,Earthquake,Earthquake,7.919,91.907,"Nicobar Islands, India region",4.2,,,,earthquakes,2008.0,12.0
usp000gr9a,2008-12-23 16:02:22.370000+00:00,Earthquake,Earthquake,24.612,94.729,"67 km E of W?ngjing, India",4.4,,,,earthquakes,2008.0,12.0
usp000grdq,2008-12-25 00:26:36.210000+00:00,Earthquake,Earthquake,27.235,88.631,"10 km S of Gangtok, India",4.8,,,,earthquakes,2008.0,12.0
usp000grvc,2008-12-30 17:00:01.260000+00:00,Earthquake,Earthquake,8.366,93.947,"Nicobar Islands, India region",4.4,,,,earthquakes,2008.0,12.0
usp000grzs,2009-01-02 01:56:46.200000+00:00,Earthquake,Earthquake,6.805,92.217,"Nicobar Islands, India region",4.1,,,,earthquakes,2009.0,1.0
usp000gs4n,2009-01-04 05:20:06.550000+00:00,Earthquake,Earthquake,21.585,75.332,"26 km ESE of Sendhwa, India",4.1,,,,earthquakes,2009.0,1.0
usp000gs5u,2009-01-04 13:22:15.580000+00:00,Earthquake,Earthquake,10.251,93.937,"203 km SE of Port Blair, India",4.9,,,,earthquakes,2009.0,1.0
usp000gs72,2009-01-05 07:04:10.330000+00:00,Earthquake,Earthquake,23.011,88.706,"10 km NE of Nagarukhra, India",4.2,,,,earthquakes,2009.0,1.0
usp000gsat,2009-01-07 10:27:06.710000+00:00,Earthquake,Earthquake,27.692,92.756,"57 km NE of Bomdila, India",4.7,,,,earthquakes,2009.0,1.0
usp000gsbv,2009-01-08 08:13:55.950000+00:00,Earthquake,Earthquake,7.73,91.935,"Nicobar Islands, India region",4.5,,,,earthquakes,2009.0,1.0
usp000gsc7,2009-01-08 15:49:29.940000+00:00,Earthquake,Earthquake,7.976,92.163,"Nicobar Islands, India region",4.3,,,,earthquakes,2009.0,1.0
usp000gsdg,2009-01-09 12:40:20.960000+00:00,Earthquake,Earthquake,31.807,78.343,"61 km ENE of Sar?han, India",4.2,,,,earthquakes,2009.0,1.0
usp000gt79,2009-01-28 20:29:56.860000+00:00,Earthquake,Earthquake,13.727,92.819,"224 km N of Bamboo Flat, India",5.1,,,,earthquakes,2009.0,1.0
usp000gt7x,2009-01-29 08:34:21.300000+00:00,Earthquake,Earthquake,8.718,93.703,"Nicobar Islands, India region",4.2,,,,earthquakes,2009.0,1.0
usp000gt7z,2009-01-29 10:23:23.920000+00:00,Earthquake,Earthquake,11.712,95.006,"246 km E of Port Blair, India",4.4,,,,earthquakes,2009.0,1.0
usp000gt9w,2009-01-31 04:27:35.840000+00:00,Earthquake,Earthquake,11.803,94.962,"241 km E of Port Blair, India",5.1,,,,earthquakes,2009.0,1.0
usp000gtdp,2009-02-03 04:30:34.190000+00:00,Earthquake,Earthquake,8.475,93.339,"Nicobar Islands, India region",4.4,,,,earthquakes,2009.0,2.0
usp000gtgx,2009-02-06 20:01:54.060000+00:00,Earthquake,Earthquake,10.051,93.747,"209 km SSE of Port Blair, India",4.4,,,,earthquakes,2009.0,2.0
usp000gu46,2009-02-17 21:38:10+00:00,Earthquake,Earthquake,10.91,91.769,"135 km SW of Bamboo Flat, India",4.2,,,,earthquakes,2009.0,2.0
usp000gu73,2009-02-20 03:48:48.520000+00:00,Earthquake,Earthquake,34.203,73.9,"19 km NW of Uri, India",5.5,,,,earthquakes,2009.0,2.0
usp000guc8,2009-02-24 17:46:16.120000+00:00,Earthquake,Earthquake,25.836,94.67,"21 km SE of Zunheboto, India",4.8,,,,earthquakes,2009.0,2.0
usp000guda,2009-02-25 23:51:35.040000+00:00,Earthquake,Earthquake,23.291,92.82,"2 km W of Serchh?p, India",4.5,,,,earthquakes,2009.0,2.0
usp000gudu,2009-02-26 15:32:30.910000+00:00,Earthquake,Earthquake,13.176,92.291,"169 km NNW of Bamboo Flat, India",4.4,,,,earthquakes,2009.0,2.0
usp000guef,2009-02-27 10:42:38.010000+00:00,Earthquake,Earthquake,20.473,89.107,"174 km SSE of Kultali, India",4.8,,,,earthquakes,2009.0,2.0
usp000gujq,2009-03-03 01:27:41.800000+00:00,Earthquake,Earthquake,24.823,95.179,"115 km E of Yairipok, India",4.7,,,,earthquakes,2009.0,3.0
usp000guv0,2009-03-11 12:58:43.260000+00:00,Earthquake,Earthquake,10.67,91.688,"159 km SW of Port Blair, India",5.1,,,,earthquakes,2009.0,3.0
usp000guv2,2009-03-11 14:31:52.520000+00:00,Earthquake,Earthquake,11.178,92.526,"59 km SSW of Port Blair, India",4.5,,,,earthquakes,2009.0,3.0
usp000guxn,2009-03-12 16:34:44.270000+00:00,Earthquake,Earthquake,10.963,91.781,"131 km SW of Bamboo Flat, India",4.2,,,,earthquakes,2009.0,3.0
usp000gv1u,2009-03-16 18:40:55.570000+00:00,Earthquake,Earthquake,36.12,77.091,"135 km NNE of Thang, India",4.6,,,,earthquakes,2009.0,3.0
usp000gv28,2009-03-17 01:03:10.280000+00:00,Earthquake,Earthquake,9.822,91.839,"226 km SSW of Port Blair, India",4.8,,,,earthquakes,2009.0,3.0
usp000gv2m,2009-03-17 05:46:14.230000+00:00,Earthquake,Earthquake,6.427,92.355,"Nicobar Islands, India region",4.5,,,,earthquakes,2009.0,3.0
usp000gvbm,2009-03-23 13:44:44.640000+00:00,Earthquake,Earthquake,10.878,91.836,"132 km SW of Port Blair, India",4.5,,,,earthquakes,2009.0,3.0
usp000gveb,2009-03-26 04:44:11.650000+00:00,Earthquake,Earthquake,22.399,85.903,"19 km SSE of Ch??b?sa, India",4.1,,,,earthquakes,2009.0,3.0
usp000gvy3,2009-04-09 01:46:58.260000+00:00,Earthquake,Earthquake,27.143,70.749,"29 km NNW of Jaisalmer, India",5.1,,,,earthquakes,2009.0,4.0
usp000gw5e,2009-04-15 03:17:58.950000+00:00,Earthquake,Earthquake,6.796,82.616,"109 km SE of Kalmunai, Sri Lanka",4.5,,,,earthquakes,2009.0,4.0
usp000gwa2,2009-04-17 21:14:25.470000+00:00,Earthquake,Earthquake,25.324,95.098,"71 km ESE of Phek, India",4.6,,,,earthquakes,2009.0,4.0
usp000gwck,2009-04-19 18:07:10.190000+00:00,Earthquake,Earthquake,12.499,95.134,"275 km ENE of Port Blair, India",4.7,,,,earthquakes,2009.0,4.0
usp000gwhg,2009-04-24 03:58:35.840000+00:00,Earthquake,Earthquake,11.865,95.011,"247 km E of Port Blair, India",4.5,,,,earthquakes,2009.0,4.0
usp000gwjv,2009-04-25 14:29:28.110000+00:00,Earthquake,Earthquake,26.112,91.446,"9 km W of Pal?sb?ri, India",4.4,,,,earthquakes,2009.0,4.0
usp000gwye,2009-05-09 02:51:17.340000+00:00,Earthquake,Earthquake,11.737,92.013,"76 km W of Bamboo Flat, India",4.8,,,,earthquakes,2009.0,5.0
usp000gx51,2009-05-15 15:06:32.850000+00:00,Earthquake,Earthquake,24.577,94.555,"49 km E of W?ngjing, India",4.7,,,,earthquakes,2009.0,5.0
usp000gxap,2009-05-19 19:29:48.900000+00:00,Earthquake,Earthquake,33.198,75.787,"12 km S of Kishtw?r, India",4.9,,,,earthquakes,2009.0,5.0
usp000gxp7,2009-05-30 01:55:10.420000+00:00,Earthquake,Earthquake,10.018,93.541,"Andaman Islands, India region",4.5,,,,earthquakes,2009.0,5.0
usp000gxu6,2009-06-03 18:42:59.810000+00:00,Earthquake,Earthquake,23.356,93.21,"8 km ESE of Khawhai, India",4.3,,,,earthquakes,2009.0,6.0
usp000gy0m,2009-06-09 05:38:23.020000+00:00,Earthquake,Earthquake,10.823,91.722,"145 km SW of Bamboo Flat, India",5.2,,,,earthquakes,2009.0,6.0
usp000gy2r,2009-06-11 03:17:19.350000+00:00,Earthquake,Earthquake,13.072,93.295,"164 km NNE of Bamboo Flat, India",4.4,,,,earthquakes,2009.0,6.0
usp000gy80,2009-06-15 12:05:26.750000+00:00,Earthquake,Earthquake,9.045,93.624,"Nicobar Islands, India region",5.2,,,,earthquakes,2009.0,6.0
usp000gyfn,2009-06-22 13:26:20.520000+00:00,Earthquake,Earthquake,25.668,93.276,"13 km SE of Lumding Railway Colony, India",4.3,,,,earthquakes,2009.0,6.0
usp000gygq,2009-06-22 22:44:24.380000+00:00,Earthquake,Earthquake,12.153,95.127,"264 km ENE of Port Blair, India",4.5,,,,earthquakes,2009.0,6.0
usp000gygu,2009-06-22 23:10:04.920000+00:00,Earthquake,Earthquake,12.14,94.996,"250 km ENE of Port Blair, India",5.2,,,,earthquakes,2009.0,6.0
usp000gygv,2009-06-22 23:16:28.490000+00:00,Earthquake,Earthquake,12.034,94.831,"230 km E of Port Blair, India",5.1,,,,earthquakes,2009.0,6.0
usp000gyn9,2009-06-26 23:48:12.370000+00:00,Earthquake,Earthquake,10.168,93.612,"190 km SSE of Port Blair, India",4.4,,,,earthquakes,2009.0,6.0
usp000gysn,2009-06-30 09:12:57.030000+00:00,Earthquake,Earthquake,10.59,92.284,"129 km SSW of Port Blair, India",4.8,,,,earthquakes,2009.0,6.0
usp000gyzc,2009-07-06 09:55:26.030000+00:00,Earthquake,Earthquake,24.286,94.176,"30 km SE of Kakching, India",4.1,,,,earthquakes,2009.0,7.0
usp000gzck,2009-07-17 11:07:52.400000+00:00,Earthquake,Earthquake,32.716,76.709,"33 km WNW of Kyelang, India",4.6,,,,earthquakes,2009.0,7.0
usp000gzn2,2009-07-26 06:45:35.980000+00:00,Earthquake,Earthquake,10.837,94.436,"206 km ESE of Port Blair, India",4.8,,,,earthquakes,2009.0,7.0
usp000gzn4,2009-07-26 06:49:22.460000+00:00,Earthquake,Earthquake,10.747,94.294,"197 km ESE of Port Blair, India",4.5,,,,earthquakes,2009.0,7.0
usp000gzn5,2009-07-26 06:54:47.160000+00:00,Earthquake,Earthquake,10.838,94.447,"207 km ESE of Port Blair, India",4.8,,,,earthquakes,2009.0,7.0
usp000gzn6,2009-07-26 06:59:30.610000+00:00,Earthquake,Earthquake,10.704,94.407,"210 km ESE of Port Blair, India",4.5,,,,earthquakes,2009.0,7.0
usp000gzn7,2009-07-26 07:12:04.070000+00:00,Earthquake,Earthquake,10.702,94.315,"201 km ESE of Port Blair, India",5.0,,,,earthquakes,2009.0,7.0
usp000gzn8,2009-07-26 07:40:13.210000+00:00,Earthquake,Earthquake,10.751,94.286,"196 km ESE of Port Blair, India",5.1,,,,earthquakes,2009.0,7.0
usp000gzn9,2009-07-26 08:11:15.880000+00:00,Earthquake,Earthquake,10.769,94.374,"203 km ESE of Port Blair, India",5.2,,,,earthquakes,2009.0,7.0
usp000gzna,2009-07-26 08:32:35.960000+00:00,Earthquake,Earthquake,10.68,94.25,"197 km ESE of Port Blair, India",4.4,,,,earthquakes,2009.0,7.0
usp000gznb,2009-07-26 08:40:55.440000+00:00,Earthquake,Earthquake,10.713,94.397,"208 km ESE of Port Blair, India",5.1,,,,earthquakes,2009.0,7.0
usp000gzne,2009-07-26 09:06:45.190000+00:00,Earthquake,Earthquake,11.279,94.65,"212 km ESE of Port Blair, India",5.0,,,,earthquakes,2009.0,7.0
usp000gznf,2009-07-26 09:15:35.310000+00:00,Earthquake,Earthquake,10.752,94.304,"197 km ESE of Port Blair, India",4.2,,,,earthquakes,2009.0,7.0
usp000gzng,2009-07-26 09:33:16.630000+00:00,Earthquake,Earthquake,10.605,94.163,"194 km SE of Port Blair, India",4.4,,,,earthquakes,2009.0,7.0
usp000gznh,2009-07-26 09:40:26.020000+00:00,Earthquake,Earthquake,10.639,94.332,"207 km ESE of Port Blair, India",5.1,,,,earthquakes,2009.0,7.0
usp000gznm,2009-07-26 10:14:15.640000+00:00,Earthquake,Earthquake,10.75,94.388,"205 km ESE of Port Blair, India",5.0,,,,earthquakes,2009.0,7.0
usp000gznn,2009-07-26 10:24:25.480000+00:00,Earthquake,Earthquake,10.701,94.286,"199 km ESE of Port Blair, India",4.4,,,,earthquakes,2009.0,7.0
usp000gznq,2009-07-26 10:29:27.890000+00:00,Earthquake,Earthquake,10.764,94.26,"193 km ESE of Port Blair, India",4.4,,,,earthquakes,2009.0,7.0
usp000gznr,2009-07-26 10:42:29+00:00,Earthquake,Earthquake,10.799,94.329,"197 km ESE of Port Blair, India",4.7,,,,earthquakes,2009.0,7.0
usp000gzns,2009-07-26 10:58:02.020000+00:00,Earthquake,Earthquake,10.67,94.317,"203 km ESE of Port Blair, India",5.1,,,,earthquakes,2009.0,7.0
usp000gznt,2009-07-26 11:18:50.890000+00:00,Earthquake,Earthquake,10.735,94.446,"212 km ESE of Port Blair, India",4.5,,,,earthquakes,2009.0,7.0
usp000gznu,2009-07-26 11:34:12.590000+00:00,Earthquake,Earthquake,10.696,94.3,"200 km ESE of Port Blair, India",4.7,,,,earthquakes,2009.0,7.0
usp000gznv,2009-07-26 11:55:44.040000+00:00,Earthquake,Earthquake,10.608,94.186,"196 km SE of Port Blair, India",5.1,,,,earthquakes,2009.0,7.0
usp000gznw,2009-07-26 12:14:26.240000+00:00,Earthquake,Earthquake,10.695,94.26,"197 km ESE of Port Blair, India",4.5,,,,earthquakes,2009.0,7.0
usp000gznx,2009-07-26 12:25:51.320000+00:00,Earthquake,Earthquake,10.657,94.213,"195 km SE of Port Blair, India",4.9,,,,earthquakes,2009.0,7.0
usp000gzny,2009-07-26 12:34:32.980000+00:00,Earthquake,Earthquake,10.705,94.337,"203 km ESE of Port Blair, India",4.8,,,,earthquakes,2009.0,7.0
usp000gzp0,2009-07-26 12:48:36.440000+00:00,Earthquake,Earthquake,10.733,94.288,"197 km ESE of Port Blair, India",5.0,,,,earthquakes,2009.0,7.0
usp000gzp2,2009-07-26 13:29:15.980000+00:00,Earthquake,Earthquake,10.691,94.308,"201 km ESE of Port Blair, India",5.1,,,,earthquakes,2009.0,7.0
usp000gzp3,2009-07-26 13:48:55.110000+00:00,Earthquake,Earthquake,10.739,94.238,"192 km ESE of Port Blair, India",4.9,,,,earthquakes,2009.0,7.0
usp000gzp5,2009-07-26 14:26:59.780000+00:00,Earthquake,Earthquake,10.54,94.57,"234 km ESE of Port Blair, India",4.6,,,,earthquakes,2009.0,7.0
usp000gzp6,2009-07-26 14:49:23.800000+00:00,Earthquake,Earthquake,10.61,94.235,"200 km SE of Port Blair, India",4.6,,,,earthquakes,2009.0,7.0
usp000gzp8,2009-07-26 14:58:14.080000+00:00,Earthquake,Earthquake,10.644,94.201,"195 km SE of Port Blair, India",5.0,,,,earthquakes,2009.0,7.0
usp000gzp9,2009-07-26 15:26:57.520000+00:00,Earthquake,Earthquake,10.764,94.294,"196 km ESE of Port Blair, India",5.0,,,,earthquakes,2009.0,7.0
usp000gzpa,2009-07-26 15:51:02.130000+00:00,Earthquake,Earthquake,10.659,94.317,"204 km ESE of Port Blair, India",5.0,,,,earthquakes,2009.0,7.0
usp000gzpc,2009-07-26 17:01:04.540000+00:00,Earthquake,Earthquake,10.608,94.319,"207 km SE of Port Blair, India",4.4,,,,earthquakes,2009.0,7.0
usp000gzpd,2009-07-26 17:11:30.200000+00:00,Earthquake,Earthquake,10.761,94.24,"191 km ESE of Port Blair, India",4.5,,,,earthquakes,2009.0,7.0
usp000gzpe,2009-07-26 17:47:54.840000+00:00,Earthquake,Earthquake,10.742,94.352,"202 km ESE of Port Blair, India",5.0,,,,earthquakes,2009.0,7.0
usp000gzpk,2009-07-26 19:45:07.040000+00:00,Earthquake,Earthquake,10.695,94.311,"201 km ESE of Port Blair, India",4.8,,,,earthquakes,2009.0,7.0
usp000gzpm,2009-07-26 21:49:21.680000+00:00,Earthquake,Earthquake,10.609,94.188,"196 km SE of Port Blair, India",5.1,,,,earthquakes,2009.0,7.0
usp000gzpp,2009-07-26 22:16:47.630000+00:00,Earthquake,Earthquake,10.65,94.22,"196 km SE of Port Blair, India",4.2,,,,earthquakes,2009.0,7.0
usp000gzpu,2009-07-27 02:09:14.450000+00:00,Earthquake,Earthquake,10.667,94.184,"192 km SE of Port Blair, India",4.9,,,,earthquakes,2009.0,7.0
usp000gzpv,2009-07-27 03:12:09.890000+00:00,Earthquake,Earthquake,10.615,94.227,"199 km SE of Port Blair, India",4.3,,,,earthquakes,2009.0,7.0
usp000gzpw,2009-07-27 03:31:51.510000+00:00,Earthquake,Earthquake,10.585,94.232,"201 km SE of Port Blair, India",4.9,,,,earthquakes,2009.0,7.0
usp000gzpy,2009-07-27 05:39:37.650000+00:00,Earthquake,Earthquake,10.692,94.268,"198 km ESE of Port Blair, India",4.5,,,,earthquakes,2009.0,7.0
usp000gzq9,2009-07-27 12:08:14.210000+00:00,Earthquake,Earthquake,10.666,94.234,"196 km SE of Port Blair, India",4.8,,,,earthquakes,2009.0,7.0
usp000gzqp,2009-07-27 19:15:22.420000+00:00,Earthquake,Earthquake,10.641,94.248,"199 km SE of Port Blair, India",4.5,,,,earthquakes,2009.0,7.0
usp000gzqu,2009-07-27 21:02:36+00:00,Earthquake,Earthquake,10.702,94.207,"191 km SE of Port Blair, India",4.2,,,,earthquakes,2009.0,7.0
usp000gzqv,2009-07-27 21:15:01.110000+00:00,Earthquake,Earthquake,10.604,94.332,"209 km SE of Port Blair, India",4.9,,,,earthquakes,2009.0,7.0
usp000gzr3,2009-07-28 05:10:57.130000+00:00,Earthquake,Earthquake,10.5,93.978,"186 km SE of Port Blair, India",4.4,,,,earthquakes,2009.0,7.0
usp000gzr4,2009-07-28 05:14:57.530000+00:00,Earthquake,Earthquake,10.591,94.122,"191 km SE of Port Blair, India",5.2,,,,earthquakes,2009.0,7.0
usp000gzr5,2009-07-28 06:04:02.750000+00:00,Earthquake,Earthquake,10.578,94.104,"Andaman Islands, India region",4.0,,,,earthquakes,2009.0,7.0
usp000gzr6,2009-07-28 06:36:16.510000+00:00,Earthquake,Earthquake,10.609,94.143,"192 km SE of Port Blair, India",4.1,,,,earthquakes,2009.0,7.0
usp000gzr7,2009-07-28 06:51:22.920000+00:00,Earthquake,Earthquake,10.565,94.091,"190 km SE of Port Blair, India",4.1,,,,earthquakes,2009.0,7.0
usp000gzrs,2009-07-28 13:09:00.030000+00:00,Earthquake,Earthquake,12.281,92.51,"Andaman Islands, India region",4.6,,,,earthquakes,2009.0,7.0
usp000gzrv,2009-07-28 19:14:09.690000+00:00,Earthquake,Earthquake,10.64,94.179,"193 km SE of Port Blair, India",5.0,,,,earthquakes,2009.0,7.0
usp000h05x,2009-08-10 19:55:38.730000+00:00,Earthquake,Earthquake,14.099,92.902,"266 km N of Bamboo Flat, India",7.5,,,,earthquakes,2009.0,8.0
usp000h05z,2009-08-10 21:19:40.120000+00:00,Earthquake,Earthquake,14.311,92.965,"290 km N of Bamboo Flat, India",4.7,,,,earthquakes,2009.0,8.0
usp000h063,2009-08-10 22:56:17.390000+00:00,Earthquake,Earthquake,14.061,93.102,"264 km N of Bamboo Flat, India",4.2,,,,earthquakes,2009.0,8.0
usp000h064,2009-08-10 23:05:29.650000+00:00,Earthquake,Earthquake,13.941,92.926,"248 km N of Bamboo Flat, India",4.1,,,,earthquakes,2009.0,8.0
usp000h065,2009-08-10 23:14:50+00:00,Earthquake,Earthquake,13.935,93.013,"249 km N of Bamboo Flat, India",4.2,,,,earthquakes,2009.0,8.0
usp000h067,2009-08-11 00:20:10.810000+00:00,Earthquake,Earthquake,13.979,92.991,"253 km N of Bamboo Flat, India",4.5,,,,earthquakes,2009.0,8.0
usp000h068,2009-08-11 01:42:51.850000+00:00,Earthquake,Earthquake,13.977,93.121,"255 km N of Bamboo Flat, India",4.2,,,,earthquakes,2009.0,8.0
usp000h069,2009-08-11 01:58:39.670000+00:00,Earthquake,Earthquake,11.566,92.334,"44 km WSW of Bamboo Flat, India",4.2,,,,earthquakes,2009.0,8.0
usp000h06c,2009-08-11 04:37:59.880000+00:00,Earthquake,Earthquake,14.284,93.132,"Andaman Islands, India region",4.4,,,,earthquakes,2009.0,8.0
usp000h06e,2009-08-11 06:10:02.190000+00:00,Earthquake,Earthquake,13.966,93.057,"253 km N of Bamboo Flat, India",4.6,,,,earthquakes,2009.0,8.0
usp000h06h,2009-08-11 06:26:02+00:00,Earthquake,Earthquake,13.893,93.045,"245 km N of Bamboo Flat, India",4.0,,,,earthquakes,2009.0,8.0
usp000h06m,2009-08-11 07:14:36.100000+00:00,Earthquake,Earthquake,14.15,93.085,"273 km N of Bamboo Flat, India",4.5,,,,earthquakes,2009.0,8.0
usp000h06n,2009-08-11 07:54:38.510000+00:00,Earthquake,Earthquake,14.353,92.982,"Andaman Islands, India region",4.9,,,,earthquakes,2009.0,8.0
usp000h06q,2009-08-11 08:32:11.960000+00:00,Earthquake,Earthquake,14.12,93.15,"271 km N of Bamboo Flat, India",4.5,,,,earthquakes,2009.0,8.0
usp000h06s,2009-08-11 08:51:29.040000+00:00,Earthquake,Earthquake,14.127,93.068,"271 km N of Bamboo Flat, India",4.6,,,,earthquakes,2009.0,8.0
usp000h06x,2009-08-11 10:18:09.240000+00:00,Earthquake,Earthquake,14.156,93.144,"275 km N of Bamboo Flat, India",4.6,,,,earthquakes,2009.0,8.0
usp000h071,2009-08-11 12:57:01.450000+00:00,Earthquake,Earthquake,14.117,93.149,"271 km N of Bamboo Flat, India",4.1,,,,earthquakes,2009.0,8.0
usp000h073,2009-08-11 15:19:05.640000+00:00,Earthquake,Earthquake,14.004,93.041,"257 km N of Bamboo Flat, India",4.5,,,,earthquakes,2009.0,8.0
usp000h07g,2009-08-11 21:43:47.590000+00:00,Earthquake,Earthquake,24.323,94.793,"79 km ESE of W?ngjing, India",5.5,,,,earthquakes,2009.0,8.0
usp000h07h,2009-08-11 21:52:49.310000+00:00,Earthquake,Earthquake,13.849,93.077,"240 km N of Bamboo Flat, India",4.3,,,,earthquakes,2009.0,8.0
usp000h07n,2009-08-11 23:13:40.590000+00:00,Earthquake,Earthquake,14.066,93.161,"266 km N of Bamboo Flat, India",4.2,,,,earthquakes,2009.0,8.0
usp000h07t,2009-08-12 00:04:11.260000+00:00,Earthquake,Earthquake,14.386,93.034,"299 km N of Bamboo Flat, India",4.1,,,,earthquakes,2009.0,8.0
usp000h07z,2009-08-12 03:02:53.230000+00:00,Earthquake,Earthquake,13.942,93.125,"251 km N of Bamboo Flat, India",4.4,,,,earthquakes,2009.0,8.0
usp000h080,2009-08-12 04:09:03.880000+00:00,Earthquake,Earthquake,13.959,93.06,"252 km N of Bamboo Flat, India",4.0,,,,earthquakes,2009.0,8.0
usp000h082,2009-08-12 04:33:25.690000+00:00,Earthquake,Earthquake,9.018,93.723,"Nicobar Islands, India region",5.1,,,,earthquakes,2009.0,8.0
usp000h086,2009-08-12 05:25:15.610000+00:00,Earthquake,Earthquake,13.7,93.84,"252 km NNE of Bamboo Flat, India",4.1,,,,earthquakes,2009.0,8.0
usp000h091,2009-08-12 22:12:18.780000+00:00,Earthquake,Earthquake,13.972,92.926,"252 km N of Bamboo Flat, India",4.1,,,,earthquakes,2009.0,8.0
usp000h098,2009-08-13 00:54:48.360000+00:00,Earthquake,Earthquake,14.144,93.102,"273 km N of Bamboo Flat, India",4.7,,,,earthquakes,2009.0,8.0
usp000h09t,2009-08-13 09:21:35.750000+00:00,Earthquake,Earthquake,14.052,92.821,"260 km N of Bamboo Flat, India",5.9,,,,earthquakes,2009.0,8.0
usp000h0a1,2009-08-13 14:43:39.140000+00:00,Earthquake,Earthquake,14.304,93.14,"291 km N of Bamboo Flat, India",4.8,,,,earthquakes,2009.0,8.0
usp000h0aq,2009-08-13 19:30:00.600000+00:00,Earthquake,Earthquake,14.1,93.216,"270 km NNE of Bamboo Flat, India",4.0,,,,earthquakes,2009.0,8.0
usp000h0at,2009-08-13 20:49:30.820000+00:00,Earthquake,Earthquake,13.945,93.05,"250 km N of Bamboo Flat, India",4.7,,,,earthquakes,2009.0,8.0
usp000h0ba,2009-08-14 03:53:32.230000+00:00,Earthquake,Earthquake,13.907,92.912,"245 km N of Bamboo Flat, India",4.5,,,,earthquakes,2009.0,8.0
usp000h0c0,2009-08-14 10:52:56.620000+00:00,Earthquake,Earthquake,13.865,92.837,"239 km N of Bamboo Flat, India",4.3,,,,earthquakes,2009.0,8.0
usp000h0cf,2009-08-14 19:39:49.900000+00:00,Earthquake,Earthquake,13.961,93.023,"252 km N of Bamboo Flat, India",5.0,,,,earthquakes,2009.0,8.0
usp000h0d4,2009-08-15 05:07:55.750000+00:00,Earthquake,Earthquake,14.304,93.055,"290 km N of Bamboo Flat, India",4.3,,,,earthquakes,2009.0,8.0
usp000h0gh,2009-08-16 22:50:14.060000+00:00,Earthquake,Earthquake,13.93,93.085,"249 km N of Bamboo Flat, India",4.1,,,,earthquakes,2009.0,8.0
usp000h0j2,2009-08-17 21:27:57.330000+00:00,Earthquake,Earthquake,13.931,92.945,"248 km N of Bamboo Flat, India",4.0,,,,earthquakes,2009.0,8.0
usp000h0jz,2009-08-18 05:37:56.340000+00:00,Earthquake,Earthquake,14.061,92.809,"261 km N of Bamboo Flat, India",4.8,,,,earthquakes,2009.0,8.0
usp000h0m6,2009-08-18 21:04:40.290000+00:00,Earthquake,Earthquake,14.112,92.826,"267 km N of Bamboo Flat, India",4.2,,,,earthquakes,2009.0,8.0
usp000h0n0,2009-08-19 10:45:13.870000+00:00,Earthquake,Earthquake,26.556,92.47,"9 km N of Dhing, India",5.0,,,,earthquakes,2009.0,8.0
usp000h0q9,2009-08-21 12:46:06.040000+00:00,Earthquake,Earthquake,14.206,93.085,"280 km N of Bamboo Flat, India",4.4,,,,earthquakes,2009.0,8.0
usp000h0qb,2009-08-21 14:26:02.050000+00:00,Earthquake,Earthquake,14.04,92.989,"260 km N of Bamboo Flat, India",4.9,,,,earthquakes,2009.0,8.0
usp000h0uv,2009-08-25 07:51:19.890000+00:00,Earthquake,Earthquake,14.092,93.115,"268 km N of Bamboo Flat, India",4.2,,,,earthquakes,2009.0,8.0
usp000h0uw,2009-08-25 08:31:45.860000+00:00,Earthquake,Earthquake,14.077,93.163,"267 km N of Bamboo Flat, India",4.4,,,,earthquakes,2009.0,8.0
usp000h0vn,2009-08-26 02:57:50.220000+00:00,Earthquake,Earthquake,14.088,93.113,"267 km N of Bamboo Flat, India",4.8,,,,earthquakes,2009.0,8.0
usp000h0y5,2009-08-27 22:39:06.080000+00:00,Earthquake,Earthquake,14.34,93.021,"293 km N of Bamboo Flat, India",4.7,,,,earthquakes,2009.0,8.0
usp000h11p,2009-08-30 09:34:13.180000+00:00,Earthquake,Earthquake,14.208,93.075,"280 km N of Bamboo Flat, India",4.7,,,,earthquakes,2009.0,8.0
usp000h12d,2009-08-30 19:27:48.840000+00:00,Earthquake,Earthquake,25.28,95.101,"74 km SE of Phek, India",5.3,,,,earthquakes,2009.0,8.0
usp000h136,2009-08-31 10:41:31.590000+00:00,Earthquake,Earthquake,14.05,92.822,"260 km N of Bamboo Flat, India",4.8,,,,earthquakes,2009.0,8.0
usp000h15m,2009-09-02 17:21:55.570000+00:00,Earthquake,Earthquake,11.027,93.603,"117 km SE of Port Blair, India",4.8,,,,earthquakes,2009.0,9.0
usp000h15z,2009-09-03 00:49:43.520000+00:00,Earthquake,Earthquake,14.052,92.895,"260 km N of Bamboo Flat, India",4.1,,,,earthquakes,2009.0,9.0
usp000h16n,2009-09-03 19:51:06.960000+00:00,Earthquake,Earthquake,24.332,94.669,"67 km ESE of W?ngjing, India",5.9,,,,earthquakes,2009.0,9.0
usp000h177,2009-09-04 06:13:32.650000+00:00,Earthquake,Earthquake,13.78,92.867,"230 km N of Bamboo Flat, India",4.4,,,,earthquakes,2009.0,9.0
usp000h17b,2009-09-04 06:57:52.350000+00:00,Earthquake,Earthquake,13.942,93.119,"251 km N of Bamboo Flat, India",4.3,,,,earthquakes,2009.0,9.0
usp000h18d,2009-09-05 06:40:03.570000+00:00,Earthquake,Earthquake,23.123,70.249,"10 km NNE of K?ndla, India",4.0,,,,earthquakes,2009.0,9.0
usp000h18h,2009-09-05 08:18:49.770000+00:00,Earthquake,Earthquake,13.925,93.145,"250 km N of Bamboo Flat, India",4.3,,,,earthquakes,2009.0,9.0
usp000h18w,2009-09-06 01:14:39.910000+00:00,Earthquake,Earthquake,13.987,92.923,"253 km N of Bamboo Flat, India",4.6,,,,earthquakes,2009.0,9.0
usp000h1b8,2009-09-08 09:59:15.650000+00:00,Earthquake,Earthquake,14.037,93.161,"263 km N of Bamboo Flat, India",4.1,,,,earthquakes,2009.0,9.0
usp000h1by,2009-09-09 00:07:16.720000+00:00,Earthquake,Earthquake,10.261,93.82,"194 km SE of Port Blair, India",4.7,,,,earthquakes,2009.0,9.0
usp000h1f7,2009-09-12 04:43:29.490000+00:00,Earthquake,Earthquake,8.572,93.901,"Nicobar Islands, India region",4.6,,,,earthquakes,2009.0,9.0
usp000h1nj,2009-09-19 06:33:46.760000+00:00,Earthquake,Earthquake,13.846,92.634,"237 km N of Bamboo Flat, India",4.3,,,,earthquakes,2009.0,9.0
usp000h1r8,2009-09-21 09:43:50.990000+00:00,Earthquake,Earthquake,30.879,79.057,"Uttaranchal, India",5.0,,,,earthquakes,2009.0,9.0
usp000h28u,2009-10-02 18:29:05.580000+00:00,Earthquake,Earthquake,13.976,92.867,"252 km N of Bamboo Flat, India",4.6,,,,earthquakes,2009.0,10.0
usp000h29z,2009-10-03 05:20:58.720000+00:00,Earthquake,Earthquake,29.996,79.849,"19 km NNE of B?geshwar, India",4.8,,,,earthquakes,2009.0,10.0
usp000h2df,2009-10-05 09:46:59.360000+00:00,Earthquake,Earthquake,10.696,91.566,"167 km SW of Bamboo Flat, India",4.5,,,,earthquakes,2009.0,10.0
usp000h2ym,2009-10-14 23:04:54.920000+00:00,Earthquake,Earthquake,10.885,92.139,"108 km SW of Port Blair, India",4.0,,,,earthquakes,2009.0,10.0
usp000h2zm,2009-10-15 05:17:34.210000+00:00,Earthquake,Earthquake,10.7,91.73,"154 km SW of Port Blair, India",4.5,,,,earthquakes,2009.0,10.0
usp000h36s,2009-10-20 09:28:45.820000+00:00,Earthquake,Earthquake,12.047,94.943,"243 km E of Port Blair, India",4.9,,,,earthquakes,2009.0,10.0
usp000h3g0,2009-10-27 18:10:16.390000+00:00,Earthquake,Earthquake,14.06,93.225,"266 km NNE of Bamboo Flat, India",4.6,,,,earthquakes,2009.0,10.0
usp000h3gw,2009-10-28 13:40:10.480000+00:00,Earthquake,Earthquake,23.65,69.843,"47 km NNE of Bhuj, India",4.4,,,,earthquakes,2009.0,10.0
usp000h3j9,2009-10-29 19:57:01.280000+00:00,Earthquake,Earthquake,26.548,90.018,"13 km NNE of Goshaingaon, India",4.8,,,,earthquakes,2009.0,10.0
usp000h3ja,2009-10-29 21:05:19.980000+00:00,Earthquake,Earthquake,8.151,91.759,"Nicobar Islands, India region",5.0,,,,earthquakes,2009.0,10.0
usp000h3pb,2009-11-02 21:35:44.360000+00:00,Earthquake,Earthquake,14.032,92.968,"259 km N of Bamboo Flat, India",5.4,,,,earthquakes,2009.0,11.0
usp000h3sw,2009-11-06 02:26:12.360000+00:00,Earthquake,Earthquake,13.116,92.486,"158 km N of Bamboo Flat, India",4.4,,,,earthquakes,2009.0,11.0
usp000h3tk,2009-11-06 19:50:13.610000+00:00,Earthquake,Earthquake,13.994,92.966,"255 km N of Bamboo Flat, India",4.6,,,,earthquakes,2009.0,11.0
usp000h3xe,2009-11-10 02:48:46.790000+00:00,Earthquake,Earthquake,8.082,91.899,"Nicobar Islands, India region",6.0,,,,earthquakes,2009.0,11.0
usp000h3yh,2009-11-11 05:09:59.670000+00:00,Earthquake,Earthquake,10.282,93.803,"191 km SE of Port Blair, India",4.5,,,,earthquakes,2009.0,11.0
usp000h41s,2009-11-14 13:03:34.710000+00:00,Earthquake,Earthquake,17.089,73.828,"21 km NNW of Malk?pur, India",4.8,,,,earthquakes,2009.0,11.0
usp000h41t,2009-11-14 13:34:34.490000+00:00,Earthquake,Earthquake,17.056,73.747,"25 km NW of Malk?pur, India",4.3,,,,earthquakes,2009.0,11.0
usp000h44w,2009-11-17 17:39:40.380000+00:00,Earthquake,Earthquake,27.647,92.823,"Arunachal Pradesh, India",4.7,,,,earthquakes,2009.0,11.0
usp000h4bf,2009-11-23 06:39:44.370000+00:00,Earthquake,Earthquake,13.909,92.955,"245 km N of Bamboo Flat, India",4.1,,,,earthquakes,2009.0,11.0
usp000h4ed,2009-11-26 06:13:02.720000+00:00,Earthquake,Earthquake,13.627,92.784,"213 km N of Bamboo Flat, India",5.1,,,,earthquakes,2009.0,11.0
usp000h4mx,2009-12-01 11:40:45.670000+00:00,Earthquake,Earthquake,13.622,92.793,"212 km N of Bamboo Flat, India",5.3,,,,earthquakes,2009.0,12.0
usp000h4sz,2009-12-06 04:33:16.880000+00:00,Earthquake,Earthquake,35.778,77.352,"107 km NNE of Thang, India",5.2,,,,earthquakes,2009.0,12.0
usp000h4uz,2009-12-07 22:16:34.310000+00:00,Earthquake,Earthquake,14.107,93.182,"271 km N of Bamboo Flat, India",4.1,,,,earthquakes,2009.0,12.0
usp000h4zh,2009-12-12 11:51:25.780000+00:00,Earthquake,Earthquake,17.134,73.773,"29 km NW of Malk?pur, India",4.8,,,,earthquakes,2009.0,12.0
usp000h4zp,2009-12-12 16:25:41.770000+00:00,Earthquake,Earthquake,17.11,73.69,"26 km SE of M?khjan, India",4.4,,,,earthquakes,2009.0,12.0
usp000h4zx,2009-12-12 21:55:02.120000+00:00,Earthquake,Earthquake,17.123,73.45,"17 km SSW of M?khjan, India",4.3,,,,earthquakes,2009.0,12.0
usp000h534,2009-12-16 05:29:11.110000+00:00,Earthquake,Earthquake,13.909,92.942,"245 km N of Bamboo Flat, India",4.3,,,,earthquakes,2009.0,12.0
usp000h59s,2009-12-23 15:23:06.410000+00:00,Earthquake,Earthquake,7.3,92.502,"Nicobar Islands, India region",4.5,,,,earthquakes,2009.0,12.0
usp000h5c9,2009-12-26 00:23:38.570000+00:00,Earthquake,Earthquake,14.001,92.862,"Andaman Islands, India region",5.0,,,,earthquakes,2009.0,12.0
usp000h5f4,2009-12-29 09:01:55.310000+00:00,Earthquake,Earthquake,24.357,94.807,"79 km ESE of W?ngjing, India",5.6,,,,earthquakes,2009.0,12.0
usp000h5y6,2010-01-11 03:38:43.300000+00:00,Earthquake,Earthquake,14.243,93.505,"294 km NNE of Bamboo Flat, India",4.0,,,,earthquakes,2010.0,1.0
usp000h5zu,2010-01-12 09:25:30.550000+00:00,Earthquake,Earthquake,17.2,73.73,"22 km S of Koynanagar, India",4.2,,,,earthquakes,2010.0,1.0
usp000h66k,2010-01-16 06:31:29.530000+00:00,Earthquake,Earthquake,14.161,93.145,"276 km N of Bamboo Flat, India",4.9,,,,earthquakes,2010.0,1.0
usp000h6ve,2010-02-02 05:54:56.350000+00:00,Earthquake,Earthquake,10.768,92.07,"123 km SW of Port Blair, India",4.7,,,,earthquakes,2010.0,2.0
usp000h75c,2010-02-10 18:02:36.540000+00:00,Earthquake,Earthquake,14.043,92.959,"260 km N of Bamboo Flat, India",4.5,,,,earthquakes,2010.0,2.0
usp000h780,2010-02-13 00:31:28.480000+00:00,Earthquake,Earthquake,8.588,92.07,"Nicobar Islands, India region",4.6,,,,earthquakes,2010.0,2.0
usp000h7bs,2010-02-16 04:14:23.190000+00:00,Earthquake,Earthquake,13.932,93.037,"249 km N of Bamboo Flat, India",4.6,,,,earthquakes,2010.0,2.0
usp000h7bx,2010-02-16 07:07:49.400000+00:00,Earthquake,Earthquake,13.823,92.846,"235 km N of Bamboo Flat, India",4.7,,,,earthquakes,2010.0,2.0
usp000h7ce,2010-02-16 20:58:01.490000+00:00,Earthquake,Earthquake,27.605,92.747,"49 km NE of Bomdila, India",4.2,,,,earthquakes,2010.0,2.0
usp000h7er,2010-02-19 02:15:29.850000+00:00,Earthquake,Earthquake,12.957,93.656,"172 km NE of Bamboo Flat, India",4.8,,,,earthquakes,2010.0,2.0
usp000h7jy,2010-02-22 17:23:45.140000+00:00,Earthquake,Earthquake,30.069,80.034,"36 km NE of B?geshwar, India",4.6,,,,earthquakes,2010.0,2.0
usp000h7kn,2010-02-23 06:55:45.560000+00:00,Earthquake,Earthquake,25.818,93.282,"Assam-Nagaland-Manipur region, India",4.7,,,,earthquakes,2010.0,2.0
usp000h7n5,2010-02-24 14:43:31.880000+00:00,Earthquake,Earthquake,26.062,93.156,"30 km ENE of Hoj?i, India",4.0,,,,earthquakes,2010.0,2.0
usp000h7nr,2010-02-25 03:51:49.040000+00:00,Earthquake,Earthquake,14.199,93.162,"280 km N of Bamboo Flat, India",4.9,,,,earthquakes,2010.0,2.0
usp000h8ev,2010-03-01 21:15:14.430000+00:00,Earthquake,Earthquake,14.086,93.046,"266 km N of Bamboo Flat, India",4.7,,,,earthquakes,2010.0,3.0
usp000h8ng,2010-03-04 01:24:11.690000+00:00,Earthquake,Earthquake,7.186,92.585,"Nicobar Islands, India region",4.1,,,,earthquakes,2010.0,3.0
usp000h9aw,2010-03-13 16:45:07+00:00,Earthquake,Earthquake,34.292,75.71,"47 km NE of Pahlg?m, India",4.7,,,,earthquakes,2010.0,3.0
usp000h9bv,2010-03-14 02:43:26.370000+00:00,Earthquake,Earthquake,8.756,92.296,"Nicobar Islands, India region",4.7,,,,earthquakes,2010.0,3.0
usp000h9c9,2010-03-14 06:53:21.790000+00:00,Earthquake,Earthquake,31.677,76.105,"4 km ENE of Gagret, India",4.5,,,,earthquakes,2010.0,3.0
usp000h9rw,2010-03-20 20:15:05.810000+00:00,Earthquake,Earthquake,13.905,92.944,"245 km N of Bamboo Flat, India",4.5,,,,earthquakes,2010.0,3.0
usp000h9sm,2010-03-21 07:49:41.830000+00:00,Earthquake,Earthquake,24.827,95.377,"128 km SE of Phek, India",4.4,,,,earthquakes,2010.0,3.0
usp000h9w9,2010-03-23 09:59:56.620000+00:00,Earthquake,Earthquake,33.78,75.151,"4 km ESE of Bijbehara, India",4.2,,,,earthquakes,2010.0,3.0
usp000h9xe,2010-03-24 06:13:51.510000+00:00,Earthquake,Earthquake,7.649,92.127,"Nicobar Islands, India region",4.3,,,,earthquakes,2010.0,3.0
usp000ha1d,2010-03-27 17:19:59.950000+00:00,Earthquake,Earthquake,13.556,92.914,"206 km N of Bamboo Flat, India",4.1,,,,earthquakes,2010.0,3.0
usp000ha59,2010-03-30 16:54:46.730000+00:00,Earthquake,Earthquake,13.667,92.831,"217 km N of Bamboo Flat, India",6.6,,,,earthquakes,2010.0,3.0
usp000ha5a,2010-03-30 17:14:44.820000+00:00,Earthquake,Earthquake,13.555,92.741,"205 km N of Bamboo Flat, India",4.4,,,,earthquakes,2010.0,3.0
usp000ha5f,2010-03-30 20:33:35.930000+00:00,Earthquake,Earthquake,13.653,92.739,"216 km N of Bamboo Flat, India",4.4,,,,earthquakes,2010.0,3.0
usp000ha61,2010-03-31 07:21:14.560000+00:00,Earthquake,Earthquake,13.608,92.627,"211 km N of Bamboo Flat, India",4.0,,,,earthquakes,2010.0,3.0
usp000ha6m,2010-04-01 07:19:59.850000+00:00,Earthquake,Earthquake,13.613,92.915,"212 km N of Bamboo Flat, India",4.9,,,,earthquakes,2010.0,4.0
usp000haar,2010-04-04 02:40:58.600000+00:00,Earthquake,Earthquake,10.855,92.134,"111 km SW of Port Blair, India",4.0,,,,earthquakes,2010.0,4.0
usp000hb2d,2010-04-09 17:59:42.690000+00:00,Earthquake,Earthquake,14.523,92.998,"Andaman Islands, India region",4.8,,,,earthquakes,2010.0,4.0
usp000hb2e,2010-04-09 18:02:23.120000+00:00,Earthquake,Earthquake,14.405,93.114,"Andaman Islands, India region",4.8,,,,earthquakes,2010.0,4.0
usp000hbb9,2010-04-13 20:14:56.830000+00:00,Earthquake,Earthquake,7.805,91.843,"Nicobar Islands, India region",5.2,,,,earthquakes,2010.0,4.0
usp000hbns,2010-04-19 13:54:06.430000+00:00,Earthquake,Earthquake,10.967,93.644,"124 km SE of Port Blair, India",4.8,,,,earthquakes,2010.0,4.0
usp000hbsz,2010-04-23 00:02:33.690000+00:00,Earthquake,Earthquake,35.99,76.923,"118 km N of Thang, India",4.6,,,,earthquakes,2010.0,4.0
usp000hbv7,2010-04-24 22:50:26.970000+00:00,Earthquake,Earthquake,13.676,92.843,"219 km N of Bamboo Flat, India",4.2,,,,earthquakes,2010.0,4.0
usp000hc65,2010-05-01 21:18:56.580000+00:00,Earthquake,Earthquake,13.624,92.777,"212 km N of Bamboo Flat, India",5.0,,,,earthquakes,2010.0,5.0
usp000hc68,2010-05-01 22:36:29.370000+00:00,Earthquake,Earthquake,30.099,80.026,"37 km NE of B?geshwar, India",4.5,,,,earthquakes,2010.0,5.0
usp000hc6d,2010-05-02 01:31:48.130000+00:00,Earthquake,Earthquake,10.961,94.817,"239 km ESE of Port Blair, India",4.2,,,,earthquakes,2010.0,5.0
usp000hc6w,2010-05-02 05:53:43.140000+00:00,Earthquake,Earthquake,13.633,92.75,"213 km N of Bamboo Flat, India",4.5,,,,earthquakes,2010.0,5.0
usp000hc83,2010-05-02 21:23:25.880000+00:00,Earthquake,Earthquake,7.22,92.332,"Nicobar Islands, India region",4.6,,,,earthquakes,2010.0,5.0
usp000hc9a,2010-05-03 17:15:08+00:00,Earthquake,Earthquake,30.27,78.314,"12 km NNE of Narendranagar, India",4.0,,,,earthquakes,2010.0,5.0
usp000hcbh,2010-05-05 09:31:10.520000+00:00,Earthquake,Earthquake,14.362,93.054,"296 km N of Bamboo Flat, India",4.4,,,,earthquakes,2010.0,5.0
usp000hceg,2010-05-07 09:23:52.830000+00:00,Earthquake,Earthquake,13.695,92.84,"221 km N of Bamboo Flat, India",4.9,,,,earthquakes,2010.0,5.0
usp000hcf1,2010-05-07 17:58:36.760000+00:00,Earthquake,Earthquake,9.396,93.073,"253 km S of Port Blair, India",4.8,,,,earthquakes,2010.0,5.0
usp000hcpd,2010-05-13 00:19:29.090000+00:00,Earthquake,Earthquake,14.29,93.131,"290 km N of Bamboo Flat, India",4.2,,,,earthquakes,2010.0,5.0
usp000hcrb,2010-05-14 11:31:30.100000+00:00,Earthquake,Earthquake,14.009,92.851,"255 km N of Bamboo Flat, India",4.3,,,,earthquakes,2010.0,5.0
usp000hcrp,2010-05-14 16:59:17.750000+00:00,Earthquake,Earthquake,14.012,92.959,"257 km N of Bamboo Flat, India",4.4,,,,earthquakes,2010.0,5.0
usp000hctw,2010-05-16 08:55:46.290000+00:00,Earthquake,Earthquake,14.423,93.18,"Andaman Islands, India region",5.3,,,,earthquakes,2010.0,5.0
usp000hcv7,2010-05-17 09:19:13.720000+00:00,Earthquake,Earthquake,13.931,93.04,"249 km N of Bamboo Flat, India",4.1,,,,earthquakes,2010.0,5.0
usp000hcwg,2010-05-18 09:32:23.950000+00:00,Earthquake,Earthquake,12.559,95.107,"275 km ENE of Port Blair, India",4.0,,,,earthquakes,2010.0,5.0
usp000hd22,2010-05-22 17:40:31.120000+00:00,Earthquake,Earthquake,14.06,92.755,"261 km N of Bamboo Flat, India",4.3,,,,earthquakes,2010.0,5.0
usp000hd52,2010-05-25 00:52:01.360000+00:00,Earthquake,Earthquake,11.219,92.178,"79 km SW of Bamboo Flat, India",4.6,,,,earthquakes,2010.0,5.0
usp000hd9n,2010-05-28 07:25:02.580000+00:00,Earthquake,Earthquake,31.135,77.839,"10 km SE of Rohru, India",5.0,,,,earthquakes,2010.0,5.0
usp000hde8,2010-05-31 19:51:45.870000+00:00,Earthquake,Earthquake,11.132,93.471,"98 km SE of Port Blair, India",6.5,,,,earthquakes,2010.0,5.0
usp000hdg6,2010-06-02 08:05:22.880000+00:00,Earthquake,Earthquake,31.406,80.251,"114 km NE of Josh?math, India",4.0,,,,earthquakes,2010.0,6.0
usp000hdk2,2010-06-04 11:58:10.100000+00:00,Earthquake,Earthquake,33.243,76.297,"49 km E of Kishtw?r, India",4.5,,,,earthquakes,2010.0,6.0
usp000hdwb,2010-06-12 19:26:50.460000+00:00,Earthquake,Earthquake,7.881,91.936,"Nicobar Islands, India region",7.5,,,,earthquakes,2010.0,6.0
usp000hdwc,2010-06-12 20:03:41.570000+00:00,Earthquake,Earthquake,7.597,91.811,"Nicobar Islands, India region",4.4,,,,earthquakes,2010.0,6.0
usp000hdwd,2010-06-12 20:12:25.430000+00:00,Earthquake,Earthquake,7.769,92.057,"Nicobar Islands, India region",4.7,,,,earthquakes,2010.0,6.0
usp000hdwe,2010-06-12 20:22:00.280000+00:00,Earthquake,Earthquake,24.55,94.81,"75 km E of W?ngjing, India",4.4,,,,earthquakes,2010.0,6.0
usp000hdwh,2010-06-12 22:28:29.830000+00:00,Earthquake,Earthquake,7.716,92.038,"Nicobar Islands, India region",4.3,,,,earthquakes,2010.0,6.0
usp000hdwm,2010-06-12 22:44:42.140000+00:00,Earthquake,Earthquake,7.674,91.967,"Nicobar Islands, India region",5.2,,,,earthquakes,2010.0,6.0
usp000hdwn,2010-06-12 22:57:59.360000+00:00,Earthquake,Earthquake,8.035,92.211,"Nicobar Islands, India region",4.9,,,,earthquakes,2010.0,6.0
usp000hdww,2010-06-13 02:50:33.020000+00:00,Earthquake,Earthquake,7.629,91.9,"Nicobar Islands, India region",4.9,,,,earthquakes,2010.0,6.0
usp000hdx5,2010-06-13 04:01:07.680000+00:00,Earthquake,Earthquake,7.86,92.09,"Nicobar Islands, India region",5.0,,,,earthquakes,2010.0,6.0
usp000hdx7,2010-06-13 04:15:14.560000+00:00,Earthquake,Earthquake,7.426,91.895,"Nicobar Islands, India region",4.5,,,,earthquakes,2010.0,6.0
usp000hdxb,2010-06-13 06:26:04.790000+00:00,Earthquake,Earthquake,7.779,91.992,"Nicobar Islands, India region",5.2,,,,earthquakes,2010.0,6.0
usp000hdxc,2010-06-13 06:38:43.150000+00:00,Earthquake,Earthquake,7.532,91.621,"Nicobar Islands, India region",4.7,,,,earthquakes,2010.0,6.0
usp000hdxd,2010-06-13 07:05:35.620000+00:00,Earthquake,Earthquake,7.794,91.895,"Nicobar Islands, India region",5.2,,,,earthquakes,2010.0,6.0
usp000hdxe,2010-06-13 07:36:59.540000+00:00,Earthquake,Earthquake,7.676,91.953,"Nicobar Islands, India region",4.5,,,,earthquakes,2010.0,6.0
usp000hdxf,2010-06-13 07:37:35.710000+00:00,Earthquake,Earthquake,7.649,91.956,"Nicobar Islands, India region",4.7,,,,earthquakes,2010.0,6.0
usp000hdxp,2010-06-13 09:44:11.420000+00:00,Earthquake,Earthquake,7.726,91.835,"Nicobar Islands, India region",4.2,,,,earthquakes,2010.0,6.0
usp000hdxy,2010-06-13 12:57:38.110000+00:00,Earthquake,Earthquake,7.779,91.959,"Nicobar Islands, India region",4.4,,,,earthquakes,2010.0,6.0
usp000hdy5,2010-06-13 16:38:13.850000+00:00,Earthquake,Earthquake,7.774,91.957,"Nicobar Islands, India region",4.3,,,,earthquakes,2010.0,6.0
usp000hdze,2010-06-14 17:34:20.660000+00:00,Earthquake,Earthquake,7.666,91.909,"Nicobar Islands, India region",4.3,,,,earthquakes,2010.0,6.0
usp000hdzh,2010-06-14 21:15:02.160000+00:00,Earthquake,Earthquake,7.673,91.853,"Nicobar Islands, India region",4.0,,,,earthquakes,2010.0,6.0
usp000he01,2010-06-15 03:43:07.560000+00:00,Earthquake,Earthquake,7.944,91.816,"Nicobar Islands, India region",4.1,,,,earthquakes,2010.0,6.0
usp000he17,2010-06-15 06:55:11.850000+00:00,Earthquake,Earthquake,7.693,92.03,"Nicobar Islands, India region",4.1,,,,earthquakes,2010.0,6.0
usp000he1p,2010-06-15 09:14:31.120000+00:00,Earthquake,Earthquake,7.268,91.615,"Nicobar Islands, India region",4.3,,,,earthquakes,2010.0,6.0
usp000he2x,2010-06-15 23:24:27.650000+00:00,Earthquake,Earthquake,7.404,91.823,"Nicobar Islands, India region",5.0,,,,earthquakes,2010.0,6.0
usp000he36,2010-06-16 01:29:42.830000+00:00,Earthquake,Earthquake,7.455,91.847,"Nicobar Islands, India region",4.6,,,,earthquakes,2010.0,6.0
usp000he40,2010-06-16 04:57:32.820000+00:00,Earthquake,Earthquake,7.605,91.849,"Nicobar Islands, India region",4.5,,,,earthquakes,2010.0,6.0
usp000he4e,2010-06-16 07:50:44.880000+00:00,Earthquake,Earthquake,14.074,92.865,"263 km N of Bamboo Flat, India",4.8,,,,earthquakes,2010.0,6.0
usp000he4t,2010-06-16 12:10:45.400000+00:00,Earthquake,Earthquake,7.714,91.85,"Nicobar Islands, India region",4.8,,,,earthquakes,2010.0,6.0
usp000he5v,2010-06-16 21:37:03.730000+00:00,Earthquake,Earthquake,7.588,91.783,"Nicobar Islands, India region",4.5,,,,earthquakes,2010.0,6.0
usp000he83,2010-06-18 12:42:48.180000+00:00,Earthquake,Earthquake,7.743,91.885,"Nicobar Islands, India region",4.6,,,,earthquakes,2010.0,6.0
usp000he8j,2010-06-18 19:44:49.220000+00:00,Earthquake,Earthquake,7.645,91.825,"Nicobar Islands, India region",4.2,,,,earthquakes,2010.0,6.0
usp000he8q,2010-06-18 23:09:31.020000+00:00,Earthquake,Earthquake,13.197,93.087,"170 km NNE of Bamboo Flat, India",5.9,,,,earthquakes,2010.0,6.0
usp000he9s,2010-06-20 00:07:01.450000+00:00,Earthquake,Earthquake,7.482,91.669,"Nicobar Islands, India region",4.5,,,,earthquakes,2010.0,6.0
usp000he9w,2010-06-20 02:10:31.840000+00:00,Earthquake,Earthquake,7.787,91.924,"Nicobar Islands, India region",4.5,,,,earthquakes,2010.0,6.0
usp000hece,2010-06-22 08:45:06.780000+00:00,Earthquake,Earthquake,7.563,91.879,"Nicobar Islands, India region",5.0,,,,earthquakes,2010.0,6.0
usp000hed7,2010-06-22 23:14:10.840000+00:00,Earthquake,Earthquake,29.872,80.428,"9 km WNW of Dh?rchula, India",5.2,,,,earthquakes,2010.0,6.0
usp000hedf,2010-06-23 01:57:33.240000+00:00,Earthquake,Earthquake,25.673,95.12,"62 km E of Phek, India",4.0,,,,earthquakes,2010.0,6.0
usp000heey,2010-06-24 04:08:35.060000+00:00,Earthquake,Earthquake,7.696,91.958,"Nicobar Islands, India region",5.5,,,,earthquakes,2010.0,6.0
usp000hef7,2010-06-24 07:39:56.690000+00:00,Earthquake,Earthquake,7.552,91.931,"Nicobar Islands, India region",4.6,,,,earthquakes,2010.0,6.0
usp000hefs,2010-06-24 17:05:59.130000+00:00,Earthquake,Earthquake,7.641,91.95,"Nicobar Islands, India region",4.6,,,,earthquakes,2010.0,6.0
usp000heft,2010-06-24 17:06:22.060000+00:00,Earthquake,Earthquake,7.761,92.047,"Nicobar Islands, India region",4.9,,,,earthquakes,2010.0,6.0
usp000hefx,2010-06-24 18:07:46.760000+00:00,Earthquake,Earthquake,7.622,91.979,"Nicobar Islands, India region",5.0,,,,earthquakes,2010.0,6.0
usp000hegr,2010-06-25 07:29:00.690000+00:00,Earthquake,Earthquake,7.588,91.856,"Nicobar Islands, India region",5.2,,,,earthquakes,2010.0,6.0
usp000hegs,2010-06-25 07:48:15.260000+00:00,Earthquake,Earthquake,7.444,91.884,"Nicobar Islands, India region",4.8,,,,earthquakes,2010.0,6.0
usp000heh3,2010-06-25 13:21:30.820000+00:00,Earthquake,Earthquake,6.8,91.607,"Nicobar Islands, India region",4.3,,,,earthquakes,2010.0,6.0
usp000heh4,2010-06-25 13:43:22.300000+00:00,Earthquake,Earthquake,7.545,91.861,"Nicobar Islands, India region",4.6,,,,earthquakes,2010.0,6.0
usp000hehb,2010-06-25 18:22:25.450000+00:00,Earthquake,Earthquake,7.53,91.871,"Nicobar Islands, India region",4.3,,,,earthquakes,2010.0,6.0
usp000hem8,2010-06-27 19:13:25.040000+00:00,Earthquake,Earthquake,7.558,91.889,"Nicobar Islands, India region",4.3,,,,earthquakes,2010.0,6.0
usp000heu1,2010-07-02 18:23:09.050000+00:00,Earthquake,Earthquake,10.227,92.249,"168 km SSW of Port Blair, India",5.4,,,,earthquakes,2010.0,7.0
usp000hevm,2010-07-04 02:35:59.130000+00:00,Earthquake,Earthquake,29.854,80.375,"13 km W of Dh?rchula, India",4.7,,,,earthquakes,2010.0,7.0
usp000hew7,2010-07-04 11:16:46.190000+00:00,Earthquake,Earthquake,10.49,93.742,"169 km SE of Port Blair, India",4.4,,,,earthquakes,2010.0,7.0
usp000heym,2010-07-06 09:31:44.090000+00:00,Earthquake,Earthquake,27.682,92.674,"52 km NNE of Bomdila, India",4.3,,,,earthquakes,2010.0,7.0
usp000hez9,2010-07-06 19:08:25.870000+00:00,Earthquake,Earthquake,29.841,80.397,"11 km W of Dh?rchula, India",5.0,,,,earthquakes,2010.0,7.0
usp000hf1a,2010-07-08 13:46:58.420000+00:00,Earthquake,Earthquake,14.372,93.26,"Andaman Islands, India region",5.0,,,,earthquakes,2010.0,7.0
usp000hf1w,2010-07-09 02:08:40.310000+00:00,Earthquake,Earthquake,11.168,93.358,"86 km SE of Port Blair, India",4.2,,,,earthquakes,2010.0,7.0
usp000hf3c,2010-07-10 03:16:18.770000+00:00,Earthquake,Earthquake,30.075,79.608,"30 km NNW of B?geshwar, India",4.6,,,,earthquakes,2010.0,7.0
usp000hf5u,2010-07-11 20:44:36.560000+00:00,Earthquake,Earthquake,7.609,91.895,"Nicobar Islands, India region",4.8,,,,earthquakes,2010.0,7.0
usp000hf5v,2010-07-11 21:06:56.920000+00:00,Earthquake,Earthquake,7.571,91.893,"Nicobar Islands, India region",4.9,,,,earthquakes,2010.0,7.0
usp000hf5w,2010-07-11 21:08:25.420000+00:00,Earthquake,Earthquake,7.596,91.898,"Nicobar Islands, India region",5.2,,,,earthquakes,2010.0,7.0
usp000hf6t,2010-07-12 13:16:27.630000+00:00,Earthquake,Earthquake,7.664,91.909,"Nicobar Islands, India region",4.2,,,,earthquakes,2010.0,7.0
usp000hf81,2010-07-13 08:39:05.850000+00:00,Earthquake,Earthquake,7.629,91.99,"Nicobar Islands, India region",4.4,,,,earthquakes,2010.0,7.0
usp000hfc3,2010-07-16 17:28:35.140000+00:00,Earthquake,Earthquake,9.975,93.965,"229 km SE of Port Blair, India",4.0,,,,earthquakes,2010.0,7.0
usp000hg64,2010-07-20 15:00:55.890000+00:00,Earthquake,Earthquake,8.314,92.576,"Nicobar Islands, India region",4.2,,,,earthquakes,2010.0,7.0
usp000hgex,2010-07-22 06:20:28.340000+00:00,Earthquake,Earthquake,10.95,91.774,"132 km SW of Bamboo Flat, India",4.6,,,,earthquakes,2010.0,7.0
usp000hgg6,2010-07-22 16:11:11.920000+00:00,Earthquake,Earthquake,10.996,91.874,"120 km SW of Bamboo Flat, India",4.5,,,,earthquakes,2010.0,7.0
usp000hgru,2010-07-25 06:25:12.780000+00:00,Earthquake,Earthquake,10.869,91.899,"127 km SW of Port Blair, India",4.0,,,,earthquakes,2010.0,7.0
usp000hgsb,2010-07-25 09:35:02.540000+00:00,Earthquake,Earthquake,6.601,76.775,"180 km SSW of Manav?lakurichi, India",4.0,,,,earthquakes,2010.0,7.0
usp000hgu0,2010-07-26 02:54:24.270000+00:00,Earthquake,Earthquake,9.629,93.266,"232 km SSE of Port Blair, India",4.5,,,,earthquakes,2010.0,7.0
usp000hgwp,2010-07-27 10:14:24.680000+00:00,Earthquake,Earthquake,30.305,94.887,"202 km NNE of Shi Yomi, India",4.8,,,,earthquakes,2010.0,7.0
usp000hgx4,2010-07-27 16:39:00.070000+00:00,Earthquake,Earthquake,30.325,94.918,"205 km NNE of Shi Yomi, India",4.4,,,,earthquakes,2010.0,7.0
usp000hh3r,2010-07-29 12:10:05.780000+00:00,Earthquake,Earthquake,30.316,94.84,"203 km NNE of Shi Yomi, India",4.7,,,,earthquakes,2010.0,7.0
usp000hh4e,2010-07-30 01:04:30.360000+00:00,Earthquake,Earthquake,30.437,94.927,"218 km NNE of Shi Yomi, India",4.6,,,,earthquakes,2010.0,7.0
usp000hh4u,2010-07-30 04:36:56.250000+00:00,Earthquake,Earthquake,8.356,91.525,"Nicobar Islands, India region",4.4,,,,earthquakes,2010.0,7.0
usp000hh59,2010-07-30 09:58:47.290000+00:00,Earthquake,Earthquake,14.069,93.128,"265 km N of Bamboo Flat, India",4.0,,,,earthquakes,2010.0,7.0
usp000hh65,2010-07-30 18:03:37.110000+00:00,Earthquake,Earthquake,30.332,94.91,"206 km NNE of Shi Yomi, India",4.6,,,,earthquakes,2010.0,7.0
usp000hhbx,2010-08-02 04:49:28.840000+00:00,Earthquake,Earthquake,13.918,93.061,"248 km N of Bamboo Flat, India",4.0,,,,earthquakes,2010.0,8.0
usp000hhcg,2010-08-02 12:00:48.750000+00:00,Earthquake,Earthquake,7.561,91.872,"Nicobar Islands, India region",4.9,,,,earthquakes,2010.0,8.0
usp000hhd1,2010-08-02 18:45:26.260000+00:00,Earthquake,Earthquake,7.555,91.895,"Nicobar Islands, India region",4.4,,,,earthquakes,2010.0,8.0
usp000hhd4,2010-08-02 19:15:47.350000+00:00,Earthquake,Earthquake,7.538,91.969,"Nicobar Islands, India region",4.5,,,,earthquakes,2010.0,8.0
usp000hhdk,2010-08-03 01:48:12.880000+00:00,Earthquake,Earthquake,10.94,93.246,"97 km SE of Port Blair, India",5.1,,,,earthquakes,2010.0,8.0
usp000hhfe,2010-08-04 05:41:24.190000+00:00,Earthquake,Earthquake,26.221,96.89,"8 km ENE of Sarupathar, India",4.1,,,,earthquakes,2010.0,8.0
usp000hhm2,2010-08-05 18:14:19.320000+00:00,Earthquake,Earthquake,26.372,97.02,"27 km NE of Sarupathar, India",4.2,,,,earthquakes,2010.0,8.0
usp000hhm3,2010-08-05 18:17:46.990000+00:00,Earthquake,Earthquake,26.329,96.998,"23 km NE of Sarupathar, India",4.6,,,,earthquakes,2010.0,8.0
usp000hhs1,2010-08-08 13:31:18.190000+00:00,Earthquake,Earthquake,24.891,95.024,"100 km SSE of Phek, India",4.0,,,,earthquakes,2010.0,8.0
usp000hhsx,2010-08-09 02:54:50.810000+00:00,Earthquake,Earthquake,30.309,94.829,"202 km NNE of Shi Yomi, India",5.0,,,,earthquakes,2010.0,8.0
usp000hht5,2010-08-09 07:14:43.140000+00:00,Earthquake,Earthquake,30.358,94.935,"209 km NNE of Shi Yomi, India",4.4,,,,earthquakes,2010.0,8.0
usp000hhu0,2010-08-09 22:21:43.230000+00:00,Earthquake,Earthquake,13.608,92.817,"211 km N of Bamboo Flat, India",5.2,,,,earthquakes,2010.0,8.0
usp000hhw9,2010-08-10 14:04:14.300000+00:00,Earthquake,Earthquake,30.378,94.842,"209 km NNE of Shi Yomi, India",4.6,,,,earthquakes,2010.0,8.0
usp000hj3a,2010-08-14 03:08:17.630000+00:00,Earthquake,Earthquake,34.124,78.735,"106 km E of Leh, India",4.1,,,,earthquakes,2010.0,8.0
usp000hj6b,2010-08-14 19:42:00.210000+00:00,Earthquake,Earthquake,10.933,92.248,"97 km SW of Port Blair, India",4.2,,,,earthquakes,2010.0,8.0
usp000hjar,2010-08-17 01:39:28.500000+00:00,Earthquake,Earthquake,11.602,94.973,"242 km E of Port Blair, India",5.4,,,,earthquakes,2010.0,8.0
usp000hjcq,2010-08-18 04:41:44.140000+00:00,Earthquake,Earthquake,13.854,93.355,"248 km NNE of Bamboo Flat, India",4.2,,,,earthquakes,2010.0,8.0
usp000hjft,2010-08-19 22:19:18.580000+00:00,Earthquake,Earthquake,11.141,95.071,"260 km ESE of Port Blair, India",5.1,,,,earthquakes,2010.0,8.0
usp000hjqx,2010-08-25 04:47:18.810000+00:00,Earthquake,Earthquake,11.673,95.239,"271 km E of Port Blair, India",4.2,,,,earthquakes,2010.0,8.0
usp000hjr4,2010-08-25 08:26:10.420000+00:00,Earthquake,Earthquake,13.909,93.024,"246 km N of Bamboo Flat, India",4.2,,,,earthquakes,2010.0,8.0
usp000hjsg,2010-08-26 04:04:41.540000+00:00,Earthquake,Earthquake,10.137,93.636,"195 km SSE of Port Blair, India",4.3,,,,earthquakes,2010.0,8.0
usp000hjug,2010-08-27 15:42:08.820000+00:00,Earthquake,Earthquake,10.946,92.107,"Andaman Islands, India region",4.4,,,,earthquakes,2010.0,8.0
usp000hjy8,2010-08-30 09:39:26.180000+00:00,Earthquake,Earthquake,25.148,95.176,"89 km SE of Phek, India",4.7,,,,earthquakes,2010.0,8.0
usp000hk1h,2010-09-02 00:16:39.460000+00:00,Earthquake,Earthquake,12.788,92.563,"121 km N of Bamboo Flat, India",5.1,,,,earthquakes,2010.0,9.0
usp000hk1r,2010-09-02 03:09:06.700000+00:00,Earthquake,Earthquake,23.625,71.898,"7 km S of H?rij, India",4.0,,,,earthquakes,2010.0,9.0
usp000hk2d,2010-09-02 16:12:43.450000+00:00,Earthquake,Earthquake,8.34,91.788,"Nicobar Islands, India region",4.6,,,,earthquakes,2010.0,9.0
usp000hkjd,2010-09-11 03:10:40.870000+00:00,Earthquake,Earthquake,33.718,75.368,"19 km E of Anantnag, India",4.7,,,,earthquakes,2010.0,9.0
usp000hkjm,2010-09-11 07:02:09.110000+00:00,Earthquake,Earthquake,25.72,90.205,"22 km N of Tura, India",4.5,,,,earthquakes,2010.0,9.0
usp000hkkp,2010-09-12 01:32:30.950000+00:00,Earthquake,Earthquake,11.455,94.867,"232 km E of Port Blair, India",4.5,,,,earthquakes,2010.0,9.0
usp000hkxy,2010-09-19 11:10:17.570000+00:00,Earthquake,Earthquake,11.078,94.999,"254 km ESE of Port Blair, India",4.9,,,,earthquakes,2010.0,9.0
usp000hkxz,2010-09-19 11:28:03.950000+00:00,Earthquake,Earthquake,11.099,95.192,"274 km ESE of Port Blair, India",4.4,,,,earthquakes,2010.0,9.0
usp000hm89,2010-09-27 04:36:53.110000+00:00,Earthquake,Earthquake,12.34,92.573,"72 km NNW of Bamboo Flat, India",4.6,,,,earthquakes,2010.0,9.0
usp000hmh3,2010-10-03 02:58:10.800000+00:00,Earthquake,Earthquake,14.014,93.019,"258 km N of Bamboo Flat, India",4.8,,,,earthquakes,2010.0,10.0
usp000hmuy,2010-10-08 21:43:39.400000+00:00,Earthquake,Earthquake,7.663,91.862,"Nicobar Islands, India region",4.3,,,,earthquakes,2010.0,10.0
usp000hn6q,2010-10-17 05:32:31.040000+00:00,Earthquake,Earthquake,10.74,91.115,"204 km WSW of Bamboo Flat, India",4.9,,,,earthquakes,2010.0,10.0
usp000hn73,2010-10-17 10:15:11.730000+00:00,Earthquake,Earthquake,12.964,92.355,"145 km NNW of Bamboo Flat, India",5.0,,,,earthquakes,2010.0,10.0
usp000hncr,2010-10-21 20:07:08.830000+00:00,Earthquake,Earthquake,14.136,92.94,"270 km N of Bamboo Flat, India",4.6,,,,earthquakes,2010.0,10.0
usp000hnpr,2010-10-28 07:41:01.710000+00:00,Earthquake,Earthquake,28.397,92.896,"128 km NW of Ziro, India",4.6,,,,earthquakes,2010.0,10.0
usp000hp7v,2010-11-07 03:40:26.820000+00:00,Earthquake,Earthquake,34.388,74.081,"31 km NW of B?ram?la, India",4.4,,,,earthquakes,2010.0,11.0
usp000hpaz,2010-11-09 15:01:41.600000+00:00,Earthquake,Earthquake,10.808,92.044,"122 km SW of Port Blair, India",4.4,,,,earthquakes,2010.0,11.0
usp000hpbm,2010-11-09 22:46:20.170000+00:00,Earthquake,Earthquake,25.23,73.649,"20 km ENE of S?dri, India",4.6,,,,earthquakes,2010.0,11.0
usp000hpnn,2010-11-15 00:29:23.370000+00:00,Earthquake,Earthquake,13.85,93.555,"254 km NNE of Bamboo Flat, India",4.9,,,,earthquakes,2010.0,11.0
usp000hpq9,2010-11-15 19:38:12.900000+00:00,Earthquake,Earthquake,7.897,91.644,"Nicobar Islands, India region",4.2,,,,earthquakes,2010.0,11.0
usp000hpsm,2010-11-17 04:37:15.670000+00:00,Earthquake,Earthquake,28.469,94.174,"20 km WSW of Shi Yomi, India",4.6,,,,earthquakes,2010.0,11.0
usp000hq88,2010-11-28 04:33:47.100000+00:00,Earthquake,Earthquake,7.588,91.875,"Nicobar Islands, India region",4.2,,,,earthquakes,2010.0,11.0
usp000hqqs,2010-12-09 15:46:56.400000+00:00,Earthquake,Earthquake,13.081,92.58,"153 km N of Bamboo Flat, India",4.9,,,,earthquakes,2010.0,12.0
usp000hqu1,2010-12-12 01:40:06.960000+00:00,Earthquake,Earthquake,24.792,93.304,"29 km E of Lakhipur, India",4.8,,,,earthquakes,2010.0,12.0
usp000hqz8,2010-12-16 01:27:34.940000+00:00,Earthquake,Earthquake,7.628,91.859,"Nicobar Islands, India region",4.2,,,,earthquakes,2010.0,12.0
usp000hrrq,2010-12-23 23:24:14.440000+00:00,Earthquake,Earthquake,10.641,93.333,"130 km SSE of Port Blair, India",4.0,,,,earthquakes,2010.0,12.0
usp000hs8c,2010-12-29 09:10:41.300000+00:00,Earthquake,Earthquake,6.857,92.703,"Nicobar Islands, India region",4.3,,,,earthquakes,2010.0,12.0
usp000hs8t,2010-12-29 14:03:57.700000+00:00,Earthquake,Earthquake,25.488,92.432,"55 km E of Shillong, India",4.1,,,,earthquakes,2010.0,12.0
usp000hsdq,2011-01-01 17:36:11.140000+00:00,Earthquake,Earthquake,14.385,93.165,"Andaman Islands, India region",4.7,,,,earthquakes,2011.0,1.0
usp000hsp2,2011-01-06 21:02:14.530000+00:00,Earthquake,Earthquake,10.299,92.468,"154 km SSW of Port Blair, India",4.0,,,,earthquakes,2011.0,1.0
usp000hszv,2011-01-12 23:54:32.180000+00:00,Earthquake,Earthquake,11.295,91.971,"92 km WSW of Bamboo Flat, India",4.4,,,,earthquakes,2011.0,1.0
usp000ht9t,2011-01-18 02:15:50.690000+00:00,Earthquake,Earthquake,24.401,94.756,"73 km ESE of W?ngjing, India",4.8,,,,earthquakes,2011.0,1.0
usp000hte0,2011-01-20 20:32:15.180000+00:00,Earthquake,Earthquake,7.482,91.797,"Nicobar Islands, India region",4.5,,,,earthquakes,2011.0,1.0
usp000hte1,2011-01-20 20:40:16.330000+00:00,Earthquake,Earthquake,7.698,91.82,"Nicobar Islands, India region",4.1,,,,earthquakes,2011.0,1.0
usp000htpt,2011-01-27 06:10:40.930000+00:00,Earthquake,Earthquake,23.811,92.9,"20 km ENE of Aizawl, India",4.1,,,,earthquakes,2011.0,1.0
usp000htr2,2011-01-27 22:40:05.190000+00:00,Earthquake,Earthquake,24.267,94.627,"67 km ESE of W?ngjing, India",4.7,,,,earthquakes,2011.0,1.0
usp000htye,2011-02-01 13:39:47+00:00,Earthquake,Earthquake,10.622,94.109,"188 km SE of Port Blair, India",5.6,,,,earthquakes,2011.0,2.0
usp000htzq,2011-02-02 13:11:19.100000+00:00,Earthquake,Earthquake,13.879,93.008,"243 km N of Bamboo Flat, India",4.5,,,,earthquakes,2011.0,2.0
usp000hu2t,2011-02-04 13:53:46.260000+00:00,Earthquake,Earthquake,24.618,94.68,"62 km E of W?ngjing, India",6.2,,,,earthquakes,2011.0,2.0
usp000hu2v,2011-02-04 14:06:38.220000+00:00,Earthquake,Earthquake,24.531,94.805,"75 km E of W?ngjing, India",4.1,,,,earthquakes,2011.0,2.0
usp000hu9w,2011-02-10 03:51:44.230000+00:00,Earthquake,Earthquake,27.215,88.211,"9 km SSW of Gyalshing, India",4.0,,,,earthquakes,2011.0,2.0
usp000huau,2011-02-10 19:27:20.190000+00:00,Earthquake,Earthquake,9.12,92.554,"282 km S of Port Blair, India",4.4,,,,earthquakes,2011.0,2.0
usp000hubz,2011-02-11 18:14:54.010000+00:00,Earthquake,Earthquake,12.906,92.486,"135 km N of Bamboo Flat, India",4.2,,,,earthquakes,2011.0,2.0
usp000huej,2011-02-13 00:12:07.270000+00:00,Earthquake,Earthquake,13.904,92.928,"244 km N of Bamboo Flat, India",4.5,,,,earthquakes,2011.0,2.0
usp000huhr,2011-02-14 23:44:33.550000+00:00,Earthquake,Earthquake,26.114,96.326,"49 km WSW of Sarupathar, India",4.8,,,,earthquakes,2011.0,2.0
usp000hukt,2011-02-16 10:55:26.180000+00:00,Earthquake,Earthquake,10.578,91.741,"162 km SW of Port Blair, India",4.7,,,,earthquakes,2011.0,2.0
usp000huy9,2011-02-22 22:57:27.230000+00:00,Earthquake,Earthquake,24.485,94.747,"70 km E of W?ngjing, India",4.0,,,,earthquakes,2011.0,2.0
usp000hvd7,2011-03-06 00:18:24.470000+00:00,Earthquake,Earthquake,23.946,93.989,"53 km SE of Chur?ch?ndpur, India",4.4,,,,earthquakes,2011.0,3.0
usp000hvk1,2011-03-09 13:57:28.050000+00:00,Earthquake,Earthquake,8.655,92.411,"Nicobar Islands, India region",5.3,,,,earthquakes,2011.0,3.0
usp000hwe9,2011-03-12 10:46:00.950000+00:00,Earthquake,Earthquake,24.59,94.717,"66 km E of W?ngjing, India",4.4,,,,earthquakes,2011.0,3.0
usp000hxxu,2011-03-19 12:42:41.210000+00:00,Earthquake,Earthquake,12.95,92.42,"141 km NNW of Bamboo Flat, India",4.8,,,,earthquakes,2011.0,3.0
usp000hy9z,2011-03-22 16:27:55.540000+00:00,Earthquake,Earthquake,7.573,91.751,"Nicobar Islands, India region",4.4,,,,earthquakes,2011.0,3.0
usp000hzk8,2011-04-09 03:33:01.320000+00:00,Earthquake,Earthquake,26.923,97.2,"88 km NNE of Sarupathar, India",4.4,,,,earthquakes,2011.0,4.0
usp000j00g,2011-04-15 12:43:00.620000+00:00,Earthquake,Earthquake,10.693,91.736,"154 km SW of Port Blair, India",4.3,,,,earthquakes,2011.0,4.0
usp000j012,2011-04-15 18:24:01.750000+00:00,Earthquake,Earthquake,10.704,91.752,"152 km SW of Port Blair, India",4.3,,,,earthquakes,2011.0,4.0
usp000j05q,2011-04-18 01:06:52.620000+00:00,Earthquake,Earthquake,12.972,93.306,"154 km NNE of Bamboo Flat, India",4.4,,,,earthquakes,2011.0,4.0
usp000j06h,2011-04-18 09:33:31.550000+00:00,Earthquake,Earthquake,26.119,95.279,"48 km ESE of Tuensang, India",4.1,,,,earthquakes,2011.0,4.0
usp000j07t,2011-04-19 03:34:07.100000+00:00,Earthquake,Earthquake,24.487,94.561,"51 km ESE of W?ngjing, India",4.5,,,,earthquakes,2011.0,4.0
usp000j08n,2011-04-19 13:39:37.350000+00:00,Earthquake,Earthquake,23.772,92.866,"15 km ENE of Aizawl, India",4.1,,,,earthquakes,2011.0,4.0
usp000j0kk,2011-04-26 00:31:46.830000+00:00,Earthquake,Earthquake,13.579,92.685,"207 km N of Bamboo Flat, India",4.0,,,,earthquakes,2011.0,4.0
usp000j0mz,2011-04-26 17:00:35.530000+00:00,Earthquake,Earthquake,25.076,93.044,"10 km SSE of H?flong, India",4.4,,,,earthquakes,2011.0,4.0
usp000j0qe,2011-04-28 09:53:02.500000+00:00,Earthquake,Earthquake,33.047,76.817,"46 km S of Padam, India",4.2,,,,earthquakes,2011.0,4.0
usp000j0r9,2011-04-29 02:39:20.980000+00:00,Earthquake,Earthquake,25.361,95.099,"69 km ESE of Phek, India",4.3,,,,earthquakes,2011.0,4.0
usp000j0s1,2011-04-29 14:25:48.840000+00:00,Earthquake,Earthquake,26.027,97.045,"30 km SE of Sarupathar, India",4.0,,,,earthquakes,2011.0,4.0
usp000j0xc,2011-05-02 20:32:01.070000+00:00,Earthquake,Earthquake,14.357,93.246,"299 km N of Bamboo Flat, India",4.1,,,,earthquakes,2011.0,5.0
usp000j0yk,2011-05-03 14:39:00.160000+00:00,Earthquake,Earthquake,23.686,91.321,"8 km NNW of Barjala, India",4.0,,,,earthquakes,2011.0,5.0
usp000j10a,2011-05-04 20:57:19.260000+00:00,Earthquake,Earthquake,30.323,80.433,"53 km N of Dh?rchula, India",4.6,,,,earthquakes,2011.0,5.0
usp000j12f,2011-05-05 22:03:29.320000+00:00,Earthquake,Earthquake,13.587,92.879,"209 km N of Bamboo Flat, India",4.4,,,,earthquakes,2011.0,5.0
usp000j1n8,2011-05-15 15:32:46.360000+00:00,Earthquake,Earthquake,26.073,96.621,"23 km SW of Sarupathar, India",4.2,,,,earthquakes,2011.0,5.0
usp000j24a,2011-05-24 03:14:22.990000+00:00,Earthquake,Earthquake,25.102,92.307,"26 km N of Kar?mganj, India",4.1,,,,earthquakes,2011.0,5.0
usp000j2b7,2011-05-28 06:22:12.600000+00:00,Earthquake,Earthquake,10.77,91.77,"145 km SW of Port Blair, India",4.6,,,,earthquakes,2011.0,5.0
usp000j2ez,2011-05-30 19:17:34.630000+00:00,Earthquake,Earthquake,24.221,94.509,"60 km SE of W?ngjing, India",4.0,,,,earthquakes,2011.0,5.0
usp000j2m5,2011-06-03 00:53:27.280000+00:00,Earthquake,Earthquake,27.529,88.019,"35 km NW of Gyalshing, India",5.0,,,,earthquakes,2011.0,6.0
usp000j2mw,2011-06-03 07:27:11.820000+00:00,Earthquake,Earthquake,9.635,92.459,"226 km S of Port Blair, India",5.5,,,,earthquakes,2011.0,6.0
usp000j2n3,2011-06-03 12:08:31.660000+00:00,Earthquake,Earthquake,7.576,91.875,"Nicobar Islands, India region",4.7,,,,earthquakes,2011.0,6.0
usp000j2wn,2011-06-09 09:51:03.850000+00:00,Earthquake,Earthquake,14.123,92.876,"268 km N of Bamboo Flat, India",4.9,,,,earthquakes,2011.0,6.0
usp000j3c9,2011-06-18 10:03:49.080000+00:00,Earthquake,Earthquake,13.57,92.894,"207 km N of Bamboo Flat, India",4.5,,,,earthquakes,2011.0,6.0
usp000j3fb,2011-06-20 06:27:18.430000+00:00,Earthquake,Earthquake,30.61,79.338,"22 km NNW of P?palkoti, India",4.9,,,,earthquakes,2011.0,6.0
usp000j3m2,2011-06-23 12:39:39.910000+00:00,Earthquake,Earthquake,23.887,91.484,"13 km ENE of R?n?r B?z?r, India",4.4,,,,earthquakes,2011.0,6.0
usp000j4qj,2011-07-12 02:55:15.170000+00:00,Earthquake,Earthquake,13.475,92.731,"196 km N of Bamboo Flat, India",4.2,,,,earthquakes,2011.0,7.0
usp000j4xa,2011-07-14 22:48:10.830000+00:00,Earthquake,Earthquake,27.123,97.061,"104 km NNE of Sarupathar, India",4.4,,,,earthquakes,2011.0,7.0
usp000j50r,2011-07-16 09:36:48.010000+00:00,Earthquake,Earthquake,9.693,92.624,"218 km S of Port Blair, India",4.6,,,,earthquakes,2011.0,7.0
usp000j59u,2011-07-22 00:58:52.770000+00:00,Earthquake,Earthquake,24.532,92.072,"20 km NNW of Dharmanagar, India",4.0,,,,earthquakes,2011.0,7.0
usp000j5ax,2011-07-22 12:34:20.700000+00:00,Earthquake,Earthquake,13.835,92.843,"236 km N of Bamboo Flat, India",4.4,,,,earthquakes,2011.0,7.0
usp000j5mm,2011-07-28 18:42:35.260000+00:00,Earthquake,Earthquake,33.32,75.998,"21 km E of Kishtw?r, India",4.5,,,,earthquakes,2011.0,7.0
usp000j60v,2011-08-05 16:23:44.810000+00:00,Earthquake,Earthquake,24.805,95.156,"112 km E of Yairipok, India",4.2,,,,earthquakes,2011.0,8.0
usp000j6d7,2011-08-13 02:59:12.930000+00:00,Earthquake,Earthquake,23.321,70.242,"10 km WNW of Bhach?u, India",4.3,,,,earthquakes,2011.0,8.0
usp000j6vm,2011-08-22 16:35:43.170000+00:00,Earthquake,Earthquake,12.997,93.247,"154 km NNE of Bamboo Flat, India",4.4,,,,earthquakes,2011.0,8.0
usp000j6w9,2011-08-23 01:22:56.280000+00:00,Earthquake,Earthquake,33.095,76.858,"41 km S of Padam, India",5.1,,,,earthquakes,2011.0,8.0
usp000j75n,2011-08-28 04:40:45.350000+00:00,Earthquake,Earthquake,26.521,96.748,"35 km N of Sarupathar, India",4.5,,,,earthquakes,2011.0,8.0
usp000j7rt,2011-09-07 17:58:18.700000+00:00,Earthquake,Earthquake,28.724,77.189,"6 km NE of Pitampura, India",4.3,,,,earthquakes,2011.0,9.0
usp000j88b,2011-09-18 12:40:51.830000+00:00,Earthquake,Earthquake,27.73,88.155,"43 km NW of Mangan, India",6.9,,,,earthquakes,2011.0,9.0
usp000j88d,2011-09-18 13:12:00.350000+00:00,Earthquake,Earthquake,27.52,88.583,"6 km E of Mangan, India",4.8,,,,earthquakes,2011.0,9.0
usp000j88g,2011-09-18 13:54:19.630000+00:00,Earthquake,Earthquake,27.353,88.452,"14 km NNW of Singtam, India",4.7,,,,earthquakes,2011.0,9.0
usp000j88t,2011-09-18 19:20:54.830000+00:00,Earthquake,Earthquake,25.759,91.178,"28 km NNW of Nongstoin, India",4.0,,,,earthquakes,2011.0,9.0
usp000j894,2011-09-19 00:52:03.990000+00:00,Earthquake,Earthquake,17.92,76.564,"11 km NW of Umarga, India",4.0,,,,earthquakes,2011.0,9.0
usp000j89h,2011-09-19 08:04:13.690000+00:00,Earthquake,Earthquake,25.002,95.178,"100 km SE of Phek, India",4.5,,,,earthquakes,2011.0,9.0
usp000j8f8,2011-09-23 13:23:19.430000+00:00,Earthquake,Earthquake,24.307,93.994,"21 km S of Kakching, India",4.4,,,,earthquakes,2011.0,9.0
usp000j8gq,2011-09-24 15:21:34.660000+00:00,Earthquake,Earthquake,34.042,75.249,"7 km WNW of Pahlg?m, India",4.2,,,,earthquakes,2011.0,9.0
usp000j8hs,2011-09-25 11:22:18.580000+00:00,Earthquake,Earthquake,12.745,92.424,"119 km NNW of Bamboo Flat, India",5.1,,,,earthquakes,2011.0,9.0
usp000j8pa,2011-09-28 14:40:01.380000+00:00,Earthquake,Earthquake,13.932,93.094,"250 km N of Bamboo Flat, India",4.2,,,,earthquakes,2011.0,9.0
usp000j8tc,2011-10-01 12:14:28.870000+00:00,Earthquake,Earthquake,12.909,95.66,"Andaman Islands, India region",4.2,,,,earthquakes,2011.0,10.0
usp000j97v,2011-10-11 13:40:29.360000+00:00,Earthquake,Earthquake,13.721,93.823,"253 km NNE of Bamboo Flat, India",4.9,,,,earthquakes,2011.0,10.0
usp000j9m2,2011-10-20 17:18:34.170000+00:00,Earthquake,Earthquake,21.211,70.533,"15 km SE of Mendarda, India",5.1,,,,earthquakes,2011.0,10.0
usp000j9nb,2011-10-21 14:40:36.320000+00:00,Earthquake,Earthquake,24.884,94.211,"28 km NE of Yairipok, India",4.5,,,,earthquakes,2011.0,10.0
usp000j9qr,2011-10-22 21:07:39.230000+00:00,Earthquake,Earthquake,32.939,75.811,"9 km ESE of Bhadarw?h, India",4.2,,,,earthquakes,2011.0,10.0
usp000ja2s,2011-10-29 07:51:37.070000+00:00,Earthquake,Earthquake,24.19,93.516,"22 km SW of Chur?ch?ndpur, India",4.7,,,,earthquakes,2011.0,10.0
usp000jaaq,2011-11-04 10:14:43.240000+00:00,Earthquake,Earthquake,24.923,95.588,"137 km SE of Phek, India",4.7,,,,earthquakes,2011.0,11.0
usp000jany,2011-11-10 15:15:07.110000+00:00,Earthquake,Earthquake,7.781,91.95,"Nicobar Islands, India region",4.8,,,,earthquakes,2011.0,11.0
usp000jawm,2011-11-15 10:18:41.330000+00:00,Earthquake,Earthquake,11.143,93.648,"114 km ESE of Port Blair, India",4.7,,,,earthquakes,2011.0,11.0
usp000jb6k,2011-11-21 03:15:41.560000+00:00,Earthquake,Earthquake,24.96,95.232,"107 km SE of Phek, India",5.7,,,,earthquakes,2011.0,11.0
usp000jbr6,2011-12-02 19:59:45.920000+00:00,Earthquake,Earthquake,7.854,94.061,"Nicobar Islands, India region",4.5,,,,earthquakes,2011.0,12.0
usp000jbuh,2011-12-05 05:59:09.350000+00:00,Earthquake,Earthquake,12.484,93.256,"104 km NE of Bamboo Flat, India",4.6,,,,earthquakes,2011.0,12.0
usp000jbvs,2011-12-06 01:22:27.860000+00:00,Earthquake,Earthquake,12.213,91.857,"109 km WNW of Bamboo Flat, India",4.7,,,,earthquakes,2011.0,12.0
usp000jbx6,2011-12-07 06:10:42.680000+00:00,Earthquake,Earthquake,12.48,93.745,"141 km NE of Port Blair, India",4.3,,,,earthquakes,2011.0,12.0
usp000jc3n,2011-12-12 04:45:44.120000+00:00,Earthquake,Earthquake,24.886,95.26,"115 km SE of Phek, India",4.6,,,,earthquakes,2011.0,12.0
usp000jc6r,2011-12-14 20:20:53.840000+00:00,Earthquake,Earthquake,27.504,87.955,"38 km NW of Gyalshing, India",4.0,,,,earthquakes,2011.0,12.0
usp000jc79,2011-12-15 04:51:02.120000+00:00,Earthquake,Earthquake,14.045,93.148,"263 km N of Bamboo Flat, India",4.7,,,,earthquakes,2011.0,12.0
usp000jcm9,2011-12-25 04:17:13.940000+00:00,Earthquake,Earthquake,12.832,93.167,"134 km NNE of Bamboo Flat, India",4.0,,,,earthquakes,2011.0,12.0
usp000jcw2,2011-12-31 16:18:50.470000+00:00,Earthquake,Earthquake,10.509,91.745,"168 km SW of Port Blair, India",4.3,,,,earthquakes,2011.0,12.0
usp000jcwj,2012-01-01 02:35:21.110000+00:00,Earthquake,Earthquake,23.472,91.834,"18 km ESE of Amarpur, India",4.6,,,,earthquakes,2012.0,1.0
usp000jcwr,2012-01-01 05:19:34.930000+00:00,Earthquake,Earthquake,10.632,91.737,"158 km SW of Port Blair, India",4.6,,,,earthquakes,2012.0,1.0
usp000jczz,2012-01-03 17:32:29.830000+00:00,Earthquake,Earthquake,7.787,92.095,"Nicobar Islands, India region",4.7,,,,earthquakes,2012.0,1.0
usp000jd02,2012-01-03 20:36:48.120000+00:00,Earthquake,Earthquake,35.776,77.346,"106 km NNE of Thang, India",4.6,,,,earthquakes,2012.0,1.0
usp000jd1d,2012-01-04 16:31:25.020000+00:00,Earthquake,Earthquake,33.624,74.892,"11 km SSE of Shup?yan, India",4.2,,,,earthquakes,2012.0,1.0
usp000jd2d,2012-01-05 05:27:21.400000+00:00,Earthquake,Earthquake,12.841,95.505,"Andaman Islands, India region",4.2,,,,earthquakes,2012.0,1.0
usp000jdc9,2012-01-11 22:23:20.470000+00:00,Earthquake,Earthquake,25.203,95.153,"83 km SE of Phek, India",4.6,,,,earthquakes,2012.0,1.0
usp000jds4,2012-01-20 21:28:55.660000+00:00,Earthquake,Earthquake,10.602,91.816,"155 km SW of Port Blair, India",4.3,,,,earthquakes,2012.0,1.0
usp000jdsq,2012-01-21 07:11:05.730000+00:00,Earthquake,Earthquake,12.977,93.284,"154 km NNE of Bamboo Flat, India",4.4,,,,earthquakes,2012.0,1.0
usp000jem5,2012-02-06 23:16:53.560000+00:00,Earthquake,Earthquake,13.645,93.027,"217 km N of Bamboo Flat, India",4.8,,,,earthquakes,2012.0,2.0
usp000jerg,2012-02-09 19:17:30.550000+00:00,Earthquake,Earthquake,30.986,78.282,"20 km NNE of Barkot, India",5.1,,,,earthquakes,2012.0,2.0
usp000jesw,2012-02-10 15:45:17.090000+00:00,Earthquake,Earthquake,26.046,94.248,"5 km S of Wokha, India",4.3,,,,earthquakes,2012.0,2.0
usp000jet4,2012-02-10 19:10:01.850000+00:00,Earthquake,Earthquake,26.146,94.253,"5 km N of Wokha, India",4.8,,,,earthquakes,2012.0,2.0
usp000jfg2,2012-02-27 05:19:03.980000+00:00,Earthquake,Earthquake,12.249,92.683,"60 km N of Bamboo Flat, India",4.6,,,,earthquakes,2012.0,2.0
usp000jfnm,2012-03-01 17:52:43.870000+00:00,Earthquake,Earthquake,13.004,92.558,"145 km N of Bamboo Flat, India",4.8,,,,earthquakes,2012.0,3.0
usp000jft4,2012-03-04 23:40:47.220000+00:00,Earthquake,Earthquake,12.779,93.448,"143 km NE of Bamboo Flat, India",4.2,,,,earthquakes,2012.0,3.0
usp000jfth,2012-03-05 07:41:04.530000+00:00,Earthquake,Earthquake,28.809,76.649,"11 km SSE of Rohtak, India",5.1,,,,earthquakes,2012.0,3.0
usp000jfus,2012-03-06 02:52:41.960000+00:00,Earthquake,Earthquake,8.571,93.691,"Nicobar Islands, India region",5.4,,,,earthquakes,2012.0,3.0
usp000jfuu,2012-03-06 02:59:25.970000+00:00,Earthquake,Earthquake,8.559,93.873,"Nicobar Islands, India region",5.0,,,,earthquakes,2012.0,3.0
usp000jfwp,2012-03-07 13:18:23.400000+00:00,Earthquake,Earthquake,32.029,78.109,"64 km NNE of Sar?han, India",4.3,,,,earthquakes,2012.0,3.0
usp000jfz2,2012-03-09 00:28:40.970000+00:00,Earthquake,Earthquake,8.455,93.65,"Nicobar Islands, India region",4.3,,,,earthquakes,2012.0,3.0
usp000jg1f,2012-03-10 12:18:29.480000+00:00,Earthquake,Earthquake,11.517,92.036,"76 km WSW of Bamboo Flat, India",4.5,,,,earthquakes,2012.0,3.0
usp000jg20,2012-03-10 18:06:29.910000+00:00,Earthquake,Earthquake,8.513,93.845,"Nicobar Islands, India region",4.6,,,,earthquakes,2012.0,3.0
usp000jg2b,2012-03-10 20:58:09.150000+00:00,Earthquake,Earthquake,8.555,93.891,"Nicobar Islands, India region",4.7,,,,earthquakes,2012.0,3.0
usp000jg8a,2012-03-14 15:39:03.070000+00:00,Earthquake,Earthquake,10.697,93.994,"173 km SE of Port Blair, India",4.3,,,,earthquakes,2012.0,3.0
usp000jg8g,2012-03-14 17:01:50.650000+00:00,Earthquake,Earthquake,10.679,94.004,"Andaman Islands, India region",4.9,,,,earthquakes,2012.0,3.0
usp000jg8m,2012-03-14 17:41:10.140000+00:00,Earthquake,Earthquake,10.535,93.854,"174 km SE of Port Blair, India",5.0,,,,earthquakes,2012.0,3.0
usp000jga2,2012-03-15 14:39:09.120000+00:00,Earthquake,Earthquake,10.753,93.908,"162 km SE of Port Blair, India",4.3,,,,earthquakes,2012.0,3.0
usp000jga3,2012-03-15 14:56:00.590000+00:00,Earthquake,Earthquake,10.535,93.768,"167 km SE of Port Blair, India",4.6,,,,earthquakes,2012.0,3.0
usp000jga5,2012-03-15 15:10:17.560000+00:00,Earthquake,Earthquake,10.441,93.714,"171 km SE of Port Blair, India",4.4,,,,earthquakes,2012.0,3.0
usp000jgag,2012-03-15 20:45:56.400000+00:00,Earthquake,Earthquake,10.465,93.691,"168 km SE of Port Blair, India",4.2,,,,earthquakes,2012.0,3.0
usp000jgah,2012-03-15 20:46:35.020000+00:00,Earthquake,Earthquake,10.533,93.746,"166 km SE of Port Blair, India",4.6,,,,earthquakes,2012.0,3.0
usp000jgaz,2012-03-16 04:57:03.740000+00:00,Earthquake,Earthquake,10.573,93.734,"162 km SE of Port Blair, India",4.2,,,,earthquakes,2012.0,3.0
usp000jgb1,2012-03-16 05:58:16.980000+00:00,Earthquake,Earthquake,10.478,93.661,"165 km SE of Port Blair, India",4.6,,,,earthquakes,2012.0,3.0
usp000jgb4,2012-03-16 07:07:23.310000+00:00,Earthquake,Earthquake,10.542,93.808,"170 km SE of Port Blair, India",4.8,,,,earthquakes,2012.0,3.0
usp000jgbp,2012-03-16 17:11:06.040000+00:00,Earthquake,Earthquake,10.694,93.997,"173 km SE of Port Blair, India",4.3,,,,earthquakes,2012.0,3.0
usp000jgfz,2012-03-19 17:46:02.200000+00:00,Earthquake,Earthquake,29.434,94.873,"111 km NNE of Shi Yomi, India",4.7,,,,earthquakes,2012.0,3.0
usp000jgh3,2012-03-20 10:18:52.030000+00:00,Earthquake,Earthquake,9.481,93.423,"252 km SSE of Port Blair, India",4.9,,,,earthquakes,2012.0,3.0
usp000jgpe,2012-03-23 19:16:55.320000+00:00,Earthquake,Earthquake,10.161,91.865,"192 km SSW of Port Blair, India",4.3,,,,earthquakes,2012.0,3.0
usp000jgw0,2012-03-27 23:40:12.600000+00:00,Earthquake,Earthquake,26.087,87.777,"17 km W of Kishanganj, India",5.0,,,,earthquakes,2012.0,3.0
usp000jhuu,2012-04-13 10:11:53.520000+00:00,Earthquake,Earthquake,25.244,94.983,"67 km SE of Phek, India",4.5,,,,earthquakes,2012.0,4.0
usp000jhx2,2012-04-14 03:22:59.690000+00:00,Earthquake,Earthquake,23.239,70.439,"11 km SE of Bhach?u, India",4.0,,,,earthquakes,2012.0,4.0
usp000jhxg,2012-04-14 05:27:39.580000+00:00,Earthquake,Earthquake,17.247,73.601,"11 km ESE of M?khjan, India",4.4,,,,earthquakes,2012.0,4.0
usp000jhzb,2012-04-14 20:50:52.680000+00:00,Earthquake,Earthquake,34.189,79.768,"201 km E of Leh, India",4.0,,,,earthquakes,2012.0,4.0
usp000jj1k,2012-04-16 01:45:26.410000+00:00,Earthquake,Earthquake,10.398,92.952,"142 km S of Port Blair, India",4.3,,,,earthquakes,2012.0,4.0
usp000jj8v,2012-04-20 02:16:10.610000+00:00,Earthquake,Earthquake,7.48,91.807,"Nicobar Islands, India region",4.2,,,,earthquakes,2012.0,4.0
usp000jjh8,2012-04-24 14:57:10.110000+00:00,Earthquake,Earthquake,8.868,93.949,"Nicobar Islands, India region",5.5,,,,earthquakes,2012.0,4.0
usp000jjha,2012-04-24 15:02:21.170000+00:00,Earthquake,Earthquake,9.032,93.987,"Nicobar Islands, India region",4.6,,,,earthquakes,2012.0,4.0
usp000jjhf,2012-04-24 15:21:05.620000+00:00,Earthquake,Earthquake,8.84,93.84,"Nicobar Islands, India region",4.5,,,,earthquakes,2012.0,4.0
usp000jjhs,2012-04-24 19:14:40.460000+00:00,Earthquake,Earthquake,8.855,93.931,"Nicobar Islands, India region",4.8,,,,earthquakes,2012.0,4.0
usp000jjj3,2012-04-24 22:09:32.060000+00:00,Earthquake,Earthquake,8.802,93.902,"Nicobar Islands, India region",4.5,,,,earthquakes,2012.0,4.0
usp000jjjm,2012-04-25 07:42:23.380000+00:00,Earthquake,Earthquake,9.011,93.945,"Nicobar Islands, India region",5.7,,,,earthquakes,2012.0,4.0
usp000jjjn,2012-04-25 07:53:21.270000+00:00,Earthquake,Earthquake,8.945,93.906,"Nicobar Islands, India region",5.3,,,,earthquakes,2012.0,4.0
usp000jjjp,2012-04-25 08:19:44.920000+00:00,Earthquake,Earthquake,8.952,93.963,"Nicobar Islands, India region",4.3,,,,earthquakes,2012.0,4.0
usp000jjjs,2012-04-25 08:32:11.550000+00:00,Earthquake,Earthquake,8.897,93.918,"Nicobar Islands, India region",4.2,,,,earthquakes,2012.0,4.0
usp000jjju,2012-04-25 08:49:42.980000+00:00,Earthquake,Earthquake,8.971,94.048,"Nicobar Islands, India region",4.5,,,,earthquakes,2012.0,4.0
usp000jjjx,2012-04-25 09:15:38.480000+00:00,Earthquake,Earthquake,8.982,94.117,"Nicobar Islands, India region",4.1,,,,earthquakes,2012.0,4.0
usp000jjk7,2012-04-25 11:30:39.870000+00:00,Earthquake,Earthquake,9.19,93.572,"288 km SSE of Port Blair, India",4.5,,,,earthquakes,2012.0,4.0
usp000jjk8,2012-04-25 11:52:51.540000+00:00,Earthquake,Earthquake,8.81,93.869,"Nicobar Islands, India region",4.3,,,,earthquakes,2012.0,4.0
usp000jjkb,2012-04-25 12:58:12.690000+00:00,Earthquake,Earthquake,8.832,93.898,"Nicobar Islands, India region",4.4,,,,earthquakes,2012.0,4.0
usp000jjkf,2012-04-25 15:49:12.500000+00:00,Earthquake,Earthquake,8.947,93.676,"Nicobar Islands, India region",4.4,,,,earthquakes,2012.0,4.0
usp000jjkk,2012-04-25 16:24:01.220000+00:00,Earthquake,Earthquake,9.11,93.35,"290 km SSE of Port Blair, India",4.0,,,,earthquakes,2012.0,4.0
usp000jjkm,2012-04-25 16:30:59.560000+00:00,Earthquake,Earthquake,8.826,93.882,"Nicobar Islands, India region",5.1,,,,earthquakes,2012.0,4.0
usp000jjkr,2012-04-25 17:33:25.220000+00:00,Earthquake,Earthquake,11.61,92.482,"27 km WSW of Bamboo Flat, India",4.3,,,,earthquakes,2012.0,4.0
usp000jjku,2012-04-25 18:42:31+00:00,Earthquake,Earthquake,8.657,93.879,"Nicobar Islands, India region",4.3,,,,earthquakes,2012.0,4.0
usp000jjtm,2012-04-30 13:06:58.740000+00:00,Earthquake,Earthquake,14.405,93.327,"Andaman Islands, India region",5.2,,,,earthquakes,2012.0,4.0
usp000jjv0,2012-05-01 14:30:43.850000+00:00,Earthquake,Earthquake,10.037,93.633,"204 km SSE of Port Blair, India",4.7,,,,earthquakes,2012.0,5.0
usp000jjvu,2012-05-01 21:36:36.890000+00:00,Earthquake,Earthquake,35.628,76.495,"82 km NNW of Thang, India",4.0,,,,earthquakes,2012.0,5.0
usp000jjvy,2012-05-01 22:43:12.350000+00:00,Earthquake,Earthquake,26.252,92.274,"7 km W of Morigaon, India",4.2,,,,earthquakes,2012.0,5.0
usp000jjwu,2012-05-02 09:57:26.440000+00:00,Earthquake,Earthquake,8.88,93.821,"Nicobar Islands, India region",4.9,,,,earthquakes,2012.0,5.0
usp000jjxw,2012-05-03 01:18:09.280000+00:00,Earthquake,Earthquake,10.1,93.101,"177 km SSE of Port Blair, India",4.9,,,,earthquakes,2012.0,5.0
usp000jjy5,2012-05-03 04:59:31.480000+00:00,Earthquake,Earthquake,8.929,93.903,"Nicobar Islands, India region",4.9,,,,earthquakes,2012.0,5.0
usp000jk0a,2012-05-04 20:09:28.020000+00:00,Earthquake,Earthquake,27.403,95.395,"9 km ENE of Duli?gaon, India",4.4,,,,earthquakes,2012.0,5.0
usp000jka9,2012-05-11 12:41:35.300000+00:00,Earthquake,Earthquake,26.175,92.889,"19 km N of Hoj?i, India",5.4,,,,earthquakes,2012.0,5.0
usp000jkw3,2012-05-24 19:39:27.860000+00:00,Earthquake,Earthquake,14.42,93.318,"Andaman Islands, India region",4.9,,,,earthquakes,2012.0,5.0
usp000jkxx,2012-05-26 04:21:05.700000+00:00,Earthquake,Earthquake,12.902,92.007,"153 km NNW of Bamboo Flat, India",4.3,,,,earthquakes,2012.0,5.0
usp000jm05,2012-05-27 15:01:27.040000+00:00,Earthquake,Earthquake,26.491,91.1,"13 km E of Barpeta Road, India",4.3,,,,earthquakes,2012.0,5.0
usp000jm3y,2012-05-30 01:54:30.620000+00:00,Earthquake,Earthquake,27.328,87.974,"28 km W of Gyalshing, India",4.3,,,,earthquakes,2012.0,5.0
usp000jm4d,2012-05-30 09:28:14.190000+00:00,Earthquake,Earthquake,24.517,95.085,"103 km E of W?ngjing, India",4.5,,,,earthquakes,2012.0,5.0
usp000jm4e,2012-05-30 13:23:01.490000+00:00,Earthquake,Earthquake,8.217,91.782,"Nicobar Islands, India region",4.9,,,,earthquakes,2012.0,5.0
usp000jmm9,2012-06-11 04:35:59.960000+00:00,Earthquake,Earthquake,27.306,88.13,"12 km W of Gyalshing, India",4.5,,,,earthquakes,2012.0,6.0
usp000jmz6,2012-06-19 14:00:07.610000+00:00,Earthquake,Earthquake,28.728,76.685,"10 km WSW of Kheri S?mpla, India",4.1,,,,earthquakes,2012.0,6.0
usp000jmzk,2012-06-19 20:14:05.720000+00:00,Earthquake,Earthquake,23.647,70.252,"39 km NNW of Bhach?u, India",5.0,,,,earthquakes,2012.0,6.0
usp000jn6d,2012-06-24 12:13:02.520000+00:00,Earthquake,Earthquake,34.318,80.248,"245 km E of Leh, India",4.3,,,,earthquakes,2012.0,6.0
usp000jned,2012-06-30 19:43:25.210000+00:00,Earthquake,Earthquake,28.638,96.393,"64 km NNW of Hayuliang, India",4.7,,,,earthquakes,2012.0,6.0
usp000jnev,2012-07-01 04:13:52.090000+00:00,Earthquake,Earthquake,25.592,94.696,"21 km ESE of Phek, India",5.6,,,,earthquakes,2012.0,7.0
usp000jney,2012-07-01 04:54:04.390000+00:00,Earthquake,Earthquake,25.587,94.723,"24 km ESE of Phek, India",4.3,,,,earthquakes,2012.0,7.0
usp000jnrt,2012-07-08 10:28:10.240000+00:00,Earthquake,Earthquake,12.69,91.311,"188 km NW of Bamboo Flat, India",4.7,,,,earthquakes,2012.0,7.0
usp000jnvx,2012-07-11 14:48:32.820000+00:00,Earthquake,Earthquake,35.622,76.512,"81 km NNW of Thang, India",4.2,,,,earthquakes,2012.0,7.0
usp000jnvz,2012-07-11 15:22:31.320000+00:00,Earthquake,Earthquake,35.539,76.531,"71 km NNW of Thang, India",4.1,,,,earthquakes,2012.0,7.0
usp000jp0s,2012-07-14 19:55:17.950000+00:00,Earthquake,Earthquake,25.424,94.48,"26 km S of Phek, India",5.2,,,,earthquakes,2012.0,7.0
usp000jp3e,2012-07-17 06:00:41.110000+00:00,Earthquake,Earthquake,23.054,93.074,"8 km S of North Vanlaiphai, India",4.4,,,,earthquakes,2012.0,7.0
usp000jpfg,2012-07-26 05:31:38.020000+00:00,Earthquake,Earthquake,33.466,76.105,"35 km ENE of Kishtw?r, India",4.4,,,,earthquakes,2012.0,7.0
usp000jprc,2012-08-01 21:58:38.880000+00:00,Earthquake,Earthquake,26.055,96.311,"52 km WSW of Sarupathar, India",4.7,,,,earthquakes,2012.0,8.0
usp000jpsn,2012-08-02 14:48:27.860000+00:00,Earthquake,Earthquake,9.16,93.67,"295 km SSE of Port Blair, India",4.0,,,,earthquakes,2012.0,8.0
usp000jpsx,2012-08-02 18:00:26.210000+00:00,Earthquake,Earthquake,33.731,75.446,"27 km E of Anantnag, India",4.1,,,,earthquakes,2012.0,8.0
usp000jpsz,2012-08-02 19:06:12.700000+00:00,Earthquake,Earthquake,26.103,96.324,"49 km WSW of Sarupathar, India",5.1,,,,earthquakes,2012.0,8.0
usp000jpxf,2012-08-05 14:10:30.330000+00:00,Earthquake,Earthquake,30.352,94.849,"207 km NNE of Shi Yomi, India",5.0,,,,earthquakes,2012.0,8.0
usp000jpxh,2012-08-05 14:29:10.420000+00:00,Earthquake,Earthquake,13.936,93.099,"250 km N of Bamboo Flat, India",4.5,,,,earthquakes,2012.0,8.0
usp000jpyw,2012-08-06 14:15:46.550000+00:00,Earthquake,Earthquake,35.804,77.712,"128 km NE of Thang, India",4.6,,,,earthquakes,2012.0,8.0
usp000jpzf,2012-08-07 00:17:57.250000+00:00,Earthquake,Earthquake,30.335,94.855,"205 km NNE of Shi Yomi, India",4.9,,,,earthquakes,2012.0,8.0
usp000jpzj,2012-08-07 01:49:53.350000+00:00,Earthquake,Earthquake,13.942,93.077,"251 km N of Bamboo Flat, India",4.5,,,,earthquakes,2012.0,8.0
usp000jq2d,2012-08-08 19:22:18.740000+00:00,Earthquake,Earthquake,35.712,77.535,"110 km NE of Thang, India",4.3,,,,earthquakes,2012.0,8.0
usp000jq2w,2012-08-09 05:49:55.090000+00:00,Earthquake,Earthquake,30.317,94.846,"203 km NNE of Shi Yomi, India",4.9,,,,earthquakes,2012.0,8.0
usp000jq34,2012-08-09 08:25:50.750000+00:00,Earthquake,Earthquake,30.401,94.986,"215 km NNE of Shi Yomi, India",4.4,,,,earthquakes,2012.0,8.0
usp000jqcf,2012-08-16 04:46:00.850000+00:00,Earthquake,Earthquake,30.287,94.71,"197 km N of Shi Yomi, India",4.2,,,,earthquakes,2012.0,8.0
usp000jqgm,2012-08-19 09:24:49.380000+00:00,Earthquake,Earthquake,26.599,92.57,"14 km SE of Dhekiajuli, India",4.8,,,,earthquakes,2012.0,8.0
usp000jqgv,2012-08-19 12:13:30.950000+00:00,Earthquake,Earthquake,10.539,91.705,"168 km SW of Port Blair, India",4.3,,,,earthquakes,2012.0,8.0
usp000jqh4,2012-08-19 19:04:57.560000+00:00,Earthquake,Earthquake,26.561,92.622,"18 km NE of Dhing, India",4.0,,,,earthquakes,2012.0,8.0
usp000jqp7,2012-08-24 18:35:04.910000+00:00,Earthquake,Earthquake,13.432,93.443,"207 km NNE of Bamboo Flat, India",4.0,,,,earthquakes,2012.0,8.0
usp000jqwz,2012-08-27 12:05:23.410000+00:00,Earthquake,Earthquake,10.21,92.802,"161 km S of Port Blair, India",5.2,,,,earthquakes,2012.0,8.0
usp000jrvu,2012-09-06 18:27:11.800000+00:00,Earthquake,Earthquake,25.455,91.208,"8 km SW of Nongstoin, India",4.5,,,,earthquakes,2012.0,9.0
usp000js2z,2012-09-10 06:19:20.580000+00:00,Earthquake,Earthquake,13.643,92.848,"215 km N of Bamboo Flat, India",4.9,,,,earthquakes,2012.0,9.0
usp000js3g,2012-09-10 13:11:31.470000+00:00,Earthquake,Earthquake,10.358,93.475,"165 km SSE of Port Blair, India",4.2,,,,earthquakes,2012.0,9.0
usp000js3j,2012-09-10 13:16:23.360000+00:00,Earthquake,Earthquake,10.397,93.408,"157 km SSE of Port Blair, India",4.5,,,,earthquakes,2012.0,9.0
usp000js3m,2012-09-10 14:35:42.810000+00:00,Earthquake,Earthquake,10.459,93.616,"163 km SE of Port Blair, India",5.2,,,,earthquakes,2012.0,9.0
usp000js3s,2012-09-10 18:52:18.100000+00:00,Earthquake,Earthquake,10.548,93.673,"159 km SE of Port Blair, India",4.4,,,,earthquakes,2012.0,9.0
usp000js41,2012-09-10 21:38:21.810000+00:00,Earthquake,Earthquake,10.433,93.423,"155 km SSE of Port Blair, India",4.6,,,,earthquakes,2012.0,9.0
usp000js60,2012-09-11 18:09:49.790000+00:00,Earthquake,Earthquake,24.41,93.53,"16 km WNW of Chur?ch?ndpur, India",4.5,,,,earthquakes,2012.0,9.0
usp000jshq,2012-09-18 12:26:25.280000+00:00,Earthquake,Earthquake,27.33,88.642,"2 km E of Gangtok, India",4.6,,,,earthquakes,2012.0,9.0
usp000jtcv,2012-10-02 03:45:30.090000+00:00,Earthquake,Earthquake,32.401,76.507,"26 km NE of Dharamsala, India",4.6,,,,earthquakes,2012.0,10.0
usp000jtd8,2012-10-02 08:34:54.360000+00:00,Earthquake,Earthquake,32.471,76.632,"38 km WSW of Kyelang, India",4.8,,,,earthquakes,2012.0,10.0
usp000jte2,2012-10-02 18:37:38.700000+00:00,Earthquake,Earthquake,26.879,92.818,"15 km ENE of Rang?p?ra, India",5.2,,,,earthquakes,2012.0,10.0
usp000jte5,2012-10-02 18:40:42.920000+00:00,Earthquake,Earthquake,26.953,92.994,"34 km ENE of Rang?p?ra, India",4.6,,,,earthquakes,2012.0,10.0
usp000jte6,2012-10-02 18:51:38.010000+00:00,Earthquake,Earthquake,26.913,92.939,"28 km ENE of Rang?p?ra, India",4.5,,,,earthquakes,2012.0,10.0
usp000jtfn,2012-10-03 10:04:50.650000+00:00,Earthquake,Earthquake,33.498,75.963,"27 km NE of Kishtw?r, India",4.1,,,,earthquakes,2012.0,10.0
usp000jtfr,2012-10-03 10:49:26.470000+00:00,Earthquake,Earthquake,32.296,76.254,"10 km NW of Dharamsala, India",4.2,,,,earthquakes,2012.0,10.0
usp000jtrg,2012-10-08 17:46:20.670000+00:00,Earthquake,Earthquake,31.832,78.444,"71 km ENE of Sar?han, India",4.9,,,,earthquakes,2012.0,10.0
usp000jttc,2012-10-10 05:29:56.710000+00:00,Earthquake,Earthquake,26.064,96.368,"46 km WSW of Sarupathar, India",4.2,,,,earthquakes,2012.0,10.0
usp000jtx5,2012-10-12 23:16:14.620000+00:00,Earthquake,Earthquake,24.548,94.017,"6 km SW of W?ngjing, India",4.0,,,,earthquakes,2012.0,10.0
usp000ju41,2012-10-18 02:33:27.970000+00:00,Earthquake,Earthquake,23.769,81.314,"12 km NW of Jaisinghnagar, India",5.0,,,,earthquakes,2012.0,10.0
usp000ju77,2012-10-20 10:38:19.600000+00:00,Earthquake,Earthquake,7.381,91.799,"Nicobar Islands, India region",4.5,,,,earthquakes,2012.0,10.0
usp000ju7f,2012-10-20 18:27:09.840000+00:00,Earthquake,Earthquake,28.319,91.838,"82 km N of Tawang, India",4.2,,,,earthquakes,2012.0,10.0
usp000judc,2012-10-24 21:07:40.670000+00:00,Earthquake,Earthquake,28.858,94.39,"36 km N of Shi Yomi, India",4.0,,,,earthquakes,2012.0,10.0
usp000jugz,2012-10-27 18:50:52.600000+00:00,Earthquake,Earthquake,13.643,92.925,"216 km N of Bamboo Flat, India",4.4,,,,earthquakes,2012.0,10.0
usp000juj1,2012-10-28 03:08:52.410000+00:00,Earthquake,Earthquake,10.345,92.575,"147 km S of Port Blair, India",5.0,,,,earthquakes,2012.0,10.0
usp000jus2,2012-10-30 01:40:26.490000+00:00,Earthquake,Earthquake,26.117,92.337,"14 km S of Morigaon, India",4.6,,,,earthquakes,2012.0,10.0
usp000juux,2012-10-31 19:53:56.140000+00:00,Earthquake,Earthquake,8.305,93.974,"Nicobar Islands, India region",4.3,,,,earthquakes,2012.0,10.0
usp000juy9,2012-11-02 21:31:48.630000+00:00,Earthquake,Earthquake,24.893,95.088,"104 km SE of Phek, India",4.5,,,,earthquakes,2012.0,11.0
usp000jvdc,2012-11-11 20:23:12.680000+00:00,Earthquake,Earthquake,32.294,76.331,"8 km N of Dharamsala, India",4.0,,,,earthquakes,2012.0,11.0
usp000jw1n,2012-11-25 06:01:45.530000+00:00,Earthquake,Earthquake,23.62,91.482,"9 km N of Udaipur, India",4.5,,,,earthquakes,2012.0,11.0
usp000jw44,2012-11-26 23:13:52.470000+00:00,Earthquake,Earthquake,13.85,93.637,"257 km NNE of Bamboo Flat, India",5.1,,,,earthquakes,2012.0,11.0
usp000jw4z,2012-11-27 12:15:16.870000+00:00,Earthquake,Earthquake,30.9,78.422,"18 km N of Uttark?shi, India",4.4,,,,earthquakes,2012.0,11.0
usp000jw8p,2012-11-30 03:52:20.700000+00:00,Earthquake,Earthquake,25.683,95.998,"99 km SW of Sarupathar, India",4.4,,,,earthquakes,2012.0,11.0
usp000jw9j,2012-11-30 19:39:30.580000+00:00,Earthquake,Earthquake,27.22,88.2,"9 km SW of Gyalshing, India",4.7,,,,earthquakes,2012.0,11.0
usp000jwfx,2012-12-05 08:05:03.300000+00:00,Earthquake,Earthquake,25.019,95.094,"93 km SE of Phek, India",4.2,,,,earthquakes,2012.0,12.0
usp000jwp1,2012-12-08 07:06:10.080000+00:00,Earthquake,Earthquake,22.96,70.302,"11 km SE of K?ndla, India",4.1,,,,earthquakes,2012.0,12.0
usp000jxkz,2012-12-30 08:16:43.130000+00:00,Earthquake,Earthquake,24.209,91.782,"5 km WNW of Kamalpur, India",4.3,,,,earthquakes,2012.0,12.0
usp000jxs4,2013-01-03 05:47:27.730000+00:00,Earthquake,Earthquake,24.886,94.002,"10 km NE of Imph?l, India",4.4,,,,earthquakes,2013.0,1.0
usp000jy0m,2013-01-07 05:32:42.820000+00:00,Earthquake,Earthquake,28.216,94.242,"37 km SSW of Shi Yomi, India",4.2,,,,earthquakes,2013.0,1.0
usp000jy3c,2013-01-09 01:41:53.260000+00:00,Earthquake,Earthquake,25.329,95.048,"66 km SE of Phek, India",5.8,,,,earthquakes,2013.0,1.0
usp000jy7t,2013-01-11 09:10:14.980000+00:00,Earthquake,Earthquake,13.304,92.342,"182 km NNW of Bamboo Flat, India",4.9,,,,earthquakes,2013.0,1.0
usp000jyqg,2013-01-22 15:49:24.010000+00:00,Earthquake,Earthquake,34.214,80.306,"250 km E of Leh, India",4.0,,,,earthquakes,2013.0,1.0
usc000ezb1,2013-01-31 20:31:00.640000+00:00,Earthquake,Earthquake,13.975,93.088,"254 km N of Bamboo Flat, India",4.6,,,,earthquakes,2013.0,1.0
usp000jyzk,2013-02-04 01:19:28.890000+00:00,Earthquake,Earthquake,11.724,92.699,"3 km NW of Bamboo Flat, India",4.6,,,,earthquakes,2013.0,2.0
usc000f18y,2013-02-05 03:57:27.240000+00:00,Earthquake,Earthquake,13.857,92.933,"239 km N of Bamboo Flat, India",4.8,,,,earthquakes,2013.0,2.0
usc000f2iq,2013-02-06 19:01:45.700000+00:00,Earthquake,Earthquake,34.247,80.424,"261 km E of Leh, India",4.9,,,,earthquakes,2013.0,2.0
usc000f9hq,2013-02-06 19:05:30.740000+00:00,Earthquake,Earthquake,34.347,80.606,"279 km E of Leh, India",4.2,,,,earthquakes,2013.0,2.0
usc000f5fv,2013-02-11 10:48:52.100000+00:00,Earthquake,Earthquake,30.969,78.268,"18 km NNE of Barkot, India",4.6,,,,earthquakes,2013.0,2.0
usp000jzeu,2013-02-19 17:16:47.680000+00:00,Earthquake,Earthquake,7.92,91.913,"Nicobar Islands, India region",4.4,,,,earthquakes,2013.0,2.0
us2013maan,2013-02-24 14:33:21.710000+00:00,Earthquake,Earthquake,11.011,91.998,"109 km SW of Port Blair, India",4.7,,,,earthquakes,2013.0,2.0
us2013maat,2013-02-24 15:16:42.440000+00:00,Earthquake,Earthquake,29.945,94.95,"166 km NNE of Shi Yomi, India",4.0,,,,earthquakes,2013.0,2.0
usc000ff4h,2013-03-02 01:30:38.630000+00:00,Earthquake,Earthquake,24.677,92.222,"25 km SSW of Kar?mganj, India",5.2,,,,earthquakes,2013.0,3.0
us2013mwaf,2013-03-17 04:17:39.470000+00:00,Earthquake,Earthquake,29.101,95.869,"126 km NNE of P?sigh?t, India",4.4,,,,earthquakes,2013.0,3.0
usb000fpdb,2013-03-20 02:10:26.630000+00:00,Earthquake,Earthquake,12.599,93.703,"146 km NE of Bamboo Flat, India",4.7,,,,earthquakes,2013.0,3.0
us2013mza2,2013-03-20 23:02:05.960000+00:00,Earthquake,Earthquake,14.37,93.123,"298 km N of Bamboo Flat, India",4.3,,,,earthquakes,2013.0,3.0
usb000fsld,2013-03-26 04:26:19.060000+00:00,Earthquake,Earthquake,11.05,93.477,"104 km SE of Port Blair, India",4.5,,,,earthquakes,2013.0,3.0
usp000k07d,2013-04-14 09:55:42.660000+00:00,Earthquake,Earthquake,13.027,93.436,"166 km NNE of Bamboo Flat, India",4.1,,,,earthquakes,2013.0,4.0
usb000g7ns,2013-04-16 01:23:23.420000+00:00,Earthquake,Earthquake,26.06,91.979,"19 km ESE of Dispur, India",4.4,,,,earthquakes,2013.0,4.0
usb000g7uy,2013-04-16 08:34:14.090000+00:00,Earthquake,Earthquake,28.887,95.15,"Arunachal Pradesh, India",5.2,,,,earthquakes,2013.0,4.0
usp000k08v,2013-04-17 03:01:38.230000+00:00,Earthquake,Earthquake,33.249,76.663,"31 km SW of Padam, India",4.0,,,,earthquakes,2013.0,4.0
us2013pddr,2013-04-18 21:18:43.630000+00:00,Earthquake,Earthquake,13.912,93.101,"248 km N of Bamboo Flat, India",4.2,,,,earthquakes,2013.0,4.0
us2013pedr,2013-04-19 06:35:52.970000+00:00,Earthquake,Earthquake,27.333,87.853,"40 km W of Gyalshing, India",4.2,,,,earthquakes,2013.0,4.0
us2013pmcc,2013-04-27 03:17:13.120000+00:00,Earthquake,Earthquake,27.608,92.992,"67 km NE of Bomdila, India",4.1,,,,earthquakes,2013.0,4.0
us2013pmce,2013-04-27 05:16:56.250000+00:00,Earthquake,Earthquake,27.513,92.644,"35 km NE of Bomdila, India",4.4,,,,earthquakes,2013.0,4.0
usb000gikz,2013-04-30 09:41:51.600000+00:00,Earthquake,Earthquake,33.152,75.741,"18 km E of Doda, India",4.5,,,,earthquakes,2013.0,4.0
usb000gjhz,2013-05-01 06:57:13.480000+00:00,Earthquake,Earthquake,33.061,75.863,"16 km ENE of Bhadarw?h, India",5.7,,,,earthquakes,2013.0,5.0
usp000k0h5,2013-05-01 07:05:36.310000+00:00,Earthquake,Earthquake,33.055,75.724,"8 km N of Bhadarw?h, India",4.2,,,,earthquakes,2013.0,5.0
usb000gjjv,2013-05-01 09:19:45.930000+00:00,Earthquake,Earthquake,33.001,75.764,"4 km ENE of Bhadarw?h, India",4.6,,,,earthquakes,2013.0,5.0
usp000k0hs,2013-05-02 00:30:07.400000+00:00,Earthquake,Earthquake,32.964,75.69,"3 km SW of Bhadarw?h, India",4.2,,,,earthquakes,2013.0,5.0
usp000k0ht,2013-05-02 00:30:41.250000+00:00,Earthquake,Earthquake,33.121,75.827,"18 km NNE of Bhadarw?h, India",4.3,,,,earthquakes,2013.0,5.0
us2013ptcb,2013-05-03 03:25:43.560000+00:00,Earthquake,Earthquake,5.876,92.588,off the west coast of northern Sumatra,4.3,,,,earthquakes,2013.0,5.0
usc000gmi9,2013-05-03 04:16:09.700000+00:00,Earthquake,Earthquake,12.887,93.333,"147 km NNE of Bamboo Flat, India",4.5,,,,earthquakes,2013.0,5.0
usc000gpk4,2013-05-06 20:53:55.860000+00:00,Earthquake,Earthquake,13.151,92.244,"168 km NNW of Bamboo Flat, India",4.4,,,,earthquakes,2013.0,5.0
us2013pxdb,2013-05-07 15:01:45.820000+00:00,Earthquake,Earthquake,13.817,92.914,"235 km N of Bamboo Flat, India",4.3,,,,earthquakes,2013.0,5.0
us2013qecn,2013-05-14 14:57:00.920000+00:00,Earthquake,Earthquake,13.898,93.068,"246 km N of Bamboo Flat, India",4.1,,,,earthquakes,2013.0,5.0
usc000gwr4,2013-05-14 19:58:24.430000+00:00,Earthquake,Earthquake,33.121,75.735,"15 km N of Bhadarw?h, India",4.3,,,,earthquakes,2013.0,5.0
usc000gwrb,2013-05-14 20:00:07.770000+00:00,Earthquake,Earthquake,33.101,75.727,"13 km N of Bhadarw?h, India",4.7,,,,earthquakes,2013.0,5.0
us2013qec4,2013-05-14 20:03:36.620000+00:00,Earthquake,Earthquake,33.087,75.709,"11 km N of Bhadarw?h, India",4.7,,,,earthquakes,2013.0,5.0
usp000k0q5,2013-05-15 17:33:12.100000+00:00,Earthquake,Earthquake,8.385,92.298,"Nicobar Islands, India region",4.0,,,,earthquakes,2013.0,5.0
usb000hbd2,2013-06-01 13:28:53.880000+00:00,Earthquake,Earthquake,22.02,88.572,"22 km NE of Kultali, India",4.1,,,,earthquakes,2013.0,6.0
us2013rade,2013-06-04 17:24:20.240000+00:00,Earthquake,Earthquake,19.884,68.094,"250 km SW of Porbandar, India",4.1,,,,earthquakes,2013.0,6.0
usb000hd78,2013-06-04 17:34:50.750000+00:00,Earthquake,Earthquake,32.672,76.601,"41 km WNW of Kyelang, India",4.9,,,,earthquakes,2013.0,6.0
usc000hgjk,2013-06-05 22:04:03.100000+00:00,Earthquake,Earthquake,32.907,76.286,"41 km NNE of Chamba, India",4.0,,,,earthquakes,2013.0,6.0
usc000hh4l,2013-06-06 13:03:26+00:00,Earthquake,Earthquake,10.549,91.699,"168 km SW of Port Blair, India",4.6,,,,earthquakes,2013.0,6.0
usp000k1ah,2013-06-18 02:25:35.300000+00:00,Earthquake,Earthquake,6.266,87.411,Bay of Bengal,4.3,,,,earthquakes,2013.0,6.0
usc000i0ki,2013-06-26 05:48:47.180000+00:00,Earthquake,Earthquake,9.379,91.246,"Nicobar Islands, India region",5.3,,,,earthquakes,2013.0,6.0
usb000i2kc,2013-06-28 15:35:55.270000+00:00,Earthquake,Earthquake,10.623,93.507,"142 km SE of Port Blair, India",4.8,,,,earthquakes,2013.0,6.0
usp000k1s8,2013-07-06 21:41:53.420000+00:00,Earthquake,Earthquake,25.937,93.412,"10 km N of Diphu, India",4.1,,,,earthquakes,2013.0,7.0
usp000k1tj,2013-07-08 03:44:20.050000+00:00,Earthquake,Earthquake,23.84,91.359,"0 km NW of R?n?r B?z?r, India",4.1,,,,earthquakes,2013.0,7.0
usb000i9y4,2013-07-09 13:49:18.870000+00:00,Earthquake,Earthquake,32.765,78.197,"111 km ENE of Man?li, India",5.0,,,,earthquakes,2013.0,7.0
usp000k1v5,2013-07-09 15:52:34.080000+00:00,Earthquake,Earthquake,32.85,78.327,"125 km ENE of Kyelang, India",4.0,,,,earthquakes,2013.0,7.0
usp000k1wu,2013-07-11 18:48:12.420000+00:00,Earthquake,Earthquake,29.094,95.935,"127 km NNW of Hayuliang, India",4.2,,,,earthquakes,2013.0,7.0
usp000k1x3,2013-07-11 23:25:59.490000+00:00,Earthquake,Earthquake,10.913,91.681,"142 km SW of Bamboo Flat, India",4.2,,,,earthquakes,2013.0,7.0
usp000k1xk,2013-07-12 07:01:32.200000+00:00,Earthquake,Earthquake,26.267,90.7,"6 km SSE of Abhay?puri, India",4.1,,,,earthquakes,2013.0,7.0
usb000idsv,2013-07-13 17:49:36.640000+00:00,Earthquake,Earthquake,32.383,76.535,"27 km NE of Dharamsala, India",4.4,,,,earthquakes,2013.0,7.0
usb000ilwn,2013-07-24 19:51:54.990000+00:00,Earthquake,Earthquake,12.978,93.235,"152 km NNE of Bamboo Flat, India",4.7,,,,earthquakes,2013.0,7.0
usc000ircx,2013-07-29 02:26:29.740000+00:00,Earthquake,Earthquake,14.038,92.892,"259 km N of Bamboo Flat, India",4.5,,,,earthquakes,2013.0,7.0
usb000iztl,2013-07-29 13:07:03+00:00,Earthquake,Earthquake,23.2863,70.4026,"6 km ESE of Bhach?u, India",4.0,,,,earthquakes,2013.0,7.0
usb000itvz,2013-08-02 02:32:47.770000+00:00,Earthquake,Earthquake,33.2663,75.9377,"16 km ESE of Kishtw?r, India",5.0,,,,earthquakes,2013.0,8.0
usb000iug2,2013-08-02 21:37:46.070000+00:00,Earthquake,Earthquake,33.2967,75.9504,"17 km E of Kishtw?r, India",5.2,,,,earthquakes,2013.0,8.0
usb000ivha,2013-08-05 13:57:48.780000+00:00,Earthquake,Earthquake,33.4569,76.0182,"28 km NE of Kishtw?r, India",4.3,,,,earthquakes,2013.0,8.0
usb000j2v5,2013-08-05 14:46:00.350000+00:00,Earthquake,Earthquake,33.3339,75.9342,"15 km E of Kishtw?r, India",4.1,,,,earthquakes,2013.0,8.0
usb000j2w5,2013-08-06 18:36:30.500000+00:00,Earthquake,Earthquake,23.3104,88.4902,"9 km NE of Sh?ntipur, India",4.5,,,,earthquakes,2013.0,8.0
usb000j2ka,2013-08-13 21:25:27.690000+00:00,Earthquake,Earthquake,25.5549,96.2594,"90 km SW of Sarupathar, India",4.3,,,,earthquakes,2013.0,8.0
usb000j3xu,2013-08-15 16:51:35.710000+00:00,Earthquake,Earthquake,11.0299,95.039,"259 km ESE of Port Blair, India",4.6,,,,earthquakes,2013.0,8.0
usb000j5jv,2013-08-17 14:41:18.980000+00:00,Earthquake,Earthquake,11.183,93.3084,"81 km SE of Port Blair, India",4.6,,,,earthquakes,2013.0,8.0
usb000jabt,2013-08-18 00:14:38.750000+00:00,Earthquake,Earthquake,11.1044,95.1931,"274 km ESE of Port Blair, India",4.2,,,,earthquakes,2013.0,8.0
usb000j66f,2013-08-18 23:53:31.680000+00:00,Earthquake,Earthquake,33.2183,75.8728,"14 km SE of Kishtw?r, India",4.8,,,,earthquakes,2013.0,8.0
usb000j80x,2013-08-21 06:57:21.490000+00:00,Earthquake,Earthquake,26.6306,92.5269,"9 km SSE of Dhekiajuli, India",4.2,,,,earthquakes,2013.0,8.0
usb000j81c,2013-08-21 08:41:51.110000+00:00,Earthquake,Earthquake,26.6379,92.5235,"8 km SSE of Dhekiajuli, India",4.2,,,,earthquakes,2013.0,8.0
usb000jc6e,2013-08-21 12:56:30.410000+00:00,Earthquake,Earthquake,24.5651,94.7308,"67 km E of W?ngjing, India",4.2,,,,earthquakes,2013.0,8.0
usb000jd2p,2013-08-29 10:13:24.110000+00:00,Earthquake,Earthquake,31.4785,76.2727,"1 km NNE of Una, India",4.4,,,,earthquakes,2013.0,8.0
usb000jehx,2013-08-31 21:06:34.490000+00:00,Earthquake,Earthquake,28.7788,94.4454,"28 km NNE of Shi Yomi, India",4.5,,,,earthquakes,2013.0,8.0
usb000jfkv,2013-09-03 08:06:19.150000+00:00,Earthquake,Earthquake,33.2574,75.8656,"11 km SE of Kishtw?r, India",4.2,,,,earthquakes,2013.0,9.0
usc000jqxv,2013-09-04 15:35:05.770000+00:00,Earthquake,Earthquake,8.5865,93.7843,"Nicobar Islands, India region",4.3,,,,earthquakes,2013.0,9.0
usb000ji46,2013-09-05 01:13:34.180000+00:00,Earthquake,Earthquake,9.3496,93.852,"283 km SSE of Port Blair, India",4.2,,,,earthquakes,2013.0,9.0
usb000jirl,2013-09-05 18:11:28.600000+00:00,Earthquake,Earthquake,33.2221,75.404,"14 km NE of Batoti, India",4.5,,,,earthquakes,2013.0,9.0
usb000jkq0,2013-09-07 03:24:56.240000+00:00,Earthquake,Earthquake,25.3564,95.0718,"66 km ESE of Phek, India",4.5,,,,earthquakes,2013.0,9.0
usb000jm0y,2013-09-09 11:58:16.360000+00:00,Earthquake,Earthquake,27.1438,92.3593,"14 km SSW of Bomdila, India",4.5,,,,earthquakes,2013.0,9.0
usc000jrh5,2013-09-11 10:09:40.650000+00:00,Earthquake,Earthquake,10.4984,92.3039,"137 km SSW of Port Blair, India",4.5,,,,earthquakes,2013.0,9.0
usb000jyfq,2013-09-18 15:43:05.060000+00:00,Earthquake,Earthquake,13.0868,93.2103,"162 km NNE of Bamboo Flat, India",4.4,,,,earthquakes,2013.0,9.0
usb000k60p,2013-09-26 05:30:05.660000+00:00,Earthquake,Earthquake,23.8621,93.2795,"39 km ESE of Darlawn, India",4.6,,,,earthquakes,2013.0,9.0
usb000k1re,2013-09-28 19:50:32.960000+00:00,Earthquake,Earthquake,24.8368,94.7407,"72 km ENE of Yairipok, India",4.2,,,,earthquakes,2013.0,9.0
usb000k57j,2013-10-03 06:12:39.140000+00:00,Earthquake,Earthquake,27.2898,88.4022,"11 km WNW of Singtam, India",5.2,,,,earthquakes,2013.0,10.0
usb000k7lw,2013-10-06 06:59:11.030000+00:00,Earthquake,Earthquake,12.9734,92.981,"143 km NNE of Bamboo Flat, India",4.5,,,,earthquakes,2013.0,10.0
usb000kdfs,2013-10-07 20:53:58.620000+00:00,Earthquake,Earthquake,26.2602,92.9225,"29 km NNE of Hoj?i, India",4.2,,,,earthquakes,2013.0,10.0
usb000kdg7,2013-10-08 09:31:11+00:00,Earthquake,Earthquake,9.7794,93.8132,"239 km SSE of Port Blair, India",4.6,,,,earthquakes,2013.0,10.0
usb000k9ep,2013-10-09 11:35:59.580000+00:00,Earthquake,Earthquake,10.2984,92.2811,"159 km SSW of Port Blair, India",4.3,,,,earthquakes,2013.0,10.0
usb000kiuq,2013-10-13 05:52:59.140000+00:00,Earthquake,Earthquake,10.7355,91.7454,"150 km SW of Port Blair, India",4.1,,,,earthquakes,2013.0,10.0
usb000kiwf,2013-10-15 00:41:03.450000+00:00,Earthquake,Earthquake,10.6106,91.4722,"181 km SW of Bamboo Flat, India",4.6,,,,earthquakes,2013.0,10.0
usc000kpbk,2013-10-17 00:33:14.310000+00:00,Earthquake,Earthquake,14.0582,93.0065,"262 km N of Bamboo Flat, India",4.2,,,,earthquakes,2013.0,10.0
usb000khnw,2013-10-20 19:45:07.850000+00:00,Earthquake,Earthquake,35.7595,77.4189,"108 km NNE of Thang, India",5.4,,,,earthquakes,2013.0,10.0
usb000khr1,2013-10-21 02:26:11.140000+00:00,Earthquake,Earthquake,35.2895,76.9996,"44 km NNE of Thang, India",4.5,,,,earthquakes,2013.0,10.0
usb000khr2,2013-10-21 02:27:13.710000+00:00,Earthquake,Earthquake,35.3406,77.0837,"52 km NNE of Thang, India",5.4,,,,earthquakes,2013.0,10.0
usc000km5a,2013-10-24 09:12:40.910000+00:00,Earthquake,Earthquake,35.3041,77.1447,"52 km NE of Thang, India",4.2,,,,earthquakes,2013.0,10.0
usc000kmdj,2013-10-24 17:57:36.970000+00:00,Earthquake,Earthquake,14.2917,93.0654,"289 km N of Bamboo Flat, India",5.4,,,,earthquakes,2013.0,10.0
usb000kx8x,2013-10-24 20:14:31.690000+00:00,Earthquake,Earthquake,14.3021,92.9677,"289 km N of Bamboo Flat, India",4.2,,,,earthquakes,2013.0,10.0
usc000knei,2013-10-26 00:05:03.550000+00:00,Earthquake,Earthquake,33.1049,75.9359,"24 km NE of Bhadarw?h, India",4.5,,,,earthquakes,2013.0,10.0
usb000kxat,2013-10-26 11:06:22.610000+00:00,Earthquake,Earthquake,14.3674,93.0966,"297 km N of Bamboo Flat, India",4.2,,,,earthquakes,2013.0,10.0
usb000ky9i,2013-10-28 01:08:09.480000+00:00,Earthquake,Earthquake,25.2388,95.5348,"114 km ESE of Phek, India",4.0,,,,earthquakes,2013.0,10.0
usc000kpkb,2013-10-28 07:34:46.900000+00:00,Earthquake,Earthquake,8.5861,93.4763,"Nicobar Islands, India region",4.5,,,,earthquakes,2013.0,10.0
usc000kpl5,2013-10-28 08:40:40.080000+00:00,Earthquake,Earthquake,9.8456,92.7587,"201 km S of Port Blair, India",4.4,,,,earthquakes,2013.0,10.0
usb000kry8,2013-11-03 06:54:07.290000+00:00,Earthquake,Earthquake,10.5493,92.8679,"124 km S of Port Blair, India",4.8,,,,earthquakes,2013.0,11.0
usb000ksbm,2013-11-04 12:56:22.710000+00:00,Earthquake,Earthquake,14.2853,93.1914,"290 km N of Bamboo Flat, India",4.8,,,,earthquakes,2013.0,11.0
usb000ktbm,2013-11-06 04:16:16.060000+00:00,Earthquake,Earthquake,26.4118,93.6451,"24 km SSW of Num?ligarh, India",5.4,,,,earthquakes,2013.0,11.0
usb000kylc,2013-11-06 04:19:20.640000+00:00,Earthquake,Earthquake,26.3701,93.5345,"30 km SSW of Bok?kh?t, India",4.8,,,,earthquakes,2013.0,11.0
usb000ktdx,2013-11-06 09:34:45.100000+00:00,Earthquake,Earthquake,14.1439,93.0686,"273 km N of Bamboo Flat, India",4.4,,,,earthquakes,2013.0,11.0
usb000ktgz,2013-11-06 14:53:14.040000+00:00,Earthquake,Earthquake,31.726,76.1301,"9 km NE of Gagret, India",4.4,,,,earthquakes,2013.0,11.0
usb000kz2g,2013-11-10 20:30:04.820000+00:00,Earthquake,Earthquake,11.0579,91.893,"114 km SW of Bamboo Flat, India",4.4,,,,earthquakes,2013.0,11.0
usb000kvrg,2013-11-11 13:21:32.730000+00:00,Earthquake,Earthquake,35.3447,77.1001,"54 km NNE of Thang, India",4.0,,,,earthquakes,2013.0,11.0
usb000kwcc,2013-11-12 19:52:14.180000+00:00,Earthquake,Earthquake,24.4844,94.6661,"62 km E of W?ngjing, India",4.4,,,,earthquakes,2013.0,11.0
usb000kzjv,2013-11-15 22:21:08.700000+00:00,Earthquake,Earthquake,34.5371,77.7468,"43 km NNE of Leh, India",4.2,,,,earthquakes,2013.0,11.0
usb000l033,2013-11-16 19:22:19.690000+00:00,Earthquake,Earthquake,35.3399,77.1125,"54 km NNE of Thang, India",4.3,,,,earthquakes,2013.0,11.0
usb000l2rk,2013-11-20 10:09:18.430000+00:00,Earthquake,Earthquake,12.3975,95.1481,"273 km ENE of Port Blair, India",5.5,,,,earthquakes,2013.0,11.0
usb000l5la,2013-11-24 06:43:38.290000+00:00,Earthquake,Earthquake,35.3548,77.0299,"52 km NNE of Thang, India",4.0,,,,earthquakes,2013.0,11.0
usb000la0x,2013-11-27 17:29:33.670000+00:00,Earthquake,Earthquake,26.2586,96.153,"65 km W of Sarupathar, India",4.5,,,,earthquakes,2013.0,11.0
usb000l7uv,2013-11-29 01:54:49.070000+00:00,Earthquake,Earthquake,28.8721,95.8701,"103 km NNE of P?sigh?t, India",5.0,,,,earthquakes,2013.0,11.0
usb000lb11,2013-12-04 03:59:16.650000+00:00,Earthquake,Earthquake,13.8291,92.9508,"236 km N of Bamboo Flat, India",4.7,,,,earthquakes,2013.0,12.0
usb000lb7b,2013-12-04 13:05:19.880000+00:00,Earthquake,Earthquake,26.5885,89.5628,"12 km NNE of Al?pur Du?r, India",4.7,,,,earthquakes,2013.0,12.0
usb000lcjj,2013-12-06 10:09:01.050000+00:00,Earthquake,Earthquake,32.8918,78.6622,"156 km ENE of Man?li, India",4.3,,,,earthquakes,2013.0,12.0
usb000ld6f,2013-12-07 01:06:38.870000+00:00,Earthquake,Earthquake,11.4417,93.7452,"111 km ESE of Port Blair, India",4.6,,,,earthquakes,2013.0,12.0
usb000ldyr,2013-12-09 07:39:37.860000+00:00,Earthquake,Earthquake,9.6129,92.9987,"228 km S of Port Blair, India",4.9,,,,earthquakes,2013.0,12.0
usb000ldz0,2013-12-09 08:38:59.800000+00:00,Earthquake,Earthquake,35.4921,76.9208,"63 km N of Thang, India",4.0,,,,earthquakes,2013.0,12.0
usc000lnmu,2013-12-20 03:04:36.230000+00:00,Earthquake,Earthquake,14.3321,93.0763,"293 km N of Bamboo Flat, India",4.9,,,,earthquakes,2013.0,12.0
usc000ly96,2013-12-25 02:58:01.870000+00:00,Earthquake,Earthquake,10.9511,91.8813,"123 km SW of Port Blair, India",4.3,,,,earthquakes,2013.0,12.0
usc000m09n,2013-12-29 11:45:32.180000+00:00,Earthquake,Earthquake,12.2956,95.1078,"266 km ENE of Port Blair, India",4.4,,,,earthquakes,2013.0,12.0
usc000m09m,2013-12-29 11:49:53.110000+00:00,Earthquake,Earthquake,11.7702,95.5246,"Andaman Islands, India region",4.1,,,,earthquakes,2013.0,12.0
usb000m2pi,2013-12-30 09:44:13.340000+00:00,Earthquake,Earthquake,24.1788,93.1207,"27 km NE of Darlawn, India",4.2,,,,earthquakes,2013.0,12.0
usb000m7f8,2014-01-10 21:40:36+00:00,Earthquake,Earthquake,28.2474,93.3721,"85 km NNW of Ziro, India",4.1,,,,earthquakes,2014.0,1.0
usc000mef2,2014-01-14 08:36:07.460000+00:00,Earthquake,Earthquake,8.8629,93.6522,"Nicobar Islands, India region",4.4,,,,earthquakes,2014.0,1.0
usc000mi0d,2014-01-20 13:18:26.930000+00:00,Earthquake,Earthquake,22.1231,92.7127,"49 km SW of Saiha, India",4.1,,,,earthquakes,2014.0,1.0
usb000m63t,2014-01-22 05:22:01.180000+00:00,Earthquake,Earthquake,34.2849,79.7826,"203 km E of Leh, India",4.2,,,,earthquakes,2014.0,1.0
usc000mnww,2014-01-27 20:12:46.480000+00:00,Earthquake,Earthquake,14.2125,93.228,"283 km NNE of Bamboo Flat, India",4.3,,,,earthquakes,2014.0,1.0
usc000mftb,2014-02-02 23:44:01.200000+00:00,Earthquake,Earthquake,12.2849,95.0592,"261 km ENE of Port Blair, India",5.2,,,,earthquakes,2014.0,2.0
usc000mj84,2014-02-06 15:07:53.130000+00:00,Earthquake,Earthquake,27.4652,96.9988,"80 km SSE of Hayuliang, India",4.5,,,,earthquakes,2014.0,2.0
usc000mvfg,2014-02-07 02:05:00.460000+00:00,Earthquake,Earthquake,11.9395,95.1092,"259 km E of Port Blair, India",4.1,,,,earthquakes,2014.0,2.0
usc000mjuy,2014-02-07 03:15:20.800000+00:00,Earthquake,Earthquake,11.8466,94.8755,"232 km E of Port Blair, India",4.5,,,,earthquakes,2014.0,2.0
usc000mvj2,2014-02-08 04:26:42.540000+00:00,Earthquake,Earthquake,8.7287,92.067,"Nicobar Islands, India region",4.0,,,,earthquakes,2014.0,2.0
usb000my2k,2014-02-13 06:23:38.100000+00:00,Earthquake,Earthquake,11.4883,93.5434,"89 km ESE of Port Blair, India",4.2,,,,earthquakes,2014.0,2.0
usb000mycj,2014-02-16 05:19:24.200000+00:00,Earthquake,Earthquake,9.9019,93.8018,"226 km SSE of Port Blair, India",4.0,,,,earthquakes,2014.0,2.0
usb000n0s2,2014-02-19 15:02:09.580000+00:00,Earthquake,Earthquake,13.8225,92.8729,"235 km N of Bamboo Flat, India",4.4,,,,earthquakes,2014.0,2.0
usb000n1g8,2014-02-21 06:46:47.260000+00:00,Earthquake,Earthquake,30.0104,76.1747,"18 km ESE of Dirba, India",4.6,,,,earthquakes,2014.0,2.0
usc000mx12,2014-02-23 17:04:52.940000+00:00,Earthquake,Earthquake,27.013,92.5521,"22 km NNW of Rang?p?ra, India",4.4,,,,earthquakes,2014.0,2.0
usc000mypg,2014-02-26 20:58:55.070000+00:00,Earthquake,Earthquake,24.4736,93.7131,"7 km WSW of Moir?ng, India",4.4,,,,earthquakes,2014.0,2.0
usc000n8xu,2014-03-01 06:06:28.310000+00:00,Earthquake,Earthquake,11.0427,91.8594,"118 km SW of Bamboo Flat, India",4.6,,,,earthquakes,2014.0,3.0
usc000nnq9,2014-03-08 13:09:02.340000+00:00,Earthquake,Earthquake,34.452,80.1638,"239 km E of Leh, India",4.4,,,,earthquakes,2014.0,3.0
usc000nnrt,2014-03-09 23:01:13.630000+00:00,Earthquake,Earthquake,12.4854,93.2534,"104 km NE of Bamboo Flat, India",4.1,,,,earthquakes,2014.0,3.0
usc000n7lq,2014-03-11 11:23:54.090000+00:00,Earthquake,Earthquake,13.6975,92.9178,"222 km N of Bamboo Flat, India",4.8,,,,earthquakes,2014.0,3.0
usc000nnyl,2014-03-15 05:09:12.070000+00:00,Earthquake,Earthquake,23.8952,93.8661,"52 km SSE of Chur?ch?ndpur, India",4.3,,,,earthquakes,2014.0,3.0
usc000nswq,2014-03-18 12:48:43.290000+00:00,Earthquake,Earthquake,12.8824,95.5253,"Andaman Islands, India region",4.2,,,,earthquakes,2014.0,3.0
usc000nujm,2014-03-19 14:02:13.300000+00:00,Earthquake,Earthquake,13.9102,94.0153,"282 km NNE of Bamboo Flat, India",4.4,,,,earthquakes,2014.0,3.0
usc000njr9,2014-03-21 12:39:54.180000+00:00,Earthquake,Earthquake,24.1764,94.2542,"45 km SE of Kakching, India",4.0,,,,earthquakes,2014.0,3.0
usc000nuyg,2014-03-21 13:52:20.150000+00:00,Earthquake,Earthquake,7.6135,94.4067,"Nicobar Islands, India region",4.8,,,,earthquakes,2014.0,3.0
usc000nuzg,2014-03-21 14:05:07.740000+00:00,Earthquake,Earthquake,7.2328,94.1691,"Nicobar Islands, India region",4.6,,,,earthquakes,2014.0,3.0
usc000nuy4,2014-03-21 15:10:21.060000+00:00,Earthquake,Earthquake,7.3518,94.1824,"Nicobar Islands, India region",4.6,,,,earthquakes,2014.0,3.0
usc000p34m,2014-03-24 09:53:00.190000+00:00,Earthquake,Earthquake,7.5982,94.1602,"Nicobar Islands, India region",4.2,,,,earthquakes,2014.0,3.0
usc000p59t,2014-03-26 08:34:40.070000+00:00,Earthquake,Earthquake,13.8067,92.8859,"233 km N of Bamboo Flat, India",4.6,,,,earthquakes,2014.0,3.0
usc000p5a5,2014-03-26 14:31:25.890000+00:00,Earthquake,Earthquake,25.9277,96.7983,"30 km S of Sarupathar, India",4.1,,,,earthquakes,2014.0,3.0
usc000nu6m,2014-03-28 03:09:53.690000+00:00,Earthquake,Earthquake,26.4089,95.8483,"72 km SSE of Khonsa, India",4.1,,,,earthquakes,2014.0,3.0
usb000pmi8,2014-03-31 04:36:32.410000+00:00,Earthquake,Earthquake,12.6077,95.2356,"290 km ENE of Port Blair, India",4.1,,,,earthquakes,2014.0,3.0
usc000nz4i,2014-04-01 17:45:04.700000+00:00,Earthquake,Earthquake,26.2313,92.9947,"28 km NNE of Hoj?i, India",4.4,,,,earthquakes,2014.0,4.0
usc000p4ip,2014-04-04 06:57:43.460000+00:00,Earthquake,Earthquake,23.0504,93.1676,"13 km SE of North Vanlaiphai, India",4.2,,,,earthquakes,2014.0,4.0
usc000p7dd,2014-04-06 06:37:58.910000+00:00,Earthquake,Earthquake,25.461,93.8616,"34 km SW of Koh?ma, India",4.4,,,,earthquakes,2014.0,4.0
usc000pfib,2014-04-11 00:45:05.810000+00:00,Earthquake,Earthquake,12.2036,93.1363,"72 km NE of Bamboo Flat, India",4.8,,,,earthquakes,2014.0,4.0
usb000qq46,2014-04-14 11:07:21.110000+00:00,Earthquake,Earthquake,11.0186,93.4677,"106 km SE of Port Blair, India",4.2,,,,earthquakes,2014.0,4.0
usb000pr2b,2014-04-19 08:29:20.330000+00:00,Earthquake,Earthquake,34.1021,76.2379,"51 km SSE of Kargil, India",4.1,,,,earthquakes,2014.0,4.0
usb000q65l,2014-05-01 00:56:11.700000+00:00,Earthquake,Earthquake,13.6122,92.937,"212 km N of Bamboo Flat, India",4.1,,,,earthquakes,2014.0,5.0
usb000r6k6,2014-05-09 20:23:23.760000+00:00,Earthquake,Earthquake,13.4908,93.505,"215 km NNE of Bamboo Flat, India",4.3,,,,earthquakes,2014.0,5.0
usc000r8zn,2014-05-11 11:11:26.030000+00:00,Earthquake,Earthquake,7.7746,94.3282,"Nicobar Islands, India region",4.4,,,,earthquakes,2014.0,5.0
usc000r92m,2014-05-12 08:33:30.570000+00:00,Earthquake,Earthquake,12.1894,95.2604,"279 km ENE of Port Blair, India",4.5,,,,earthquakes,2014.0,5.0
usb000qtv9,2014-05-18 19:33:55.750000+00:00,Earthquake,Earthquake,26.4109,92.9493,"28 km SSE of Tezpur, India",4.2,,,,earthquakes,2014.0,5.0
usb000qy82,2014-05-21 16:21:54.350000+00:00,Earthquake,Earthquake,18.2012,88.0376,"276 km SE of Kon?rka, India",6.0,,,,earthquakes,2014.0,5.0
usb000r69q,2014-05-28 03:19:11.050000+00:00,Earthquake,Earthquake,25.2405,95.1224,"78 km SE of Phek, India",4.4,,,,earthquakes,2014.0,5.0
usc000r8fh,2014-05-29 03:23:46.560000+00:00,Earthquake,Earthquake,24.2536,94.4977,"57 km SE of W?ngjing, India",4.6,,,,earthquakes,2014.0,5.0
usc000rgqv,2014-05-30 06:37:48.980000+00:00,Earthquake,Earthquake,26.5567,90.227,"17 km NNW of Kokrajhar, India",4.0,,,,earthquakes,2014.0,5.0
usc000rn31,2014-06-09 17:40:23.230000+00:00,Earthquake,Earthquake,24.1878,91.5293,"13 km NNW of Khowai, India",4.1,,,,earthquakes,2014.0,6.0
usc000rlqs,2014-06-10 19:45:45.760000+00:00,Earthquake,Earthquake,10.9021,91.8209,"131 km SW of Port Blair, India",4.0,,,,earthquakes,2014.0,6.0
usc000rf2p,2014-06-13 13:32:52.870000+00:00,Earthquake,Earthquake,33.292,75.5807,"16 km N of Doda, India",5.0,,,,earthquakes,2014.0,6.0
usc000rfff,2014-06-14 05:24:27.440000+00:00,Earthquake,Earthquake,26.8748,92.5167,"15 km WNW of Rang?p?ra, India",4.3,,,,earthquakes,2014.0,6.0
usc000rmsq,2014-06-16 21:30:01.230000+00:00,Earthquake,Earthquake,10.3833,93.925,"191 km SE of Port Blair, India",4.4,,,,earthquakes,2014.0,6.0
usc000rgty,2014-06-17 17:31:10.950000+00:00,Earthquake,Earthquake,32.3316,76.4467,"17 km NE of Dharamsala, India",4.2,,,,earthquakes,2014.0,6.0
usc000rh4v,2014-06-18 03:04:09.550000+00:00,Earthquake,Earthquake,24.7211,95.1007,"105 km E of W?ngjing, India",4.3,,,,earthquakes,2014.0,6.0
usc000rrp6,2014-06-26 17:12:48.860000+00:00,Earthquake,Earthquake,8.9101,93.7767,"Nicobar Islands, India region",4.2,,,,earthquakes,2014.0,6.0
usb000rvmt,2014-06-28 05:57:06.280000+00:00,Earthquake,Earthquake,11.6352,93.4306,"74 km E of Port Blair, India",4.4,,,,earthquakes,2014.0,6.0
usb000rvv3,2014-07-01 20:06:29.070000+00:00,Earthquake,Earthquake,25.0114,94.1629,"31 km NE of Imph?l, India",4.3,,,,earthquakes,2014.0,7.0
usc000rqyt,2014-07-06 14:48:13.060000+00:00,Earthquake,Earthquake,30.3227,80.3415,"55 km NNW of Dh?rchula, India",4.1,,,,earthquakes,2014.0,7.0
usb000rwbx,2014-07-22 23:35:15.370000+00:00,Earthquake,Earthquake,26.2364,89.5355,"13 km SE of Koch Bih?r, India",4.0,,,,earthquakes,2014.0,7.0
usb000rx2e,2014-07-25 04:56:16.680000+00:00,Earthquake,Earthquake,33.1264,76.3749,"60 km ESE of Kishtw?r, India",4.0,,,,earthquakes,2014.0,7.0
usb000ry7u,2014-07-29 07:07:07.130000+00:00,Earthquake,Earthquake,14.3603,93.0904,"297 km N of Bamboo Flat, India",5.3,,,,earthquakes,2014.0,7.0
usb000ryuh,2014-07-31 13:41:00.830000+00:00,Earthquake,Earthquake,12.4337,95.2033,"280 km ENE of Port Blair, India",5.8,,,,earthquakes,2014.0,7.0
usb000s24c,2014-07-31 14:21:11.960000+00:00,Earthquake,Earthquake,12.4404,95.3165,"292 km ENE of Port Blair, India",4.6,,,,earthquakes,2014.0,7.0
usb000ryxu,2014-07-31 17:33:29.240000+00:00,Earthquake,Earthquake,12.4743,95.2033,"282 km ENE of Port Blair, India",4.9,,,,earthquakes,2014.0,7.0
usb000s24x,2014-07-31 17:34:08.620000+00:00,Earthquake,Earthquake,12.3436,95.0439,"261 km ENE of Port Blair, India",5.1,,,,earthquakes,2014.0,7.0
usb000s2pg,2014-08-01 16:20:21.740000+00:00,Earthquake,Earthquake,12.0898,95.6271,"Andaman Islands, India region",4.1,,,,earthquakes,2014.0,8.0
usb000s2p9,2014-08-01 20:27:50.430000+00:00,Earthquake,Earthquake,24.3849,94.7039,"68 km ESE of W?ngjing, India",4.7,,,,earthquakes,2014.0,8.0
usb000s2pc,2014-08-01 21:11:08.780000+00:00,Earthquake,Earthquake,12.4019,95.5705,"Andaman Islands, India region",4.6,,,,earthquakes,2014.0,8.0
usb000s2pb,2014-08-01 21:47:04.450000+00:00,Earthquake,Earthquake,11.9976,95.1248,"261 km E of Port Blair, India",4.6,,,,earthquakes,2014.0,8.0
usb000s2pq,2014-08-02 01:02:00.150000+00:00,Earthquake,Earthquake,12.5741,95.5532,"Andaman Islands, India region",4.0,,,,earthquakes,2014.0,8.0
usb000rzhf,2014-08-02 16:18:59.530000+00:00,Earthquake,Earthquake,11.8708,93.6433,"100 km ENE of Port Blair, India",4.7,,,,earthquakes,2014.0,8.0
usb000s4wq,2014-08-09 21:11:48.350000+00:00,Earthquake,Earthquake,12.5912,95.3368,"299 km ENE of Port Blair, India",4.3,,,,earthquakes,2014.0,8.0
usb000s4ws,2014-08-09 22:18:37.270000+00:00,Earthquake,Earthquake,10.5702,91.7169,"165 km SW of Port Blair, India",4.4,,,,earthquakes,2014.0,8.0
usb000s28b,2014-08-12 20:52:06.470000+00:00,Earthquake,Earthquake,9.2284,93.5937,"285 km SSE of Port Blair, India",4.9,,,,earthquakes,2014.0,8.0
usb000s3dx,2014-08-16 16:39:55.170000+00:00,Earthquake,Earthquake,24.593,94.5693,"51 km E of W?ngjing, India",5.0,,,,earthquakes,2014.0,8.0
usc000s7yq,2014-08-17 20:34:32.440000+00:00,Earthquake,Earthquake,23.6717,91.4071,"7 km NE of Barjala, India",4.1,,,,earthquakes,2014.0,8.0
usc000s8xh,2014-08-20 08:05:03.110000+00:00,Earthquake,Earthquake,27.5614,92.5625,"Arunachal Pradesh, India",4.1,,,,earthquakes,2014.0,8.0
usb000s4v3,2014-08-21 08:11:18.820000+00:00,Earthquake,Earthquake,32.3289,76.4266,"15 km NE of Dharamsala, India",4.9,,,,earthquakes,2014.0,8.0
usb000s5qq,2014-08-23 19:58:43.750000+00:00,Earthquake,Earthquake,8.4186,93.4851,"Nicobar Islands, India region",4.7,,,,earthquakes,2014.0,8.0
usb000s5ta,2014-08-24 08:29:31.740000+00:00,Earthquake,Earthquake,30.0384,79.9591,"28 km NE of B?geshwar, India",4.4,,,,earthquakes,2014.0,8.0
usb000s9nj,2014-08-24 15:54:20.290000+00:00,Earthquake,Earthquake,9.0717,85.8,Bay of Bengal,4.1,,,,earthquakes,2014.0,8.0
usb000s9q5,2014-08-25 08:43:03.870000+00:00,Earthquake,Earthquake,14.3762,93.1925,"Andaman Islands, India region",4.6,,,,earthquakes,2014.0,8.0
usb000s9rx,2014-08-26 18:05:02.680000+00:00,Earthquake,Earthquake,8.2661,91.8534,"Nicobar Islands, India region",4.6,,,,earthquakes,2014.0,8.0
usb000sad8,2014-08-27 01:54:51.210000+00:00,Earthquake,Earthquake,8.0733,91.8412,"Nicobar Islands, India region",4.3,,,,earthquakes,2014.0,8.0
usc000s7bk,2014-08-27 02:09:47.910000+00:00,Earthquake,Earthquake,8.1279,91.7162,"Nicobar Islands, India region",4.4,,,,earthquakes,2014.0,8.0
usb000sabl,2014-09-08 13:11:00.360000+00:00,Earthquake,Earthquake,14.2877,92.8678,"286 km N of Bamboo Flat, India",4.6,,,,earthquakes,2014.0,9.0
usb000sdza,2014-09-09 01:47:40.080000+00:00,Earthquake,Earthquake,7.9281,91.9296,"Nicobar Islands, India region",4.5,,,,earthquakes,2014.0,9.0
usb000samy,2014-09-09 09:28:22.190000+00:00,Earthquake,Earthquake,22.1989,93.244,"42 km SE of Saiha, India",5.4,,,,earthquakes,2014.0,9.0
usb000satn,2014-09-09 19:36:29.450000+00:00,Earthquake,Earthquake,36.481,76.0834,Kashmir-Xinjiang border region,4.4,,,,earthquakes,2014.0,9.0
usb000se03,2014-09-09 23:11:50.690000+00:00,Earthquake,Earthquake,10.6033,91.7456,"160 km SW of Port Blair, India",4.0,,,,earthquakes,2014.0,9.0
usb000sf6i,2014-09-12 07:56:41.570000+00:00,Earthquake,Earthquake,25.6524,89.9947,"18 km NE of Mank?char, India",4.1,,,,earthquakes,2014.0,9.0
usb000sbrr,2014-09-12 13:06:33.630000+00:00,Earthquake,Earthquake,8.5661,92.5561,"Nicobar Islands, India region",5.0,,,,earthquakes,2014.0,9.0
usb000sfhk,2014-09-13 03:31:26.050000+00:00,Earthquake,Earthquake,27.737,92.9356,"72 km NE of Bomdila, India",4.1,,,,earthquakes,2014.0,9.0
usb000scek,2014-09-15 05:16:35.060000+00:00,Earthquake,Earthquake,6.7624,91.8773,"Nicobar Islands, India region",4.5,,,,earthquakes,2014.0,9.0
usb000sfxh,2014-09-15 21:38:59.490000+00:00,Earthquake,Earthquake,24.5258,94.7457,"69 km E of W?ngjing, India",4.3,,,,earthquakes,2014.0,9.0
usb000shqs,2014-09-21 01:46:09.280000+00:00,Earthquake,Earthquake,29.8495,95.2495,"169 km NNE of Shi Yomi, India",4.1,,,,earthquakes,2014.0,9.0
usb000shr0,2014-09-21 06:31:20.640000+00:00,Earthquake,Earthquake,29.8636,95.3383,"175 km NNE of Shi Yomi, India",4.0,,,,earthquakes,2014.0,9.0
usb000sf2b,2014-09-22 20:49:10.820000+00:00,Earthquake,Earthquake,34.2939,73.9193,"26 km NNW of Uri, India",4.7,,,,earthquakes,2014.0,9.0
usb000sff0,2014-09-24 00:59:17.040000+00:00,Earthquake,Earthquake,14.0956,93.1949,"270 km N of Bamboo Flat, India",4.3,,,,earthquakes,2014.0,9.0
usb000sg5e,2014-09-26 04:21:24.080000+00:00,Earthquake,Earthquake,12.5193,95.2254,"285 km ENE of Port Blair, India",5.5,,,,earthquakes,2014.0,9.0
usb000smdp,2014-10-03 03:48:44.910000+00:00,Earthquake,Earthquake,10.5141,92.0977,"145 km SSW of Port Blair, India",4.3,,,,earthquakes,2014.0,10.0
usb000snd2,2014-10-06 14:10:21.210000+00:00,Earthquake,Earthquake,14.2611,93.1258,"286 km N of Bamboo Flat, India",4.6,,,,earthquakes,2014.0,10.0
usb000sngr,2014-10-08 00:22:53.570000+00:00,Earthquake,Earthquake,10.8841,92.7316,"86 km S of Port Blair, India",4.0,,,,earthquakes,2014.0,10.0
usb000spfj,2014-10-09 01:41:20.090000+00:00,Earthquake,Earthquake,14.0353,93.0968,"261 km N of Bamboo Flat, India",4.4,,,,earthquakes,2014.0,10.0
usb000sps1,2014-10-10 21:49:37.690000+00:00,Earthquake,Earthquake,34.3271,79.1521,"145 km E of Leh, India",4.0,,,,earthquakes,2014.0,10.0
usb000sl0g,2014-10-11 08:13:37.870000+00:00,Earthquake,Earthquake,34.3887,79.2005,"150 km E of Leh, India",4.5,,,,earthquakes,2014.0,10.0
usb000sl7f,2014-10-12 03:32:46.310000+00:00,Earthquake,Earthquake,12.8728,93.8655,"180 km NE of Bamboo Flat, India",4.9,,,,earthquakes,2014.0,10.0
usb000sm3q,2014-10-14 18:36:06.270000+00:00,Earthquake,Earthquake,7.5569,94.2408,"Nicobar Islands, India region",5.0,,,,earthquakes,2014.0,10.0
usb000snbu,2014-10-17 09:44:50.750000+00:00,Earthquake,Earthquake,27.1694,97.0744,"109 km NNE of Sarupathar, India",4.7,,,,earthquakes,2014.0,10.0
usb000sntc,2014-10-18 13:59:41.940000+00:00,Earthquake,Earthquake,6.9551,92.3706,"Nicobar Islands, India region",4.7,,,,earthquakes,2014.0,10.0
usb000sq85,2014-10-24 00:05:26.880000+00:00,Earthquake,Earthquake,23.9814,93.9631,"49 km SE of Chur?ch?ndpur, India",4.6,,,,earthquakes,2014.0,10.0
usb000sq9f,2014-10-24 05:56:45.470000+00:00,Earthquake,Earthquake,27.8491,91.8364,"31 km NNW of Tawang, India",4.3,,,,earthquakes,2014.0,10.0
usc000sx9z,2014-11-02 05:41:04.300000+00:00,Earthquake,Earthquake,26.7052,94.045,"7 km E of Dergaon, India",4.3,,,,earthquakes,2014.0,11.0
usc000sxc9,2014-11-03 19:06:23.460000+00:00,Earthquake,Earthquake,16.0932,86.0768,Bay of Bengal,4.4,,,,earthquakes,2014.0,11.0
usc000svq2,2014-11-08 18:19:39.990000+00:00,Earthquake,Earthquake,24.8744,94.866,"85 km ENE of Yairipok, India",4.8,,,,earthquakes,2014.0,11.0
usb000t0gn,2014-11-13 21:29:29.760000+00:00,Earthquake,Earthquake,24.8093,95.2728,"122 km SE of Phek, India",4.4,,,,earthquakes,2014.0,11.0
usc000sxxk,2014-11-16 20:33:34.210000+00:00,Earthquake,Earthquake,24.0419,93.581,"33 km SSW of Chur?ch?ndpur, India",4.3,,,,earthquakes,2014.0,11.0
usc000sy2n,2014-11-17 08:59:44+00:00,Earthquake,Earthquake,35.359,77.1167,"56 km NNE of Thang, India",4.4,,,,earthquakes,2014.0,11.0
usc000syhy,2014-11-18 15:55:32.580000+00:00,Earthquake,Earthquake,32.9378,76.059,"32 km E of Bhadarw?h, India",4.3,,,,earthquakes,2014.0,11.0
usb000sybr,2014-11-20 18:14:37.790000+00:00,Earthquake,Earthquake,23.5081,93.5148,"42 km ENE of Khawhai, India",5.6,,,,earthquakes,2014.0,11.0
usb000sye7,2014-11-20 22:45:24.230000+00:00,Earthquake,Earthquake,23.4809,93.4722,"36 km ENE of Khawhai, India",4.1,,,,earthquakes,2014.0,11.0
usb000syke,2014-11-21 16:11:16.370000+00:00,Earthquake,Earthquake,23.5043,93.5255,"42 km ENE of Khawhai, India",4.6,,,,earthquakes,2014.0,11.0
usb000syre,2014-11-21 22:45:36.370000+00:00,Earthquake,Earthquake,34.4008,79.0039,"133 km E of Leh, India",4.3,,,,earthquakes,2014.0,11.0
usc000t424,2014-11-23 10:45:27.990000+00:00,Earthquake,Earthquake,23.8065,93.7677,"59 km S of Chur?ch?ndpur, India",4.5,,,,earthquakes,2014.0,11.0
usb000t0sq,2014-11-28 01:18:45.610000+00:00,Earthquake,Earthquake,12.5135,92.7957,"90 km N of Bamboo Flat, India",5.3,,,,earthquakes,2014.0,11.0
usb000t17l,2014-11-29 18:01:01.570000+00:00,Earthquake,Earthquake,11.1086,93.6105,"112 km ESE of Port Blair, India",4.6,,,,earthquakes,2014.0,11.0
usc000t6sv,2014-11-30 02:51:12.240000+00:00,Earthquake,Earthquake,35.696,78.0392,"141 km NE of Thang, India",4.0,,,,earthquakes,2014.0,11.0
usc000t3w5,2014-12-04 23:53:51.870000+00:00,Earthquake,Earthquake,26.886,92.6206,"7 km NW of Rang?p?ra, India",4.6,,,,earthquakes,2014.0,12.0
usc000t4jd,2014-12-08 05:39:01.540000+00:00,Earthquake,Earthquake,11.8283,93.5972,"94 km E of Port Blair, India",4.5,,,,earthquakes,2014.0,12.0
usc000t9r6,2014-12-10 14:44:46.300000+00:00,Earthquake,Earthquake,24.401,94.5466,"53 km ESE of W?ngjing, India",4.2,,,,earthquakes,2014.0,12.0
usc000t9t1,2014-12-11 19:27:36.410000+00:00,Earthquake,Earthquake,24.405,94.5261,"51 km ESE of W?ngjing, India",4.7,,,,earthquakes,2014.0,12.0
usc000t9ae,2014-12-22 23:24:48.140000+00:00,Earthquake,Earthquake,22.4184,93.0824,"13 km SE of Saiha, India",4.4,,,,earthquakes,2014.0,12.0
usc000taqh,2014-12-29 17:26:57.600000+00:00,Earthquake,Earthquake,26.2946,91.6204,"10 km ENE of H?jo, India",4.0,,,,earthquakes,2014.0,12.0
usc000taym,2014-12-31 16:12:02.950000+00:00,Earthquake,Earthquake,21.9688,93.3698,"70 km SE of Saiha, India",4.5,,,,earthquakes,2014.0,12.0
usc000th5a,2015-01-05 15:39:33.240000+00:00,Earthquake,Earthquake,24.257,93.6863,"8 km S of Chur?ch?ndpur, India",4.2,,,,earthquakes,2015.0,1.0
usc000tegh,2015-01-10 13:06:35.640000+00:00,Earthquake,Earthquake,10.9378,93.5415,"118 km SE of Port Blair, India",4.6,,,,earthquakes,2015.0,1.0
usc000tfx6,2015-01-15 01:33:04.600000+00:00,Earthquake,Earthquake,22.6215,92.6144,"32 km SSW of Lunglei, India",4.3,,,,earthquakes,2015.0,1.0
usc000tgy8,2015-01-18 13:09:51.220000+00:00,Earthquake,Earthquake,26.0195,95.5982,"82 km ESE of Tuensang, India",4.2,,,,earthquakes,2015.0,1.0
usc000tkcy,2015-01-22 07:43:14.270000+00:00,Earthquake,Earthquake,12.8591,93.048,"Andaman Islands, India region",4.0,,,,earthquakes,2015.0,1.0
usc000tkxl,2015-01-23 00:29:41.070000+00:00,Earthquake,Earthquake,12.4886,92.8765,"88 km NNE of Bamboo Flat, India",4.2,,,,earthquakes,2015.0,1.0
usc000tit8,2015-01-24 16:11:42.660000+00:00,Earthquake,Earthquake,25.0231,95.1923,"99 km SE of Phek, India",4.7,,,,earthquakes,2015.0,1.0
usc000tj70,2015-01-26 18:29:23.530000+00:00,Earthquake,Earthquake,12.3316,92.7859,"70 km N of Bamboo Flat, India",4.4,,,,earthquakes,2015.0,1.0
usc000tmgy,2015-01-30 06:37:34.860000+00:00,Earthquake,Earthquake,12.5865,95.2811,"294 km ENE of Port Blair, India",4.2,,,,earthquakes,2015.0,1.0
usc000tkr7,2015-02-01 16:00:48.230000+00:00,Earthquake,Earthquake,26.4166,93.3551,"34 km SW of Bok?kh?t, India",4.2,,,,earthquakes,2015.0,2.0
usb000tp3e,2015-02-09 00:33:26.480000+00:00,Earthquake,Earthquake,8.8706,92.3705,"Nicobar Islands, India region",4.1,,,,earthquakes,2015.0,2.0
usc000tncd,2015-02-09 14:13:06.360000+00:00,Earthquake,Earthquake,10.1025,92.9256,"174 km S of Port Blair, India",4.7,,,,earthquakes,2015.0,2.0
usc000tnwj,2015-02-11 03:30:11.780000+00:00,Earthquake,Earthquake,13.2332,92.3474,"174 km NNW of Bamboo Flat, India",5.1,,,,earthquakes,2015.0,2.0
usb000tnl7,2015-02-12 14:33:07.830000+00:00,Earthquake,Earthquake,23.9982,93.923,"45 km SE of Chur?ch?ndpur, India",4.8,,,,earthquakes,2015.0,2.0
usb000tqaa,2015-02-12 15:33:50.100000+00:00,Earthquake,Earthquake,23.7765,93.7186,"61 km S of Chur?ch?ndpur, India",4.4,,,,earthquakes,2015.0,2.0
usb000tpa2,2015-02-13 22:21:52.220000+00:00,Earthquake,Earthquake,31.215,80.3855,"107 km NE of Josh?math, India",4.1,,,,earthquakes,2015.0,2.0
usc000trhi,2015-02-14 00:44:36.430000+00:00,Earthquake,Earthquake,31.3449,80.3877,"117 km NE of Josh?math, India",4.2,,,,earthquakes,2015.0,2.0
usb000tpit,2015-02-15 14:14:20.990000+00:00,Earthquake,Earthquake,34.4283,76.2031,"15 km SSE of Kargil, India",4.7,,,,earthquakes,2015.0,2.0
usb000tpkl,2015-02-15 20:51:40.490000+00:00,Earthquake,Earthquake,9.9607,91.7393,"218 km SSW of Port Blair, India",4.0,,,,earthquakes,2015.0,2.0
usc000trvb,2015-02-16 05:31:15.360000+00:00,Earthquake,Earthquake,25.1347,95.3089,"100 km SE of Phek, India",4.0,,,,earthquakes,2015.0,2.0
usc000trec,2015-02-19 09:18:19.650000+00:00,Earthquake,Earthquake,26.5563,96.7339,"39 km N of Sarupathar, India",4.0,,,,earthquakes,2015.0,2.0
usc000tses,2015-02-23 06:32:07.690000+00:00,Earthquake,Earthquake,10.8233,92.0612,"119 km SW of Port Blair, India",4.5,,,,earthquakes,2015.0,2.0
usc000tseu,2015-02-23 06:36:34.870000+00:00,Earthquake,Earthquake,25.7707,95.1743,"65 km SSE of Tuensang, India",4.4,,,,earthquakes,2015.0,2.0
usc000ttet,2015-02-26 18:52:32.790000+00:00,Earthquake,Earthquake,9.6585,90.326,"Nicobar Islands, India region",4.4,,,,earthquakes,2015.0,2.0
usc000tuf6,2015-03-02 20:51:54.570000+00:00,Earthquake,Earthquake,35.6466,76.799,"79 km N of Thang, India",4.5,,,,earthquakes,2015.0,3.0
us10001ll4,2015-03-08 15:43:47.220000+00:00,Earthquake,Earthquake,13.4596,92.7483,"194 km N of Bamboo Flat, India",4.6,,,,earthquakes,2015.0,3.0
us10001m44,2015-03-10 17:52:02.220000+00:00,Earthquake,Earthquake,35.6511,76.82,"80 km N of Thang, India",4.1,,,,earthquakes,2015.0,3.0
us10001n3s,2015-03-13 04:17:24.150000+00:00,Earthquake,Earthquake,9.9915,93.4516,"200 km SSE of Port Blair, India",4.1,,,,earthquakes,2015.0,3.0
us10001p7g,2015-03-17 15:28:39.650000+00:00,Earthquake,Earthquake,24.3192,94.6817,"69 km ESE of W?ngjing, India",4.3,,,,earthquakes,2015.0,3.0
us10001s9z,2015-03-25 10:13:10.700000+00:00,Earthquake,Earthquake,13.474,91.9212,"214 km NNW of Bamboo Flat, India",4.3,,,,earthquakes,2015.0,3.0
us10001qu2,2015-03-26 03:20:42.950000+00:00,Earthquake,Earthquake,7.5207,91.6389,"Nicobar Islands, India region",4.6,,,,earthquakes,2015.0,3.0
us10001sd7,2015-03-26 10:44:02.100000+00:00,Earthquake,Earthquake,7.4635,91.5815,"Nicobar Islands, India region",4.3,,,,earthquakes,2015.0,3.0
us10001rae,2015-03-27 18:51:49.170000+00:00,Earthquake,Earthquake,9.891,93.3838,"208 km SSE of Port Blair, India",4.9,,,,earthquakes,2015.0,3.0
us10001sx7,2015-04-01 21:23:54.400000+00:00,Earthquake,Earthquake,30.3521,79.5107,"11 km SE of P?palkoti, India",4.9,,,,earthquakes,2015.0,4.0
us10001tkc,2015-04-03 12:45:21.710000+00:00,Earthquake,Earthquake,10.5197,93.3413,"142 km SSE of Port Blair, India",4.6,,,,earthquakes,2015.0,4.0
us200025i0,2015-04-09 22:49:42.590000+00:00,Earthquake,Earthquake,14.0702,92.8474,"262 km N of Bamboo Flat, India",5.1,,,,earthquakes,2015.0,4.0
us20002825,2015-04-13 05:55:04.530000+00:00,Earthquake,Earthquake,13.7526,93.8242,"256 km NNE of Bamboo Flat, India",4.3,,,,earthquakes,2015.0,4.0
us2000283r,2015-04-14 22:01:59.150000+00:00,Earthquake,Earthquake,10.8469,93.8077,"147 km SE of Port Blair, India",4.1,,,,earthquakes,2015.0,4.0
us20002763,2015-04-16 22:05:49.650000+00:00,Earthquake,Earthquake,26.7924,92.7714,"11 km ESE of Rang?p?ra, India",4.8,,,,earthquakes,2015.0,4.0
us200028tx,2015-04-18 17:22:28.990000+00:00,Earthquake,Earthquake,10.6798,93.2625,"122 km SSE of Port Blair, India",4.2,,,,earthquakes,2015.0,4.0
us200027ye,2015-04-21 00:17:28.930000+00:00,Earthquake,Earthquake,14.1208,92.9493,"269 km N of Bamboo Flat, India",5.1,,,,earthquakes,2015.0,4.0
us200028p4,2015-04-23 23:58:22.380000+00:00,Earthquake,Earthquake,12.2983,94.9874,"253 km ENE of Port Blair, India",4.9,,,,earthquakes,2015.0,4.0
us20002c90,2015-04-29 01:29:52.960000+00:00,Earthquake,Earthquake,13.8314,93.0926,"239 km N of Bamboo Flat, India",4.2,,,,earthquakes,2015.0,4.0
us20002aid,2015-04-30 19:21:18.100000+00:00,Earthquake,Earthquake,26.2401,94.7996,"3 km SW of Tuensang, India",4.8,,,,earthquakes,2015.0,4.0
us20002aml,2015-05-01 08:58:41.800000+00:00,Earthquake,Earthquake,10.7112,91.9645,"135 km SW of Port Blair, India",5.3,,,,earthquakes,2015.0,5.0
us100029ai,2015-05-06 14:45:25.850000+00:00,Earthquake,Earthquake,12.5837,95.1783,"283 km ENE of Port Blair, India",4.4,,,,earthquakes,2015.0,5.0
us20002dp4,2015-05-08 03:02:32.780000+00:00,Earthquake,Earthquake,13.6955,92.8907,"221 km N of Bamboo Flat, India",4.5,,,,earthquakes,2015.0,5.0
us20002k1r,2015-05-18 13:05:35.290000+00:00,Earthquake,Earthquake,8.4736,93.4951,"Nicobar Islands, India region",4.5,,,,earthquakes,2015.0,5.0
us10002a88,2015-05-18 16:46:36.840000+00:00,Earthquake,Earthquake,34.1771,73.7435,"30 km WNW of Uri, India",4.3,,,,earthquakes,2015.0,5.0
us20002m1h,2015-05-25 15:59:02.060000+00:00,Earthquake,Earthquake,22.1323,93.2059,"46 km SSE of Saiha, India",4.5,,,,earthquakes,2015.0,5.0
us10002c8y,2015-05-26 17:24:13.450000+00:00,Earthquake,Earthquake,24.2488,93.9733,"27 km S of Kakching, India",4.3,,,,earthquakes,2015.0,5.0
us10002cpp,2015-05-27 07:30:41.910000+00:00,Earthquake,Earthquake,27.3256,84.6635,"38 km ENE of R?mnagar, India",4.0,,,,earthquakes,2015.0,5.0
us20002pay,2015-06-01 07:12:08.970000+00:00,Earthquake,Earthquake,26.2683,95.7989,"86 km SSE of Khonsa, India",4.3,,,,earthquakes,2015.0,6.0
us10002k1u,2015-06-08 15:21:14.840000+00:00,Earthquake,Earthquake,6.6741,91.9733,"Nicobar Islands, India region",4.5,,,,earthquakes,2015.0,6.0
us20002pfu,2015-06-12 18:29:30.290000+00:00,Earthquake,Earthquake,14.0119,93.5776,"272 km NNE of Bamboo Flat, India",5.2,,,,earthquakes,2015.0,6.0
us10002lyg,2015-06-15 19:10:26.830000+00:00,Earthquake,Earthquake,9.7304,93.3507,"224 km SSE of Port Blair, India",4.3,,,,earthquakes,2015.0,6.0
us10002m67,2015-06-28 01:05:28.560000+00:00,Earthquake,Earthquake,26.6384,90.41,"18 km N of B?sugaon, India",5.1,,,,earthquakes,2015.0,6.0
us20002xmg,2015-06-30 13:15:57.200000+00:00,Earthquake,Earthquake,26.0436,90.7596,"19 km SE of Go?lp?ra, India",4.0,,,,earthquakes,2015.0,6.0
us20002xmm,2015-06-30 15:48:07.630000+00:00,Earthquake,Earthquake,11.1788,94.7854,"228 km ESE of Port Blair, India",4.5,,,,earthquakes,2015.0,6.0
us10002n4u,2015-07-03 00:37:45.350000+00:00,Earthquake,Earthquake,13.1543,93.2895,"172 km NNE of Bamboo Flat, India",4.8,,,,earthquakes,2015.0,7.0
us10002n5i,2015-07-03 02:20:32.030000+00:00,Earthquake,Earthquake,11.4867,94.9322,"239 km E of Port Blair, India",4.8,,,,earthquakes,2015.0,7.0
us10002n5q,2015-07-03 03:16:35.510000+00:00,Earthquake,Earthquake,11.4234,95.032,"250 km E of Port Blair, India",5.5,,,,earthquakes,2015.0,7.0
us20002z7w,2015-07-04 18:41:36.360000+00:00,Earthquake,Earthquake,12.9416,93.2393,"148 km NNE of Bamboo Flat, India",4.5,,,,earthquakes,2015.0,7.0
us20002z7t,2015-07-04 23:08:20.420000+00:00,Earthquake,Earthquake,24.7918,95.3332,"128 km SE of Phek, India",4.4,,,,earthquakes,2015.0,7.0
us20002w84,2015-07-09 03:30:01.840000+00:00,Earthquake,Earthquake,34.6941,74.1123,"55 km NW of Sopur, India",4.2,,,,earthquakes,2015.0,7.0
us200031b2,2015-07-10 01:53:14.730000+00:00,Earthquake,Earthquake,27.4318,94.1447,"22 km N of North Lakhimpur, India",4.1,,,,earthquakes,2015.0,7.0
us20002wjm,2015-07-10 12:53:23.250000+00:00,Earthquake,Earthquake,26.6628,90.5991,"20 km N of Bongaigaon, India",4.3,,,,earthquakes,2015.0,7.0
us20002x3y,2015-07-13 11:03:03.810000+00:00,Earthquake,Earthquake,26.4644,96.5118,"41 km NW of Sarupathar, India",4.5,,,,earthquakes,2015.0,7.0
us20002ybg,2015-07-18 05:41:26.540000+00:00,Earthquake,Earthquake,30.4,94.8689,"212 km NNE of Shi Yomi, India",5.1,,,,earthquakes,2015.0,7.0
us1000306t,2015-07-18 09:10:39.960000+00:00,Earthquake,Earthquake,30.3823,94.944,"212 km NNE of Shi Yomi, India",4.1,,,,earthquakes,2015.0,7.0
us20002ygc,2015-07-18 23:48:08.680000+00:00,Earthquake,Earthquake,30.4476,79.1538,"24 km NE of Rudrapray?g, India",4.4,,,,earthquakes,2015.0,7.0
us20002ynu,2015-07-20 15:28:44.690000+00:00,Earthquake,Earthquake,30.3218,94.9308,"205 km NNE of Shi Yomi, India",4.9,,,,earthquakes,2015.0,7.0
us20002yte,2015-07-21 04:19:38.070000+00:00,Earthquake,Earthquake,30.3099,95.047,"207 km NNE of Shi Yomi, India",4.1,,,,earthquakes,2015.0,7.0
us1000312b,2015-07-21 08:21:37.980000+00:00,Earthquake,Earthquake,24.0249,93.694,"34 km S of Chur?ch?ndpur, India",4.2,,,,earthquakes,2015.0,7.0
us20002yw5,2015-07-21 15:10:20.470000+00:00,Earthquake,Earthquake,30.3416,94.8353,"205 km NNE of Shi Yomi, India",4.7,,,,earthquakes,2015.0,7.0
us20002zd2,2015-07-22 22:00:35.550000+00:00,Earthquake,Earthquake,30.3434,94.8889,"207 km NNE of Shi Yomi, India",4.7,,,,earthquakes,2015.0,7.0
us200030ru,2015-07-28 09:40:50.330000+00:00,Earthquake,Earthquake,30.3325,94.8379,"204 km NNE of Shi Yomi, India",4.9,,,,earthquakes,2015.0,7.0
us100032vy,2015-07-28 21:29:07.560000+00:00,Earthquake,Earthquake,13.1078,92.4848,"157 km N of Bamboo Flat, India",4.2,,,,earthquakes,2015.0,7.0
us10002wse,2015-07-31 03:18:17.940000+00:00,Earthquake,Earthquake,30.3779,94.8784,"210 km NNE of Shi Yomi, India",4.9,,,,earthquakes,2015.0,7.0
us10002wt8,2015-07-31 07:00:36.230000+00:00,Earthquake,Earthquake,30.2889,95.0443,"205 km NNE of Shi Yomi, India",4.5,,,,earthquakes,2015.0,7.0
us10002x9a,2015-08-02 05:58:04.620000+00:00,Earthquake,Earthquake,30.3447,94.9251,"208 km NNE of Shi Yomi, India",4.8,,,,earthquakes,2015.0,8.0
us100033wr,2015-08-03 00:55:25.230000+00:00,Earthquake,Earthquake,30.3228,94.9657,"206 km NNE of Shi Yomi, India",4.1,,,,earthquakes,2015.0,8.0
us10002xlp,2015-08-03 20:47:48.290000+00:00,Earthquake,Earthquake,11.7006,92.3479,"40 km W of Bamboo Flat, India",4.7,,,,earthquakes,2015.0,8.0
us10002y84,2015-08-05 19:15:56.760000+00:00,Earthquake,Earthquake,30.3652,80.3368,"60 km NNW of Dh?rchula, India",4.1,,,,earthquakes,2015.0,8.0
us1000304b,2015-08-07 13:52:43.800000+00:00,Earthquake,Earthquake,30.3637,95.0135,"212 km NNE of Shi Yomi, India",4.5,,,,earthquakes,2015.0,8.0
us10003181,2015-08-11 19:13:13.380000+00:00,Earthquake,Earthquake,30.3421,94.8676,"206 km NNE of Shi Yomi, India",4.9,,,,earthquakes,2015.0,8.0
us100031bx,2015-08-12 02:44:51.250000+00:00,Earthquake,Earthquake,24.6339,94.8588,"80 km E of W?ngjing, India",4.5,,,,earthquakes,2015.0,8.0
us100031ss,2015-08-13 02:00:31.650000+00:00,Earthquake,Earthquake,30.3746,94.8333,"209 km NNE of Shi Yomi, India",4.7,,,,earthquakes,2015.0,8.0
us100031yv,2015-08-13 14:56:13.560000+00:00,Earthquake,Earthquake,30.3165,94.9074,"204 km NNE of Shi Yomi, India",4.2,,,,earthquakes,2015.0,8.0
us100035t7,2015-08-13 15:51:58.560000+00:00,Earthquake,Earthquake,30.4022,94.8054,"211 km NNE of Shi Yomi, India",4.1,,,,earthquakes,2015.0,8.0
us100032ju,2015-08-15 05:42:20.300000+00:00,Earthquake,Earthquake,27.3759,87.8566,"40 km WNW of Gyalshing, India",4.4,,,,earthquakes,2015.0,8.0
us100032qj,2015-08-16 21:35:31.560000+00:00,Earthquake,Earthquake,13.257,93.6061,"197 km NNE of Bamboo Flat, India",4.5,,,,earthquakes,2015.0,8.0
us20003hjx,2015-08-26 18:05:05.270000+00:00,Earthquake,Earthquake,29.6875,95.8334,"186 km NNE of P?sigh?t, India",4.3,,,,earthquakes,2015.0,8.0
us20003htb,2015-08-29 02:05:17.340000+00:00,Earthquake,Earthquake,13.8085,92.9054,"234 km N of Bamboo Flat, India",4.2,,,,earthquakes,2015.0,8.0
us20003htp,2015-08-29 16:31:16.400000+00:00,Earthquake,Earthquake,24.8239,95.143,"111 km E of Yairipok, India",4.1,,,,earthquakes,2015.0,8.0
us1000367z,2015-08-31 00:27:50.150000+00:00,Earthquake,Earthquake,35.8299,77.451,"116 km NNE of Thang, India",4.3,,,,earthquakes,2015.0,8.0
us20003jmt,2015-09-02 10:52:03.500000+00:00,Earthquake,Earthquake,8.7191,92.4425,"Nicobar Islands, India region",4.4,,,,earthquakes,2015.0,9.0
us20003g1d,2015-09-03 17:57:47.570000+00:00,Earthquake,Earthquake,27.3767,75.4937,"7 km W of R?ngas, India",4.0,,,,earthquakes,2015.0,9.0
us20003g4d,2015-09-03 20:49:23.600000+00:00,Earthquake,Earthquake,24.5826,94.8224,"76 km E of W?ngjing, India",4.5,,,,earthquakes,2015.0,9.0
us20003kq2,2015-09-05 05:39:03.450000+00:00,Earthquake,Earthquake,26.1923,92.8261,"21 km N of Hoj?i, India",4.2,,,,earthquakes,2015.0,9.0
us20003kqt,2015-09-05 22:19:23.340000+00:00,Earthquake,Earthquake,7.3479,91.1856,"Nicobar Islands, India region",4.2,,,,earthquakes,2015.0,9.0
us20003n08,2015-09-11 23:56:59.380000+00:00,Earthquake,Earthquake,26.0549,89.5568,"13 km SE of D?nh?ta, India",4.0,,,,earthquakes,2015.0,9.0
us20003juf,2015-09-15 22:38:31.950000+00:00,Earthquake,Earthquake,35.3587,78.4343,"153 km NNE of Leh, India",4.6,,,,earthquakes,2015.0,9.0
us20003jxe,2015-09-16 11:10:08.400000+00:00,Earthquake,Earthquake,35.3339,78.5062,"154 km NNE of Leh, India",4.9,,,,earthquakes,2015.0,9.0
us20003kra,2015-09-17 18:34:17.230000+00:00,Earthquake,Earthquake,24.5969,94.6668,"61 km E of W?ngjing, India",4.7,,,,earthquakes,2015.0,9.0
us10003lcs,2015-09-22 09:33:46.950000+00:00,Earthquake,Earthquake,12.1895,95.0107,"253 km ENE of Port Blair, India",4.7,,,,earthquakes,2015.0,9.0
us10003ldq,2015-09-23 04:51:32.590000+00:00,Earthquake,Earthquake,13.0849,92.4507,"155 km N of Bamboo Flat, India",4.4,,,,earthquakes,2015.0,9.0
us20003p4y,2015-09-25 16:57:41.390000+00:00,Earthquake,Earthquake,26.5308,91.6928,"11 km NE of Rangia, India",4.4,,,,earthquakes,2015.0,9.0
us10003mha,2015-09-27 18:02:20.180000+00:00,Earthquake,Earthquake,7.4738,91.5204,"Nicobar Islands, India region",4.3,,,,earthquakes,2015.0,9.0
us10003mhi,2015-09-27 22:54:54.890000+00:00,Earthquake,Earthquake,7.3472,91.6548,"Nicobar Islands, India region",4.3,,,,earthquakes,2015.0,9.0
us10003iqz,2015-09-29 09:27:17.090000+00:00,Earthquake,Earthquake,29.996,80.3737,"21 km NW of Dh?rchula, India",4.6,,,,earthquakes,2015.0,9.0
us10003n07,2015-09-29 19:05:17.550000+00:00,Earthquake,Earthquake,10.2513,93.803,"194 km SE of Port Blair, India",4.3,,,,earthquakes,2015.0,9.0
us10003l2c,2015-10-08 01:04:21.950000+00:00,Earthquake,Earthquake,31.5958,76.9677,"8 km NE of Sundarnagar, India",4.2,,,,earthquakes,2015.0,10.0
us10003mmv,2015-10-10 01:48:45.570000+00:00,Earthquake,Earthquake,27.2548,88.8009,"20 km ESE of Gangtok, India",4.3,,,,earthquakes,2015.0,10.0
us10003qwy,2015-10-17 06:29:39.650000+00:00,Earthquake,Earthquake,24.7157,94.4863,"44 km E of Yairipok, India",4.3,,,,earthquakes,2015.0,10.0
us10003rut,2015-10-27 13:50:48.860000+00:00,Earthquake,Earthquake,24.5022,94.9918,"94 km E of W?ngjing, India",4.1,,,,earthquakes,2015.0,10.0
us200040cl,2015-10-28 23:54:49.660000+00:00,Earthquake,Earthquake,24.1002,92.8262,"13 km NW of Darlawn, India",4.3,,,,earthquakes,2015.0,10.0
us200040l5,2015-10-29 22:15:56.450000+00:00,Earthquake,Earthquake,24.6819,92.4488,"11 km W of Hail?k?ndi, India",4.8,,,,earthquakes,2015.0,10.0
us2000411q,2015-10-31 02:05:19.820000+00:00,Earthquake,Earthquake,26.6982,96.7414,"54 km N of Sarupathar, India",4.3,,,,earthquakes,2015.0,10.0
us10003z1r,2015-11-08 15:45:46.560000+00:00,Earthquake,Earthquake,6.4769,94.4725,"Nicobar Islands, India region",4.3,,,,earthquakes,2015.0,11.0
us10003vry,2015-11-08 16:47:02.160000+00:00,Earthquake,Earthquake,6.8431,94.648,"Nicobar Islands, India region",6.6,,,,earthquakes,2015.0,11.0
us10003yy9,2015-11-13 01:56:21.860000+00:00,Earthquake,Earthquake,24.4982,94.6561,"60 km E of W?ngjing, India",4.2,,,,earthquakes,2015.0,11.0
us10003z9s,2015-11-14 22:09:53.600000+00:00,Earthquake,Earthquake,7.0032,94.371,"Nicobar Islands, India region",4.3,,,,earthquakes,2015.0,11.0
us10003zbg,2015-11-15 09:18:57.800000+00:00,Earthquake,Earthquake,13.714,93.5448,"240 km NNE of Bamboo Flat, India",4.5,,,,earthquakes,2015.0,11.0
us10003yjs,2015-11-15 23:24:40.040000+00:00,Earthquake,Earthquake,24.7399,94.8163,"77 km ENE of W?ngjing, India",4.4,,,,earthquakes,2015.0,11.0
us1000419g,2015-11-25 16:15:10.640000+00:00,Earthquake,Earthquake,26.4076,92.9745,"30 km SE of Tezpur, India",4.7,,,,earthquakes,2015.0,11.0
us20004fz6,2015-11-27 18:58:53.130000+00:00,Earthquake,Earthquake,10.2874,91.622,"195 km SW of Port Blair, India",4.4,,,,earthquakes,2015.0,11.0
us100042qf,2015-11-28 18:32:56.410000+00:00,Earthquake,Earthquake,12.5328,93.687,"Andaman Islands, India region",4.4,,,,earthquakes,2015.0,11.0
us100041zf,2015-11-29 02:47:52.820000+00:00,Earthquake,Earthquake,31.373,78.7325,"76 km NNE of Uttark?shi, India",4.1,,,,earthquakes,2015.0,11.0
us20004fsq,2015-12-05 23:13:32.200000+00:00,Earthquake,Earthquake,18.4361,71.1922,"179 km W of Al?b?g, India",4.3,,,,earthquakes,2015.0,12.0
us20004ggj,2015-12-09 12:00:19.910000+00:00,Earthquake,Earthquake,10.4689,93.9392,"185 km SE of Port Blair, India",4.5,,,,earthquakes,2015.0,12.0
us20004gm1,2015-12-11 22:09:40.200000+00:00,Earthquake,Earthquake,29.6312,95.7458,"178 km NNE of P?sigh?t, India",4.3,,,,earthquakes,2015.0,12.0
us100047wa,2015-12-13 11:17:29.250000+00:00,Earthquake,Earthquake,24.5749,95.0379,"98 km E of W?ngjing, India",4.0,,,,earthquakes,2015.0,12.0
us10004846,2015-12-15 02:35:15.500000+00:00,Earthquake,Earthquake,23.8301,86.5783,"6 km E of Gobindpur, India",4.5,,,,earthquakes,2015.0,12.0
us20004hhu,2015-12-16 04:48:19.990000+00:00,Earthquake,Earthquake,12.6843,93.4126,"132 km NE of Bamboo Flat, India",4.7,,,,earthquakes,2015.0,12.0
us100048r3,2015-12-17 03:04:44.760000+00:00,Earthquake,Earthquake,9.4948,93.7925,"266 km SSE of Port Blair, India",4.6,,,,earthquakes,2015.0,12.0
us100048rx,2015-12-17 16:42:57.020000+00:00,Earthquake,Earthquake,8.3257,92.0565,"Nicobar Islands, India region",4.2,,,,earthquakes,2015.0,12.0
us10004b7b,2015-12-23 09:22:06.370000+00:00,Earthquake,Earthquake,26.2583,93.0894,"36 km NE of Hoj?i, India",4.3,,,,earthquakes,2015.0,12.0
us10004bie,2015-12-27 11:34:24.100000+00:00,Earthquake,Earthquake,7.5136,91.7745,"Nicobar Islands, India region",4.3,,,,earthquakes,2015.0,12.0
us10004b2n,2016-01-03 23:05:22.270000+00:00,Earthquake,Earthquake,24.8036,93.6505,"29 km W of Imph?l, India",6.7,,,,earthquakes,2016.0,1.0
us10004dzl,2016-01-04 02:28:04.870000+00:00,Earthquake,Earthquake,12.0291,93.1309,"57 km NE of Bamboo Flat, India",4.2,,,,earthquakes,2016.0,1.0
us10004c4z,2016-01-06 10:25:13.360000+00:00,Earthquake,Earthquake,24.8896,93.4003,"40 km ENE of Lakhipur, India",4.3,,,,earthquakes,2016.0,1.0
us10004ews,2016-01-11 06:56:37+00:00,Earthquake,Earthquake,13.5519,92.7103,"204 km N of Bamboo Flat, India",4.1,,,,earthquakes,2016.0,1.0
us10004g1b,2016-01-15 19:24:52.540000+00:00,Earthquake,Earthquake,11.7568,92.8636,"16 km NE of Port Blair, India",4.3,,,,earthquakes,2016.0,1.0
us20004v6u,2016-01-27 22:09:56.710000+00:00,Earthquake,Earthquake,13.7261,93.8004,"253 km NNE of Bamboo Flat, India",4.6,,,,earthquakes,2016.0,1.0
us20004y5a,2016-02-03 15:24:07.060000+00:00,Earthquake,Earthquake,10.3608,93.3475,"158 km SSE of Port Blair, India",4.4,,,,earthquakes,2016.0,2.0
us20004x0r,2016-02-04 07:10:36.880000+00:00,Earthquake,Earthquake,32.8455,76.043,"33 km NNW of Chamba, India",4.3,,,,earthquakes,2016.0,2.0
us20004x3a,2016-02-04 15:30:49.930000+00:00,Earthquake,Earthquake,14.2933,93.204,"291 km N of Bamboo Flat, India",5.1,,,,earthquakes,2016.0,2.0
us20004z10,2016-02-09 15:13:53.700000+00:00,Earthquake,Earthquake,32.9944,76.0777,"33 km E of Bhadarw?h, India",4.2,,,,earthquakes,2016.0,2.0
us200050p4,2016-02-16 23:06:59.690000+00:00,Earthquake,Earthquake,26.196,93.4977,"34 km NW of Bokaj?n, India",4.7,,,,earthquakes,2016.0,2.0
us10004rgq,2016-02-21 03:39:38.190000+00:00,Earthquake,Earthquake,6.9364,92.4103,"Nicobar Islands, India region",4.8,,,,earthquakes,2016.0,2.0
us10004rsa,2016-02-22 18:20:53.250000+00:00,Earthquake,Earthquake,7.122,92.1235,"Nicobar Islands, India region",4.6,,,,earthquakes,2016.0,2.0
us10004t24,2016-02-27 00:31:05.120000+00:00,Earthquake,Earthquake,13.4762,93.915,"235 km NNE of Bamboo Flat, India",4.5,,,,earthquakes,2016.0,2.0
us10004ude,2016-02-28 23:11:03.470000+00:00,Earthquake,Earthquake,10.2974,93.6503,"180 km SSE of Port Blair, India",4.0,,,,earthquakes,2016.0,2.0
us10004ur6,2016-03-02 04:03:50.420000+00:00,Earthquake,Earthquake,26.4817,95.4216,"45 km SE of Mon, India",4.1,,,,earthquakes,2016.0,3.0
us10004ws1,2016-03-08 09:55:34.760000+00:00,Earthquake,Earthquake,9.5751,93.4345,"243 km SSE of Port Blair, India",4.4,,,,earthquakes,2016.0,3.0
us20005a7q,2016-03-12 09:39:37.700000+00:00,Earthquake,Earthquake,10.3914,92.4579,"144 km SSW of Port Blair, India",4.2,,,,earthquakes,2016.0,3.0
us10004x9h,2016-03-13 10:30:11.160000+00:00,Earthquake,Earthquake,26.245,92.2565,"9 km W of Morigaon, India",4.5,,,,earthquakes,2016.0,3.0
us20005ag9,2016-03-13 15:04:36.930000+00:00,Earthquake,Earthquake,10.2834,93.5317,"175 km SSE of Port Blair, India",4.3,,,,earthquakes,2016.0,3.0
us20005ai2,2016-03-17 16:47:01.810000+00:00,Earthquake,Earthquake,34.044,78.0686,"46 km ESE of Leh, India",4.1,,,,earthquakes,2016.0,3.0
us20005b94,2016-03-20 16:54:13.110000+00:00,Earthquake,Earthquake,29.9569,93.1989,"195 km NW of Shi Yomi, India",4.7,,,,earthquakes,2016.0,3.0
us20005dxs,2016-03-28 18:40:06.780000+00:00,Earthquake,Earthquake,25.9519,90.6891,"25 km SSE of Go?lp?ra, India",4.0,,,,earthquakes,2016.0,3.0
us20005fj8,2016-04-05 07:42:24.390000+00:00,Earthquake,Earthquake,25.7595,90.5452,"38 km SE of Lakhipur, India",5.0,,,,earthquakes,2016.0,4.0
us20005kel,2016-04-13 14:14:03.240000+00:00,Earthquake,Earthquake,12.5623,95.1787,"282 km ENE of Port Blair, India",4.9,,,,earthquakes,2016.0,4.0
us20005ji4,2016-04-18 15:29:54.930000+00:00,Earthquake,Earthquake,12.9466,92.3335,"144 km NNW of Bamboo Flat, India",4.7,,,,earthquakes,2016.0,4.0
us20005jx7,2016-04-19 20:32:57.090000+00:00,Earthquake,Earthquake,10.2153,93.6895,"190 km SSE of Port Blair, India",5.3,,,,earthquakes,2016.0,4.0
us20005jxp,2016-04-19 20:47:57.190000+00:00,Earthquake,Earthquake,10.2564,93.7772,"192 km SE of Port Blair, India",4.4,,,,earthquakes,2016.0,4.0
us20005kqe,2016-04-22 02:43:05.050000+00:00,Earthquake,Earthquake,9.9398,93.8287,"224 km SSE of Port Blair, India",4.5,,,,earthquakes,2016.0,4.0
us10005dnx,2016-04-24 21:55:42.770000+00:00,Earthquake,Earthquake,10.2055,91.5917,"205 km SW of Port Blair, India",4.3,,,,earthquakes,2016.0,4.0
us10005h6s,2016-05-07 09:43:39.640000+00:00,Earthquake,Earthquake,25.4013,91.7893,"14 km NE of Cherrapunji, India",4.1,,,,earthquakes,2016.0,5.0
us10005i7u,2016-05-09 16:00:22.140000+00:00,Earthquake,Earthquake,11.2676,91.4012,"151 km WSW of Bamboo Flat, India",4.3,,,,earthquakes,2016.0,5.0
us10005g2n,2016-05-09 16:03:47.250000+00:00,Earthquake,Earthquake,11.3506,91.5047,"137 km WSW of Bamboo Flat, India",5.2,,,,earthquakes,2016.0,5.0
us10005gr5,2016-05-12 07:54:19.140000+00:00,Earthquake,Earthquake,24.2716,94.3125,"41 km SE of Kakching, India",4.8,,,,earthquakes,2016.0,5.0
us10005jku,2016-05-16 18:03:47.500000+00:00,Earthquake,Earthquake,25.9006,90.2255,"16 km SSW of Lakhipur, India",4.3,,,,earthquakes,2016.0,5.0
us20005yjx,2016-05-22 22:32:36.380000+00:00,Earthquake,Earthquake,10.2558,92.2057,"166 km SSW of Port Blair, India",4.1,,,,earthquakes,2016.0,5.0
us10005jjq,2016-05-24 10:17:59.320000+00:00,Earthquake,Earthquake,33.0759,76.0936,"36 km ENE of Bhadarw?h, India",4.1,,,,earthquakes,2016.0,5.0
us20005yf1,2016-05-27 05:03:10.200000+00:00,Earthquake,Earthquake,26.5252,96.4968,"47 km NW of Sarupathar, India",4.6,,,,earthquakes,2016.0,5.0
us200063uf,2016-06-11 18:12:23.380000+00:00,Earthquake,Earthquake,25.7858,95.2245,"66 km SE of Tuensang, India",4.5,,,,earthquakes,2016.0,6.0
us10005zam,2016-07-01 19:22:40.040000+00:00,Earthquake,Earthquake,24.9691,95.3737,"117 km SE of Phek, India",4.7,,,,earthquakes,2016.0,7.0
us1000600x,2016-07-05 09:43:44.490000+00:00,Earthquake,Earthquake,24.8397,95.2089,"116 km SE of Phek, India",4.4,,,,earthquakes,2016.0,7.0
us20006fts,2016-07-13 09:33:32+00:00,Earthquake,Earthquake,24.5435,94.8081,"75 km E of W?ngjing, India",4.0,,,,earthquakes,2016.0,7.0
us20006fub,2016-07-13 17:56:32.830000+00:00,Earthquake,Earthquake,12.0821,95.1704,"268 km E of Port Blair, India",4.5,,,,earthquakes,2016.0,7.0
us20006far,2016-07-17 03:54:57.560000+00:00,Earthquake,Earthquake,21.4276,71.5526,"12 km SSW of Gariadhar, India",4.1,,,,earthquakes,2016.0,7.0
us20006h9w,2016-07-24 15:33:07.260000+00:00,Earthquake,Earthquake,12.7303,93.3143,"Andaman Islands, India region",4.4,,,,earthquakes,2016.0,7.0
us100069uf,2016-07-30 11:58:56.360000+00:00,Earthquake,Earthquake,29.068,94.6895,"67 km NNE of Shi Yomi, India",4.1,,,,earthquakes,2016.0,7.0
us10006acy,2016-08-01 13:38:32.850000+00:00,Earthquake,Earthquake,31.3148,76.9876,"15 km WNW of Seoni, India",4.5,,,,earthquakes,2016.0,8.0
us10006gdk,2016-08-18 18:23:56.270000+00:00,Earthquake,Earthquake,11.9017,93.5881,"95 km ENE of Port Blair, India",4.6,,,,earthquakes,2016.0,8.0
us20006ubt,2016-08-26 18:20:45.580000+00:00,Earthquake,Earthquake,9.2319,93.9606,"Nicobar Islands, India region",4.7,,,,earthquakes,2016.0,8.0
us20006ves,2016-08-26 18:22:55.880000+00:00,Earthquake,Earthquake,9.1191,94.4457,"Nicobar Islands, India region",4.4,,,,earthquakes,2016.0,8.0
us20006ver,2016-08-26 18:24:21.040000+00:00,Earthquake,Earthquake,9.0105,95.5605,"298 km W of Ban Khao Lak, Thailand",4.5,,,,earthquakes,2016.0,8.0
us20006ufk,2016-08-27 01:14:30.110000+00:00,Earthquake,Earthquake,31.4746,77.7102,"8 km ENE of R?mpur, India",4.6,,,,earthquakes,2016.0,8.0
us20006ufn,2016-08-27 01:35:05.900000+00:00,Earthquake,Earthquake,31.4834,77.6806,"6 km NE of R?mpur, India",4.5,,,,earthquakes,2016.0,8.0
us10006j3q,2016-08-27 03:38:08.270000+00:00,Earthquake,Earthquake,31.2127,77.7742,"2 km ENE of Rohru, India",4.1,,,,earthquakes,2016.0,8.0
us10006jnm,2016-09-02 14:31:00.980000+00:00,Earthquake,Earthquake,28.6255,94.9397,"52 km NNE of Along, India",4.6,,,,earthquakes,2016.0,9.0
us10006k6e,2016-09-03 21:38:58.200000+00:00,Earthquake,Earthquake,27.2224,96.8182,"98 km SSE of Hayuliang, India",4.5,,,,earthquakes,2016.0,9.0
us10006mr6,2016-09-04 13:05:48.740000+00:00,Earthquake,Earthquake,28.0653,92.032,"55 km N of Tawang, India",4.0,,,,earthquakes,2016.0,9.0
us10006kdx,2016-09-04 22:28:38.650000+00:00,Earthquake,Earthquake,13.5061,92.7137,"199 km N of Bamboo Flat, India",4.2,,,,earthquakes,2016.0,9.0
us10006n7k,2016-09-08 23:35:06.290000+00:00,Earthquake,Earthquake,8.6016,93.8842,"Nicobar Islands, India region",4.5,,,,earthquakes,2016.0,9.0
us10006nsd,2016-09-10 15:27:23.480000+00:00,Earthquake,Earthquake,28.7684,76.5733,"7 km N of Beri Kh?s, India",4.1,,,,earthquakes,2016.0,9.0
us10006nsf,2016-09-11 05:07:48.670000+00:00,Earthquake,Earthquake,9.8342,93.2204,"209 km SSE of Port Blair, India",4.6,,,,earthquakes,2016.0,9.0
us10006r4n,2016-09-13 11:59:49.020000+00:00,Earthquake,Earthquake,10.2454,91.637,"198 km SW of Port Blair, India",4.7,,,,earthquakes,2016.0,9.0
us10006pnx,2016-09-15 02:30:46.460000+00:00,Earthquake,Earthquake,10.1636,91.7111,"201 km SW of Port Blair, India",5.0,,,,earthquakes,2016.0,9.0
us10006s0d,2016-09-16 05:18:49.780000+00:00,Earthquake,Earthquake,12.8909,92.492,"133 km N of Bamboo Flat, India",4.3,,,,earthquakes,2016.0,9.0
us10006sux,2016-09-17 02:46:23.340000+00:00,Earthquake,Earthquake,24.368,93.9151,"15 km SSW of Kakching, India",4.3,,,,earthquakes,2016.0,9.0
us10006t9z,2016-09-18 23:39:09.760000+00:00,Earthquake,Earthquake,8.1628,92.2383,"Nicobar Islands, India region",4.3,,,,earthquakes,2016.0,9.0
us10006ttk,2016-09-19 12:57:31.930000+00:00,Earthquake,Earthquake,10.3504,92.6927,"145 km S of Port Blair, India",4.6,,,,earthquakes,2016.0,9.0
us10006tvk,2016-09-20 09:10:11.230000+00:00,Earthquake,Earthquake,13.301,93.048,"180 km NNE of Bamboo Flat, India",4.3,,,,earthquakes,2016.0,9.0
us10006rn5,2016-09-22 13:23:43.950000+00:00,Earthquake,Earthquake,25.2601,95.6127,"120 km ESE of Phek, India",4.6,,,,earthquakes,2016.0,9.0
us20007dpw,2016-10-04 14:19:21.580000+00:00,Earthquake,Earthquake,33.7459,75.6917,"45 km SE of Pahlg?m, India",4.3,,,,earthquakes,2016.0,10.0
us20007dug,2016-10-06 14:47:57.210000+00:00,Earthquake,Earthquake,26.443,92.773,"21 km S of Tezpur, India",4.3,,,,earthquakes,2016.0,10.0
us20007d7h,2016-10-11 07:30:14.280000+00:00,Earthquake,Earthquake,25.2519,95.0006,"68 km SE of Phek, India",4.7,,,,earthquakes,2016.0,10.0
us20007g8h,2016-10-23 15:56:41.960000+00:00,Earthquake,Earthquake,26.0659,90.2619,"5 km NW of Lakhipur, India",4.6,,,,earthquakes,2016.0,10.0
us20007gqu,2016-10-25 22:00:26.020000+00:00,Earthquake,Earthquake,7.0673,92.4518,"Nicobar Islands, India region",4.9,,,,earthquakes,2016.0,10.0
us20007gsu,2016-10-26 06:29:09.950000+00:00,Earthquake,Earthquake,23.1261,92.8708,"18 km S of Serchh?p, India",4.7,,,,earthquakes,2016.0,10.0
us100073s9,2016-10-29 17:47:11.680000+00:00,Earthquake,Earthquake,21.7014,93.4678,"100 km SSE of Saiha, India",4.4,,,,earthquakes,2016.0,10.0
us100079ba,2016-11-11 16:20:10.360000+00:00,Earthquake,Earthquake,7.1537,92.0147,"Nicobar Islands, India region",4.1,,,,earthquakes,2016.0,11.0
us100077fm,2016-11-13 21:22:24.700000+00:00,Earthquake,Earthquake,10.6904,93.6834,"148 km SE of Port Blair, India",4.6,,,,earthquakes,2016.0,11.0
us1000781i,2016-11-15 02:10:21.120000+00:00,Earthquake,Earthquake,24.6475,92.3284,"23 km W of Hail?k?ndi, India",4.6,,,,earthquakes,2016.0,11.0
us1000793m,2016-11-16 22:59:24.610000+00:00,Earthquake,Earthquake,28.0012,76.7017,"14 km SE of B?wal, India",4.4,,,,earthquakes,2016.0,11.0
us10007c91,2016-11-25 11:17:10.660000+00:00,Earthquake,Earthquake,13.1382,93.0599,"163 km NNE of Bamboo Flat, India",4.6,,,,earthquakes,2016.0,11.0
us10007ed2,2016-11-25 19:37:57.090000+00:00,Earthquake,Earthquake,7.1094,92.4447,"Nicobar Islands, India region",4.4,,,,earthquakes,2016.0,11.0
us10007e1x,2016-12-01 16:52:50.110000+00:00,Earthquake,Earthquake,29.979,80.6321,"18 km NE of Dh?rchula, India",5.2,,,,earthquakes,2016.0,12.0
us10007emp,2016-12-03 19:42:11.180000+00:00,Earthquake,Earthquake,10.9345,91.886,"123 km SW of Port Blair, India",4.7,,,,earthquakes,2016.0,12.0
us20007z4c,2016-12-08 09:32:56.890000+00:00,Earthquake,Earthquake,24.6052,94.8888,"83 km E of W?ngjing, India",4.3,,,,earthquakes,2016.0,12.0
us10007sbb,2016-12-23 04:56:16.820000+00:00,Earthquake,Earthquake,12.3232,91.9315,"109 km NW of Bamboo Flat, India",4.4,,,,earthquakes,2016.0,12.0
us10007t4j,2016-12-27 10:50:19.090000+00:00,Earthquake,Earthquake,12.763,92.9305,"119 km N of Bamboo Flat, India",4.3,,,,earthquakes,2016.0,12.0
us10007n39,2016-12-27 21:21:53.720000+00:00,Earthquake,Earthquake,13.341,92.327,"186 km NNW of Bamboo Flat, India",4.4,,,,earthquakes,2016.0,12.0
us10007pfk,2017-01-03 09:09:02.080000+00:00,Earthquake,Earthquake,24.0151,92.0177,"18 km ENE of ?mb?sa, India",5.7,,,,earthquakes,2017.0,1.0
us10007ud9,2017-01-03 19:32:26.800000+00:00,Earthquake,Earthquake,27.9089,93.8486,"34 km N of Ziro, India",4.4,,,,earthquakes,2017.0,1.0
us10007s65,2017-01-09 20:25:53.280000+00:00,Earthquake,Earthquake,35.679,77.8343,"126 km NE of Thang, India",4.1,,,,earthquakes,2017.0,1.0
us10007ssz,2017-01-12 09:32:08.120000+00:00,Earthquake,Earthquake,26.4049,95.364,"47 km SE of Mon, India",4.5,,,,earthquakes,2017.0,1.0
us10007tuu,2017-01-18 03:03:21.970000+00:00,Earthquake,Earthquake,24.559,94.5655,"50 km E of W?ngjing, India",4.5,,,,earthquakes,2017.0,1.0
us10007tz3,2017-01-18 15:42:40.480000+00:00,Earthquake,Earthquake,12.2,94.9698,"249 km ENE of Port Blair, India",4.9,,,,earthquakes,2017.0,1.0
us10007u64,2017-01-19 19:18:36.830000+00:00,Earthquake,Earthquake,28.1784,92.6836,"100 km NE of Tawang, India",4.1,,,,earthquakes,2017.0,1.0
us20008ih1,2017-01-24 12:25:38.780000+00:00,Earthquake,Earthquake,25.6419,91.8799,"8 km N of Shillong, India",4.3,,,,earthquakes,2017.0,1.0
us10007w3d,2017-01-29 21:36:08.190000+00:00,Earthquake,Earthquake,25.9321,96.4968,"43 km SW of Sarupathar, India",4.5,,,,earthquakes,2017.0,1.0
us20008hyg,2017-02-06 17:03:06.530000+00:00,Earthquake,Earthquake,30.6544,79.1645,"36 km NW of P?palkoti, India",5.1,,,,earthquakes,2017.0,2.0
us20008j9t,2017-02-12 04:05:33.570000+00:00,Earthquake,Earthquake,25.548,91.1035,"16 km WNW of Nongstoin, India",4.4,,,,earthquakes,2017.0,2.0
us20008m0e,2017-02-24 12:02:50.650000+00:00,Earthquake,Earthquake,24.0437,93.4825,"37 km SSW of Chur?ch?ndpur, India",5.0,,,,earthquakes,2017.0,2.0
us100087qh,2017-02-28 10:42:06.570000+00:00,Earthquake,Earthquake,10.1937,92.501,"165 km S of Port Blair, India",4.2,,,,earthquakes,2017.0,2.0
us100085w3,2017-03-01 03:16:52.370000+00:00,Earthquake,Earthquake,12.2124,93.2046,"77 km NE of Bamboo Flat, India",4.5,,,,earthquakes,2017.0,3.0
us10008848,2017-03-01 16:21:04.660000+00:00,Earthquake,Earthquake,11.6696,92.2347,"52 km W of Bamboo Flat, India",4.1,,,,earthquakes,2017.0,3.0
us100086vs,2017-03-03 23:30:03.100000+00:00,Earthquake,Earthquake,24.8454,94.5486,"53 km ENE of Yairipok, India",4.1,,,,earthquakes,2017.0,3.0
us100086x4,2017-03-04 02:11:53.820000+00:00,Earthquake,Earthquake,25.1865,94.6658,"55 km SSE of Phek, India",5.1,,,,earthquakes,2017.0,3.0
us100087d0,2017-03-06 21:30:06.950000+00:00,Earthquake,Earthquake,25.1149,95.1428,"88 km SE of Phek, India",4.3,,,,earthquakes,2017.0,3.0
us100087vi,2017-03-09 02:55:11.360000+00:00,Earthquake,Earthquake,24.7062,94.5703,"52 km ENE of W?ngjing, India",4.7,,,,earthquakes,2017.0,3.0
us20008srl,2017-03-10 12:39:35.300000+00:00,Earthquake,Earthquake,8.3783,91.8219,"Nicobar Islands, India region",4.3,,,,earthquakes,2017.0,3.0
us100088sf,2017-03-14 02:51:16.770000+00:00,Earthquake,Earthquake,6.1457,92.3044,"Nicobar Islands, India region",6.0,,,,earthquakes,2017.0,3.0
us100088wt,2017-03-14 16:39:56.790000+00:00,Earthquake,Earthquake,27.2997,96.7901,"89 km SSE of Hayuliang, India",4.4,,,,earthquakes,2017.0,3.0
us20008spa,2017-03-17 14:01:43.070000+00:00,Earthquake,Earthquake,11.1741,92.8778,"56 km SSE of Port Blair, India",4.8,,,,earthquakes,2017.0,3.0
us20008t5c,2017-03-19 08:57:06.970000+00:00,Earthquake,Earthquake,9.9624,93.5567,"208 km SSE of Port Blair, India",4.6,,,,earthquakes,2017.0,3.0
us20008vc0,2017-03-21 15:40:45.410000+00:00,Earthquake,Earthquake,25.3798,92.5623,"51 km WNW of H?flong, India",4.4,,,,earthquakes,2017.0,3.0
us20008uhk,2017-03-25 02:05:56.400000+00:00,Earthquake,Earthquake,25.0469,95.0201,"86 km SE of Phek, India",4.5,,,,earthquakes,2017.0,3.0
us20008uvs,2017-03-26 21:42:11.940000+00:00,Earthquake,Earthquake,27.1419,88.5534,"4 km SSE of Rangpo, India",4.5,,,,earthquakes,2017.0,3.0
us10008ep4,2017-04-05 16:44:36.740000+00:00,Earthquake,Earthquake,14.4592,93.0491,"Andaman Islands, India region",5.3,,,,earthquakes,2017.0,4.0
us10008ii5,2017-04-18 05:11:55.400000+00:00,Earthquake,Earthquake,33.9575,76.422,Kashmir-India border region,4.6,,,,earthquakes,2017.0,4.0
us10008n6r,2017-04-22 18:45:12.860000+00:00,Earthquake,Earthquake,9.2736,87.0302,Bay of Bengal,4.1,,,,earthquakes,2017.0,4.0
us10008na7,2017-04-25 16:14:55.930000+00:00,Earthquake,Earthquake,25.6263,90.8833,"40 km WNW of Nongstoin, India",4.3,,,,earthquakes,2017.0,4.0
us10008ptb,2017-05-01 06:50:59.270000+00:00,Earthquake,Earthquake,13.6394,92.851,"215 km N of Bamboo Flat, India",4.4,,,,earthquakes,2017.0,5.0
us10008mp9,2017-05-01 18:59:31.990000+00:00,Earthquake,Earthquake,11.7813,94.8399,"228 km E of Port Blair, India",4.7,,,,earthquakes,2017.0,5.0
us10008puy,2017-05-05 17:58:35.880000+00:00,Earthquake,Earthquake,13.7401,92.548,"226 km N of Bamboo Flat, India",5.0,,,,earthquakes,2017.0,5.0
us10008q57,2017-05-06 17:57:06.800000+00:00,Earthquake,Earthquake,36.7713,73.9818,northwestern Kashmir,4.2,,,,earthquakes,2017.0,5.0
us10008sqi,2017-05-16 14:04:40.080000+00:00,Earthquake,Earthquake,11.4865,95.052,"252 km E of Port Blair, India",4.6,,,,earthquakes,2017.0,5.0
us10008udz,2017-05-16 22:13:19.060000+00:00,Earthquake,Earthquake,27.3266,88.1714,"9 km WNW of Gyalshing, India",4.2,,,,earthquakes,2017.0,5.0
us10008t21,2017-05-17 17:45:54.770000+00:00,Earthquake,Earthquake,12.7126,93.5971,"147 km NE of Bamboo Flat, India",4.6,,,,earthquakes,2017.0,5.0
us10008tgd,2017-05-19 00:02:33.540000+00:00,Earthquake,Earthquake,33.0204,76.1431,"40 km E of Bhadarw?h, India",4.5,,,,earthquakes,2017.0,5.0
us10008tqh,2017-05-20 05:48:44.460000+00:00,Earthquake,Earthquake,32.8696,76.2986,"38 km NNE of Chamba, India",4.2,,,,earthquakes,2017.0,5.0
us10008u1l,2017-05-21 17:38:11.660000+00:00,Earthquake,Earthquake,11.5138,95.0885,"256 km E of Port Blair, India",4.6,,,,earthquakes,2017.0,5.0
us10008w1v,2017-05-29 13:53:29.160000+00:00,Earthquake,Earthquake,33.2999,75.9276,"15 km E of Kishtw?r, India",4.5,,,,earthquakes,2017.0,5.0
us10008wqa,2017-05-30 22:24:43.880000+00:00,Earthquake,Earthquake,10.3004,93.2343,"160 km SSE of Port Blair, India",4.4,,,,earthquakes,2017.0,5.0
us20009j48,2017-06-01 22:55:54.880000+00:00,Earthquake,Earthquake,28.9744,76.7797,"16 km NW of Kharkhauda, India",4.7,,,,earthquakes,2017.0,6.0
us20009kft,2017-06-03 02:42:58.150000+00:00,Earthquake,Earthquake,24.7698,95.1741,"114 km E of W?ngjing, India",4.1,,,,earthquakes,2017.0,6.0
us20009lhc,2017-06-03 18:14:50.550000+00:00,Earthquake,Earthquake,16.6688,73.576,"6 km ENE of R?j?pur, India",4.3,,,,earthquakes,2017.0,6.0
us20009mr4,2017-06-09 11:48:06.920000+00:00,Earthquake,Earthquake,25.2784,95.1091,"74 km SE of Phek, India",4.6,,,,earthquakes,2017.0,6.0
us20009n6t,2017-06-16 21:43:11.230000+00:00,Earthquake,Earthquake,29.9367,95.1768,"174 km NNE of Shi Yomi, India",4.2,,,,earthquakes,2017.0,6.0
us20009nhw,2017-06-18 22:35:46.460000+00:00,Earthquake,Earthquake,24.6306,93.9674,"3 km WSW of Thoub?l, India",4.6,,,,earthquakes,2017.0,6.0
us100095hy,2017-06-24 14:26:44.820000+00:00,Earthquake,Earthquake,10.0742,93.5741,"197 km SSE of Port Blair, India",4.4,,,,earthquakes,2017.0,6.0
us100095u3,2017-07-02 05:27:45.280000+00:00,Earthquake,Earthquake,24.3592,94.7001,"69 km ESE of W?ngjing, India",4.9,,,,earthquakes,2017.0,7.0
us100098ci,2017-07-09 07:59:49.770000+00:00,Earthquake,Earthquake,29.0249,95.7052,"112 km NNE of P?sigh?t, India",4.5,,,,earthquakes,2017.0,7.0
us20009xxd,2017-07-10 10:44:46.240000+00:00,Earthquake,Earthquake,10.4269,93.8907,"185 km SE of Port Blair, India",4.5,,,,earthquakes,2017.0,7.0
us20009xhw,2017-07-12 22:33:37.170000+00:00,Earthquake,Earthquake,9.8244,93.9746,"244 km SSE of Port Blair, India",4.3,,,,earthquakes,2017.0,7.0
us20009z1c,2017-07-17 20:20:25.590000+00:00,Earthquake,Earthquake,24.8683,95.1618,"110 km SE of Phek, India",4.3,,,,earthquakes,2017.0,7.0
us2000a1bp,2017-07-21 00:23:42.350000+00:00,Earthquake,Earthquake,24.1789,92.2002,"21 km S of Dharmanagar, India",4.4,,,,earthquakes,2017.0,7.0
us2000a1ps,2017-07-22 20:06:47.850000+00:00,Earthquake,Earthquake,25.1098,94.8989,"73 km SSE of Phek, India",4.0,,,,earthquakes,2017.0,7.0
us2000a3r9,2017-08-02 18:18:08.620000+00:00,Earthquake,Earthquake,24.3214,93.6199,"5 km WSW of Chur?ch?ndpur, India",5.1,,,,earthquakes,2017.0,8.0
us2000a7bq,2017-08-08 00:35:38.010000+00:00,Earthquake,Earthquake,24.3109,93.5456,"12 km WSW of Chur?ch?ndpur, India",4.2,,,,earthquakes,2017.0,8.0
us2000a76w,2017-08-11 03:34:53.600000+00:00,Earthquake,Earthquake,13.639,92.8043,"214 km N of Bamboo Flat, India",4.5,,,,earthquakes,2017.0,8.0
us2000a7lp,2017-08-12 17:10:01.370000+00:00,Earthquake,Earthquake,30.3422,94.8528,"206 km NNE of Shi Yomi, India",5.0,,,,earthquakes,2017.0,8.0
us2000a9dw,2017-08-14 07:58:29.860000+00:00,Earthquake,Earthquake,30.3157,95.0857,"209 km NNE of Shi Yomi, India",4.2,,,,earthquakes,2017.0,8.0
us2000a8n7,2017-08-16 03:26:53.080000+00:00,Earthquake,Earthquake,32.8724,76.2437,"36 km NNE of Chamba, India",4.4,,,,earthquakes,2017.0,8.0
us2000a90q,2017-08-17 07:38:33.100000+00:00,Earthquake,Earthquake,25.8288,94.5263,"15 km S of Zunheboto, India",4.6,,,,earthquakes,2017.0,8.0
us2000abbd,2017-08-19 16:52:26.120000+00:00,Earthquake,Earthquake,16.3657,73.3863,"34 km NNW of M?lvan, India",4.1,,,,earthquakes,2017.0,8.0
us2000aa25,2017-08-21 01:12:14.320000+00:00,Earthquake,Earthquake,30.3667,94.9281,"210 km NNE of Shi Yomi, India",4.9,,,,earthquakes,2017.0,8.0
us2000aa26,2017-08-21 01:14:35.080000+00:00,Earthquake,Earthquake,30.4658,94.704,"216 km N of Shi Yomi, India",4.6,,,,earthquakes,2017.0,8.0
us2000aewh,2017-09-03 06:52:17.790000+00:00,Earthquake,Earthquake,9.2814,93.1142,"266 km S of Port Blair, India",4.9,,,,earthquakes,2017.0,9.0
us2000arp4,2017-09-05 18:06:36.970000+00:00,Earthquake,Earthquake,7.8519,93.2674,"Nicobar Islands, India region",4.9,,,,earthquakes,2017.0,9.0
us2000agg9,2017-09-06 00:10:55.750000+00:00,Earthquake,Earthquake,10.2437,93.1611,"163 km SSE of Port Blair, India",5.0,,,,earthquakes,2017.0,9.0
us2000ahj3,2017-09-07 14:32:03.630000+00:00,Earthquake,Earthquake,25.275,90.2279,"26 km S of Tura, India",4.1,,,,earthquakes,2017.0,9.0
us2000ak6r,2017-09-11 16:44:54.180000+00:00,Earthquake,Earthquake,11.1912,93.763,"122 km ESE of Port Blair, India",4.4,,,,earthquakes,2017.0,9.0
us2000anza,2017-09-15 22:37:56.230000+00:00,Earthquake,Earthquake,12.8855,91.8312,"162 km NW of Bamboo Flat, India",4.5,,,,earthquakes,2017.0,9.0
us2000at5e,2017-09-17 10:27:11.790000+00:00,Earthquake,Earthquake,12.7773,92.0628,"138 km NNW of Bamboo Flat, India",4.5,,,,earthquakes,2017.0,9.0
us2000at5x,2017-09-17 14:48:11.340000+00:00,Earthquake,Earthquake,12.8183,92.0967,"140 km NNW of Bamboo Flat, India",5.0,,,,earthquakes,2017.0,9.0
us2000asj3,2017-09-21 16:34:33.230000+00:00,Earthquake,Earthquake,24.9962,94.8861,"83 km SSE of Phek, India",4.4,,,,earthquakes,2017.0,9.0
us2000atf6,2017-09-23 00:14:11.480000+00:00,Earthquake,Earthquake,34.2131,74.5944,"5 km WSW of Sumbal, India",4.6,,,,earthquakes,2017.0,9.0
us2000b0he,2017-09-25 20:27:11.320000+00:00,Earthquake,Earthquake,13.0038,92.9286,"146 km N of Bamboo Flat, India",4.2,,,,earthquakes,2017.0,9.0
us2000b22r,2017-10-01 12:18:17.300000+00:00,Earthquake,Earthquake,28.6799,96.3197,"70 km NNW of Hayuliang, India",4.0,,,,earthquakes,2017.0,10.0
us2000axhf,2017-10-01 12:49:04.640000+00:00,Earthquake,Earthquake,12.7773,91.8903,"149 km NW of Bamboo Flat, India",4.6,,,,earthquakes,2017.0,10.0
us2000axi8,2017-10-01 14:35:36.080000+00:00,Earthquake,Earthquake,12.8898,92.3055,"139 km NNW of Bamboo Flat, India",4.5,,,,earthquakes,2017.0,10.0
us2000az70,2017-10-02 23:31:42.640000+00:00,Earthquake,Earthquake,12.8626,91.8995,"156 km NW of Bamboo Flat, India",4.7,,,,earthquakes,2017.0,10.0
us2000b0gm,2017-10-03 13:48:34.400000+00:00,Earthquake,Earthquake,25.0388,94.7337,"73 km SSE of Phek, India",4.5,,,,earthquakes,2017.0,10.0
us2000b1zv,2017-10-06 14:00:31.480000+00:00,Earthquake,Earthquake,11.9798,95.0763,"256 km E of Port Blair, India",5.0,,,,earthquakes,2017.0,10.0
us1000arju,2017-10-06 20:59:02.460000+00:00,Earthquake,Earthquake,11.0125,94.7724,"232 km ESE of Port Blair, India",4.1,,,,earthquakes,2017.0,10.0
us1000ataj,2017-10-09 19:32:39.030000+00:00,Earthquake,Earthquake,12.9368,92.4082,"140 km NNW of Bamboo Flat, India",4.5,,,,earthquakes,2017.0,10.0
us1000atp9,2017-10-10 14:42:26.530000+00:00,Earthquake,Earthquake,13.032,93.3537,"162 km NNE of Bamboo Flat, India",4.6,,,,earthquakes,2017.0,10.0
us1000aumx,2017-10-14 11:45:51.540000+00:00,Earthquake,Earthquake,6.174,91.3087,"Nicobar Islands, India region",4.4,,,,earthquakes,2017.0,10.0
us1000atxi,2017-10-19 01:10:25+00:00,Earthquake,Earthquake,33.5105,76.2599,"50 km ENE of Kishtw?r, India",4.6,,,,earthquakes,2017.0,10.0
us1000avwb,2017-10-23 14:23:42.660000+00:00,Earthquake,Earthquake,6.8047,92.5032,"Nicobar Islands, India region",4.5,,,,earthquakes,2017.0,10.0
us1000awth,2017-10-25 18:20:47.790000+00:00,Earthquake,Earthquake,13.7225,92.9359,"225 km N of Bamboo Flat, India",4.7,,,,earthquakes,2017.0,10.0
us1000axdn,2017-10-27 02:37:45.580000+00:00,Earthquake,Earthquake,31.9508,77.4341,"30 km E of Kulu, India",4.1,,,,earthquakes,2017.0,10.0
us2000bhyw,2017-10-28 14:17:46.560000+00:00,Earthquake,Earthquake,12.7959,95.4699,"Andaman Islands, India region",4.5,,,,earthquakes,2017.0,10.0
us2000bk8n,2017-11-08 04:50:51.960000+00:00,Earthquake,Earthquake,24.0923,91.2855,"28 km N of Agartala, India",4.9,,,,earthquakes,2017.0,11.0
us2000bsyx,2017-11-13 13:41:53.790000+00:00,Earthquake,Earthquake,9.8714,93.1863,"204 km SSE of Port Blair, India",4.3,,,,earthquakes,2017.0,11.0
us2000bqsn,2017-11-17 22:34:19.450000+00:00,Earthquake,Earthquake,29.8333,94.9838,"156 km NNE of Shi Yomi, India",6.4,,,,earthquakes,2017.0,11.0
us2000bqtu,2017-11-18 00:32:01.910000+00:00,Earthquake,Earthquake,29.9311,94.8843,"163 km NNE of Shi Yomi, India",5.1,,,,earthquakes,2017.0,11.0
us2000bqva,2017-11-18 02:13:40.430000+00:00,Earthquake,Earthquake,30.063,95.1719,"186 km NNE of Shi Yomi, India",4.1,,,,earthquakes,2017.0,11.0
us2000bqvi,2017-11-18 03:36:06.040000+00:00,Earthquake,Earthquake,29.968,95.2211,"179 km NNE of Shi Yomi, India",4.2,,,,earthquakes,2017.0,11.0
us2000buy0,2017-11-18 05:59:44.980000+00:00,Earthquake,Earthquake,30.0082,95.0046,"174 km NNE of Shi Yomi, India",4.2,,,,earthquakes,2017.0,11.0
us2000br5p,2017-11-18 21:24:49.880000+00:00,Earthquake,Earthquake,29.8332,95.0334,"158 km NNE of Shi Yomi, India",4.4,,,,earthquakes,2017.0,11.0
us2000brb3,2017-11-19 08:52:24.170000+00:00,Earthquake,Earthquake,29.9471,95.4494,"188 km NE of Shi Yomi, India",4.1,,,,earthquakes,2017.0,11.0
us2000btdi,2017-11-23 02:14:16.930000+00:00,Earthquake,Earthquake,29.8244,95.2161,"165 km NNE of Shi Yomi, India",4.5,,,,earthquakes,2017.0,11.0
us1000bjt0,2017-11-23 02:59:45.380000+00:00,Earthquake,Earthquake,29.8252,95.2012,"164 km NNE of Shi Yomi, India",4.1,,,,earthquakes,2017.0,11.0
us2000btfh,2017-11-23 07:13:47.230000+00:00,Earthquake,Earthquake,29.9261,95.1799,"173 km NNE of Shi Yomi, India",4.7,,,,earthquakes,2017.0,11.0
us2000c22l,2017-12-02 19:36:18.430000+00:00,Earthquake,Earthquake,12.1948,95.085,"261 km ENE of Port Blair, India",4.4,,,,earthquakes,2017.0,12.0
us1000bkfr,2017-12-02 23:43:44.930000+00:00,Earthquake,Earthquake,27.2856,88.0806,"17 km W of Gyalshing, India",4.2,,,,earthquakes,2017.0,12.0
us2000c3gs,2017-12-05 02:24:15.820000+00:00,Earthquake,Earthquake,26.609,96.3627,"63 km NW of Sarupathar, India",4.2,,,,earthquakes,2017.0,12.0
us2000c3h8,2017-12-05 15:50:58.340000+00:00,Earthquake,Earthquake,24.5413,94.6672,"61 km E of W?ngjing, India",4.3,,,,earthquakes,2017.0,12.0
us1000bmru,2017-12-06 15:19:49.970000+00:00,Earthquake,Earthquake,30.6339,79.1601,"34 km NW of P?palkoti, India",5.1,,,,earthquakes,2017.0,12.0
us2000c1ea,2017-12-06 23:29:03.790000+00:00,Earthquake,Earthquake,35.7238,77.5618,"112 km NE of Thang, India",5.2,,,,earthquakes,2017.0,12.0
us2000c2cc,2017-12-09 10:43:07.020000+00:00,Earthquake,Earthquake,33.4204,76.9149,"5 km SSE of Padam, India",4.7,,,,earthquakes,2017.0,12.0
us2000c2cj,2017-12-09 11:02:34.040000+00:00,Earthquake,Earthquake,25.6097,96.3486,"80 km SW of Sarupathar, India",4.4,,,,earthquakes,2017.0,12.0
us2000c2pc,2017-12-10 21:37:05.140000+00:00,Earthquake,Earthquake,29.9322,95.0733,"169 km NNE of Shi Yomi, India",4.5,,,,earthquakes,2017.0,12.0
us2000c2q3,2017-12-10 22:58:55.730000+00:00,Earthquake,Earthquake,34.3183,78.5677,"92 km E of Leh, India",4.6,,,,earthquakes,2017.0,12.0
us2000c2rj,2017-12-11 03:35:13.720000+00:00,Earthquake,Earthquake,25.725,90.8605,"46 km WNW of Nongstoin, India",4.6,,,,earthquakes,2017.0,12.0
us2000c2v8,2017-12-11 16:49:48.970000+00:00,Earthquake,Earthquake,11.8055,93.8373,"119 km E of Port Blair, India",4.6,,,,earthquakes,2017.0,12.0
us2000c5d1,2017-12-17 06:20:41.840000+00:00,Earthquake,Earthquake,27.6391,94.2556,"36 km WNW of Dhem?ji, India",4.6,,,,earthquakes,2017.0,12.0
us1000bt2a,2017-12-19 13:23:32.100000+00:00,Earthquake,Earthquake,9.7595,93.5468,"228 km SSE of Port Blair, India",4.9,,,,earthquakes,2017.0,12.0
us1000bt6r,2017-12-19 17:40:55.590000+00:00,Earthquake,Earthquake,29.964,95.0865,"173 km NNE of Shi Yomi, India",5.1,,,,earthquakes,2017.0,12.0
us1000bv1g,2017-12-22 15:58:49.710000+00:00,Earthquake,Earthquake,10.0394,93.0186,"182 km S of Port Blair, India",4.8,,,,earthquakes,2017.0,12.0
us1000bw6p,2017-12-25 23:51:21.620000+00:00,Earthquake,Earthquake,34.2442,73.8406,"26 km NW of Uri, India",4.2,,,,earthquakes,2017.0,12.0
us1000bxm9,2017-12-29 11:29:37.610000+00:00,Earthquake,Earthquake,8.4361,92.415,"Nicobar Islands, India region",5.1,,,,earthquakes,2017.0,12.0
us1000bxqd,2017-12-29 16:19:14.310000+00:00,Earthquake,Earthquake,26.6901,96.1232,"66 km ESE of Khonsa, India",4.7,,,,earthquakes,2017.0,12.0
us1000bz3y,2018-01-02 20:47:43.780000+00:00,Earthquake,Earthquake,7.1265,92.1669,"Nicobar Islands, India region",4.9,,,,earthquakes,2018.0,1.0
us1000c1my,2018-01-07 06:47:15.780000+00:00,Earthquake,Earthquake,24.7382,94.9055,"86 km E of W?ngjing, India",5.6,,,,earthquakes,2018.0,1.0
us2000cpre,2018-01-12 07:29:48.870000+00:00,Earthquake,Earthquake,24.9159,95.2518,"112 km SE of Phek, India",4.3,,,,earthquakes,2018.0,1.0
us2000cjih,2018-01-14 15:48:09.590000+00:00,Earthquake,Earthquake,12.1779,92.4336,"61 km NNW of Bamboo Flat, India",4.7,,,,earthquakes,2018.0,1.0
us2000cjx2,2018-01-16 11:23:02.330000+00:00,Earthquake,Earthquake,24.5799,94.9415,"88 km E of W?ngjing, India",4.0,,,,earthquakes,2018.0,1.0
us2000ckm4,2018-01-18 02:03:30.260000+00:00,Earthquake,Earthquake,25.2304,95.0332,"72 km SE of Phek, India",4.5,,,,earthquakes,2018.0,1.0
us2000cl6a,2018-01-19 14:41:17.890000+00:00,Earthquake,Earthquake,36.4289,76.9152,"166 km N of Thang, India",4.1,,,,earthquakes,2018.0,1.0
us2000clmv,2018-01-20 01:14:27.260000+00:00,Earthquake,Earthquake,26.1323,89.8746,"6 km ENE of Golakganj, India",4.5,,,,earthquakes,2018.0,1.0
us1000ceib,2018-01-24 11:01:46.430000+00:00,Earthquake,Earthquake,14.6681,92.6095,"Andaman Islands, India region",4.3,,,,earthquakes,2018.0,1.0
us2000cp4g,2018-01-25 01:15:58.290000+00:00,Earthquake,Earthquake,8.2527,91.7665,"Nicobar Islands, India region",5.8,,,,earthquakes,2018.0,1.0
us2000cp5r,2018-01-25 03:48:28.730000+00:00,Earthquake,Earthquake,8.3429,91.8589,"Nicobar Islands, India region",5.3,,,,earthquakes,2018.0,1.0
us2000d1a1,2018-02-13 02:39:51.940000+00:00,Earthquake,Earthquake,12.3508,93.1579,"86 km NE of Bamboo Flat, India",5.2,,,,earthquakes,2018.0,2.0
us1000d4ql,2018-03-06 03:06:51.920000+00:00,Earthquake,Earthquake,13.9008,92.8633,"243 km N of Bamboo Flat, India",4.1,,,,earthquakes,2018.0,3.0
us1000d4k8,2018-03-15 02:26:05.630000+00:00,Earthquake,Earthquake,24.4242,93.5687,"14 km NW of Chur?ch?ndpur, India",4.5,,,,earthquakes,2018.0,3.0
us1000d4p8,2018-03-15 14:53:24.170000+00:00,Earthquake,Earthquake,33.0311,76.0989,"36 km E of Bhadarw?h, India",4.5,,,,earthquakes,2018.0,3.0
us1000d7wy,2018-03-15 17:07:05.630000+00:00,Earthquake,Earthquake,11.9132,92.2633,"54 km WNW of Bamboo Flat, India",4.3,,,,earthquakes,2018.0,3.0
us1000d5cv,2018-03-16 19:58:33.840000+00:00,Earthquake,Earthquake,12.5671,93.7551,"148 km NE of Bamboo Flat, India",4.3,,,,earthquakes,2018.0,3.0
us1000d7b4,2018-03-21 22:58:23.210000+00:00,Earthquake,Earthquake,26.3137,89.9018,"15 km SSW of Goshaingaon, India",4.0,,,,earthquakes,2018.0,3.0
us1000dagp,2018-03-28 22:33:05.980000+00:00,Earthquake,Earthquake,23.1716,70.4448,"17 km SE of Bhach?u, India",4.2,,,,earthquakes,2018.0,3.0
us2000dv2d,2018-03-28 23:58:28.800000+00:00,Earthquake,Earthquake,6.4627,92.411,"Nicobar Islands, India region",4.1,,,,earthquakes,2018.0,3.0
us2000dvjw,2018-03-30 22:33:27.350000+00:00,Earthquake,Earthquake,22.1644,92.8036,"40 km SSW of Saiha, India",4.1,,,,earthquakes,2018.0,3.0
us1000dcdk,2018-04-02 11:42:10.860000+00:00,Earthquake,Earthquake,26.4448,96.9676,"30 km NNE of Sarupathar, India",4.9,,,,earthquakes,2018.0,4.0
us1000ddqf,2018-04-03 16:59:30.030000+00:00,Earthquake,Earthquake,29.8972,95.0012,"163 km NNE of Shi Yomi, India",4.1,,,,earthquakes,2018.0,4.0
us1000de6e,2018-04-04 15:21:23.500000+00:00,Earthquake,Earthquake,24.8388,95.3185,"123 km SE of Phek, India",4.6,,,,earthquakes,2018.0,4.0
us2000e12q,2018-04-09 23:11:38.070000+00:00,Earthquake,Earthquake,13.8976,92.8286,"243 km N of Bamboo Flat, India",4.0,,,,earthquakes,2018.0,4.0
us2000dxj3,2018-04-10 14:14:20.670000+00:00,Earthquake,Earthquake,24.1313,82.5522,"14 km WSW of Singrauli, India",4.6,,,,earthquakes,2018.0,4.0
us1000dpas,2018-04-16 06:07:57.040000+00:00,Earthquake,Earthquake,6.882,92.0916,"Nicobar Islands, India region",4.4,,,,earthquakes,2018.0,4.0
us1000dnx9,2018-04-19 22:52:37.900000+00:00,Earthquake,Earthquake,31.2589,80.4048,"111 km NE of Josh?math, India",4.0,,,,earthquakes,2018.0,4.0
us1000dp3g,2018-04-20 08:28:01.480000+00:00,Earthquake,Earthquake,25.2066,95.4783,"110 km ESE of Phek, India",4.3,,,,earthquakes,2018.0,4.0
us1000dqt3,2018-04-23 18:01:26.520000+00:00,Earthquake,Earthquake,13.1779,92.3513,"168 km NNW of Bamboo Flat, India",4.9,,,,earthquakes,2018.0,4.0
us1000dr23,2018-04-24 01:15:43.610000+00:00,Earthquake,Earthquake,11.0716,93.5682,"111 km SE of Port Blair, India",4.4,,,,earthquakes,2018.0,4.0
us1000dsw8,2018-04-26 18:47:36.090000+00:00,Earthquake,Earthquake,7.2912,92.2936,"Nicobar Islands, India region",4.3,,,,earthquakes,2018.0,4.0
us1000dx96,2018-04-27 10:46:56.800000+00:00,Earthquake,Earthquake,23.9282,93.854,"48 km SSE of Chur?ch?ndpur, India",4.4,,,,earthquakes,2018.0,4.0
us1000dywp,2018-05-05 17:50:39.760000+00:00,Earthquake,Earthquake,8.5569,94.0233,"Nicobar Islands, India region",4.4,,,,earthquakes,2018.0,5.0
us1000dz8g,2018-05-06 07:46:55.300000+00:00,Earthquake,Earthquake,32.8791,76.1241,"35 km N of Chamba, India",4.1,,,,earthquakes,2018.0,5.0
us1000e99b,2018-05-21 10:51:02.750000+00:00,Earthquake,Earthquake,31.7412,78.4799,"69 km ENE of Sar?han, India",4.5,,,,earthquakes,2018.0,5.0
us1000eek1,2018-05-25 12:43:55.610000+00:00,Earthquake,Earthquake,26.4604,94.3715,"20 km NW of Mokokch?ng, India",4.4,,,,earthquakes,2018.0,5.0
us1000ec8d,2018-05-25 17:41:54.090000+00:00,Earthquake,Earthquake,10.8902,93.6517,"130 km SE of Port Blair, India",4.7,,,,earthquakes,2018.0,5.0
us1000eek9,2018-05-25 20:25:46.260000+00:00,Earthquake,Earthquake,26.3926,93.5059,"29 km SSW of Bok?kh?t, India",4.0,,,,earthquakes,2018.0,5.0
us1000ed54,2018-05-28 02:00:00.470000+00:00,Earthquake,Earthquake,9.5212,93.4269,"248 km SSE of Port Blair, India",5.2,,,,earthquakes,2018.0,5.0
us1000ehai,2018-06-02 05:46:07.210000+00:00,Earthquake,Earthquake,27.1823,96.9851,"107 km SSE of Hayuliang, India",4.9,,,,earthquakes,2018.0,6.0
us1000ej24,2018-06-05 16:33:54.700000+00:00,Earthquake,Earthquake,24.5969,95.1002,"104 km E of W?ngjing, India",4.8,,,,earthquakes,2018.0,6.0
us1000ejt1,2018-06-06 17:41:24.020000+00:00,Earthquake,Earthquake,30.7553,78.9228,"45 km E of Uttark?shi, India",4.5,,,,earthquakes,2018.0,6.0
us1000ek9l,2018-06-07 06:51:17.700000+00:00,Earthquake,Earthquake,34.2276,78.0514,"43 km E of Leh, India",4.4,,,,earthquakes,2018.0,6.0
us1000emwz,2018-06-10 22:38:27.380000+00:00,Earthquake,Earthquake,13.5505,92.9769,"206 km N of Bamboo Flat, India",4.5,,,,earthquakes,2018.0,6.0
us1000en44,2018-06-11 04:53:50.390000+00:00,Earthquake,Earthquake,26.3263,92.6686,"18 km NE of Rah?, India",4.9,,,,earthquakes,2018.0,6.0
us1000erl8,2018-06-12 13:08:45.390000+00:00,Earthquake,Earthquake,26.3289,96.4714,"36 km WNW of Sarupathar, India",4.2,,,,earthquakes,2018.0,6.0
us1000ewlh,2018-06-14 00:42:07.560000+00:00,Earthquake,Earthquake,30.8612,78.2815,"9 km NE of Barkot, India",4.4,,,,earthquakes,2018.0,6.0
us1000erd6,2018-06-14 10:15:49.470000+00:00,Earthquake,Earthquake,32.5602,76.3615,"22 km E of Chamba, India",4.5,,,,earthquakes,2018.0,6.0
us1000etxu,2018-06-17 15:07:37.130000+00:00,Earthquake,Earthquake,27.4201,88.4739,"11 km SSW of Mangan, India",4.4,,,,earthquakes,2018.0,6.0
us1000ew9i,2018-06-20 07:44:26.920000+00:00,Earthquake,Earthquake,24.6071,94.3727,"31 km E of W?ngjing, India",4.5,,,,earthquakes,2018.0,6.0
us1000f229,2018-06-20 19:04:15.790000+00:00,Earthquake,Earthquake,10.1921,93.0909,"167 km SSE of Port Blair, India",4.5,,,,earthquakes,2018.0,6.0
us1000ex34,2018-06-21 03:31:23.360000+00:00,Earthquake,Earthquake,23.927,93.8741,"49 km SSE of Chur?ch?ndpur, India",4.6,,,,earthquakes,2018.0,6.0
us2000fx10,2018-06-28 19:03:21.900000+00:00,Earthquake,Earthquake,14.0705,92.8391,"262 km N of Bamboo Flat, India",4.4,,,,earthquakes,2018.0,6.0
us2000fsyl,2018-07-01 10:07:02.900000+00:00,Earthquake,Earthquake,29.0928,76.9296,"13 km NW of Son?pat, India",4.5,,,,earthquakes,2018.0,7.0
us2000g18z,2018-07-03 23:55:23.540000+00:00,Earthquake,Earthquake,13.276,93.5947,"198 km NNE of Bamboo Flat, India",4.4,,,,earthquakes,2018.0,7.0
us2000fwle,2018-07-04 07:12:49.940000+00:00,Earthquake,Earthquake,13.1648,92.4982,"163 km N of Bamboo Flat, India",4.8,,,,earthquakes,2018.0,7.0
us2000g1dj,2018-07-04 17:54:56.190000+00:00,Earthquake,Earthquake,11.3442,93.0558,"49 km SE of Port Blair, India",4.0,,,,earthquakes,2018.0,7.0
us2000g465,2018-07-10 07:36:30.940000+00:00,Earthquake,Earthquake,12.9343,93.4058,"155 km NNE of Bamboo Flat, India",4.5,,,,earthquakes,2018.0,7.0
us2000g728,2018-07-17 14:42:22.060000+00:00,Earthquake,Earthquake,10.9238,91.8114,"130 km SW of Bamboo Flat, India",4.6,,,,earthquakes,2018.0,7.0
us2000gakd,2018-07-21 09:19:36.900000+00:00,Earthquake,Earthquake,34.2911,74.0789,"23 km N of Uri, India",4.5,,,,earthquakes,2018.0,7.0
us2000gaw5,2018-07-21 19:37:46.500000+00:00,Earthquake,Earthquake,34.3623,73.9968,"31 km N of Uri, India",4.2,,,,earthquakes,2018.0,7.0
us2000gfr0,2018-07-28 00:49:16.440000+00:00,Earthquake,Earthquake,24.9529,95.2068,"106 km SE of Phek, India",4.0,,,,earthquakes,2018.0,7.0
us1000g3zs,2018-08-06 04:35:50.040000+00:00,Earthquake,Earthquake,7.4174,91.7686,"Nicobar Islands, India region",5.0,,,,earthquakes,2018.0,8.0
us1000g835,2018-08-13 16:07:11.430000+00:00,Earthquake,Earthquake,14.0665,93.2233,"267 km NNE of Bamboo Flat, India",4.9,,,,earthquakes,2018.0,8.0
us1000gaay,2018-08-16 08:12:03.180000+00:00,Earthquake,Earthquake,6.7561,92.593,"Nicobar Islands, India region",4.9,,,,earthquakes,2018.0,8.0
us1000gc6g,2018-08-18 12:03:49.520000+00:00,Earthquake,Earthquake,24.6758,94.7739,"72 km E of W?ngjing, India",4.5,,,,earthquakes,2018.0,8.0
us1000ggp5,2018-08-24 10:49:27.510000+00:00,Earthquake,Earthquake,10.5407,91.7115,"168 km SW of Port Blair, India",5.5,,,,earthquakes,2018.0,8.0
us2000h63y,2018-08-24 11:29:32.600000+00:00,Earthquake,Earthquake,10.9995,91.5782,"146 km WSW of Bamboo Flat, India",4.4,,,,earthquakes,2018.0,8.0
us1000ggpn,2018-08-24 12:18:07.220000+00:00,Earthquake,Earthquake,10.7028,91.5787,"166 km SW of Bamboo Flat, India",4.6,,,,earthquakes,2018.0,8.0
us1000gj5k,2018-08-28 13:03:27.670000+00:00,Earthquake,Earthquake,22.6926,87.7938,"6 km ENE of Gh?t?l, India",4.5,,,,earthquakes,2018.0,8.0
us2000h6kg,2018-09-01 18:09:55.250000+00:00,Earthquake,Earthquake,23.4903,82.446,"27 km NNW of Baikunthpur, India",4.7,,,,earthquakes,2018.0,9.0
us2000h6kw,2018-09-01 19:19:46.550000+00:00,Earthquake,Earthquake,24.7558,95.3651,"132 km E of W?ngjing, India",4.6,,,,earthquakes,2018.0,9.0
us2000hgq4,2018-09-09 11:07:02.910000+00:00,Earthquake,Earthquake,28.6531,76.8101,"13 km WSW of Bah?durgarh, India",4.6,,,,earthquakes,2018.0,9.0
us2000hckv,2018-09-11 12:05:41.830000+00:00,Earthquake,Earthquake,33.6364,76.2087,"54 km NE of Kishtw?r, India",4.4,,,,earthquakes,2018.0,9.0
us2000hd8v,2018-09-12 04:50:46.570000+00:00,Earthquake,Earthquake,26.3711,90.1611,"5 km NE of Sapatgr?m, India",5.3,,,,earthquakes,2018.0,9.0
us2000hjlb,2018-09-25 03:47:30.020000+00:00,Earthquake,Earthquake,26.0547,90.8859,"29 km ESE of Go?lp?ra, India",4.4,,,,earthquakes,2018.0,9.0
us1000h54v,2018-09-25 20:51:04.790000+00:00,Earthquake,Earthquake,24.2458,93.913,"26 km ESE of Chur?ch?ndpur, India",4.2,,,,earthquakes,2018.0,9.0
us1000h6dw,2018-09-27 13:35:47.410000+00:00,Earthquake,Earthquake,25.777,95.0062,"52 km ENE of Phek, India",4.2,,,,earthquakes,2018.0,9.0
us1000h3gn,2018-09-27 21:13:19.900000+00:00,Earthquake,Earthquake,34.2169,80.6903,"286 km E of Leh, India",5.0,,,,earthquakes,2018.0,9.0
us1000h7h5,2018-09-29 08:18:00.730000+00:00,Earthquake,Earthquake,10.4733,91.652,"178 km SW of Port Blair, India",4.1,,,,earthquakes,2018.0,9.0
us1000h7k5,2018-09-30 19:27:00.740000+00:00,Earthquake,Earthquake,8.6511,93.5079,"Nicobar Islands, India region",4.3,,,,earthquakes,2018.0,9.0
us1000h4z5,2018-10-01 13:24:44.800000+00:00,Earthquake,Earthquake,12.9046,92.2347,"143 km NNW of Bamboo Flat, India",5.1,,,,earthquakes,2018.0,10.0
us1000h62y,2018-10-03 04:09:41.220000+00:00,Earthquake,Earthquake,9.3012,93.8022,"285 km SSE of Port Blair, India",4.6,,,,earthquakes,2018.0,10.0
us1000he10,2018-10-18 17:49:30.040000+00:00,Earthquake,Earthquake,6.7461,92.505,"Nicobar Islands, India region",4.4,,,,earthquakes,2018.0,10.0
us1000hhrq,2018-10-26 20:49:52.280000+00:00,Earthquake,Earthquake,24.6818,95.1058,"105 km E of W?ngjing, India",4.3,,,,earthquakes,2018.0,10.0
us1000hi90,2018-10-28 16:53:43.460000+00:00,Earthquake,Earthquake,8.791,93.8375,"Nicobar Islands, India region",4.8,,,,earthquakes,2018.0,10.0
us1000hie4,2018-10-29 06:27:55.360000+00:00,Earthquake,Earthquake,34.2929,78.0838,"48 km ENE of Leh, India",4.6,,,,earthquakes,2018.0,10.0
us1000hij3,2018-10-29 14:43:35.790000+00:00,Earthquake,Earthquake,34.2342,78.1243,"50 km E of Leh, India",4.9,,,,earthquakes,2018.0,10.0
us2000i61m,2018-10-29 14:56:47.190000+00:00,Earthquake,Earthquake,34.3492,78.1903,"59 km ENE of Leh, India",4.5,,,,earthquakes,2018.0,10.0
us2000i61q,2018-10-29 16:02:48.200000+00:00,Earthquake,Earthquake,34.0313,77.9427,"36 km ESE of Leh, India",4.1,,,,earthquakes,2018.0,10.0
us1000hpqv,2018-11-02 10:31:55.700000+00:00,Earthquake,Earthquake,29.964,95.158,"176 km NNE of Shi Yomi, India",4.3,,,,earthquakes,2018.0,11.0
us2000i7rq,2018-11-06 22:50:42.150000+00:00,Earthquake,Earthquake,24.3823,94.3399,"36 km SE of W?ngjing, India",4.2,,,,earthquakes,2018.0,11.0
us1000hqbh,2018-11-10 17:15:46.730000+00:00,Earthquake,Earthquake,23.9724,93.3925,"47 km E of Darlawn, India",5.2,,,,earthquakes,2018.0,11.0
us1000hw7r,2018-11-24 21:03:22.310000+00:00,Earthquake,Earthquake,27.3188,97.1847,"104 km SE of Hayuliang, India",4.3,,,,earthquakes,2018.0,11.0
us1000hxdh,2018-11-28 10:17:06.970000+00:00,Earthquake,Earthquake,27.1986,96.9185,"103 km SSE of Hayuliang, India",5.4,,,,earthquakes,2018.0,11.0
us1000hznd,2018-12-01 15:07:26.550000+00:00,Earthquake,Earthquake,28.0036,92.6174,"83 km NE of Tawang, India",4.8,,,,earthquakes,2018.0,12.0
us1000i4ai,2018-12-04 09:44:47.480000+00:00,Earthquake,Earthquake,24.5152,94.8152,"76 km E of W?ngjing, India",4.5,,,,earthquakes,2018.0,12.0
us2000it3d,2018-12-13 00:50:26.380000+00:00,Earthquake,Earthquake,8.6753,94.6116,"Nicobar Islands, India region",4.6,,,,earthquakes,2018.0,12.0
us2000iwn3,2018-12-23 11:21:00.090000+00:00,Earthquake,Earthquake,27.4151,96.382,"60 km SSE of Tezu, India",4.3,,,,earthquakes,2018.0,12.0
us2000iwsy,2018-12-23 20:32:19.670000+00:00,Earthquake,Earthquake,26.4496,96.6002,"34 km NW of Sarupathar, India",4.7,,,,earthquakes,2018.0,12.0
us2000j3sq,2018-12-26 14:36:21.170000+00:00,Earthquake,Earthquake,8.0837,93.6636,"Nicobar Islands, India region",4.3,,,,earthquakes,2018.0,12.0
us2000iy4l,2018-12-27 16:46:09.310000+00:00,Earthquake,Earthquake,12.8155,93.5007,"150 km NE of Bamboo Flat, India",4.4,,,,earthquakes,2018.0,12.0
us2000j5n9,2018-12-31 16:45:36.650000+00:00,Earthquake,Earthquake,6.8343,92.6086,"Nicobar Islands, India region",4.6,,,,earthquakes,2018.0,12.0
us2000j01m,2019-01-03 14:03:44.980000+00:00,Earthquake,Earthquake,11.7558,93.3604,"67 km E of Port Blair, India",4.5,,,,earthquakes,2019.0,1.0
us2000j0y0,2019-01-06 23:10:42.200000+00:00,Earthquake,Earthquake,34.2031,78.0505,"43 km E of Leh, India",4.3,,,,earthquakes,2019.0,1.0
us2000j2bz,2019-01-10 02:52:04.640000+00:00,Earthquake,Earthquake,34.3645,78.2373,"64 km ENE of Leh, India",4.6,,,,earthquakes,2019.0,1.0
us2000j8vw,2019-01-11 14:46:33.830000+00:00,Earthquake,Earthquake,13.0839,91.6733,"190 km NW of Bamboo Flat, India",4.4,,,,earthquakes,2019.0,1.0
us2000j5qx,2019-01-18 13:19:39.040000+00:00,Earthquake,Earthquake,14.0245,92.9974,"258 km N of Bamboo Flat, India",4.5,,,,earthquakes,2019.0,1.0
us2000j8v7,2019-01-25 17:07:08.510000+00:00,Earthquake,Earthquake,24.3098,93.8919,"22 km E of Chur?ch?ndpur, India",4.6,,,,earthquakes,2019.0,1.0
us2000j9cu,2019-01-27 04:49:20.490000+00:00,Earthquake,Earthquake,24.8046,94.3026,"29 km ENE of Yairipok, India",4.7,,,,earthquakes,2019.0,1.0
us2000j9j5,2019-01-27 23:45:56.850000+00:00,Earthquake,Earthquake,24.4032,94.0239,"11 km SSE of Kakching, India",4.7,,,,earthquakes,2019.0,1.0
us2000jcfu,2019-02-02 17:32:35.330000+00:00,Earthquake,Earthquake,25.2277,95.2123,"86 km SE of Phek, India",4.1,,,,earthquakes,2019.0,2.0
us2000jcth,2019-02-03 17:20:45.350000+00:00,Earthquake,Earthquake,24.5236,93.8824,"9 km S of May?ng Imph?l, India",4.5,,,,earthquakes,2019.0,2.0
us2000jdp4,2019-02-05 16:47:06.750000+00:00,Earthquake,Earthquake,35.103,74.1694,"87 km NNW of Bandipura, India",5.2,,,,earthquakes,2019.0,2.0
us2000jdur,2019-02-05 21:11:27.890000+00:00,Earthquake,Earthquake,35.0109,74.2087,"76 km NNW of Bandipura, India",4.0,,,,earthquakes,2019.0,2.0
us2000jenq,2019-02-07 08:49:37.010000+00:00,Earthquake,Earthquake,26.0047,96.8478,"22 km S of Sarupathar, India",4.3,,,,earthquakes,2019.0,2.0
us2000jfur,2019-02-10 03:22:05.370000+00:00,Earthquake,Earthquake,27.3345,96.3645,"68 km SSE of Tezu, India",5.0,,,,earthquakes,2019.0,2.0
us2000jghn,2019-02-12 01:32:27.310000+00:00,Earthquake,Earthquake,14.3974,85.73,Bay of Bengal,4.9,,,,earthquakes,2019.0,2.0
us2000jgu3,2019-02-12 20:21:21.610000+00:00,Earthquake,Earthquake,13.4538,91.7532,"220 km NNW of Bamboo Flat, India",4.4,,,,earthquakes,2019.0,2.0
us2000jnzs,2019-02-15 22:11:33.610000+00:00,Earthquake,Earthquake,25.5862,95.6268,"110 km SE of Tuensang, India",4.1,,,,earthquakes,2019.0,2.0
us2000jj1j,2019-02-17 02:58:32.530000+00:00,Earthquake,Earthquake,22.4139,92.8472,"16 km WSW of Saiha, India",4.8,,,,earthquakes,2019.0,2.0
us2000jjcb,2019-02-17 22:53:30.280000+00:00,Earthquake,Earthquake,33.4367,76.7294,"14 km WSW of Padam, India",4.5,,,,earthquakes,2019.0,2.0
us2000jkem,2019-02-20 02:29:34.520000+00:00,Earthquake,Earthquake,29.3387,77.3166,"4 km ENE of K?ndhla, India",4.0,,,,earthquakes,2019.0,2.0
us2000jmh9,2019-02-24 17:12:11.420000+00:00,Earthquake,Earthquake,10.2536,93.7785,"192 km SE of Port Blair, India",4.3,,,,earthquakes,2019.0,2.0
us1000j959,2019-03-01 05:44:26.440000+00:00,Earthquake,Earthquake,20.2344,72.8943,"11 km WSW of Silvassa, India",4.0,,,,earthquakes,2019.0,3.0
us1000jimq,2019-03-10 13:20:06.945000+00:00,Earthquake,Earthquake,9.9158,92.8115,"193 km S of Port Blair, India",4.7,,,,earthquakes,2019.0,3.0
us1000jddw,2019-03-11 01:14:29.020000+00:00,Earthquake,Earthquake,11.8129,93.6513,"99 km E of Port Blair, India",4.5,,,,earthquakes,2019.0,3.0
us1000jkba,2019-03-14 15:17:36.774000+00:00,Earthquake,Earthquake,26.1211,96.9489,"16 km SE of Sarupathar, India",4.3,,,,earthquakes,2019.0,3.0
us1000jgxv,2019-03-16 04:13:00.548000+00:00,Earthquake,Earthquake,7.3401,94.6742,"Nicobar Islands, India region",4.1,,,,earthquakes,2019.0,3.0
us1000jh8z,2019-03-16 23:41:28.160000+00:00,Earthquake,Earthquake,27.4854,76.867,"13 km W of Govindgarh, India",4.0,,,,earthquakes,2019.0,3.0
us1000jj58,2019-03-20 10:27:35.183000+00:00,Earthquake,Earthquake,11.9231,92.8488,"Andaman Islands, India region",4.9,,,,earthquakes,2019.0,3.0
us1000jjsb,2019-03-21 14:30:52.863000+00:00,Earthquake,Earthquake,25.6452,90.9083,"38 km WNW of Nongstoin, India",4.4,,,,earthquakes,2019.0,3.0
us1000jkn9,2019-03-23 11:29:27.136000+00:00,Earthquake,Earthquake,14.1145,93.0433,"269 km N of Bamboo Flat, India",5.2,,,,earthquakes,2019.0,3.0
us1000jkna,2019-03-23 11:34:01.596000+00:00,Earthquake,Earthquake,13.9762,93.1001,"255 km N of Bamboo Flat, India",4.9,,,,earthquakes,2019.0,3.0
us1000jl91,2019-03-25 12:41:25.406000+00:00,Earthquake,Earthquake,24.3186,93.5079,"16 km W of Chur?ch?ndpur, India",4.6,,,,earthquakes,2019.0,3.0
us2000k69x,2019-03-28 03:08:13.487000+00:00,Earthquake,Earthquake,11.1534,95.1558,"268 km ESE of Port Blair, India",5.2,,,,earthquakes,2019.0,3.0
us2000k7vt,2019-03-31 06:42:20.572000+00:00,Earthquake,Earthquake,25.3484,95.5572,"111 km ESE of Phek, India",4.1,,,,earthquakes,2019.0,3.0
us2000ka3r,2019-04-04 07:45:30.378000+00:00,Earthquake,Earthquake,25.4467,94.4235,"25 km SSW of Phek, India",5.1,,,,earthquakes,2019.0,4.0
us2000kc24,2019-04-08 01:54:52.330000+00:00,Earthquake,Earthquake,13.1345,95.4198,"Andaman Islands, India region",5.1,,,,earthquakes,2019.0,4.0
us700037nj,2019-04-09 21:53:42.524000+00:00,Earthquake,Earthquake,7.5335,94.3612,"Nicobar Islands, India region",4.3,,,,earthquakes,2019.0,4.0
us700038jr,2019-04-12 01:56:59.713000+00:00,Earthquake,Earthquake,10.5622,93.7769,"166 km SE of Port Blair, India",4.2,,,,earthquakes,2019.0,4.0
us700034xc,2019-04-12 11:23:00.001000+00:00,Earthquake,Earthquake,11.8466,92.8676,"23 km NE of Bamboo Flat, India",4.7,,,,earthquakes,2019.0,4.0
us700035l2,2019-04-13 23:02:50.523000+00:00,Earthquake,Earthquake,14.069,93.1441,"266 km N of Bamboo Flat, India",4.5,,,,earthquakes,2019.0,4.0
us70003bdi,2019-04-15 13:33:49.328000+00:00,Earthquake,Earthquake,12.4345,93.5064,"118 km NE of Bamboo Flat, India",4.2,,,,earthquakes,2019.0,4.0
us70003ft8,2019-04-23 14:14:41.025000+00:00,Earthquake,Earthquake,10.2311,92.3966,"Andaman Islands, India region",4.5,,,,earthquakes,2019.0,4.0
us70003axc,2019-04-23 20:15:50.777000+00:00,Earthquake,Earthquake,28.4073,94.5605,"22 km SE of Shi Yomi, India",5.9,,,,earthquakes,2019.0,4.0
us70003c3k,2019-04-25 18:50:52.865000+00:00,Earthquake,Earthquake,10.9578,91.7043,"137 km SW of Bamboo Flat, India",4.2,,,,earthquakes,2019.0,4.0
us70003cvu,2019-04-27 06:27:02.999000+00:00,Earthquake,Earthquake,26.4403,93.0258,"31 km SE of Tezpur, India",4.6,,,,earthquakes,2019.0,4.0
us70003gm1,2019-05-04 11:04:01.133000+00:00,Earthquake,Earthquake,26.2288,95.7216,"86 km SE of Mon, India",5.2,,,,earthquakes,2019.0,5.0
us70003lln,2019-05-06 14:53:18.268000+00:00,Earthquake,Earthquake,12.5345,93.2991,"111 km NE of Bamboo Flat, India",4.4,,,,earthquakes,2019.0,5.0
us70003hv8,2019-05-07 08:24:12.464000+00:00,Earthquake,Earthquake,10.737,93.5702,"136 km SE of Port Blair, India",4.6,,,,earthquakes,2019.0,5.0
us60003qg7,2019-05-22 00:39:34.963000+00:00,Earthquake,Earthquake,13.8921,92.9916,"244 km N of Bamboo Flat, India",5.6,,,,earthquakes,2019.0,5.0
us60003qkr,2019-05-22 12:55:53.738000+00:00,Earthquake,Earthquake,25.0456,95.2138,"99 km SE of Phek, India",4.4,,,,earthquakes,2019.0,5.0
us70003trx,2019-05-24 20:44:35.249000+00:00,Earthquake,Earthquake,10.6433,91.4323,"182 km SW of Bamboo Flat, India",4.2,,,,earthquakes,2019.0,5.0
us60003rwt,2019-05-24 21:23:34.749000+00:00,Earthquake,Earthquake,13.8733,92.9509,"241 km N of Bamboo Flat, India",5.0,,,,earthquakes,2019.0,5.0
us70003ts3,2019-05-24 23:19:53.388000+00:00,Earthquake,Earthquake,10.8163,91.6187,"154 km SW of Bamboo Flat, India",4.7,,,,earthquakes,2019.0,5.0
us70003tt2,2019-05-25 14:33:23.381000+00:00,Earthquake,Earthquake,8.5841,93.4888,"Nicobar Islands, India region",4.4,,,,earthquakes,2019.0,5.0
us60003s9g,2019-05-26 02:19:45.642000+00:00,Earthquake,Earthquake,8.8566,93.7306,"Nicobar Islands, India region",4.6,,,,earthquakes,2019.0,5.0
us60003sb2,2019-05-26 05:09:10.629000+00:00,Earthquake,Earthquake,23.2123,86.8925,"18 km W of B?nkura, India",4.7,,,,earthquakes,2019.0,5.0
us70003v97,2019-06-04 13:27:33.983000+00:00,Earthquake,Earthquake,25.0414,94.8689,"78 km SSE of Phek, India",4.6,,,,earthquakes,2019.0,6.0
us70003vv0,2019-06-05 17:01:12.400000+00:00,Earthquake,Earthquake,24.537,72.7357,"6 km SSE of ?bu, India",4.0,,,,earthquakes,2019.0,6.0
us6000424m,2019-06-17 22:19:59.453000+00:00,Earthquake,Earthquake,12.1229,92.709,"46 km N of Bamboo Flat, India",4.9,,,,earthquakes,2019.0,6.0
us700046ng,2019-06-20 02:17:06.749000+00:00,Earthquake,Earthquake,17.1576,73.7769,"26 km S of Koynanagar, India",4.3,,,,earthquakes,2019.0,6.0
us600044cg,2019-06-21 16:42:25.085000+00:00,Earthquake,Earthquake,25.812,95.8922,"101 km WSW of Sarupathar, India",4.2,,,,earthquakes,2019.0,6.0
us700048px,2019-06-23 02:35:10.239000+00:00,Earthquake,Earthquake,9.9478,93.881,"226 km SSE of Port Blair, India",4.3,,,,earthquakes,2019.0,6.0
us70004i8m,2019-07-02 00:08:32.929000+00:00,Earthquake,Earthquake,27.7834,94.8947,"26 km NE of Silapathar, India",4.4,,,,earthquakes,2019.0,7.0
us7000493b,2019-07-03 05:57:40.112000+00:00,Earthquake,Earthquake,24.9278,94.9219,"92 km SSE of Phek, India",4.5,,,,earthquakes,2019.0,7.0
us70004b9y,2019-07-05 17:08:27.085000+00:00,Earthquake,Earthquake,9.3763,87.1121,Bay of Bengal,5.0,,,,earthquakes,2019.0,7.0
us70004nuz,2019-07-09 09:26:14.233000+00:00,Earthquake,Earthquake,8.7112,94.0263,"Nicobar Islands, India region",4.6,,,,earthquakes,2019.0,7.0
us70004nv4,2019-07-09 11:40:23.909000+00:00,Earthquake,Earthquake,8.4582,93.7163,"Nicobar Islands, India region",4.6,,,,earthquakes,2019.0,7.0
us70004jl6,2019-07-13 15:08:59.172000+00:00,Earthquake,Earthquake,24.9048,94.6999,"70 km ENE of Yairipok, India",4.3,,,,earthquakes,2019.0,7.0
us70004me9,2019-07-17 16:55:35.141000+00:00,Earthquake,Earthquake,11.8122,94.8487,"229 km E of Port Blair, India",4.9,,,,earthquakes,2019.0,7.0
us70004nrn,2019-07-19 09:22:15.514000+00:00,Earthquake,Earthquake,27.7188,92.8302,"64 km NE of Bomdila, India",5.5,,,,earthquakes,2019.0,7.0
us70004ns7,2019-07-19 09:52:01.986000+00:00,Earthquake,Earthquake,27.7047,92.7236,"57 km NNE of Bomdila, India",4.7,,,,earthquakes,2019.0,7.0
us70004pfb,2019-07-19 22:54:24.714000+00:00,Earthquake,Earthquake,27.7365,92.8044,"64 km NE of Bomdila, India",4.9,,,,earthquakes,2019.0,7.0
us60004y1s,2019-07-23 06:56:57.384000+00:00,Earthquake,Earthquake,28.8184,95.9771,"99 km NW of Hayuliang, India",4.5,,,,earthquakes,2019.0,7.0
us60004ykk,2019-07-24 10:31:13.522000+00:00,Earthquake,Earthquake,24.8601,95.1097,"108 km SE of Phek, India",4.0,,,,earthquakes,2019.0,7.0
us60004v0j,2019-07-24 19:17:11.840000+00:00,Earthquake,Earthquake,32.7286,76.3907,"31 km NE of Chamba, India",4.2,,,,earthquakes,2019.0,7.0
us600055sf,2019-07-24 19:33:09.919000+00:00,Earthquake,Earthquake,19.578,72.508,"25 km WSW of Shirgaon, India",4.1,,,,earthquakes,2019.0,7.0
us60004wux,2019-07-28 21:25:03.314000+00:00,Earthquake,Earthquake,22.5443,86.4405,"4 km NNW of Mush?bani, India",4.5,,,,earthquakes,2019.0,7.0
us60004wwv,2019-07-29 03:33:52.069000+00:00,Earthquake,Earthquake,32.8856,76.7183,"45 km NW of Kyelang, India",4.4,,,,earthquakes,2019.0,7.0
us600052t0,2019-08-01 00:43:18.690000+00:00,Earthquake,Earthquake,14.1694,93.4565,"284 km NNE of Bamboo Flat, India",4.5,,,,earthquakes,2019.0,8.0
us600052yn,2019-08-04 00:10:32.307000+00:00,Earthquake,Earthquake,24.7977,94.315,"30 km ENE of Yairipok, India",4.0,,,,earthquakes,2019.0,8.0
us600050es,2019-08-04 01:26:14.607000+00:00,Earthquake,Earthquake,11.9126,95.0085,"248 km E of Port Blair, India",5.0,,,,earthquakes,2019.0,8.0
us600050ru,2019-08-05 09:43:03.209000+00:00,Earthquake,Earthquake,25.6762,96.6433,"61 km SSW of Sarupathar, India",4.7,,,,earthquakes,2019.0,8.0
us600053la,2019-08-11 02:13:26.332000+00:00,Earthquake,Earthquake,30.3447,94.8731,"206 km NNE of Shi Yomi, India",5.0,,,,earthquakes,2019.0,8.0
us600053pp,2019-08-11 11:08:00.620000+00:00,Earthquake,Earthquake,30.4138,94.8662,"214 km NNE of Shi Yomi, India",4.6,,,,earthquakes,2019.0,8.0
us600053vp,2019-08-12 03:06:16.223000+00:00,Earthquake,Earthquake,30.3508,94.7872,"205 km NNE of Shi Yomi, India",4.3,,,,earthquakes,2019.0,8.0
us600053vm,2019-08-12 03:32:29.358000+00:00,Earthquake,Earthquake,30.4088,94.7964,"212 km NNE of Shi Yomi, India",4.8,,,,earthquakes,2019.0,8.0
us600054vx,2019-08-14 08:13:54.632000+00:00,Earthquake,Earthquake,30.4829,94.83,"220 km NNE of Shi Yomi, India",4.9,,,,earthquakes,2019.0,8.0
us6000558f,2019-08-14 23:47:03.718000+00:00,Earthquake,Earthquake,30.3683,94.8628,"209 km NNE of Shi Yomi, India",4.9,,,,earthquakes,2019.0,8.0
us700058d8,2019-08-15 05:42:53.633000+00:00,Earthquake,Earthquake,30.4473,94.8662,"217 km NNE of Shi Yomi, India",4.5,,,,earthquakes,2019.0,8.0
us600056lz,2019-08-18 06:28:34.730000+00:00,Earthquake,Earthquake,24.0196,93.858,"39 km SSE of Chur?ch?ndpur, India",5.0,,,,earthquakes,2019.0,8.0
us600057at,2019-08-20 01:08:53.855000+00:00,Earthquake,Earthquake,30.4025,94.7951,"211 km NNE of Shi Yomi, India",4.6,,,,earthquakes,2019.0,8.0
us600057v8,2019-08-21 09:19:12.149000+00:00,Earthquake,Earthquake,9.1171,93.5712,"296 km SSE of Port Blair, India",4.9,,,,earthquakes,2019.0,8.0
us70005979,2019-08-22 11:51:45.748000+00:00,Earthquake,Earthquake,6.8089,92.2392,"Nicobar Islands, India region",4.4,,,,earthquakes,2019.0,8.0
us700059q0,2019-08-23 14:54:59.945000+00:00,Earthquake,Earthquake,8.5293,93.8713,"Nicobar Islands, India region",4.2,,,,earthquakes,2019.0,8.0
us7000585z,2019-08-26 02:49:16.737000+00:00,Earthquake,Earthquake,26.4642,96.1069,"75 km WNW of Sarupathar, India",4.7,,,,earthquakes,2019.0,8.0
us7000595a,2019-08-28 13:40:06.063000+00:00,Earthquake,Earthquake,13.092,93.2507,"164 km NNE of Bamboo Flat, India",4.9,,,,earthquakes,2019.0,8.0
us70005bxw,2019-08-29 11:25:11.964000+00:00,Earthquake,Earthquake,8.3335,92.1961,"Nicobar Islands, India region",4.3,,,,earthquakes,2019.0,8.0
us70005blu,2019-09-03 19:18:39.698000+00:00,Earthquake,Earthquake,25.0899,95.0419,"84 km SE of Phek, India",4.5,,,,earthquakes,2019.0,9.0
us70005dbm,2019-09-08 02:34:32.435000+00:00,Earthquake,Earthquake,33.0736,76.1758,"44 km ENE of Bhadarw?h, India",4.8,,,,earthquakes,2019.0,9.0
us70005dl7,2019-09-09 06:40:33.517000+00:00,Earthquake,Earthquake,32.9804,76.181,"43 km E of Bhadarw?h, India",4.9,,,,earthquakes,2019.0,9.0
us60005l0t,2019-09-11 15:40:17.181000+00:00,Earthquake,Earthquake,10.9512,91.8646,"Andaman Islands, India region",4.6,,,,earthquakes,2019.0,9.0
us60005mvl,2019-09-16 18:49:44.136000+00:00,Earthquake,Earthquake,14.0514,93.5854,"276 km NNE of Bamboo Flat, India",4.0,,,,earthquakes,2019.0,9.0
us60005lwz,2019-09-22 02:31:24.605000+00:00,Earthquake,Earthquake,24.2307,93.6361,"11 km SSW of Chur?ch?ndpur, India",4.4,,,,earthquakes,2019.0,9.0
us60005m5l,2019-09-23 09:36:26.024000+00:00,Earthquake,Earthquake,29.4512,95.0638,"122 km NNE of Shi Yomi, India",4.3,,,,earthquakes,2019.0,9.0
us70005lxa,2019-09-26 19:15:33.160000+00:00,Earthquake,Earthquake,10.8407,91.6606,"149 km SW of Bamboo Flat, India",4.7,,,,earthquakes,2019.0,9.0
us70005s0k,2019-09-26 19:32:00.160000+00:00,Earthquake,Earthquake,10.9418,91.7174,"137 km SW of Bamboo Flat, India",4.2,,,,earthquakes,2019.0,9.0
us70005nfl,2019-09-29 09:02:11.934000+00:00,Earthquake,Earthquake,10.9759,91.65,"141 km SW of Bamboo Flat, India",4.7,,,,earthquakes,2019.0,9.0
us70005q55,2019-10-03 06:24:43.382000+00:00,Earthquake,Earthquake,24.8695,94.1024,"17 km ENE of Imph?l, India",4.8,,,,earthquakes,2019.0,10.0
us70005vkd,2019-10-12 06:50:56.055000+00:00,Earthquake,Earthquake,13.3676,93.5713,"206 km NNE of Bamboo Flat, India",4.4,,,,earthquakes,2019.0,10.0
us70005ttj,2019-10-13 05:06:33.866000+00:00,Earthquake,Earthquake,28.1573,73.1834,"20 km NW of B?kaner, India",4.0,,,,earthquakes,2019.0,10.0
us60006ag4,2019-11-12 02:00:26.426000+00:00,Earthquake,Earthquake,30.0659,80.2927,"32 km NW of Dh?rchula, India",4.3,,,,earthquakes,2019.0,11.0
us60006b1v,2019-11-13 13:10:54.879000+00:00,Earthquake,Earthquake,26.1728,93.3051,"38 km NNW of Diphu, India",4.7,,,,earthquakes,2019.0,11.0
us7000699n,2019-11-17 23:05:55.674000+00:00,Earthquake,Earthquake,11.2863,92.9571,"47 km SSE of Port Blair, India",5.1,,,,earthquakes,2019.0,11.0
us70006d8k,2019-11-18 13:31:08.384000+00:00,Earthquake,Earthquake,23.5799,70.4585,"19 km W of R?par, India",4.6,,,,earthquakes,2019.0,11.0
us70006aek,2019-11-20 14:06:55.919000+00:00,Earthquake,Earthquake,10.9867,95.1124,"269 km ESE of Port Blair, India",4.6,,,,earthquakes,2019.0,11.0
us70006b0f,2019-11-21 14:11:09.692000+00:00,Earthquake,Earthquake,26.145,91.1372,"23 km SSE of Barpeta, India",4.3,,,,earthquakes,2019.0,11.0
us70006ejk,2019-11-24 15:40:22.160000+00:00,Earthquake,Earthquake,5.6834,91.8204,off the west coast of northern Sumatra,4.5,,,,earthquakes,2019.0,11.0
us70006d1q,2019-11-26 03:53:46.675000+00:00,Earthquake,Earthquake,24.155,94.3136,"50 km SE of Kakching, India",4.5,,,,earthquakes,2019.0,11.0
us70006diu,2019-11-27 00:18:32.422000+00:00,Earthquake,Earthquake,28.1658,87.8728,"96 km NW of Mangan, India",4.4,,,,earthquakes,2019.0,11.0
us70006dps,2019-11-27 10:07:13.425000+00:00,Earthquake,Earthquake,14.2308,93.0511,"282 km N of Bamboo Flat, India",4.5,,,,earthquakes,2019.0,11.0
us70006ek4,2019-11-29 17:50:18.088000+00:00,Earthquake,Earthquake,13.692,93.3959,"232 km NNE of Bamboo Flat, India",4.9,,,,earthquakes,2019.0,11.0
us60006pn9,2019-12-10 03:51:46.613000+00:00,Earthquake,Earthquake,12.2739,95.2155,"277 km ENE of Port Blair, India",4.4,,,,earthquakes,2019.0,12.0
us60006rxd,2019-12-13 23:52:40.214000+00:00,Earthquake,Earthquake,20.0829,73.1729,"19 km NNW of Jawh?r, India",4.3,,,,earthquakes,2019.0,12.0
us70006tmu,2019-12-15 03:53:33.034000+00:00,Earthquake,Earthquake,24.9171,95.0882,"101 km SE of Phek, India",4.4,,,,earthquakes,2019.0,12.0
us60006s03,2019-12-16 03:10:30.166000+00:00,Earthquake,Earthquake,24.0847,93.875,"34 km SE of Chur?ch?ndpur, India",4.4,,,,earthquakes,2019.0,12.0
us70006tsa,2019-12-16 06:08:42.593000+00:00,Earthquake,Earthquake,8.5479,91.8576,"Nicobar Islands, India region",4.2,,,,earthquakes,2019.0,12.0
us70006nu2,2019-12-19 22:16:20.980000+00:00,Earthquake,Earthquake,34.6953,79.7421,"206 km ENE of Leh, India",4.5,,,,earthquakes,2019.0,12.0
us70006qg6,2019-12-24 05:52:56.405000+00:00,Earthquake,Earthquake,7.0773,92.4071,"Nicobar Islands, India region",5.1,,,,earthquakes,2019.0,12.0
us70006sb0,2019-12-30 00:52:30.193000+00:00,Earthquake,Earthquake,35.8128,77.6114,"123 km NE of Thang, India",4.1,,,,earthquakes,2019.0,12.0
us60007bgv,2020-01-06 15:08:03.412000+00:00,Earthquake,Earthquake,8.8585,93.5608,"Nicobar Islands, India region",4.9,,,,earthquakes,2020.0,1.0
us70006ymh,2020-01-12 05:23:56.526000+00:00,Earthquake,Earthquake,35.0149,74.474,"68 km NNW of Bandipura, India",5.1,,,,earthquakes,2020.0,1.0
us60007fyl,2020-01-25 21:07:34.332000+00:00,Earthquake,Earthquake,16.6775,79.8979,"32 km SW of Jaggayyapeta, India",4.5,,,,earthquakes,2020.0,1.0
us60007ifv,2020-01-28 20:29:36.992000+00:00,Earthquake,Earthquake,7.3115,92.0905,"Nicobar Islands, India region",5.1,,,,earthquakes,2020.0,1.0
us70007kw7,2020-01-29 13:43:05.740000+00:00,Earthquake,Earthquake,24.4383,94.9928,"95 km E of W?ngjing, India",4.3,,,,earthquakes,2020.0,1.0
us60007j4e,2020-01-29 15:10:53.203000+00:00,Earthquake,Earthquake,10.3105,93.7827,"187 km SE of Port Blair, India",5.0,,,,earthquakes,2020.0,1.0
us60007jkb,2020-01-29 22:13:21.341000+00:00,Earthquake,Earthquake,7.1328,92.0445,"Nicobar Islands, India region",4.6,,,,earthquakes,2020.0,1.0
us60007m2e,2020-02-01 09:43:55.801000+00:00,Earthquake,Earthquake,28.9807,95.7207,"108 km NNE of P?sigh?t, India",4.9,,,,earthquakes,2020.0,2.0
us70007jey,2020-02-05 20:47:08.396000+00:00,Earthquake,Earthquake,7.3359,73.6458,"76 km NE of Dhidhdhoo, Maldives",4.5,,,,earthquakes,2020.0,2.0
us70007ksx,2020-02-07 11:00:40.151000+00:00,Earthquake,Earthquake,11.1225,93.5904,"110 km ESE of Port Blair, India",4.4,,,,earthquakes,2020.0,2.0
us70007lc7,2020-02-08 01:01:46.831000+00:00,Earthquake,Earthquake,30.0278,79.9831,"29 km NE of B?geshwar, India",4.7,,,,earthquakes,2020.0,2.0
us70007li1,2020-02-08 12:47:01.887000+00:00,Earthquake,Earthquake,26.3386,90.7847,"10 km E of Abhay?puri, India",5.0,,,,earthquakes,2020.0,2.0
us70007q7n,2020-02-09 08:48:50.639000+00:00,Earthquake,Earthquake,12.8396,92.6303,"126 km N of Bamboo Flat, India",4.4,,,,earthquakes,2020.0,2.0
us70007mpw,2020-02-10 18:20:09.252000+00:00,Earthquake,Earthquake,13.1329,93.2938,"170 km NNE of Bamboo Flat, India",4.9,,,,earthquakes,2020.0,2.0
us70007rxk,2020-02-10 19:47:29.234000+00:00,Earthquake,Earthquake,8.5032,92.5426,"Nicobar Islands, India region",4.4,,,,earthquakes,2020.0,2.0
us70007nyd,2020-02-12 19:17:55.089000+00:00,Earthquake,Earthquake,10.5177,94.0622,"191 km SE of Port Blair, India",4.3,,,,earthquakes,2020.0,2.0
us600084lt,2020-02-26 15:04:08.953000+00:00,Earthquake,Earthquake,32.9752,76.2474,"47 km NNE of Chamba, India",5.0,,,,earthquakes,2020.0,2.0
us60008612,2020-02-28 11:07:11.020000+00:00,Earthquake,Earthquake,32.9646,76.3114,"48 km NNE of Chamba, India",4.2,,,,earthquakes,2020.0,2.0
us60008735,2020-02-29 20:05:26.893000+00:00,Earthquake,Earthquake,26.4904,92.1052,"5 km SW of Kh?rupatia, India",4.2,,,,earthquakes,2020.0,2.0
us600089zy,2020-03-05 06:59:54.541000+00:00,Earthquake,Earthquake,25.8362,96.7751,"41 km S of Sarupathar, India",4.5,,,,earthquakes,2020.0,3.0
us60008dp6,2020-03-11 14:19:31.898000+00:00,Earthquake,Earthquake,32.568,78.4627,"125 km ENE of Man?li, India",4.0,,,,earthquakes,2020.0,3.0
us70008gwf,2020-03-13 10:48:10.217000+00:00,Earthquake,Earthquake,6.4531,92.6013,"Nicobar Islands, India region",4.3,,,,earthquakes,2020.0,3.0
us70008c5d,2020-03-19 12:58:56.455000+00:00,Earthquake,Earthquake,8.8588,93.9589,"Nicobar Islands, India region",4.8,,,,earthquakes,2020.0,3.0
us70008hem,2020-03-23 08:08:12.704000+00:00,Earthquake,Earthquake,25.0857,95.0671,"86 km SE of Phek, India",4.5,,,,earthquakes,2020.0,3.0
us70008f3x,2020-03-24 15:00:31.941000+00:00,Earthquake,Earthquake,7.969,92.5087,"Nicobar Islands, India region",4.5,,,,earthquakes,2020.0,3.0
us70008k9z,2020-03-27 10:27:01.109000+00:00,Earthquake,Earthquake,7.4016,92.2583,"Nicobar Islands, India region",4.3,,,,earthquakes,2020.0,3.0
us70008h7l,2020-03-27 11:46:58.989000+00:00,Earthquake,Earthquake,32.697,76.144,"15 km N of Chamba, India",4.5,,,,earthquakes,2020.0,3.0
us70008idc,2020-03-29 18:17:45.513000+00:00,Earthquake,Earthquake,32.9731,76.4202,"53 km NNE of Chamba, India",4.3,,,,earthquakes,2020.0,3.0
us70008rid,2020-04-02 17:35:31.963000+00:00,Earthquake,Earthquake,26.1416,97.037,"23 km ESE of Sarupathar, India",4.2,,,,earthquakes,2020.0,4.0
us70008pdi,2020-04-05 17:50:30.477000+00:00,Earthquake,Earthquake,26.4085,92.7724,"25 km S of Tezpur, India",4.5,,,,earthquakes,2020.0,4.0
us70008qir,2020-04-07 10:39:02.233000+00:00,Earthquake,Earthquake,29.2723,95.1896,"114 km NE of Shi Yomi, India",4.4,,,,earthquakes,2020.0,4.0
us70008s0k,2020-04-08 05:53:57.175000+00:00,Earthquake,Earthquake,23.4203,86.989,"22 km NNW of B?nkura, India",4.0,,,,earthquakes,2020.0,4.0
us700090hi,2020-04-13 17:34:03.942000+00:00,Earthquake,Earthquake,12.0153,92.9576,"43 km NE of Bamboo Flat, India",4.3,,,,earthquakes,2020.0,4.0
us60009as6,2020-04-17 10:59:11.292000+00:00,Earthquake,Earthquake,28.1205,93.9189,"58 km N of Ziro, India",4.1,,,,earthquakes,2020.0,4.0
us700090si,2020-04-21 00:09:10.636000+00:00,Earthquake,Earthquake,9.3687,92.9668,"255 km S of Port Blair, India",4.8,,,,earthquakes,2020.0,4.0
us60009dff,2020-04-27 19:54:31.054000+00:00,Earthquake,Earthquake,12.1157,92.936,"51 km NNE of Bamboo Flat, India",4.4,,,,earthquakes,2020.0,4.0
us70009d7u,2020-05-09 10:06:46.736000+00:00,Earthquake,Earthquake,22.1166,68.963,"13 km S of Dw?rka, India",4.1,,,,earthquakes,2020.0,5.0
us70009edv,2020-05-11 22:39:35.471000+00:00,Earthquake,Earthquake,24.8084,94.1112,"15 km NNE of Yairipok, India",4.6,,,,earthquakes,2020.0,5.0
us70009iml,2020-05-17 05:22:09.081000+00:00,Earthquake,Earthquake,29.9346,94.9732,"166 km NNE of Shi Yomi, India",4.6,,,,earthquakes,2020.0,5.0
us70009npp,2020-05-22 19:43:08.261000+00:00,Earthquake,Earthquake,11.3192,93.5383,"94 km ESE of Port Blair, India",4.3,,,,earthquakes,2020.0,5.0
us70009q28,2020-05-25 14:42:17.395000+00:00,Earthquake,Earthquake,24.3856,93.9197,"13 km SSW of Kakching, India",5.1,,,,earthquakes,2020.0,5.0
us6000a0vp,2020-05-28 08:05:58.316000+00:00,Earthquake,Earthquake,32.5421,79.491,"196 km NE of Sar?han, India",4.4,,,,earthquakes,2020.0,5.0
us6000a1f4,2020-05-29 00:30:29.301000+00:00,Earthquake,Earthquake,11.7257,92.3273,"42 km W of Bamboo Flat, India",4.5,,,,earthquakes,2020.0,5.0
us6000a1wn,2020-05-29 15:38:41.657000+00:00,Earthquake,Earthquake,29.1724,77.0219,"Uttar Pradesh, India",4.2,,,,earthquakes,2020.0,5.0
us6000a6h3,2020-05-30 23:12:23.543000+00:00,Earthquake,Earthquake,12.6084,93.2388,"115 km NNE of Bamboo Flat, India",4.4,,,,earthquakes,2020.0,5.0
us6000a6l9,2020-05-31 13:03:58.927000+00:00,Earthquake,Earthquake,10.8899,92.5217,"89 km SSW of Port Blair, India",4.7,,,,earthquakes,2020.0,5.0
us6000a8x5,2020-06-09 20:47:32.885000+00:00,Earthquake,Earthquake,14.151,91.6101,"296 km NNW of Bamboo Flat, India",4.6,,,,earthquakes,2020.0,6.0
us6000a9x1,2020-06-11 10:48:34.653000+00:00,Earthquake,Earthquake,10.2409,93.6808,"187 km SSE of Port Blair, India",4.6,,,,earthquakes,2020.0,6.0
us6000abjj,2020-06-14 02:39:43.149000+00:00,Earthquake,Earthquake,26.6545,97.0594,"55 km NNE of Sarupathar, India",4.8,,,,earthquakes,2020.0,6.0
us6000abp7,2020-06-14 14:43:08.390000+00:00,Earthquake,Earthquake,23.3821,70.3548,"9 km N of Bhach?u, India",5.1,,,,earthquakes,2020.0,6.0
us6000afvf,2020-06-21 10:46:25.514000+00:00,Earthquake,Earthquake,23.9075,93.1135,"22 km ESE of Darlawn, India",4.9,,,,earthquakes,2020.0,6.0
us6000ag4u,2020-06-21 22:40:52.633000+00:00,Earthquake,Earthquake,23.1449,93.2856,"22 km E of North Vanlaiphai, India",5.6,,,,earthquakes,2020.0,6.0
us6000ahkj,2020-06-24 02:32:33.683000+00:00,Earthquake,Earthquake,23.206,93.2628,"21 km ENE of North Vanlaiphai, India",4.5,,,,earthquakes,2020.0,6.0
us7000aabs,2020-06-24 19:44:43.473000+00:00,Earthquake,Earthquake,23.1939,93.2827,"23 km ENE of North Vanlaiphai, India",4.8,,,,earthquakes,2020.0,6.0
us7000ahew,2020-06-28 03:26:21.339000+00:00,Earthquake,Earthquake,12.9095,92.6873,"133 km N of Bamboo Flat, India",4.2,,,,earthquakes,2020.0,6.0
us7000adgj,2020-06-28 05:54:36.251000+00:00,Earthquake,Earthquake,24.6766,94.5933,"54 km E of W?ngjing, India",4.4,,,,earthquakes,2020.0,6.0
us7000aeua,2020-06-30 03:26:58.130000+00:00,Earthquake,Earthquake,33.195,75.926,"19 km SE of Kishtw?r, India",4.2,,,,earthquakes,2020.0,6.0
us7000afay,2020-06-30 18:02:28.856000+00:00,Earthquake,Earthquake,33.1193,75.8744,"21 km NE of Bhadarw?h, India",4.7,,,,earthquakes,2020.0,6.0
us7000ak4u,2020-07-02 07:40:37.191000+00:00,Earthquake,Earthquake,32.998,75.9509,"21 km E of Bhadarw?h, India",4.6,,,,earthquakes,2020.0,7.0
us7000ah74,2020-07-03 09:05:43.564000+00:00,Earthquake,Earthquake,23.2815,93.3716,"27 km ESE of Khawhai, India",4.6,,,,earthquakes,2020.0,7.0
us7000ahde,2020-07-03 13:30:49.114000+00:00,Earthquake,Earthquake,28.142,76.5366,"9 km NNW of B?wal, India",4.3,,,,earthquakes,2020.0,7.0
us7000ai9b,2020-07-05 11:56:34.519000+00:00,Earthquake,Earthquake,23.1732,93.2967,"24 km E of North Vanlaiphai, India",4.8,,,,earthquakes,2020.0,7.0
us7000ajsm,2020-07-07 23:49:28.057000+00:00,Earthquake,Earthquake,12.9785,92.4828,"143 km N of Bamboo Flat, India",4.6,,,,earthquakes,2020.0,7.0
us7000akmn,2020-07-09 08:58:12.692000+00:00,Earthquake,Earthquake,23.0831,93.3665,"31 km E of North Vanlaiphai, India",4.6,,,,earthquakes,2020.0,7.0
us7000aqev,2020-07-12 19:34:50.955000+00:00,Earthquake,Earthquake,8.8774,93.9083,"Nicobar Islands, India region",4.4,,,,earthquakes,2020.0,7.0
us7000amfk,2020-07-12 21:06:47.720000+00:00,Earthquake,Earthquake,14.3503,92.992,"294 km N of Bamboo Flat, India",4.6,,,,earthquakes,2020.0,7.0
us6000b2q0,2020-07-16 01:21:55.852000+00:00,Earthquake,Earthquake,24.606,94.8877,"83 km E of W?ngjing, India",4.4,,,,earthquakes,2020.0,7.0
us7000apfs,2020-07-16 02:10:29.094000+00:00,Earthquake,Earthquake,22.2558,70.9928,"20 km E of R?jkot, India",4.1,,,,earthquakes,2020.0,7.0
us6000b54f,2020-07-16 02:27:38.675000+00:00,Earthquake,Earthquake,24.6068,92.3957,"18 km WSW of Hail?k?ndi, India",4.4,,,,earthquakes,2020.0,7.0
us7000aq5i,2020-07-17 05:01:13.351000+00:00,Earthquake,Earthquake,11.6984,95.0094,"246 km E of Port Blair, India",4.8,,,,earthquakes,2020.0,7.0
us7000aq5q,2020-07-17 05:37:17.788000+00:00,Earthquake,Earthquake,11.8654,95.0388,"250 km E of Port Blair, India",4.6,,,,earthquakes,2020.0,7.0
us7000aq8x,2020-07-17 10:26:38.892000+00:00,Earthquake,Earthquake,23.1172,93.3785,"32 km E of North Vanlaiphai, India",4.4,,,,earthquakes,2020.0,7.0
us7000aqal,2020-07-17 13:29:04.589000+00:00,Earthquake,Earthquake,11.8395,94.9771,"243 km E of Port Blair, India",5.1,,,,earthquakes,2020.0,7.0
us7000aqaw,2020-07-17 14:03:40.437000+00:00,Earthquake,Earthquake,11.8485,94.9362,"239 km E of Port Blair, India",6.1,,,,earthquakes,2020.0,7.0
us7000aqc9,2020-07-17 14:43:17.244000+00:00,Earthquake,Earthquake,11.8485,94.8316,"228 km E of Port Blair, India",5.0,,,,earthquakes,2020.0,7.0
us7000aqg3,2020-07-17 16:33:53.474000+00:00,Earthquake,Earthquake,23.1162,93.3092,"25 km E of North Vanlaiphai, India",5.1,,,,earthquakes,2020.0,7.0
us7000aqhw,2020-07-17 17:45:24.045000+00:00,Earthquake,Earthquake,12.0447,95.1004,"259 km E of Port Blair, India",4.8,,,,earthquakes,2020.0,7.0
us7000aqj0,2020-07-17 18:32:58.716000+00:00,Earthquake,Earthquake,12.0979,94.9745,"247 km E of Port Blair, India",5.7,,,,earthquakes,2020.0,7.0
us6000b2u6,2020-07-17 22:55:38.710000+00:00,Earthquake,Earthquake,24.6057,92.3782,"20 km WSW of Hail?k?ndi, India",4.3,,,,earthquakes,2020.0,7.0
us7000ar7l,2020-07-19 10:15:47.711000+00:00,Earthquake,Earthquake,30.412,94.8613,"213 km NNE of Shi Yomi, India",5.0,,,,earthquakes,2020.0,7.0
us7000ard3,2020-07-19 23:36:38.799000+00:00,Earthquake,Earthquake,30.4109,94.8431,"213 km NNE of Shi Yomi, India",4.9,,,,earthquakes,2020.0,7.0
us6000b3i2,2020-07-20 15:19:53.864000+00:00,Earthquake,Earthquake,30.3816,95.0064,"214 km NNE of Shi Yomi, India",4.0,,,,earthquakes,2020.0,7.0
us7000aru9,2020-07-20 19:21:39.541000+00:00,Earthquake,Earthquake,30.4051,94.862,"213 km NNE of Shi Yomi, India",4.9,,,,earthquakes,2020.0,7.0
us7000as23,2020-07-20 22:52:49.020000+00:00,Earthquake,Earthquake,12.1567,94.9118,"242 km ENE of Port Blair, India",4.5,,,,earthquakes,2020.0,7.0
us6000b55n,2020-07-21 01:17:08.217000+00:00,Earthquake,Earthquake,30.4135,94.779,"212 km N of Shi Yomi, India",4.0,,,,earthquakes,2020.0,7.0
us6000b55p,2020-07-21 02:15:19.576000+00:00,Earthquake,Earthquake,30.1907,94.7613,"187 km NNE of Shi Yomi, India",4.4,,,,earthquakes,2020.0,7.0
us7000as5w,2020-07-21 06:18:48.950000+00:00,Earthquake,Earthquake,30.4304,94.8312,"215 km NNE of Shi Yomi, India",4.9,,,,earthquakes,2020.0,7.0
us7000asa5,2020-07-21 13:26:18.351000+00:00,Earthquake,Earthquake,30.404,94.7716,"211 km N of Shi Yomi, India",4.5,,,,earthquakes,2020.0,7.0
us6000b5wv,2020-07-22 01:02:22.347000+00:00,Earthquake,Earthquake,30.3195,94.717,"201 km N of Shi Yomi, India",4.1,,,,earthquakes,2020.0,7.0
us6000b2d7,2020-07-23 00:47:43.907000+00:00,Earthquake,Earthquake,30.3844,94.7159,"208 km N of Shi Yomi, India",4.9,,,,earthquakes,2020.0,7.0
us6000b66q,2020-07-24 05:45:56.764000+00:00,Earthquake,Earthquake,23.069,93.3699,"31 km ESE of North Vanlaiphai, India",4.1,,,,earthquakes,2020.0,7.0
us6000b3ee,2020-07-24 13:34:24.853000+00:00,Earthquake,Earthquake,30.3884,94.8313,"210 km NNE of Shi Yomi, India",4.9,,,,earthquakes,2020.0,7.0
us6000b41u,2020-07-25 15:58:37.391000+00:00,Earthquake,Earthquake,30.3757,94.8368,"209 km NNE of Shi Yomi, India",4.8,,,,earthquakes,2020.0,7.0
us6000b4bp,2020-07-26 09:58:58.149000+00:00,Earthquake,Earthquake,30.389,94.806,"210 km NNE of Shi Yomi, India",4.7,,,,earthquakes,2020.0,7.0
us6000b4l6,2020-07-27 05:50:20.443000+00:00,Earthquake,Earthquake,30.4061,94.8218,"212 km NNE of Shi Yomi, India",4.9,,,,earthquakes,2020.0,7.0
us6000b54q,2020-07-28 03:32:49.179000+00:00,Earthquake,Earthquake,30.3956,94.7098,"209 km N of Shi Yomi, India",4.8,,,,earthquakes,2020.0,7.0
us6000b5cc,2020-07-28 14:38:49.984000+00:00,Earthquake,Earthquake,23.2575,93.3418,"25 km ESE of Khawhai, India",4.8,,,,earthquakes,2020.0,7.0
us6000b61h,2020-07-29 11:07:12.675000+00:00,Earthquake,Earthquake,30.3811,94.7738,"208 km N of Shi Yomi, India",4.8,,,,earthquakes,2020.0,7.0
us6000b69f,2020-07-29 17:27:54.128000+00:00,Earthquake,Earthquake,30.3366,94.7909,"204 km NNE of Shi Yomi, India",4.9,,,,earthquakes,2020.0,7.0
us6000b6f4,2020-07-29 20:54:26.858000+00:00,Earthquake,Earthquake,28.4107,88.3259,"101 km N of Mangan, India",4.1,,,,earthquakes,2020.0,7.0
us6000b6u0,2020-07-30 13:35:44.774000+00:00,Earthquake,Earthquake,29.8667,95.1399,"165 km NNE of Shi Yomi, India",4.1,,,,earthquakes,2020.0,7.0
us6000b71z,2020-07-30 18:38:38.999000+00:00,Earthquake,Earthquake,30.386,94.7527,"208 km N of Shi Yomi, India",4.8,,,,earthquakes,2020.0,7.0
us6000ba2m,2020-07-31 06:10:06.917000+00:00,Earthquake,Earthquake,30.3418,95.04,"210 km NNE of Shi Yomi, India",4.3,,,,earthquakes,2020.0,7.0
us6000b7i6,2020-07-31 16:45:09.922000+00:00,Earthquake,Earthquake,30.4288,94.841,"215 km NNE of Shi Yomi, India",4.9,,,,earthquakes,2020.0,7.0
us6000b7kk,2020-07-31 18:58:48.847000+00:00,Earthquake,Earthquake,30.3574,94.7728,"206 km N of Shi Yomi, India",4.2,,,,earthquakes,2020.0,7.0
us6000baqp,2020-08-07 17:36:20.411000+00:00,Earthquake,Earthquake,24.5305,94.8553,"80 km E of W?ngjing, India",4.3,,,,earthquakes,2020.0,8.0
us6000bb1f,2020-08-08 08:44:00.894000+00:00,Earthquake,Earthquake,30.4109,94.7817,"212 km N of Shi Yomi, India",4.9,,,,earthquakes,2020.0,8.0
us6000bbdf,2020-08-09 08:50:13.554000+00:00,Earthquake,Earthquake,30.3605,94.7737,"206 km N of Shi Yomi, India",4.8,,,,earthquakes,2020.0,8.0
us6000bbiy,2020-08-09 17:13:33.298000+00:00,Earthquake,Earthquake,30.4464,94.9345,"219 km NNE of Shi Yomi, India",4.9,,,,earthquakes,2020.0,8.0
us6000bcmi,2020-08-11 13:57:53.226000+00:00,Earthquake,Earthquake,24.2129,93.9507,"31 km ESE of Chur?ch?ndpur, India",4.3,,,,earthquakes,2020.0,8.0
us6000bcsr,2020-08-11 18:14:16.424000+00:00,Earthquake,Earthquake,30.3544,94.742,"205 km N of Shi Yomi, India",4.9,,,,earthquakes,2020.0,8.0
us6000bcy3,2020-08-11 21:27:28.697000+00:00,Earthquake,Earthquake,30.3255,94.7921,"203 km NNE of Shi Yomi, India",4.4,,,,earthquakes,2020.0,8.0
us6000bg1x,2020-08-11 22:48:31.686000+00:00,Earthquake,Earthquake,30.388,94.8111,"210 km NNE of Shi Yomi, India",4.1,,,,earthquakes,2020.0,8.0
us6000bdee,2020-08-12 15:58:08.257000+00:00,Earthquake,Earthquake,29.8985,95.1615,"169 km NNE of Shi Yomi, India",4.8,,,,earthquakes,2020.0,8.0
us6000bdty,2020-08-13 04:27:59.201000+00:00,Earthquake,Earthquake,30.4144,94.7198,"211 km N of Shi Yomi, India",4.9,,,,earthquakes,2020.0,8.0
us6000bdu6,2020-08-13 05:22:46.641000+00:00,Earthquake,Earthquake,30.3141,94.7804,"201 km NNE of Shi Yomi, India",4.4,,,,earthquakes,2020.0,8.0
us6000bei5,2020-08-14 01:08:08.090000+00:00,Earthquake,Earthquake,23.1226,93.2923,"23 km E of North Vanlaiphai, India",4.2,,,,earthquakes,2020.0,8.0
us6000bepe,2020-08-14 12:58:40.661000+00:00,Earthquake,Earthquake,30.3765,94.826,"209 km NNE of Shi Yomi, India",4.8,,,,earthquakes,2020.0,8.0
us6000bfn7,2020-08-16 16:40:40.467000+00:00,Earthquake,Earthquake,30.3546,94.8125,"206 km NNE of Shi Yomi, India",4.8,,,,earthquakes,2020.0,8.0
us6000bg0c,2020-08-17 16:31:52.303000+00:00,Earthquake,Earthquake,30.3829,94.7798,"209 km N of Shi Yomi, India",4.8,,,,earthquakes,2020.0,8.0
us6000bhed,2020-08-19 20:53:04.563000+00:00,Earthquake,Earthquake,9.5672,93.3607,"241 km SSE of Port Blair, India",4.9,,,,earthquakes,2020.0,8.0
us6000bje2,2020-08-23 13:18:15.229000+00:00,Earthquake,Earthquake,26.0998,95.5832,"78 km ESE of Tuensang, India",4.6,,,,earthquakes,2020.0,8.0
us7000bd2a,2020-08-26 02:24:03.662000+00:00,Earthquake,Earthquake,23.965,88.4834,"13 km W of Kar?mpur, India",4.0,,,,earthquakes,2020.0,8.0
us7000bdnu,2020-08-27 12:07:15.628000+00:00,Earthquake,Earthquake,23.1636,93.3258,"26 km E of North Vanlaiphai, India",5.3,,,,earthquakes,2020.0,8.0
us7000bdpj,2020-08-27 13:17:20.608000+00:00,Earthquake,Earthquake,23.0656,93.2324,"18 km ESE of North Vanlaiphai, India",4.5,,,,earthquakes,2020.0,8.0
us7000bh5n,2020-08-30 16:10:06.882000+00:00,Earthquake,Earthquake,6.8607,92.0497,"Nicobar Islands, India region",4.0,,,,earthquakes,2020.0,8.0
us7000bfgi,2020-08-31 21:09:33.636000+00:00,Earthquake,Earthquake,24.8788,95.2425,"114 km SE of Phek, India",4.9,,,,earthquakes,2020.0,8.0
us7000bl69,2020-09-06 11:36:45.677000+00:00,Earthquake,Earthquake,14.0641,93.0643,"264 km N of Bamboo Flat, India",4.1,,,,earthquakes,2020.0,9.0
us7000bjex,2020-09-07 21:37:50.432000+00:00,Earthquake,Earthquake,13.1472,93.1904,"168 km NNE of Bamboo Flat, India",4.7,,,,earthquakes,2020.0,9.0
us6000bzfi,2020-09-21 19:58:34.584000+00:00,Earthquake,Earthquake,26.2803,91.3167,"21 km W of H?jo, India",4.4,,,,earthquakes,2020.0,9.0
us6000bzjp,2020-09-22 03:46:51.500000+00:00,Earthquake,Earthquake,35.7041,77.8313,"127 km NE of Thang, India",4.1,,,,earthquakes,2020.0,9.0
us6000bzub,2020-09-22 16:10:29.177000+00:00,Earthquake,Earthquake,34.0837,74.7947,"1 km WSW of Srinagar, India",4.4,,,,earthquakes,2020.0,9.0
us6000c13w,2020-09-25 10:57:13.221000+00:00,Earthquake,Earthquake,34.2487,78.2058,"58 km E of Leh, India",5.3,,,,earthquakes,2020.0,9.0
us6000c1ja,2020-09-26 06:32:00.651000+00:00,Earthquake,Earthquake,34.7214,74.4055,"40 km NNW of Bandipura, India",4.6,,,,earthquakes,2020.0,9.0
us6000c1yn,2020-09-27 17:27:42.182000+00:00,Earthquake,Earthquake,34.1448,78.1519,"52 km E of Leh, India",5.0,,,,earthquakes,2020.0,9.0
us6000c222,2020-09-28 05:12:34.992000+00:00,Earthquake,Earthquake,33.229,75.8586,"12 km SE of Kishtw?r, India",4.6,,,,earthquakes,2020.0,9.0
us6000c64x,2020-09-30 13:44:06.357000+00:00,Earthquake,Earthquake,12.2219,93.7095,"121 km ENE of Port Blair, India",4.4,,,,earthquakes,2020.0,9.0
us6000c584,2020-10-03 15:36:17.754000+00:00,Earthquake,Earthquake,26.2024,91.3108,"21 km WSW of H?jo, India",4.2,,,,earthquakes,2020.0,10.0
us6000c5y3,2020-10-05 23:43:20.846000+00:00,Earthquake,Earthquake,34.1788,79.2141,"150 km E of Leh, India",5.0,,,,earthquakes,2020.0,10.0
us6000c5zr,2020-10-06 06:13:39.363000+00:00,Earthquake,Earthquake,34.0992,79.1272,"142 km E of Leh, India",4.7,,,,earthquakes,2020.0,10.0
us6000c688,2020-10-06 22:02:54.378000+00:00,Earthquake,Earthquake,25.643,94.7776,"27 km E of Phek, India",4.6,,,,earthquakes,2020.0,10.0
us6000c6hc,2020-10-07 16:18:08.290000+00:00,Earthquake,Earthquake,32.3518,80.5666,"220 km NNE of Josh?math, India",4.4,,,,earthquakes,2020.0,10.0
us6000c7ce,2020-10-10 17:38:00.765000+00:00,Earthquake,Earthquake,24.6661,93.4997,"33 km WNW of Moir?ng, India",5.5,,,,earthquakes,2020.0,10.0
us6000c9yq,2020-10-14 23:39:01.108000+00:00,Earthquake,Earthquake,12.1851,95.7845,"Andaman Islands, India region",4.3,,,,earthquakes,2020.0,10.0
us6000caa9,2020-10-20 19:55:49.959000+00:00,Earthquake,Earthquake,27.2257,96.1444,"47 km E of Margherita, India",4.0,,,,earthquakes,2020.0,10.0
us7000c8na,2020-10-31 16:59:40.590000+00:00,Earthquake,Earthquake,34.1948,78.1585,"53 km E of Leh, India",4.5,,,,earthquakes,2020.0,10.0
us7000c9e3,2020-11-02 19:43:17.105000+00:00,Earthquake,Earthquake,25.7773,91.1728,"30 km NNW of Nongstoin, India",4.5,,,,earthquakes,2020.0,11.0
us7000cbmi,2020-11-06 22:59:17.399000+00:00,Earthquake,Earthquake,33.5339,75.7388,"24 km N of Kishtw?r, India",4.6,,,,earthquakes,2020.0,11.0
us7000cdfr,2020-11-07 06:19:11.529000+00:00,Earthquake,Earthquake,13.9453,92.9836,"250 km N of Bamboo Flat, India",4.5,,,,earthquakes,2020.0,11.0
us7000cc28,2020-11-08 09:12:23.801000+00:00,Earthquake,Earthquake,28.6287,96.3987,"63 km NNW of Hayuliang, India",4.3,,,,earthquakes,2020.0,11.0
us7000cduh,2020-11-08 09:32:42.842000+00:00,Earthquake,Earthquake,24.2021,94.1977,"39 km SE of Kakching, India",4.3,,,,earthquakes,2020.0,11.0
us7000cc3t,2020-11-08 13:26:25.069000+00:00,Earthquake,Earthquake,33.4944,75.735,eastern Kashmir,4.4,,,,earthquakes,2020.0,11.0
us6000cqrt,2020-11-17 03:28:22.737000+00:00,Earthquake,Earthquake,13.7389,92.4013,"228 km N of Bamboo Flat, India",4.3,,,,earthquakes,2020.0,11.0
us6000cr52,2020-11-21 04:49:33.478000+00:00,Earthquake,Earthquake,24.9595,94.9967,"92 km SSE of Phek, India",4.5,,,,earthquakes,2020.0,11.0
us6000crc4,2020-11-21 20:15:03.902000+00:00,Earthquake,Earthquake,22.1407,79.6342,"10 km NE of Seoni, India",4.3,,,,earthquakes,2020.0,11.0
us6000csin,2020-11-22 00:00:40.464000+00:00,Earthquake,Earthquake,14.0029,92.5614,"255 km N of Bamboo Flat, India",4.3,,,,earthquakes,2020.0,11.0
us6000crdq,2020-11-22 03:29:20.994000+00:00,Earthquake,Earthquake,26.2945,94.7728,"5 km WNW of Tuensang, India",4.3,,,,earthquakes,2020.0,11.0
us7000cl6l,2020-11-26 02:00:31.329000+00:00,Earthquake,Earthquake,10.1668,93.6071,"190 km SSE of Port Blair, India",4.3,,,,earthquakes,2020.0,11.0
us7000cmi1,2020-12-03 08:09:34.952000+00:00,Earthquake,Earthquake,36.5666,74.1378,northwestern Kashmir,4.4,,,,earthquakes,2020.0,12.0
us7000cpsf,2020-12-06 13:35:41.171000+00:00,Earthquake,Earthquake,12.619,93.2653,"117 km NNE of Bamboo Flat, India",4.6,,,,earthquakes,2020.0,12.0
us7000cpsj,2020-12-06 14:39:13.789000+00:00,Earthquake,Earthquake,21.8358,93.4233,"85 km SSE of Saiha, India",4.6,,,,earthquakes,2020.0,12.0
us7000cr0b,2020-12-09 21:57:34.387000+00:00,Earthquake,Earthquake,33.866,74.9266,"2 km ESE of Pulwama, India",4.2,,,,earthquakes,2020.0,12.0
us7000cptt,2020-12-10 16:56:47.765000+00:00,Earthquake,Earthquake,26.1291,90.5453,"9 km WSW of Go?lp?ra, India",4.3,,,,earthquakes,2020.0,12.0
us6000d5s2,2020-12-23 11:06:53.791000+00:00,Earthquake,Earthquake,27.4003,97.0395,"89 km SSE of Hayuliang, India",4.2,,,,earthquakes,2020.0,12.0
us6000d2hz,2020-12-24 08:09:48.075000+00:00,Earthquake,Earthquake,25.6397,96.6534,"64 km SSW of Sarupathar, India",4.8,,,,earthquakes,2020.0,12.0
us6000d2jw,2020-12-24 12:47:17.072000+00:00,Earthquake,Earthquake,25.6158,96.657,"67 km SSW of Sarupathar, India",4.3,,,,earthquakes,2020.0,12.0
us6000d65h,2020-12-26 21:48:15.074000+00:00,Earthquake,Earthquake,27.3034,96.9396,"93 km SSE of Hayuliang, India",4.5,,,,earthquakes,2020.0,12.0
us6000d71u,2021-01-09 14:51:50.407000+00:00,Earthquake,Earthquake,32.521,76.6552,"35 km W of Kyelang, India",4.5,,,,earthquakes,2021.0,1.0
us6000d7f2,2021-01-11 13:59:12.570000+00:00,Earthquake,Earthquake,33.4274,75.7158,"13 km NNW of Kishtw?r, India",4.1,,,,earthquakes,2021.0,1.0
us6000d7f5,2021-01-11 14:02:03.048000+00:00,Earthquake,Earthquake,33.3042,75.5872,"16 km W of Kishtw?r, India",5.1,,,,earthquakes,2021.0,1.0
us6000d82z,2021-01-13 19:15:33.854000+00:00,Earthquake,Earthquake,24.8799,93.3739,"38 km ENE of Lakhipur, India",4.2,,,,earthquakes,2021.0,1.0
us7000d0pu,2021-01-16 20:48:12.888000+00:00,Earthquake,Earthquake,23.6359,93.5159,"48 km NE of Khawhai, India",4.3,,,,earthquakes,2021.0,1.0
us7000d3f8,2021-01-17 06:59:48.217000+00:00,Earthquake,Earthquake,26.0588,96.3433,"49 km WSW of Sarupathar, India",4.3,,,,earthquakes,2021.0,1.0
us6000deej,2021-01-27 02:52:29.712000+00:00,Earthquake,Earthquake,13.1762,92.5357,"164 km N of Bamboo Flat, India",4.4,,,,earthquakes,2021.0,1.0
us6000def4,2021-01-27 18:56:21.382000+00:00,Earthquake,Earthquake,26.293,95.7822,"83 km SSE of Khonsa, India",4.2,,,,earthquakes,2021.0,1.0
us6000ddgp,2021-01-31 20:04:24.547000+00:00,Earthquake,Earthquake,24.9512,94.4749,"52 km NE of Yairipok, India",4.1,,,,earthquakes,2021.0,1.0
us6000de6k,2021-02-03 14:29:49.946000+00:00,Earthquake,Earthquake,34.26,78.2819,"65 km E of Leh, India",4.5,,,,earthquakes,2021.0,2.0
us6000dfsj,2021-02-09 01:50:07.207000+00:00,Earthquake,Earthquake,28.0331,87.8568,"87 km NW of Mangan, India",4.3,,,,earthquakes,2021.0,2.0
us6000djgm,2021-02-15 13:53:17.275000+00:00,Earthquake,Earthquake,9.1314,93.8707,"Nicobar Islands, India region",4.4,,,,earthquakes,2021.0,2.0
us6000di5y,2021-02-16 20:36:52.158000+00:00,Earthquake,Earthquake,11.9865,94.5033,"194 km E of Port Blair, India",4.7,,,,earthquakes,2021.0,2.0
us6000didl,2021-02-17 12:24:46.809000+00:00,Earthquake,Earthquake,26.7322,92.5712,"9 km ENE of Dhekiajuli, India",4.6,,,,earthquakes,2021.0,2.0
us7000dhsz,2021-03-04 17:57:31.975000+00:00,Earthquake,Earthquake,34.1448,80.3638,"256 km E of Leh, India",4.7,,,,earthquakes,2021.0,3.0
us7000dhef,2021-03-09 11:15:01.099000+00:00,Earthquake,Earthquake,25.3809,95.0793,"66 km ESE of Phek, India",4.6,,,,earthquakes,2021.0,3.0
us6000dxf7,2021-03-21 09:31:31.443000+00:00,Earthquake,Earthquake,6.9626,92.3578,"Nicobar Islands, India region",4.2,,,,earthquakes,2021.0,3.0
us6000dxfb,2021-03-21 12:22:37.682000+00:00,Earthquake,Earthquake,26.6195,92.5148,"10 km SSE of Dhekiajuli, India",4.2,,,,earthquakes,2021.0,3.0
us6000dxmx,2021-03-22 15:40:44.570000+00:00,Earthquake,Earthquake,28.2935,93.7808,"63 km WSW of Shi Yomi, India",4.6,,,,earthquakes,2021.0,3.0
us6000dwue,2021-03-26 19:02:07.885000+00:00,Earthquake,Earthquake,27.6289,92.6692,"47 km NNE of Bomdila, India",5.0,,,,earthquakes,2021.0,3.0
us6000dzn2,2021-03-29 08:24:59.963000+00:00,Earthquake,Earthquake,10.9343,91.7787,"132 km SW of Bamboo Flat, India",4.6,,,,earthquakes,2021.0,3.0
us6000dzrb,2021-03-30 04:45:32.047000+00:00,Earthquake,Earthquake,6.7972,92.1365,"Nicobar Islands, India region",4.5,,,,earthquakes,2021.0,3.0
us6000e39v,2021-04-14 16:45:09.044000+00:00,Earthquake,Earthquake,10.8839,91.5252,"158 km SW of Bamboo Flat, India",4.1,,,,earthquakes,2021.0,4.0
us6000e1yd,2021-04-15 22:26:24.010000+00:00,Earthquake,Earthquake,32.4789,78.7499,"140 km NE of Sar?han, India",4.6,,,,earthquakes,2021.0,4.0
us7000dxx6,2021-04-21 19:34:42.963000+00:00,Earthquake,Earthquake,10.5902,94.2339,"201 km SE of Port Blair, India",4.6,,,,earthquakes,2021.0,4.0
us7000dxx4,2021-04-21 19:39:01.812000+00:00,Earthquake,Earthquake,9.9295,93.1765,"197 km SSE of Port Blair, India",4.4,,,,earthquakes,2021.0,4.0
us7000dxx5,2021-04-21 19:45:11.093000+00:00,Earthquake,Earthquake,10.4547,93.8204,"178 km SE of Port Blair, India",4.3,,,,earthquakes,2021.0,4.0
us7000dy3b,2021-04-28 02:21:26.212000+00:00,Earthquake,Earthquake,26.7813,92.4565,"8 km NNW of Dhekiajuli, India",6.0,,,,earthquakes,2021.0,4.0
us7000dy3r,2021-04-28 02:33:01.489000+00:00,Earthquake,Earthquake,26.7489,92.5136,"6 km NE of Dhekiajuli, India",5.0,,,,earthquakes,2021.0,4.0
us7000e0c4,2021-04-28 02:43:20.811000+00:00,Earthquake,Earthquake,26.8262,92.5371,"13 km W of Rang?p?ra, India",4.4,,,,earthquakes,2021.0,4.0
us7000e0d3,2021-04-28 10:33:27.953000+00:00,Earthquake,Earthquake,26.7662,92.5133,"7 km NNE of Dhekiajuli, India",4.2,,,,earthquakes,2021.0,4.0
us7000dybj,2021-04-28 19:50:53.770000+00:00,Earthquake,Earthquake,26.7477,92.4849,"4 km N of Dhekiajuli, India",4.8,,,,earthquakes,2021.0,4.0
us7000e0qx,2021-04-30 13:40:06.220000+00:00,Earthquake,Earthquake,24.2389,94.513,"59 km SE of W?ngjing, India",4.3,,,,earthquakes,2021.0,4.0
us7000e1tg,2021-05-03 10:41:09.136000+00:00,Earthquake,Earthquake,25.8803,96.7988,"36 km S of Sarupathar, India",4.2,,,,earthquakes,2021.0,5.0
us7000e06d,2021-05-04 22:31:15.831000+00:00,Earthquake,Earthquake,8.6376,94.1922,"Nicobar Islands, India region",4.9,,,,earthquakes,2021.0,5.0
us7000e24v,2021-05-05 13:52:12.421000+00:00,Earthquake,Earthquake,26.7384,92.0993,"1 km S of Udalguri, India",4.0,,,,earthquakes,2021.0,5.0
us7000e2dg,2021-05-06 05:00:15.741000+00:00,Earthquake,Earthquake,26.5945,92.4813,"12 km S of Dhekiajuli, India",4.2,,,,earthquakes,2021.0,5.0
us7000e4dc,2021-05-12 03:58:23.483000+00:00,Earthquake,Earthquake,9.0163,92.2062,"299 km SSW of Port Blair, India",4.6,,,,earthquakes,2021.0,5.0
us7000e34s,2021-05-14 16:42:04.988000+00:00,Earthquake,Earthquake,24.9625,95.1088,"99 km SE of Phek, India",4.5,,,,earthquakes,2021.0,5.0
us7000e38n,2021-05-14 23:39:52.005000+00:00,Earthquake,Earthquake,26.418,95.5047,"56 km SE of Mon, India",4.2,,,,earthquakes,2021.0,5.0
us7000e3ar,2021-05-15 03:03:56.663000+00:00,Earthquake,Earthquake,26.753,92.4736,"5 km N of Dhekiajuli, India",4.4,,,,earthquakes,2021.0,5.0
us7000e51v,2021-05-16 22:07:22.008000+00:00,Earthquake,Earthquake,20.6607,71.4793,"41 km S of R?jula, India",4.1,,,,earthquakes,2021.0,5.0
us7000e42g,2021-05-18 12:03:01.251000+00:00,Earthquake,Earthquake,26.6713,92.4258,"6 km SW of Dhekiajuli, India",4.4,,,,earthquakes,2021.0,5.0
us7000e5ej,2021-05-23 01:26:40.871000+00:00,Earthquake,Earthquake,24.7351,95.0955,"105 km E of W?ngjing, India",4.4,,,,earthquakes,2021.0,5.0
us7000e5kt,2021-05-23 19:01:39.963000+00:00,Earthquake,Earthquake,30.8764,79.2707,"45 km NW of Josh?math, India",4.5,,,,earthquakes,2021.0,5.0
us6000efhl,2021-05-24 03:49:09.973000+00:00,Earthquake,Earthquake,11.7799,94.876,"232 km E of Port Blair, India",4.5,,,,earthquakes,2021.0,5.0
us6000efkb,2021-05-25 14:14:37.433000+00:00,Earthquake,Earthquake,13.2087,92.8437,"167 km N of Bamboo Flat, India",4.5,,,,earthquakes,2021.0,5.0
us6000egpz,2021-05-27 13:00:46.741000+00:00,Earthquake,Earthquake,10.7126,91.5096,"171 km SW of Bamboo Flat, India",4.4,,,,earthquakes,2021.0,5.0
us6000efyu,2021-05-30 08:53:07.964000+00:00,Earthquake,Earthquake,26.6343,92.326,"16 km WSW of Dhekiajuli, India",4.4,,,,earthquakes,2021.0,5.0
us6000eg46,2021-05-31 04:20:49.211000+00:00,Earthquake,Earthquake,26.7632,92.3186,"17 km WNW of Dhekiajuli, India",4.2,,,,earthquakes,2021.0,5.0
us7000e9p6,2021-06-01 01:09:21.812000+00:00,Earthquake,Earthquake,12.8061,93.3096,"138 km NNE of Bamboo Flat, India",4.5,,,,earthquakes,2021.0,6.0
us7000e94a,2021-06-02 19:45:34.358000+00:00,Earthquake,Earthquake,10.2844,91.567,"199 km SW of Port Blair, India",4.6,,,,earthquakes,2021.0,6.0
us7000ed8l,2021-06-15 14:46:08.092000+00:00,Earthquake,Earthquake,26.6187,97.0854,"53 km NNE of Sarupathar, India",4.8,,,,earthquakes,2021.0,6.0
us7000ef8p,2021-06-17 11:14:32.564000+00:00,Earthquake,Earthquake,6.592,85.0001,Bay of Bengal,4.6,,,,earthquakes,2021.0,6.0
us7000edyb,2021-06-17 20:34:41.304000+00:00,Earthquake,Earthquake,26.6776,92.3948,"8 km WSW of Dhekiajuli, India",4.5,,,,earthquakes,2021.0,6.0
us6000ep3z,2021-06-18 11:42:45.117000+00:00,Earthquake,Earthquake,12.9872,92.3504,"147 km NNW of Bamboo Flat, India",4.6,,,,earthquakes,2021.0,6.0
us7000ee8m,2021-06-18 19:37:32.258000+00:00,Earthquake,Earthquake,26.7357,92.4583,"4 km NNW of Dhekiajuli, India",4.5,,,,earthquakes,2021.0,6.0
us7000ef9z,2021-06-22 16:44:36.534000+00:00,Earthquake,Earthquake,28.0137,92.2097,"56 km NNE of Tawang, India",4.6,,,,earthquakes,2021.0,6.0
us6000eqdp,2021-06-28 00:40:35.259000+00:00,Earthquake,Earthquake,34.2781,78.2208,"60 km ENE of Leh, India",4.8,,,,earthquakes,2021.0,6.0
us7000eip3,2021-07-04 16:57:10.269000+00:00,Earthquake,Earthquake,26.608,96.5397,"52 km NNW of Sarupathar, India",4.6,,,,earthquakes,2021.0,7.0
us7000ej9c,2021-07-07 03:15:24.246000+00:00,Earthquake,Earthquake,25.9603,90.3499,"8 km SSE of Lakhipur, India",5.3,,,,earthquakes,2021.0,7.0
us7000elju,2021-07-07 20:21:09.465000+00:00,Earthquake,Earthquake,11.0785,93.4623,"101 km SE of Port Blair, India",4.2,,,,earthquakes,2021.0,7.0
us6000etec,2021-07-09 00:26:26.477000+00:00,Earthquake,Earthquake,25.0311,95.2274,"101 km SE of Phek, India",4.6,,,,earthquakes,2021.0,7.0
us6000etjs,2021-07-09 07:46:23.848000+00:00,Earthquake,Earthquake,25.9749,90.3995,"11 km ESE of Lakhipur, India",4.3,,,,earthquakes,2021.0,7.0
us7000elb3,2021-07-12 20:14:51.023000+00:00,Earthquake,Earthquake,13.6942,92.7449,"220 km N of Bamboo Flat, India",4.6,,,,earthquakes,2021.0,7.0
us6000ezhw,2021-07-21 04:01:45.956000+00:00,Earthquake,Earthquake,34.0777,78.4395,"79 km E of Leh, India",4.3,,,,earthquakes,2021.0,7.0
us6000eyy4,2021-07-25 15:09:21.630000+00:00,Earthquake,Earthquake,27.3429,88.3092,"7 km NE of Gyalshing, India",4.5,,,,earthquakes,2021.0,7.0
us6000ez3j,2021-07-26 05:03:30.783000+00:00,Earthquake,Earthquake,24.5824,94.4421,"38 km E of W?ngjing, India",4.9,,,,earthquakes,2021.0,7.0
us6000f1qk,2021-08-03 00:57:10.938000+00:00,Earthquake,Earthquake,8.6742,94.1347,"Nicobar Islands, India region",4.6,,,,earthquakes,2021.0,8.0
us6000f1qs,2021-08-03 01:51:14.508000+00:00,Earthquake,Earthquake,9.0127,94.1198,"Nicobar Islands, India region",5.3,,,,earthquakes,2021.0,8.0
us6000f1r3,2021-08-03 03:42:07.890000+00:00,Earthquake,Earthquake,8.8628,94.0564,"Nicobar Islands, India region",5.3,,,,earthquakes,2021.0,8.0
us6000f1r4,2021-08-03 03:42:38.345000+00:00,Earthquake,Earthquake,8.8809,94.0192,"Nicobar Islands, India region",6.1,,,,earthquakes,2021.0,8.0
us6000f1r6,2021-08-03 03:43:53.638000+00:00,Earthquake,Earthquake,9.0017,94.158,"Nicobar Islands, India region",5.8,,,,earthquakes,2021.0,8.0
us6000f46k,2021-08-03 03:54:54.102000+00:00,Earthquake,Earthquake,8.9515,94.1539,"Nicobar Islands, India region",4.3,,,,earthquakes,2021.0,8.0
us6000f46l,2021-08-03 04:16:30.055000+00:00,Earthquake,Earthquake,8.5437,93.8915,"Nicobar Islands, India region",4.6,,,,earthquakes,2021.0,8.0
us6000f1tb,2021-08-03 07:39:35.407000+00:00,Earthquake,Earthquake,9.0302,93.9133,"Nicobar Islands, India region",4.7,,,,earthquakes,2021.0,8.0
us6000f46w,2021-08-03 08:30:02.583000+00:00,Earthquake,Earthquake,8.9911,94.0466,"Nicobar Islands, India region",4.3,,,,earthquakes,2021.0,8.0
us6000f4ia,2021-08-04 01:04:47.616000+00:00,Earthquake,Earthquake,8.864,94.0364,"Nicobar Islands, India region",4.6,,,,earthquakes,2021.0,8.0
us6000f4ic,2021-08-04 01:56:10.241000+00:00,Earthquake,Earthquake,9.0695,94.2481,"Nicobar Islands, India region",4.4,,,,earthquakes,2021.0,8.0
us6000f4ih,2021-08-04 04:09:22.378000+00:00,Earthquake,Earthquake,8.726,93.2725,"Nicobar Islands, India region",4.6,,,,earthquakes,2021.0,8.0
us6000f27x,2021-08-04 17:57:39.892000+00:00,Earthquake,Earthquake,8.7966,94.0775,"Nicobar Islands, India region",5.5,,,,earthquakes,2021.0,8.0
us6000f4jm,2021-08-04 18:00:53.188000+00:00,Earthquake,Earthquake,8.8466,94.1924,"Nicobar Islands, India region",4.6,,,,earthquakes,2021.0,8.0
us6000f2a5,2021-08-04 22:10:02.477000+00:00,Earthquake,Earthquake,25.0993,94.9275,"76 km SE of Phek, India",4.4,,,,earthquakes,2021.0,8.0
us6000f5jc,2021-08-05 11:14:09.038000+00:00,Earthquake,Earthquake,8.6993,94.0674,"Nicobar Islands, India region",4.5,,,,earthquakes,2021.0,8.0
us6000f2f5,2021-08-05 12:46:01.077000+00:00,Earthquake,Earthquake,8.814,94.0044,"Nicobar Islands, India region",5.1,,,,earthquakes,2021.0,8.0
us6000f5jg,2021-08-05 13:43:19.813000+00:00,Earthquake,Earthquake,8.7361,93.9754,"Nicobar Islands, India region",4.4,,,,earthquakes,2021.0,8.0
us6000f5m6,2021-08-06 03:49:24.434000+00:00,Earthquake,Earthquake,8.8991,94.1059,"Nicobar Islands, India region",4.6,,,,earthquakes,2021.0,8.0
us6000f2p9,2021-08-06 08:19:04.794000+00:00,Earthquake,Earthquake,8.7641,93.9557,"Nicobar Islands, India region",5.1,,,,earthquakes,2021.0,8.0
us6000f5mb,2021-08-06 09:20:42.643000+00:00,Earthquake,Earthquake,8.6882,93.7196,"Nicobar Islands, India region",4.1,,,,earthquakes,2021.0,8.0
us6000f7z6,2021-08-09 13:06:44.772000+00:00,Earthquake,Earthquake,29.7653,94.5571,"138 km N of Shi Yomi, India",4.2,,,,earthquakes,2021.0,8.0
us6000f8dd,2021-08-10 01:34:00.703000+00:00,Earthquake,Earthquake,8.7263,93.9675,"Nicobar Islands, India region",4.3,,,,earthquakes,2021.0,8.0
us6000f6aw,2021-08-14 19:50:17.185000+00:00,Earthquake,Earthquake,12.3093,95.038,"259 km ENE of Port Blair, India",4.7,,,,earthquakes,2021.0,8.0
us6000f7jj,2021-08-17 15:32:24.925000+00:00,Earthquake,Earthquake,24.6509,94.4519,"39 km E of W?ngjing, India",4.9,,,,earthquakes,2021.0,8.0
us7000f6a9,2021-08-20 00:27:34.875000+00:00,Earthquake,Earthquake,14.0695,92.8419,"262 km N of Bamboo Flat, India",4.6,,,,earthquakes,2021.0,8.0
us7000f6ry,2021-08-22 07:57:01.741000+00:00,Earthquake,Earthquake,10.7582,94.4328,"209 km ESE of Port Blair, India",4.1,,,,earthquakes,2021.0,8.0
us6000f9ya,2021-08-23 05:16:52.648000+00:00,Earthquake,Earthquake,10.5565,92.1981,"136 km SSW of Port Blair, India",4.7,,,,earthquakes,2021.0,8.0
us7000f2x8,2021-08-24 07:05:53.043000+00:00,Earthquake,Earthquake,14.4654,83.0456,"257 km SSE of R?zole, India",5.1,,,,earthquakes,2021.0,8.0
us7000f3a5,2021-08-24 16:48:13.463000+00:00,Earthquake,Earthquake,32.0551,78.7955,"112 km ENE of Sar?han, India",4.7,,,,earthquakes,2021.0,8.0
us7000f5u3,2021-08-30 18:54:41.219000+00:00,Earthquake,Earthquake,10.1828,93.6781,"193 km SSE of Port Blair, India",4.6,,,,earthquakes,2021.0,8.0
us7000f9dk,2021-08-31 16:05:14.317000+00:00,Earthquake,Earthquake,10.9134,91.5518,"154 km SW of Bamboo Flat, India",4.3,,,,earthquakes,2021.0,8.0
us7000f9rj,2021-09-02 03:21:59.692000+00:00,Earthquake,Earthquake,10.2773,93.9046,"199 km SE of Port Blair, India",4.2,,,,earthquakes,2021.0,9.0
us7000fa1b,2021-09-04 10:07:22.328000+00:00,Earthquake,Earthquake,13.6444,93.5461,"233 km NNE of Bamboo Flat, India",4.2,,,,earthquakes,2021.0,9.0
us7000f7wc,2021-09-04 12:05:15.767000+00:00,Earthquake,Earthquake,26.5115,96.5587,"42 km NW of Sarupathar, India",4.5,,,,earthquakes,2021.0,9.0
us7000fa1d,2021-09-04 12:10:24.174000+00:00,Earthquake,Earthquake,10.1169,91.4548,"222 km SW of Port Blair, India",4.2,,,,earthquakes,2021.0,9.0
us7000fa1e,2021-09-04 12:53:31.787000+00:00,Earthquake,Earthquake,10.1164,91.5131,"218 km SW of Port Blair, India",4.4,,,,earthquakes,2021.0,9.0
us7000f9ji,2021-09-09 03:02:19.261000+00:00,Earthquake,Earthquake,10.1311,93.8015,"205 km SE of Port Blair, India",4.7,,,,earthquakes,2021.0,9.0
us7000fbia,2021-09-09 03:44:28.824000+00:00,Earthquake,Earthquake,10.263,93.728,"188 km SE of Port Blair, India",4.8,,,,earthquakes,2021.0,9.0
us7000fbhx,2021-09-09 03:52:36.295000+00:00,Earthquake,Earthquake,10.3157,93.729,"183 km SE of Port Blair, India",4.5,,,,earthquakes,2021.0,9.0
us7000fa6y,2021-09-11 00:28:30.709000+00:00,Earthquake,Earthquake,30.4791,79.282,"15 km WNW of P?palkoti, India",4.7,,,,earthquakes,2021.0,9.0
us7000fa7j,2021-09-11 03:20:17.235000+00:00,Earthquake,Earthquake,14.1061,92.9896,"267 km N of Bamboo Flat, India",5.2,,,,earthquakes,2021.0,9.0
us7000fanp,2021-09-13 03:46:47.551000+00:00,Earthquake,Earthquake,33.7409,76.4233,"52 km NW of Padam, India",4.3,,,,earthquakes,2021.0,9.0
us7000fb56,2021-09-14 18:47:12.873000+00:00,Earthquake,Earthquake,10.4507,93.2806,"146 km SSE of Port Blair, India",4.4,,,,earthquakes,2021.0,9.0
us7000fbf3,2021-09-15 13:29:41.879000+00:00,Earthquake,Earthquake,23.4599,93.4042,"29 km ENE of Khawhai, India",4.6,,,,earthquakes,2021.0,9.0
us7000fcme,2021-09-19 09:36:30.254000+00:00,Earthquake,Earthquake,28.7353,96.4223,"74 km N of Hayuliang, India",4.7,,,,earthquakes,2021.0,9.0
us7000fcq5,2021-09-19 19:24:04.697000+00:00,Earthquake,Earthquake,25.2256,94.8803,"62 km SE of Phek, India",5.0,,,,earthquakes,2021.0,9.0
us7000fd7f,2021-09-21 18:14:55.220000+00:00,Earthquake,Earthquake,9.7592,93.6952,"235 km SSE of Port Blair, India",4.7,,,,earthquakes,2021.0,9.0
us7000fe2z,2021-09-24 15:04:15.273000+00:00,Earthquake,Earthquake,8.6251,94.1834,"Nicobar Islands, India region",5.4,,,,earthquakes,2021.0,9.0
us7000feaa,2021-09-25 04:41:07.930000+00:00,Earthquake,Earthquake,30.3557,94.7747,"206 km N of Shi Yomi, India",5.0,,,,earthquakes,2021.0,9.0
us6000fqga,2021-09-25 09:24:34.850000+00:00,Earthquake,Earthquake,30.2615,94.8136,"196 km NNE of Shi Yomi, India",4.4,,,,earthquakes,2021.0,9.0
us6000fqhg,2021-09-26 06:28:43.349000+00:00,Earthquake,Earthquake,23.4064,93.4982,"37 km E of Khawhai, India",4.2,,,,earthquakes,2021.0,9.0
us6000fqf0,2021-09-30 13:05:36.409000+00:00,Earthquake,Earthquake,11.7507,95.2935,"277 km E of Port Blair, India",4.4,,,,earthquakes,2021.0,9.0
us6000fqn3,2021-10-01 03:49:28.961000+00:00,Earthquake,Earthquake,30.3214,94.8247,"203 km NNE of Shi Yomi, India",5.0,,,,earthquakes,2021.0,10.0
us6000fqnb,2021-10-01 04:57:33.206000+00:00,Earthquake,Earthquake,25.4614,95.3035,"83 km ESE of Phek, India",4.4,,,,earthquakes,2021.0,10.0
us6000fqqc,2021-10-01 13:02:01.112000+00:00,Earthquake,Earthquake,30.3464,94.7981,"205 km NNE of Shi Yomi, India",4.5,,,,earthquakes,2021.0,10.0
us6000fqzr,2021-10-02 04:45:25.042000+00:00,Earthquake,Earthquake,30.351,94.8618,"207 km NNE of Shi Yomi, India",4.8,,,,earthquakes,2021.0,10.0
us6000fsm2,2021-10-02 05:36:42.142000+00:00,Earthquake,Earthquake,30.3949,94.5447,"207 km N of Shi Yomi, India",4.1,,,,earthquakes,2021.0,10.0
us6000frfq,2021-10-04 03:24:23.509000+00:00,Earthquake,Earthquake,30.3231,94.8038,"203 km NNE of Shi Yomi, India",4.8,,,,earthquakes,2021.0,10.0
us6000frr8,2021-10-05 01:12:16.228000+00:00,Earthquake,Earthquake,13.7634,93.7206,"252 km NNE of Bamboo Flat, India",4.9,,,,earthquakes,2021.0,10.0
us6000frs4,2021-10-05 02:38:20.956000+00:00,Earthquake,Earthquake,30.3349,94.7625,"203 km N of Shi Yomi, India",4.7,,,,earthquakes,2021.0,10.0
us6000fs51,2021-10-05 23:27:58.849000+00:00,Earthquake,Earthquake,30.367,94.804,"207 km NNE of Shi Yomi, India",4.4,,,,earthquakes,2021.0,10.0
us6000ft7k,2021-10-09 05:36:53.906000+00:00,Earthquake,Earthquake,30.3972,94.8221,"211 km NNE of Shi Yomi, India",4.9,,,,earthquakes,2021.0,10.0
us6000ftez,2021-10-10 01:48:54.750000+00:00,Earthquake,Earthquake,30.4182,94.8392,"214 km NNE of Shi Yomi, India",4.7,,,,earthquakes,2021.0,10.0
us6000ftj2,2021-10-10 16:29:40.747000+00:00,Earthquake,Earthquake,30.3872,94.7873,"209 km N of Shi Yomi, India",4.7,,,,earthquakes,2021.0,10.0
us6000fuwm,2021-10-11 16:24:38.865000+00:00,Earthquake,Earthquake,17.1543,77.0051,"7 km ENE of Sh?h?b?d, India",4.3,,,,earthquakes,2021.0,10.0
us6000ftxr,2021-10-12 00:31:54.076000+00:00,Earthquake,Earthquake,30.405,94.6879,"210 km N of Shi Yomi, India",4.6,,,,earthquakes,2021.0,10.0
us6000fw6m,2021-10-16 01:46:25.233000+00:00,Earthquake,Earthquake,24.3171,93.8462,"17 km E of Chur?ch?ndpur, India",4.0,,,,earthquakes,2021.0,10.0
us6000fwrl,2021-10-19 00:44:09.237000+00:00,Earthquake,Earthquake,22.5257,92.7906,"19 km W of Saiha, India",4.8,,,,earthquakes,2021.0,10.0
us7000fprf,2021-10-24 05:48:39.663000+00:00,Earthquake,Earthquake,12.9223,92.488,"137 km N of Bamboo Flat, India",4.3,,,,earthquakes,2021.0,10.0
us6000fxih,2021-10-26 00:32:08.893000+00:00,Earthquake,Earthquake,33.2123,76.8049,"29 km SSW of Padam, India",4.6,,,,earthquakes,2021.0,10.0
us7000fq4k,2021-10-30 16:29:09.837000+00:00,Earthquake,Earthquake,33.2438,76.7582,"27 km SSW of Padam, India",4.2,,,,earthquakes,2021.0,10.0
us7000frgl,2021-10-31 07:38:04.425000+00:00,Earthquake,Earthquake,10.9014,91.8348,"130 km SW of Port Blair, India",4.4,,,,earthquakes,2021.0,10.0
us7000fqu2,2021-11-02 13:29:31.927000+00:00,Earthquake,Earthquake,26.6453,96.7986,"48 km N of Sarupathar, India",4.8,,,,earthquakes,2021.0,11.0
us7000fsqj,2021-11-04 04:49:04.009000+00:00,Earthquake,Earthquake,26.7969,92.5824,"9 km WSW of Rang?p?ra, India",4.4,,,,earthquakes,2021.0,11.0
us7000fs8a,2021-11-07 16:20:46.399000+00:00,Earthquake,Earthquake,27.271,88.7826,"17 km ESE of Gangtok, India",4.6,,,,earthquakes,2021.0,11.0
us7000fsah,2021-11-07 23:58:24.676000+00:00,Earthquake,Earthquake,9.8651,93.6735,"223 km SSE of Port Blair, India",4.9,,,,earthquakes,2021.0,11.0
us7000fsb1,2021-11-08 02:18:33.714000+00:00,Earthquake,Earthquake,24.7068,95.1714,"112 km E of W?ngjing, India",4.5,,,,earthquakes,2021.0,11.0
us7000fsk5,2021-11-09 04:17:23.043000+00:00,Earthquake,Earthquake,25.3783,94.9456,"55 km SE of Phek, India",4.2,,,,earthquakes,2021.0,11.0
us7000fsnw,2021-11-09 10:57:27.886000+00:00,Earthquake,Earthquake,31.9939,78.5517,"89 km NE of Sar?han, India",4.6,,,,earthquakes,2021.0,11.0
us7000fvkc,2021-11-19 20:56:16.978000+00:00,Earthquake,Earthquake,25.1721,72.5323,"20 km SSW of Jalor, India",4.4,,,,earthquakes,2021.0,11.0
us7000fvpf,2021-11-20 07:42:09.082000+00:00,Earthquake,Earthquake,25.9374,91.4838,"21 km SSW of Pal?sb?ri, India",4.2,,,,earthquakes,2021.0,11.0
us7000fvq9,2021-11-20 11:12:18.811000+00:00,Earthquake,Earthquake,24.637,95.1196,"107 km E of W?ngjing, India",4.6,,,,earthquakes,2021.0,11.0
us7000fwgt,2021-11-23 16:31:58.690000+00:00,Earthquake,Earthquake,31.3163,77.1736,"9 km NNE of Seoni, India",4.3,,,,earthquakes,2021.0,11.0
us7000fxlf,2021-11-28 01:32:51.010000+00:00,Earthquake,Earthquake,27.0398,96.3025,"68 km ESE of Margherita, India",4.6,,,,earthquakes,2021.0,11.0
us7000fxsb,2021-11-28 17:02:20.837000+00:00,Earthquake,Earthquake,27.0354,96.5311,"89 km ESE of Margherita, India",4.4,,,,earthquakes,2021.0,11.0
us7000fxsg,2021-11-28 17:21:20.764000+00:00,Earthquake,Earthquake,24.2296,94.5821,"65 km SE of W?ngjing, India",4.4,,,,earthquakes,2021.0,11.0
us6000gawq,2021-12-05 13:39:30.450000+00:00,Earthquake,Earthquake,13.9216,92.4294,"247 km N of Bamboo Flat, India",4.3,,,,earthquakes,2021.0,12.0
us6000gb2m,2021-12-10 04:14:54.431000+00:00,Earthquake,Earthquake,25.5067,95.4612,"98 km E of Phek, India",4.2,,,,earthquakes,2021.0,12.0
us6000gdim,2021-12-19 03:19:46.151000+00:00,Earthquake,Earthquake,13.7358,92.7495,"225 km N of Bamboo Flat, India",5.1,,,,earthquakes,2021.0,12.0
us6000ge34,2021-12-21 05:04:14.782000+00:00,Earthquake,Earthquake,27.6752,96.9853,"61 km SE of Hayuliang, India",4.5,,,,earthquakes,2021.0,12.0
us6000ge9v,2021-12-21 21:08:33.831000+00:00,Earthquake,Earthquake,10.2993,94.0416,"Andaman Islands, India region",5.0,,,,earthquakes,2021.0,12.0
us6000gexl,2021-12-23 22:39:06.686000+00:00,Earthquake,Earthquake,7.1248,92.5432,"Nicobar Islands, India region",4.9,,,,earthquakes,2021.0,12.0
us6000gft3,2021-12-28 07:06:17.904000+00:00,Earthquake,Earthquake,8.3999,93.9416,"Nicobar Islands, India region",4.7,,,,earthquakes,2021.0,12.0
us6000gfza,2021-12-29 00:01:00.663000+00:00,Earthquake,Earthquake,9.8601,93.4354,"213 km SSE of Port Blair, India",5.0,,,,earthquakes,2021.0,12.0
us7000gakz,2021-12-29 19:08:19.232000+00:00,Earthquake,Earthquake,29.9056,80.3449,"18 km WNW of Dh?rchula, India",4.5,,,,earthquakes,2021.0,12.0
us7000gbng,2022-01-04 01:14:27.164000+00:00,Earthquake,Earthquake,13.0711,93.0237,"155 km NNE of Bamboo Flat, India",4.7,,,,earthquakes,2022.0,1.0
us7000g8xx,2022-01-04 15:02:42.007000+00:00,Earthquake,Earthquake,11.9077,93.6061,"97 km ENE of Port Blair, India",4.6,,,,earthquakes,2022.0,1.0
us7000g8yg,2022-01-04 17:15:52.331000+00:00,Earthquake,Earthquake,33.0339,76.074,Kashmir-India border region,4.3,,,,earthquakes,2022.0,1.0
us7000g9pj,2022-01-06 18:29:13.484000+00:00,Earthquake,Earthquake,27.8305,82.8074,"38 km NNE of Pachperwa, India",4.4,,,,earthquakes,2022.0,1.0
us7000ga4l,2022-01-08 05:42:01.889000+00:00,Earthquake,Earthquake,11.0371,93.2253,"87 km SE of Port Blair, India",4.3,,,,earthquakes,2022.0,1.0
us7000gbfz,2022-01-12 20:46:57.971000+00:00,Earthquake,Earthquake,25.22,94.1077,"48 km NNE of Imph?l, India",4.5,,,,earthquakes,2022.0,1.0
us7000gdwl,2022-01-13 19:03:30.121000+00:00,Earthquake,Earthquake,25.0326,95.0765,"91 km SE of Phek, India",4.1,,,,earthquakes,2022.0,1.0
us7000gez7,2022-01-16 21:09:22.262000+00:00,Earthquake,Earthquake,25.2468,93.8695,"49 km N of Imph?l, India",4.6,,,,earthquakes,2022.0,1.0
us7000gcr6,2022-01-17 22:59:23.843000+00:00,Earthquake,Earthquake,29.2819,94.1513,"86 km NNW of Shi Yomi, India",5.1,,,,earthquakes,2022.0,1.0
us7000gcs1,2022-01-18 02:22:15.803000+00:00,Earthquake,Earthquake,24.0361,93.5196,"36 km SSW of Chur?ch?ndpur, India",4.5,,,,earthquakes,2022.0,1.0
us7000ge0w,2022-01-21 21:23:38.467000+00:00,Earthquake,Earthquake,33.2225,75.9072,"16 km SE of Kishtw?r, India",4.1,,,,earthquakes,2022.0,1.0
us7000gfxf,2022-01-22 08:46:23.113000+00:00,Earthquake,Earthquake,17.562,84.9267,"132 km SE of Narasannapeta, India",4.2,,,,earthquakes,2022.0,1.0
us7000ggnc,2022-01-23 15:21:50.341000+00:00,Earthquake,Earthquake,10.6973,91.5003,"173 km SW of Bamboo Flat, India",4.5,,,,earthquakes,2022.0,1.0
us7000ggnd,2022-01-23 15:50:16.399000+00:00,Earthquake,Earthquake,10.7625,91.4855,"169 km SW of Bamboo Flat, India",4.6,,,,earthquakes,2022.0,1.0
us7000gen0,2022-01-24 19:38:59.306000+00:00,Earthquake,Earthquake,29.9803,80.3548,"21 km NW of Dh?rchula, India",4.0,,,,earthquakes,2022.0,1.0
us7000ghvq,2022-01-29 23:46:31.813000+00:00,Earthquake,Earthquake,10.5863,94.3334,"210 km SE of Port Blair, India",4.4,,,,earthquakes,2022.0,1.0
us7000gidp,2022-02-06 05:57:32.293000+00:00,Earthquake,Earthquake,31.5122,78.0555,"24 km E of Sar?han, India",4.2,,,,earthquakes,2022.0,2.0
us7000gk1q,2022-02-08 07:49:43.255000+00:00,Earthquake,Earthquake,10.7745,92.8626,"99 km S of Port Blair, India",4.5,,,,earthquakes,2022.0,2.0
us7000gk3y,2022-02-11 19:16:50.015000+00:00,Earthquake,Earthquake,26.0883,96.4951,"34 km WSW of Sarupathar, India",4.8,,,,earthquakes,2022.0,2.0
us7000gleq,2022-02-16 19:16:24.141000+00:00,Earthquake,Earthquake,8.0859,91.9122,"Nicobar Islands, India region",4.7,,,,earthquakes,2022.0,2.0
us7000gmew,2022-02-20 11:43:42.215000+00:00,Earthquake,Earthquake,10.8986,94.8857,"248 km ESE of Port Blair, India",4.3,,,,earthquakes,2022.0,2.0
us7000gn46,2022-02-23 04:28:24.354000+00:00,Earthquake,Earthquake,31.4596,77.8709,"9 km SE of Sar?han, India",4.2,,,,earthquakes,2022.0,2.0
us6000h1nw,2022-03-03 08:19:05.856000+00:00,Earthquake,Earthquake,29.9171,94.9732,"164 km NNE of Shi Yomi, India",4.1,,,,earthquakes,2022.0,3.0
us6000h1p1,2022-03-03 08:47:06.403000+00:00,Earthquake,Earthquake,29.9082,95.0011,"164 km NNE of Shi Yomi, India",4.4,,,,earthquakes,2022.0,3.0
us6000h3mr,2022-03-10 19:28:51.759000+00:00,Earthquake,Earthquake,35.8865,77.8078,"140 km NE of Thang, India",4.5,,,,earthquakes,2022.0,3.0
us6000h4d6,2022-03-14 06:46:59.632000+00:00,Earthquake,Earthquake,35.9455,76.8204,"112 km N of Thang, India",4.2,,,,earthquakes,2022.0,3.0
us6000h4ll,2022-03-15 02:51:06.411000+00:00,Earthquake,Earthquake,29.9999,95.07,"176 km NNE of Shi Yomi, India",4.1,,,,earthquakes,2022.0,3.0
us6000h4yj,2022-03-16 03:41:25.723000+00:00,Earthquake,Earthquake,35.9093,77.9477,"151 km NE of Thang, India",4.1,,,,earthquakes,2022.0,3.0
us6000h4z9,2022-03-16 06:10:12.001000+00:00,Earthquake,Earthquake,35.9335,77.9888,"155 km NE of Thang, India",4.3,,,,earthquakes,2022.0,3.0
us6000h5el,2022-03-17 13:41:18.468000+00:00,Earthquake,Earthquake,35.9998,77.9099,"156 km NE of Thang, India",5.1,,,,earthquakes,2022.0,3.0
us6000h5hl,2022-03-17 17:35:00.416000+00:00,Earthquake,Earthquake,35.9368,77.9458,"153 km NE of Thang, India",4.1,,,,earthquakes,2022.0,3.0
us7000gwn4,2022-03-18 05:40:18.475000+00:00,Earthquake,Earthquake,24.8691,93.6502,"30 km WNW of Imph?l, India",4.4,,,,earthquakes,2022.0,3.0
us7000gwys,2022-03-20 21:54:49.023000+00:00,Earthquake,Earthquake,14.5923,93.0222,"Andaman Islands, India region",4.1,,,,earthquakes,2022.0,3.0
us6000h6c6,2022-03-21 06:36:03.776000+00:00,Earthquake,Earthquake,24.1944,94.4865,"61 km SE of W?ngjing, India",4.5,,,,earthquakes,2022.0,3.0
us6000h6se,2022-03-22 20:11:39.450000+00:00,Earthquake,Earthquake,35.6142,74.9006,northwestern Kashmir,4.1,,,,earthquakes,2022.0,3.0
us7000gyh7,2022-03-25 17:58:26.461000+00:00,Earthquake,Earthquake,12.8771,92.9804,"133 km NNE of Bamboo Flat, India",4.2,,,,earthquakes,2022.0,3.0
us7000gxy0,2022-03-28 21:22:33.266000+00:00,Earthquake,Earthquake,14.6269,93.0229,"Andaman Islands, India region",4.7,,,,earthquakes,2022.0,3.0
us7000gxzr,2022-03-29 01:59:33.433000+00:00,Earthquake,Earthquake,35.9605,77.9296,"154 km NE of Thang, India",4.3,,,,earthquakes,2022.0,3.0
us7000gydj,2022-03-30 10:14:41.835000+00:00,Earthquake,Earthquake,35.9287,78.0076,"156 km NE of Thang, India",4.3,,,,earthquakes,2022.0,3.0
us7000h0w1,2022-04-09 11:22:33.744000+00:00,Earthquake,Earthquake,30.9544,78.2383,"16 km N of Barkot, India",4.3,,,,earthquakes,2022.0,4.0
us6000hfkv,2022-04-17 22:31:39.157000+00:00,Earthquake,Earthquake,25.9974,95.9133,"92 km WSW of Sarupathar, India",4.3,,,,earthquakes,2022.0,4.0
us6000hfgp,2022-04-22 03:51:27.747000+00:00,Earthquake,Earthquake,13.9992,92.9511,"255 km N of Bamboo Flat, India",4.9,,,,earthquakes,2022.0,4.0
us7000h63j,2022-04-30 17:34:05.382000+00:00,Earthquake,Earthquake,13.1672,93.0378,"166 km NNE of Bamboo Flat, India",4.5,,,,earthquakes,2022.0,4.0
us7000h67m,2022-05-01 13:52:59.667000+00:00,Earthquake,Earthquake,35.9168,77.9188,"149 km NE of Thang, India",4.4,,,,earthquakes,2022.0,5.0
us7000h8mi,2022-05-04 20:36:17.083000+00:00,Earthquake,Earthquake,10.3401,92.4602,"149 km SSW of Port Blair, India",4.6,,,,earthquakes,2022.0,5.0
us6000hlht,2022-05-09 16:10:23.667000+00:00,Earthquake,Earthquake,10.3663,94.152,"210 km SE of Port Blair, India",4.3,,,,earthquakes,2022.0,5.0
us7000h85q,2022-05-09 17:16:16.683000+00:00,Earthquake,Earthquake,13.4647,94.0795,"245 km NE of Bamboo Flat, India",4.2,,,,earthquakes,2022.0,5.0
us6000hli4,2022-05-09 22:06:30.273000+00:00,Earthquake,Earthquake,9.7019,93.498,"232 km SSE of Port Blair, India",4.5,,,,earthquakes,2022.0,5.0
us6000hli3,2022-05-09 22:08:05.153000+00:00,Earthquake,Earthquake,10.179,93.8413,"203 km SE of Port Blair, India",4.6,,,,earthquakes,2022.0,5.0
us7000h8ii,2022-05-11 04:33:11.628000+00:00,Earthquake,Earthquake,29.9682,80.4219,"16 km NW of Dh?rchula, India",4.9,,,,earthquakes,2022.0,5.0
us6000hmcp,2022-05-13 02:16:42.668000+00:00,Earthquake,Earthquake,32.7165,76.2415,"20 km NNE of Chamba, India",4.6,,,,earthquakes,2022.0,5.0
us6000hkse,2022-05-13 06:13:55.734000+00:00,Earthquake,Earthquake,25.6938,96.8329,"56 km S of Sarupathar, India",4.3,,,,earthquakes,2022.0,5.0
us6000hksn,2022-05-13 07:09:28.657000+00:00,Earthquake,Earthquake,25.7111,96.8176,"54 km S of Sarupathar, India",4.4,,,,earthquakes,2022.0,5.0
us6000hld3,2022-05-15 16:17:04.821000+00:00,Earthquake,Earthquake,26.3342,92.3725,"9 km NNE of Morigaon, India",4.1,,,,earthquakes,2022.0,5.0
us7000hcwe,2022-05-27 02:20:15.367000+00:00,Earthquake,Earthquake,12.9434,93.4548,"159 km NNE of Bamboo Flat, India",4.5,,,,earthquakes,2022.0,5.0
us7000hedv,2022-05-29 10:52:56.176000+00:00,Earthquake,Earthquake,7.7406,91.7514,"Nicobar Islands, India region",4.3,,,,earthquakes,2022.0,5.0
us7000hdq8,2022-05-31 04:39:39.616000+00:00,Earthquake,Earthquake,26.3635,95.6051,"68 km SE of Mon, India",4.3,,,,earthquakes,2022.0,5.0
us7000hf4j,2022-06-05 09:11:46.078000+00:00,Earthquake,Earthquake,8.9674,93.6949,"Nicobar Islands, India region",5.0,,,,earthquakes,2022.0,6.0
us7000hfug,2022-06-08 06:52:24.266000+00:00,Earthquake,Earthquake,35.9196,77.8975,Kashmir-Xinjiang border region,4.9,,,,earthquakes,2022.0,6.0
us7000hfvg,2022-06-08 09:25:29.205000+00:00,Earthquake,Earthquake,35.9367,77.9967,"156 km NE of Thang, India",4.4,,,,earthquakes,2022.0,6.0
us7000hjyn,2022-06-21 01:45:48.714000+00:00,Earthquake,Earthquake,10.576,91.58,"175 km SW of Port Blair, India",4.2,,,,earthquakes,2022.0,6.0
us7000hjal,2022-06-22 14:25:32.357000+00:00,Earthquake,Earthquake,10.5852,91.6122,"172 km SW of Port Blair, India",4.6,,,,earthquakes,2022.0,6.0
us6000i0uh,2022-07-04 05:04:49.855000+00:00,Earthquake,Earthquake,10.3683,94.071,"203 km SE of Port Blair, India",4.1,,,,earthquakes,2022.0,7.0
us6000hznv,2022-07-04 05:35:51.743000+00:00,Earthquake,Earthquake,10.3658,94.0742,"204 km SE of Port Blair, India",4.7,,,,earthquakes,2022.0,7.0
us6000i0ul,2022-07-04 05:59:26.188000+00:00,Earthquake,Earthquake,10.266,94.0759,"Andaman Islands, India region",4.3,,,,earthquakes,2022.0,7.0
us6000i0v4,2022-07-04 06:17:45.344000+00:00,Earthquake,Earthquake,10.5715,94.5486,"231 km ESE of Port Blair, India",4.2,,,,earthquakes,2022.0,7.0
us6000i0vf,2022-07-04 07:21:12.801000+00:00,Earthquake,Earthquake,10.4084,94.175,"209 km SE of Port Blair, India",4.3,,,,earthquakes,2022.0,7.0
us6000i0un,2022-07-04 07:29:30.021000+00:00,Earthquake,Earthquake,10.4776,94.1576,"202 km SE of Port Blair, India",4.3,,,,earthquakes,2022.0,7.0
us6000i0us,2022-07-04 08:01:24.837000+00:00,Earthquake,Earthquake,10.3636,93.9764,"197 km SE of Port Blair, India",4.2,,,,earthquakes,2022.0,7.0
us6000hzpi,2022-07-04 08:02:38.928000+00:00,Earthquake,Earthquake,10.3181,94.033,"204 km SE of Port Blair, India",4.8,,,,earthquakes,2022.0,7.0
us6000hzpl,2022-07-04 08:25:27.023000+00:00,Earthquake,Earthquake,10.2936,94.2046,"220 km SE of Port Blair, India",4.4,,,,earthquakes,2022.0,7.0
us6000i0uv,2022-07-04 08:31:12.958000+00:00,Earthquake,Earthquake,10.3129,94.1035,"210 km SE of Port Blair, India",4.5,,,,earthquakes,2022.0,7.0
us6000hzpp,2022-07-04 08:36:19.007000+00:00,Earthquake,Earthquake,10.4305,94.1413,"204 km SE of Port Blair, India",5.1,,,,earthquakes,2022.0,7.0
us6000i0v1,2022-07-04 08:40:50.995000+00:00,Earthquake,Earthquake,10.298,94.1393,"214 km SE of Port Blair, India",4.1,,,,earthquakes,2022.0,7.0
us6000i0ux,2022-07-04 08:46:51.549000+00:00,Earthquake,Earthquake,10.1855,94.0655,"218 km SE of Port Blair, India",4.3,,,,earthquakes,2022.0,7.0
us6000i0uy,2022-07-04 08:53:26.096000+00:00,Earthquake,Earthquake,10.3254,94.0101,"202 km SE of Port Blair, India",4.3,,,,earthquakes,2022.0,7.0
us6000i0v3,2022-07-04 08:54:19.874000+00:00,Earthquake,Earthquake,10.5491,93.9883,"183 km SE of Port Blair, India",4.2,,,,earthquakes,2022.0,7.0
us6000hzpu,2022-07-04 09:07:03.697000+00:00,Earthquake,Earthquake,10.3072,94.1437,"214 km SE of Port Blair, India",5.0,,,,earthquakes,2022.0,7.0
us6000i0vm,2022-07-04 09:11:06.457000+00:00,Earthquake,Earthquake,10.2576,93.8591,"197 km SE of Port Blair, India",4.3,,,,earthquakes,2022.0,7.0
us6000hzq2,2022-07-04 09:32:33.341000+00:00,Earthquake,Earthquake,10.3642,94.1744,"212 km SE of Port Blair, India",4.7,,,,earthquakes,2022.0,7.0
us6000i0v5,2022-07-04 09:46:49.717000+00:00,Earthquake,Earthquake,10.4254,94.2342,"212 km SE of Port Blair, India",4.5,,,,earthquakes,2022.0,7.0
us6000hzq5,2022-07-04 09:55:18.979000+00:00,Earthquake,Earthquake,10.3591,94.1964,"Andaman Islands, India region",5.0,,,,earthquakes,2022.0,7.0
us6000hzqc,2022-07-04 10:09:05.632000+00:00,Earthquake,Earthquake,10.4709,94.1822,"Andaman Islands, India region",4.5,,,,earthquakes,2022.0,7.0
us6000i0vr,2022-07-04 11:15:37.887000+00:00,Earthquake,Earthquake,10.4407,94.2815,"215 km SE of Port Blair, India",4.1,,,,earthquakes,2022.0,7.0
us6000hzqu,2022-07-04 11:48:11.309000+00:00,Earthquake,Earthquake,10.3944,94.2851,"219 km SE of Port Blair, India",5.0,,,,earthquakes,2022.0,7.0
us6000hzr2,2022-07-04 12:20:35.476000+00:00,Earthquake,Earthquake,10.1412,94.2325,"234 km SE of Port Blair, India",4.6,,,,earthquakes,2022.0,7.0
us6000hzr6,2022-07-04 12:51:33.584000+00:00,Earthquake,Earthquake,10.2341,94.2256,"226 km SE of Port Blair, India",4.5,,,,earthquakes,2022.0,7.0
us6000i0ve,2022-07-04 12:56:53.028000+00:00,Earthquake,Earthquake,10.4368,94.1791,"207 km SE of Port Blair, India",4.3,,,,earthquakes,2022.0,7.0
us6000i0vj,2022-07-04 13:48:36.387000+00:00,Earthquake,Earthquake,10.3415,94.1421,"Andaman Islands, India region",4.2,,,,earthquakes,2022.0,7.0
us6000hzri,2022-07-04 14:16:07.734000+00:00,Earthquake,Earthquake,10.3479,94.0109,"Andaman Islands, India region",4.5,,,,earthquakes,2022.0,7.0
us6000hzsh,2022-07-04 14:19:39.150000+00:00,Earthquake,Earthquake,9.9627,94.1363,"242 km SE of Port Blair, India",4.5,,,,earthquakes,2022.0,7.0
us6000i0vp,2022-07-04 15:03:43.220000+00:00,Earthquake,Earthquake,10.3123,94.1286,"212 km SE of Port Blair, India",4.4,,,,earthquakes,2022.0,7.0
us6000i0vv,2022-07-04 15:13:07.749000+00:00,Earthquake,Earthquake,10.3736,94.244,"217 km SE of Port Blair, India",4.2,,,,earthquakes,2022.0,7.0
us6000hztp,2022-07-04 17:31:21.363000+00:00,Earthquake,Earthquake,10.4304,94.2504,"213 km SE of Port Blair, India",4.9,,,,earthquakes,2022.0,7.0
us6000i0x1,2022-07-04 18:03:50.250000+00:00,Earthquake,Earthquake,10.4139,94.2442,"214 km SE of Port Blair, India",4.1,,,,earthquakes,2022.0,7.0
us6000i0w4,2022-07-04 18:04:26.023000+00:00,Earthquake,Earthquake,10.2429,94.1027,"Andaman Islands, India region",4.8,,,,earthquakes,2022.0,7.0
us6000hzu3,2022-07-04 18:07:44.228000+00:00,Earthquake,Earthquake,10.4137,94.2287,"213 km SE of Port Blair, India",4.7,,,,earthquakes,2022.0,7.0
us6000i0vx,2022-07-04 18:33:26.316000+00:00,Earthquake,Earthquake,10.1636,94.1024,"222 km SE of Port Blair, India",4.2,,,,earthquakes,2022.0,7.0
us6000hzua,2022-07-04 19:16:36.014000+00:00,Earthquake,Earthquake,10.3725,93.6866,"176 km SE of Port Blair, India",4.6,,,,earthquakes,2022.0,7.0
us6000hzue,2022-07-04 19:36:57+00:00,Earthquake,Earthquake,10.2638,93.9224,"201 km SE of Port Blair, India",5.0,,,,earthquakes,2022.0,7.0
us6000hzuk,2022-07-04 20:00:39.497000+00:00,Earthquake,Earthquake,10.4646,94.4605,"229 km SE of Port Blair, India",4.6,,,,earthquakes,2022.0,7.0
us6000i0x2,2022-07-04 20:02:48.649000+00:00,Earthquake,Earthquake,10.2384,94.0024,"Andaman Islands, India region",4.5,,,,earthquakes,2022.0,7.0
us6000hzup,2022-07-04 20:18:13.150000+00:00,Earthquake,Earthquake,10.5545,94.1795,"Andaman Islands, India region",4.9,,,,earthquakes,2022.0,7.0
us6000hzus,2022-07-04 20:43:48.593000+00:00,Earthquake,Earthquake,10.4204,94.2649,"Andaman Islands, India region",4.9,,,,earthquakes,2022.0,7.0
us6000hzuu,2022-07-04 21:03:56.176000+00:00,Earthquake,Earthquake,10.3526,94.2481,"219 km SE of Port Blair, India",4.9,,,,earthquakes,2022.0,7.0
us6000hzv3,2022-07-04 21:18:26.125000+00:00,Earthquake,Earthquake,10.4048,94.2584,"216 km SE of Port Blair, India",4.4,,,,earthquakes,2022.0,7.0
us6000hzv5,2022-07-04 21:24:41.456000+00:00,Earthquake,Earthquake,10.3032,94.1408,"214 km SE of Port Blair, India",4.9,,,,earthquakes,2022.0,7.0
us6000i0w9,2022-07-04 21:59:01.988000+00:00,Earthquake,Earthquake,10.4627,94.1965,"206 km SE of Port Blair, India",4.2,,,,earthquakes,2022.0,7.0
us6000hzw2,2022-07-04 23:15:13.225000+00:00,Earthquake,Earthquake,10.2329,94.2382,"227 km SE of Port Blair, India",4.6,,,,earthquakes,2022.0,7.0
us6000i0wg,2022-07-04 23:38:46.553000+00:00,Earthquake,Earthquake,10.4198,94.0743,"200 km SE of Port Blair, India",4.5,,,,earthquakes,2022.0,7.0
us6000i0x3,2022-07-05 00:10:04.562000+00:00,Earthquake,Earthquake,10.2778,93.8421,"194 km SE of Port Blair, India",4.5,,,,earthquakes,2022.0,7.0
us6000hzwa,2022-07-05 00:26:56.477000+00:00,Earthquake,Earthquake,10.3277,94.2534,"Andaman Islands, India region",5.4,,,,earthquakes,2022.0,7.0
us6000i0x4,2022-07-05 01:10:46.372000+00:00,Earthquake,Earthquake,10.2316,94.0501,"213 km SE of Port Blair, India",4.2,,,,earthquakes,2022.0,7.0
us6000hzwp,2022-07-05 02:34:57.675000+00:00,Earthquake,Earthquake,10.3288,94.0598,"206 km SE of Port Blair, India",4.9,,,,earthquakes,2022.0,7.0
us6000i0xm,2022-07-05 03:21:57.190000+00:00,Earthquake,Earthquake,10.4449,93.87,"182 km SE of Port Blair, India",4.3,,,,earthquakes,2022.0,7.0
us6000hzxm,2022-07-05 06:06:13.690000+00:00,Earthquake,Earthquake,10.2666,94.2833,"228 km SE of Port Blair, India",5.0,,,,earthquakes,2022.0,7.0
us6000i0xd,2022-07-05 06:46:45.203000+00:00,Earthquake,Earthquake,10.3286,94.1991,"217 km SE of Port Blair, India",4.3,,,,earthquakes,2022.0,7.0
us6000hzy9,2022-07-05 07:48:33.145000+00:00,Earthquake,Earthquake,10.2608,94.1562,"218 km SE of Port Blair, India",4.8,,,,earthquakes,2022.0,7.0
us6000i0xk,2022-07-05 08:19:07.720000+00:00,Earthquake,Earthquake,10.3821,94.0983,"204 km SE of Port Blair, India",4.3,,,,earthquakes,2022.0,7.0
us6000hzyw,2022-07-05 09:44:02.616000+00:00,Earthquake,Earthquake,10.2992,94.3324,"230 km SE of Port Blair, India",4.7,,,,earthquakes,2022.0,7.0
us6000i0xu,2022-07-05 10:24:13.165000+00:00,Earthquake,Earthquake,10.4254,94.1424,"205 km SE of Port Blair, India",4.2,,,,earthquakes,2022.0,7.0
us6000i0xz,2022-07-05 11:12:51.217000+00:00,Earthquake,Earthquake,10.3821,94.2379,"Andaman Islands, India region",4.0,,,,earthquakes,2022.0,7.0
us6000i0y2,2022-07-05 13:16:44.407000+00:00,Earthquake,Earthquake,10.3995,94.1516,"207 km SE of Port Blair, India",4.2,,,,earthquakes,2022.0,7.0
us6000i008,2022-07-05 14:50:19.975000+00:00,Earthquake,Earthquake,10.553,94.1619,"197 km SE of Port Blair, India",4.9,,,,earthquakes,2022.0,7.0
us6000i05y,2022-07-06 00:26:14.626000+00:00,Earthquake,Earthquake,10.4628,94.1034,"199 km SE of Port Blair, India",4.9,,,,earthquakes,2022.0,7.0
us6000i1tz,2022-07-06 00:32:44.303000+00:00,Earthquake,Earthquake,10.3261,94.1081,"Andaman Islands, India region",4.0,,,,earthquakes,2022.0,7.0
us6000i07w,2022-07-06 08:01:06.482000+00:00,Earthquake,Earthquake,10.368,94.2181,"215 km SE of Port Blair, India",4.9,,,,earthquakes,2022.0,7.0
us6000i09u,2022-07-06 15:16:27.036000+00:00,Earthquake,Earthquake,10.3877,94.0749,"202 km SE of Port Blair, India",4.5,,,,earthquakes,2022.0,7.0
us6000i0bw,2022-07-06 17:52:00.412000+00:00,Earthquake,Earthquake,10.4009,94.3816,"226 km SE of Port Blair, India",4.5,,,,earthquakes,2022.0,7.0
us6000i0bz,2022-07-06 18:31:23.829000+00:00,Earthquake,Earthquake,10.4174,94.1129,"203 km SE of Port Blair, India",4.5,,,,earthquakes,2022.0,7.0
us6000i0cv,2022-07-06 19:51:51.066000+00:00,Earthquake,Earthquake,10.3391,94.2494,"220 km SE of Port Blair, India",4.6,,,,earthquakes,2022.0,7.0
us6000i238,2022-07-07 01:02:12.039000+00:00,Earthquake,Earthquake,10.4157,94.0481,"198 km SE of Port Blair, India",4.3,,,,earthquakes,2022.0,7.0
us6000i2nr,2022-07-08 04:30:25.912000+00:00,Earthquake,Earthquake,27.8815,94.1134,"41 km NE of Ziro, India",4.3,,,,earthquakes,2022.0,7.0
us6000i0zv,2022-07-08 19:15:46.921000+00:00,Earthquake,Earthquake,10.3602,94.1827,"213 km SE of Port Blair, India",4.5,,,,earthquakes,2022.0,7.0
us6000i10d,2022-07-08 19:16:14.912000+00:00,Earthquake,Earthquake,10.4109,94.2296,"213 km SE of Port Blair, India",4.8,,,,earthquakes,2022.0,7.0
us6000i2pd,2022-07-08 19:36:45.401000+00:00,Earthquake,Earthquake,10.3507,94.0642,"204 km SE of Port Blair, India",4.2,,,,earthquakes,2022.0,7.0
us6000i117,2022-07-08 21:04:40.152000+00:00,Earthquake,Earthquake,10.4818,94.1885,"Andaman Islands, India region",5.2,,,,earthquakes,2022.0,7.0
us6000i2pp,2022-07-08 21:23:56.176000+00:00,Earthquake,Earthquake,9.921,94.2657,"Nicobar Islands, India region",4.1,,,,earthquakes,2022.0,7.0
us6000i11i,2022-07-08 21:34:33.544000+00:00,Earthquake,Earthquake,10.3187,94.1649,"215 km SE of Port Blair, India",4.5,,,,earthquakes,2022.0,7.0
us6000i13p,2022-07-09 00:52:02.519000+00:00,Earthquake,Earthquake,16.9254,75.7188,"Karnataka, India",4.5,,,,earthquakes,2022.0,7.0
us6000i1hw,2022-07-11 02:40:01.281000+00:00,Earthquake,Earthquake,23.3845,82.4802,"15 km NNW of Baikunthpur, India",4.6,,,,earthquakes,2022.0,7.0
us6000i21t,2022-07-13 07:48:10.883000+00:00,Earthquake,Earthquake,7.0288,85.9923,Bay of Bengal,4.8,,,,earthquakes,2022.0,7.0
us7000hsnu,2022-07-14 01:36:40.836000+00:00,Earthquake,Earthquake,10.3022,94.1785,"217 km SE of Port Blair, India",4.4,,,,earthquakes,2022.0,7.0
us6000i32w,2022-07-16 18:12:48.028000+00:00,Earthquake,Earthquake,24.1883,94.4481,"58 km SE of Kakching, India",4.5,,,,earthquakes,2022.0,7.0
us6000i7rv,2022-07-24 07:06:54.744000+00:00,Earthquake,Earthquake,30.7594,78.396,"5 km NW of Uttark?shi, India",4.0,,,,earthquakes,2022.0,7.0
us7000htgq,2022-07-26 03:12:07.119000+00:00,Earthquake,Earthquake,34.644,80.2097,"247 km ENE of Leh, India",4.2,,,,earthquakes,2022.0,7.0
us7000htji,2022-07-26 15:13:43.440000+00:00,Earthquake,Earthquake,23.5693,93.2709,"25 km NE of Khawhai, India",4.6,,,,earthquakes,2022.0,7.0
us6000i69p,2022-07-28 19:26:46.105000+00:00,Earthquake,Earthquake,23.3819,82.5056,"14 km NNW of Baikunthpur, India",4.7,,,,earthquakes,2022.0,7.0
us6000i8wu,2022-08-07 15:44:30.673000+00:00,Earthquake,Earthquake,10.2856,93.8306,"193 km SE of Port Blair, India",4.6,,,,earthquakes,2022.0,8.0
us6000ic7w,2022-08-19 19:42:42.048000+00:00,Earthquake,Earthquake,28.0619,81.1968,"12 km NE of Dhaurahra, India",4.9,,,,earthquakes,2022.0,8.0
us6000icvq,2022-08-22 20:50:28.977000+00:00,Earthquake,Earthquake,33.2367,75.8439,"11 km SE of Kishtw?r, India",4.0,,,,earthquakes,2022.0,8.0
us7000i23w,2022-08-24 17:34:21.884000+00:00,Earthquake,Earthquake,33.1509,75.7219,"16 km E of Doda, India",4.2,,,,earthquakes,2022.0,8.0
us7000i2i8,2022-08-26 04:52:25.244000+00:00,Earthquake,Earthquake,25.0099,95.2338,"103 km SE of Phek, India",4.6,,,,earthquakes,2022.0,8.0
us7000i5ec,2022-08-28 03:16:16.963000+00:00,Earthquake,Earthquake,10.3923,93.8489,"185 km SE of Port Blair, India",4.6,,,,earthquakes,2022.0,8.0
us7000i5q7,2022-08-29 12:54:02.976000+00:00,Earthquake,Earthquake,29.024,96.1153,"113 km NNW of Hayuliang, India",4.2,,,,earthquakes,2022.0,8.0
us7000i4kj,2022-09-02 07:13:05.499000+00:00,Earthquake,Earthquake,13.9359,93.6367,"Andaman Islands, India region",5.0,,,,earthquakes,2022.0,9.0
us6000ii12,2022-09-08 01:50:50.946000+00:00,Earthquake,Earthquake,35.9009,77.8306,"143 km NE of Thang, India",4.4,,,,earthquakes,2022.0,9.0
us6000ii8r,2022-09-08 18:56:51.416000+00:00,Earthquake,Earthquake,35.9625,77.7205,"142 km NE of Thang, India",4.0,,,,earthquakes,2022.0,9.0
us7000i7sb,2022-09-13 21:35:13.787000+00:00,Earthquake,Earthquake,26.6232,96.133,"71 km SE of Khonsa, India",4.4,,,,earthquakes,2022.0,9.0
us7000i8e9,2022-09-15 22:49:37.729000+00:00,Earthquake,Earthquake,35.907,77.7506,"139 km NE of Thang, India",4.9,,,,earthquakes,2022.0,9.0
us7000iaey,2022-09-17 02:15:17.988000+00:00,Earthquake,Earthquake,7.7191,91.4602,"Nicobar Islands, India region",4.5,,,,earthquakes,2022.0,9.0
us7000i8xq,2022-09-17 23:33:29.809000+00:00,Earthquake,Earthquake,26.368,96.6018,"27 km NW of Sarupathar, India",4.3,,,,earthquakes,2022.0,9.0
us7000i935,2022-09-18 12:57:55.916000+00:00,Earthquake,Earthquake,28.8975,95.861,"105 km NNE of P?sigh?t, India",4.5,,,,earthquakes,2022.0,9.0
us7000i93n,2022-09-18 15:06:41.302000+00:00,Earthquake,Earthquake,35.9282,77.9225,"151 km NE of Thang, India",4.1,,,,earthquakes,2022.0,9.0
us7000i9bf,2022-09-19 16:28:27.802000+00:00,Earthquake,Earthquake,34.6729,80.1671,"244 km ENE of Leh, India",4.7,,,,earthquakes,2022.0,9.0
us7000i9cp,2022-09-19 19:37:15.598000+00:00,Earthquake,Earthquake,34.6823,80.1396,"241 km ENE of Leh, India",4.3,,,,earthquakes,2022.0,9.0
us6000iqru,2022-09-28 12:13:36.124000+00:00,Earthquake,Earthquake,14.4837,92.9479,"Andaman Islands, India region",4.6,,,,earthquakes,2022.0,9.0
us6000iphx,2022-09-30 02:23:15.751000+00:00,Earthquake,Earthquake,24.7823,94.9256,"89 km E of Yairipok, India",4.6,,,,earthquakes,2022.0,9.0
us6000irv4,2022-10-03 15:44:49.369000+00:00,Earthquake,Earthquake,8.3607,91.1987,"Nicobar Islands, India region",4.1,,,,earthquakes,2022.0,10.0
us6000iubs,2022-10-11 01:35:49.776000+00:00,Earthquake,Earthquake,9.9577,93.911,"227 km SE of Port Blair, India",4.1,,,,earthquakes,2022.0,10.0
us6000itig,2022-10-13 23:58:22.572000+00:00,Earthquake,Earthquake,23.3661,82.4336,"17 km NW of Baikunthpur, India",4.9,,,,earthquakes,2022.0,10.0
us6000itm8,2022-10-14 13:19:13.983000+00:00,Earthquake,Earthquake,9.1283,94.0138,"Nicobar Islands, India region",4.5,,,,earthquakes,2022.0,10.0
us6000iuid,2022-10-18 12:09:45.297000+00:00,Earthquake,Earthquake,32.3641,78.6637,"125 km NE of Sar?han, India",4.5,,,,earthquakes,2022.0,10.0
us6000iv38,2022-10-20 06:46:55.511000+00:00,Earthquake,Earthquake,11.5884,93.1518,"45 km E of Port Blair, India",5.1,,,,earthquakes,2022.0,10.0
us7000ilc3,2022-10-30 14:45:06.392000+00:00,Earthquake,Earthquake,25.1215,92.205,"31 km NNW of Kar?mganj, India",4.2,,,,earthquakes,2022.0,10.0
us7000ildw,2022-10-30 23:02:28.181000+00:00,Earthquake,Earthquake,13.5414,94.2712,"264 km NE of Bamboo Flat, India",4.5,,,,earthquakes,2022.0,10.0
us7000ilef,2022-10-31 00:45:56.922000+00:00,Earthquake,Earthquake,26.6099,96.5205,"53 km NNW of Sarupathar, India",4.6,,,,earthquakes,2022.0,10.0
us7000imin,2022-11-01 03:13:53.303000+00:00,Earthquake,Earthquake,23.0012,80.1303,"13 km SE of Barela, India",4.3,,,,earthquakes,2022.0,11.0
us7000imtm,2022-11-06 03:03:03.944000+00:00,Earthquake,Earthquake,30.7102,78.5669,"Uttaranchal, India",4.6,,,,earthquakes,2022.0,11.0
us7000imxk,2022-11-06 16:28:40.298000+00:00,Earthquake,Earthquake,27.9764,88.2153,"59 km NNW of Mangan, India",4.0,,,,earthquakes,2022.0,11.0
us7000ine2,2022-11-09 00:57:14.321000+00:00,Earthquake,Earthquake,29.9803,80.2903,"26 km WNW of Dh?rchula, India",4.4,,,,earthquakes,2022.0,11.0
us7000inn2,2022-11-09 20:59:12.045000+00:00,Earthquake,Earthquake,7.3617,94.2277,"Nicobar Islands, India region",4.7,,,,earthquakes,2022.0,11.0
us7000inqd,2022-11-10 05:01:05.611000+00:00,Earthquake,Earthquake,28.3835,94.4118,"16 km SSE of Shi Yomi, India",5.5,,,,earthquakes,2022.0,11.0
us7000iq4z,2022-11-16 16:02:53.870000+00:00,Earthquake,Earthquake,31.8986,76.9792,"13 km WSW of Kulu, India",4.4,,,,earthquakes,2022.0,11.0
us6000j733,2022-11-30 14:39:32.589000+00:00,Earthquake,Earthquake,12.4347,93.9585,"156 km ENE of Port Blair, India",4.0,,,,earthquakes,2022.0,11.0
us6000j6yh,2022-12-05 03:02:58.006000+00:00,Earthquake,Earthquake,19.1042,89.8755,Bay of Bengal,4.9,,,,earthquakes,2022.0,12.0
us6000j8qb,2022-12-12 07:18:46.401000+00:00,Earthquake,Earthquake,12.736,93.633,"151 km NE of Bamboo Flat, India",4.5,,,,earthquakes,2022.0,12.0
us6000j9ij,2022-12-15 17:12:53.035000+00:00,Earthquake,Earthquake,24.8414,95.0837,"106 km E of Yairipok, India",4.4,,,,earthquakes,2022.0,12.0
us7000j2l9,2022-12-26 22:50:52.340000+00:00,Earthquake,Earthquake,9.0067,93.8779,"Nicobar Islands, India region",4.3,,,,earthquakes,2022.0,12.0
us7000j359,2022-12-27 02:29:38.069000+00:00,Earthquake,Earthquake,11.4848,95.0,"246 km E of Port Blair, India",4.1,,,,earthquakes,2022.0,12.0
us7000j1aj,2022-12-31 19:49:41.613000+00:00,Earthquake,Earthquake,28.7191,76.6286,"Haryana, India",4.1,,,,earthquakes,2022.0,12.0
us7000j1f2,2023-01-01 13:02:57.452000+00:00,Earthquake,Earthquake,36.691,76.9958,Kashmir-Xinjiang border region,4.3,,,,earthquakes,2023.0,1.0
us7000j1nn,2023-01-02 20:11:27.547000+00:00,Earthquake,Earthquake,10.8119,91.5945,"157 km SW of Bamboo Flat, India",4.4,,,,earthquakes,2023.0,1.0
us7000j453,2023-01-03 00:22:01.686000+00:00,Earthquake,Earthquake,10.8475,95.1111,"Andaman Islands, India region",4.1,,,,earthquakes,2023.0,1.0
us7000j455,2023-01-03 01:05:36.386000+00:00,Earthquake,Earthquake,10.7847,95.0957,"274 km ESE of Port Blair, India",4.3,,,,earthquakes,2023.0,1.0
us7000j2v1,2023-01-07 21:18:36.723000+00:00,Earthquake,Earthquake,11.9253,92.6851,"25 km N of Bamboo Flat, India",4.2,,,,earthquakes,2023.0,1.0
us7000j3bs,2023-01-10 01:42:57.492000+00:00,Earthquake,Earthquake,26.705,96.5576,"60 km NNW of Sarupathar, India",4.6,,,,earthquakes,2023.0,1.0
us7000j5k6,2023-01-10 23:00:07.145000+00:00,Earthquake,Earthquake,11.2892,91.8207,"107 km WSW of Bamboo Flat, India",4.1,,,,earthquakes,2023.0,1.0
us6000jjdm,2023-01-18 01:46:55.643000+00:00,Earthquake,Earthquake,11.5023,95.1809,"Andaman Islands, India region",4.4,,,,earthquakes,2023.0,1.0
us6000jjgr,2023-01-19 01:17:56.519000+00:00,Earthquake,Earthquake,12.1121,94.4701,"194 km ENE of Port Blair, India",4.4,,,,earthquakes,2023.0,1.0
us6000jjhd,2023-01-19 11:34:03.747000+00:00,Earthquake,Earthquake,10.0936,93.5847,"Andaman Islands, India region",4.8,,,,earthquakes,2023.0,1.0
us7000j6c8,2023-01-23 13:42:02.771000+00:00,Earthquake,Earthquake,24.8836,93.079,"12 km NE of Lakhipur, India",5.1,,,,earthquakes,2023.0,1.0
us6000jltv,2023-01-26 01:59:58.723000+00:00,Earthquake,Earthquake,25.7328,90.4362,"33 km NE of Tura, India",4.0,,,,earthquakes,2023.0,1.0
us6000jjrt,2023-01-27 15:34:13.818000+00:00,Earthquake,Earthquake,7.7778,93.1089,"Nicobar Islands, India region",4.4,,,,earthquakes,2023.0,1.0
us6000jkdx,2023-01-30 18:45:37.506000+00:00,Earthquake,Earthquake,12.1363,93.5873,"105 km ENE of Port Blair, India",5.0,,,,earthquakes,2023.0,1.0
us6000jkh1,2023-01-31 04:49:06.032000+00:00,Earthquake,Earthquake,24.5866,94.459,"40 km E of W?ngjing, India",4.6,,,,earthquakes,2023.0,1.0
us6000jngh,2023-02-12 10:48:14.855000+00:00,Earthquake,Earthquake,26.3749,92.9259,"31 km SSE of Tezpur, India",4.2,,,,earthquakes,2023.0,2.0
us6000jni5,2023-02-12 22:45:05.505000+00:00,Earthquake,Earthquake,27.986,88.0003,"73 km NW of Mangan, India",4.0,,,,earthquakes,2023.0,2.0
us6000jpaj,2023-02-16 03:56:28.218000+00:00,Earthquake,Earthquake,25.1917,91.8394,"18 km SE of Cherrapunji, India",4.3,,,,earthquakes,2023.0,2.0
us7000jgtv,2023-02-22 09:31:56.373000+00:00,Earthquake,Earthquake,9.2648,93.945,"296 km SSE of Port Blair, India",4.5,,,,earthquakes,2023.0,2.0
us7000jh1x,2023-02-24 07:03:16.393000+00:00,Earthquake,Earthquake,9.7878,92.6004,"208 km S of Port Blair, India",4.3,,,,earthquakes,2023.0,2.0
us7000jhnb,2023-02-26 04:19:53.486000+00:00,Earthquake,Earthquake,25.6554,90.4081,"25 km NE of Tura, India",4.3,,,,earthquakes,2023.0,2.0
us7000jgyk,2023-03-03 01:13:47.387000+00:00,Earthquake,Earthquake,29.8612,94.9521,"157 km NNE of Shi Yomi, India",4.2,,,,earthquakes,2023.0,3.0
us7000jhj3,2023-03-05 23:37:11.420000+00:00,Earthquake,Earthquake,7.6244,91.7592,"Nicobar Islands, India region",5.1,,,,earthquakes,2023.0,3.0
us7000jhvh,2023-03-07 11:11:46.454000+00:00,Earthquake,Earthquake,13.3077,92.4291,"180 km N of Bamboo Flat, India",4.9,,,,earthquakes,2023.0,3.0
us7000jjbm,2023-03-12 11:43:43.297000+00:00,Earthquake,Earthquake,24.276,94.7151,"74 km ESE of Wangjing, India",4.6,,,,earthquakes,2023.0,3.0
us7000jkv8,2023-03-13 13:44:29.010000+00:00,Earthquake,Earthquake,11.0773,91.7251,"128 km WSW of Bamboo Flat, India",4.4,,,,earthquakes,2023.0,3.0
us7000jlgi,2023-03-15 04:52:02.152000+00:00,Earthquake,Earthquake,9.6093,93.7038,"250 km SSE of Port Blair, India",4.0,,,,earthquakes,2023.0,3.0
us6000k0lk,2023-03-24 03:22:42.572000+00:00,Earthquake,Earthquake,24.1675,93.794,"Manipur, India region",4.4,,,,earthquakes,2023.0,3.0
us6000k16v,2023-03-31 18:26:41.006000+00:00,Earthquake,Earthquake,11.8777,93.7469,"111 km ENE of Port Blair, India",4.2,,,,earthquakes,2023.0,3.0
us6000k2fw,2023-04-03 08:22:04.572000+00:00,Earthquake,Earthquake,25.8896,90.446,"20 km SE of Lakhipur, India",4.4,,,,earthquakes,2023.0,4.0
us6000k1zc,2023-04-04 17:17:42.936000+00:00,Earthquake,Earthquake,9.058,93.9052,"Nicobar Islands, India region",5.0,,,,earthquakes,2023.0,4.0
us6000k2uv,2023-04-08 11:06:11.514000+00:00,Earthquake,Earthquake,9.1273,93.9306,"Nicobar Islands, India region",4.6,,,,earthquakes,2023.0,4.0
us6000k4es,2023-04-08 11:13:30.394000+00:00,Earthquake,Earthquake,9.1421,93.9949,"Nicobar Islands, India region",4.3,,,,earthquakes,2023.0,4.0
us6000k4et,2023-04-08 11:24:20.245000+00:00,Earthquake,Earthquake,8.9628,94.0271,"Nicobar Islands, India region",4.3,,,,earthquakes,2023.0,4.0
us6000k4f1,2023-04-08 15:47:41.359000+00:00,Earthquake,Earthquake,9.1198,94.0206,"Nicobar Islands, India region",4.4,,,,earthquakes,2023.0,4.0
us6000k4ga,2023-04-09 06:52:06.387000+00:00,Earthquake,Earthquake,9.1594,93.6124,"293 km SSE of Port Blair, India",4.3,,,,earthquakes,2023.0,4.0
us6000k2z6,2023-04-09 07:46:14.580000+00:00,Earthquake,Earthquake,9.096,94.0003,"Nicobar Islands, India region",5.3,,,,earthquakes,2023.0,4.0
us6000k4gg,2023-04-09 08:14:50.840000+00:00,Earthquake,Earthquake,8.9963,93.8953,"Nicobar Islands, India region",4.5,,,,earthquakes,2023.0,4.0
us6000k2zr,2023-04-09 09:25:52.959000+00:00,Earthquake,Earthquake,9.3635,93.9687,"287 km SSE of Port Blair, India",4.3,,,,earthquakes,2023.0,4.0
us6000k2zp,2023-04-09 09:29:47.096000+00:00,Earthquake,Earthquake,9.0979,93.9434,"Nicobar Islands, India region",4.6,,,,earthquakes,2023.0,4.0
us6000k2zy,2023-04-09 10:31:20.479000+00:00,Earthquake,Earthquake,8.9326,93.9552,"Nicobar Islands, India region",5.5,,,,earthquakes,2023.0,4.0
us6000k4gl,2023-04-09 10:38:58.795000+00:00,Earthquake,Earthquake,9.0886,93.9474,"Nicobar Islands, India region",4.9,,,,earthquakes,2023.0,4.0
us6000k4gk,2023-04-09 10:44:50.822000+00:00,Earthquake,Earthquake,9.1044,93.9484,"Nicobar Islands, India region",4.4,,,,earthquakes,2023.0,4.0
us6000k4gm,2023-04-09 11:44:44.984000+00:00,Earthquake,Earthquake,9.0971,93.7971,"Nicobar Islands, India region",4.4,,,,earthquakes,2023.0,4.0
us6000k314,2023-04-09 12:17:33.607000+00:00,Earthquake,Earthquake,8.966,93.9695,"Nicobar Islands, India region",5.7,,,,earthquakes,2023.0,4.0
us6000k4gn,2023-04-09 12:24:01.576000+00:00,Earthquake,Earthquake,9.1656,94.1407,"Nicobar Islands, India region",4.2,,,,earthquakes,2023.0,4.0
us6000k4gt,2023-04-09 12:27:39.153000+00:00,Earthquake,Earthquake,8.9733,93.8322,"Nicobar Islands, India region",4.3,,,,earthquakes,2023.0,4.0
us6000k31k,2023-04-09 12:47:52.279000+00:00,Earthquake,Earthquake,8.9466,93.9623,"Nicobar Islands, India region",4.4,,,,earthquakes,2023.0,4.0
us6000k347,2023-04-09 19:37:44.546000+00:00,Earthquake,Earthquake,13.2395,93.1777,"Andaman Islands, India region",4.3,,,,earthquakes,2023.0,4.0
us6000k34r,2023-04-09 20:55:58.001000+00:00,Earthquake,Earthquake,9.0116,93.9224,"Nicobar Islands, India region",5.2,,,,earthquakes,2023.0,4.0
us6000k4h1,2023-04-09 21:00:08.812000+00:00,Earthquake,Earthquake,9.3723,93.8096,"279 km SSE of Port Blair, India",4.1,,,,earthquakes,2023.0,4.0
us6000k4h4,2023-04-09 21:07:10.709000+00:00,Earthquake,Earthquake,8.5816,93.9431,"Nicobar Islands, India region",4.2,,,,earthquakes,2023.0,4.0
us6000k4h6,2023-04-09 23:55:02.324000+00:00,Earthquake,Earthquake,8.9923,93.8476,"Nicobar Islands, India region",4.1,,,,earthquakes,2023.0,4.0
us6000k52j,2023-04-10 00:51:40.435000+00:00,Earthquake,Earthquake,8.9215,93.5922,"Nicobar Islands, India region",4.2,,,,earthquakes,2023.0,4.0
us6000k52k,2023-04-10 00:54:56.108000+00:00,Earthquake,Earthquake,9.1564,93.8198,"Nicobar Islands, India region",4.6,,,,earthquakes,2023.0,4.0
us6000k39m,2023-04-10 11:21:22.777000+00:00,Earthquake,Earthquake,8.9611,93.7674,"Nicobar Islands, India region",4.5,,,,earthquakes,2023.0,4.0
us6000k53b,2023-04-10 16:47:16.451000+00:00,Earthquake,Earthquake,8.897,93.7742,"Nicobar Islands, India region",4.3,,,,earthquakes,2023.0,4.0
us6000k3b7,2023-04-10 17:11:50.820000+00:00,Earthquake,Earthquake,9.0663,93.9297,"Nicobar Islands, India region",4.8,,,,earthquakes,2023.0,4.0
us6000k53g,2023-04-10 17:12:17.347000+00:00,Earthquake,Earthquake,8.9365,93.6767,"Nicobar Islands, India region",4.9,,,,earthquakes,2023.0,4.0
us6000k3eg,2023-04-11 02:08:29.426000+00:00,Earthquake,Earthquake,9.1853,93.979,"Nicobar Islands, India region",4.5,,,,earthquakes,2023.0,4.0
us6000k3z1,2023-04-13 03:21:19.466000+00:00,Earthquake,Earthquake,8.9297,93.8956,"Nicobar Islands, India region",4.9,,,,earthquakes,2023.0,4.0
us6000k6r8,2023-04-24 10:58:31.943000+00:00,Earthquake,Earthquake,9.3625,93.8685,"Nicobar Islands, India region",5.0,,,,earthquakes,2023.0,4.0
us6000k9cr,2023-05-03 23:48:53.606000+00:00,Earthquake,Earthquake,27.3244,97.0318,"95 km SSE of Hayuliang, India",4.6,,,,earthquakes,2023.0,5.0
us6000kau8,2023-05-04 04:20:30.480000+00:00,Earthquake,Earthquake,30.5173,79.0377,"Uttaranchal, India",4.2,,,,earthquakes,2023.0,5.0
us6000kalp,2023-05-09 13:42:18.282000+00:00,Earthquake,Earthquake,10.972,92.0333,"109 km SW of Port Blair, India",5.1,,,,earthquakes,2023.0,5.0
us6000kb7z,2023-05-11 20:44:56.551000+00:00,Earthquake,Earthquake,21.6539,93.1376,"94 km S of Saiha, India",4.5,,,,earthquakes,2023.0,5.0
us6000kcwe,2023-05-14 21:43:49.463000+00:00,Earthquake,Earthquake,9.7587,93.5283,"227 km SSE of Port Blair, India",4.0,,,,earthquakes,2023.0,5.0
us6000kdsy,2023-05-22 02:45:35.828000+00:00,Earthquake,Earthquake,26.8674,97.023,"76 km NNE of Sarupathar, India",5.0,,,,earthquakes,2023.0,5.0
us7000k4iq,2023-05-27 21:36:33.057000+00:00,Earthquake,Earthquake,27.0688,92.6797,"25 km N of Rangapara, India",4.5,,,,earthquakes,2023.0,5.0
us7000k4px,2023-05-29 02:18:17.682000+00:00,Earthquake,Earthquake,13.407,94.1485,"244 km NE of Bamboo Flat, India",4.6,,,,earthquakes,2023.0,5.0
us7000k4q0,2023-05-29 02:33:31.480000+00:00,Earthquake,Earthquake,26.7587,92.4485,"6 km NNW of Dhekiajuli, India",4.9,,,,earthquakes,2023.0,5.0
us7000k72v,2023-06-01 03:30:53.257000+00:00,Earthquake,Earthquake,26.0736,95.1588,"39 km ESE of Tuensang, India",4.2,,,,earthquakes,2023.0,6.0
us7000k6bt,2023-06-05 02:09:45.778000+00:00,Earthquake,Earthquake,12.8765,95.4751,"Andaman Islands, India region",4.6,,,,earthquakes,2023.0,6.0
us7000k82d,2023-06-12 21:23:08.724000+00:00,Earthquake,Earthquake,26.1093,95.2775,"48 km ESE of Tuensang, India",4.3,,,,earthquakes,2023.0,6.0
us7000k850,2023-06-13 08:03:40.348000+00:00,Earthquake,Earthquake,33.1191,75.9074,"23 km NE of Bhadarwah, India",5.2,,,,earthquakes,2023.0,6.0
us7000k89b,2023-06-13 20:50:56.444000+00:00,Earthquake,Earthquake,33.0446,75.948,"22 km ENE of Bhadarwah, India",4.6,,,,earthquakes,2023.0,6.0
us7000k986,2023-06-17 16:25:33.967000+00:00,Earthquake,Earthquake,33.2377,75.9002,"14 km SE of Kishtwar, India",4.3,,,,earthquakes,2023.0,6.0
us7000k99b,2023-06-17 22:20:24.254000+00:00,Earthquake,Earthquake,33.0208,75.9599,"23 km ENE of Bhadarwah, India",4.3,,,,earthquakes,2023.0,6.0
us6000kp4j,2023-06-21 02:10:42.233000+00:00,Earthquake,Earthquake,9.1371,93.367,"287 km SSE of Port Blair, India",4.5,,,,earthquakes,2023.0,6.0
us6000kq8r,2023-06-26 11:32:02.555000+00:00,Earthquake,Earthquake,8.7087,93.955,"Nicobar Islands, India region",4.3,,,,earthquakes,2023.0,6.0
us7000kb4r,2023-06-26 12:52:59.977000+00:00,Earthquake,Earthquake,13.7408,92.7235,"225 km N of Bamboo Flat, India",4.7,,,,earthquakes,2023.0,6.0
us7000kb4v,2023-06-26 13:32:03.058000+00:00,Earthquake,Earthquake,9.2868,93.5555,"277 km SSE of Port Blair, India",4.9,,,,earthquakes,2023.0,6.0
us6000kq95,2023-06-26 18:05:37.303000+00:00,Earthquake,Earthquake,9.3365,93.7769,"281 km SSE of Port Blair, India",4.6,,,,earthquakes,2023.0,6.0
us6000kp19,2023-06-30 05:44:02.011000+00:00,Earthquake,Earthquake,26.9851,96.6035,"88 km NNW of Sarupathar, India",4.4,,,,earthquakes,2023.0,6.0
us6000kpzu,2023-07-04 07:25:32.260000+00:00,Earthquake,Earthquake,26.5274,96.3583,"57 km NW of Sarupathar, India",4.6,,,,earthquakes,2023.0,7.0
us6000kqna,2023-07-07 05:20:53.879000+00:00,Earthquake,Earthquake,31.536,78.3517,"53 km E of Sarahan, India",4.3,,,,earthquakes,2023.0,7.0
us7000kgk5,2023-07-10 00:01:47.570000+00:00,Earthquake,Earthquake,13.1442,93.2891,"171 km NNE of Bamboo Flat, India",4.2,,,,earthquakes,2023.0,7.0
us6000kr8m,2023-07-10 00:08:53.217000+00:00,Earthquake,Earthquake,33.2332,75.9099,"15 km SE of Kishtwar, India",4.9,,,,earthquakes,2023.0,7.0
us7000kgk7,2023-07-10 00:13:43.298000+00:00,Earthquake,Earthquake,33.2711,75.8514,"9 km ESE of Kishtwar, India",4.2,,,,earthquakes,2023.0,7.0
us7000kh27,2023-07-12 12:26:47.093000+00:00,Earthquake,Earthquake,25.0831,95.4345,"114 km SE of Phek, India",4.3,,,,earthquakes,2023.0,7.0
us7000kh4e,2023-07-13 05:02:32.249000+00:00,Earthquake,Earthquake,13.792,94.1092,"276 km NNE of Bamboo Flat, India",4.5,,,,earthquakes,2023.0,7.0
us7000kg5v,2023-07-16 14:23:32.031000+00:00,Earthquake,Earthquake,25.722,91.3559,"24 km NNE of Nongstoin, India",4.3,,,,earthquakes,2023.0,7.0
us7000kgdh,2023-07-17 16:37:23.404000+00:00,Earthquake,Earthquake,33.1046,76.0979,"38 km ENE of Bhadarwah, India",4.2,,,,earthquakes,2023.0,7.0
us7000kh99,2023-07-20 22:39:44.949000+00:00,Earthquake,Earthquake,26.8685,75.8906,"11 km ESE of Jaipur, India",4.3,,,,earthquakes,2023.0,7.0
us7000khhf,2023-07-21 20:05:46.184000+00:00,Earthquake,Earthquake,25.1642,95.008,"75 km SE of Phek, India",4.0,,,,earthquakes,2023.0,7.0
us6000kw0u,2023-07-27 22:13:55.178000+00:00,Earthquake,Earthquake,30.35,94.8318,"206 km NNE of Shi Yomi, India",5.0,,,,earthquakes,2023.0,7.0
us6000kxue,2023-07-27 22:16:52.885000+00:00,Earthquake,Earthquake,30.4008,94.4266,"207 km N of Shi Yomi, India",4.4,,,,earthquakes,2023.0,7.0
us6000kw25,2023-07-28 03:20:30.294000+00:00,Earthquake,Earthquake,30.2874,94.7327,"197 km N of Shi Yomi, India",4.6,,,,earthquakes,2023.0,7.0
us6000kwam,2023-07-28 19:23:46.487000+00:00,Earthquake,Earthquake,10.5368,93.5418,"152 km SE of Port Blair, India",5.9,,,,earthquakes,2023.0,7.0
us6000kwm4,2023-07-30 04:15:11.184000+00:00,Earthquake,Earthquake,30.3856,94.8507,"210 km NNE of Shi Yomi, India",4.9,,,,earthquakes,2023.0,7.0
us6000kwqs,2023-07-30 18:33:44.613000+00:00,Earthquake,Earthquake,30.3618,94.8769,"208 km NNE of Shi Yomi, India",4.8,,,,earthquakes,2023.0,7.0
us6000kzbd,2023-08-01 13:38:51.353000+00:00,Earthquake,Earthquake,9.2693,93.9045,"293 km SSE of Port Blair, India",4.5,,,,earthquakes,2023.0,8.0
us6000kzbn,2023-08-01 23:07:34.572000+00:00,Earthquake,Earthquake,9.5049,93.7127,"261 km SSE of Port Blair, India",4.3,,,,earthquakes,2023.0,8.0
us6000kx7b,2023-08-02 00:10:11.622000+00:00,Earthquake,Earthquake,9.3458,93.9282,"287 km SSE of Port Blair, India",5.3,,,,earthquakes,2023.0,8.0
us6000kx7s,2023-08-02 01:07:17.066000+00:00,Earthquake,Earthquake,9.5163,94.0695,"278 km SSE of Port Blair, India",5.2,,,,earthquakes,2023.0,8.0
us6000kzcf,2023-08-02 22:47:31.055000+00:00,Earthquake,Earthquake,8.4732,92.8663,"Nicobar Islands, India region",4.2,,,,earthquakes,2023.0,8.0
us6000kxif,2023-08-03 11:39:02.737000+00:00,Earthquake,Earthquake,9.0897,93.5963,"Nicobar Islands, India region",4.8,,,,earthquakes,2023.0,8.0
us6000ky2x,2023-08-05 09:09:25.957000+00:00,Earthquake,Earthquake,11.8507,92.0472,"74 km WNW of Bamboo Flat, India",4.8,,,,earthquakes,2023.0,8.0
us6000l036,2023-08-06 09:45:46.310000+00:00,Earthquake,Earthquake,9.1768,93.8337,"299 km SSE of Port Blair, India",4.4,,,,earthquakes,2023.0,8.0
us6000kye0,2023-08-07 07:23:21.808000+00:00,Earthquake,Earthquake,9.1915,93.7124,"293 km SSE of Port Blair, India",5.0,,,,earthquakes,2023.0,8.0
us7000knms,2023-08-07 07:26:45.464000+00:00,Earthquake,Earthquake,9.1429,93.6252,"295 km SSE of Port Blair, India",4.5,,,,earthquakes,2023.0,8.0
us6000kyqe,2023-08-08 19:29:05.114000+00:00,Earthquake,Earthquake,9.0073,93.9087,"Nicobar Islands, India region",4.5,,,,earthquakes,2023.0,8.0
us6000kywl,2023-08-09 17:44:20.929000+00:00,Earthquake,Earthquake,32.5435,78.602,"137 km NE of Sarahan, India",4.7,,,,earthquakes,2023.0,8.0
us7000kp1g,2023-08-10 18:13:36.311000+00:00,Earthquake,Earthquake,10.4485,93.4368,"154 km SSE of Port Blair, India",4.1,,,,earthquakes,2023.0,8.0
us6000kz58,2023-08-10 21:25:57.660000+00:00,Earthquake,Earthquake,9.5521,93.8372,"Nicobar Islands, India region",4.5,,,,earthquakes,2023.0,8.0
us7000kqfc,2023-08-14 10:33:27.596000+00:00,Earthquake,Earthquake,11.2401,91.8215,"110 km WSW of Bamboo Flat, India",4.6,,,,earthquakes,2023.0,8.0
us6000kzuh,2023-08-14 11:12:21.187000+00:00,Earthquake,Earthquake,9.254,93.9135,"295 km SSE of Port Blair, India",4.8,,,,earthquakes,2023.0,8.0
us6000kzvl,2023-08-14 14:49:48.667000+00:00,Earthquake,Earthquake,24.9796,92.2481,"16 km NW of Karimganj, India",5.3,,,,earthquakes,2023.0,8.0
us7000kp6n,2023-08-18 06:37:33.342000+00:00,Earthquake,Earthquake,9.5714,93.9359,"265 km SSE of Port Blair, India",4.7,,,,earthquakes,2023.0,8.0
us7000kp6j,2023-08-18 06:40:50.838000+00:00,Earthquake,Earthquake,9.0272,93.9337,"Nicobar Islands, India region",4.6,,,,earthquakes,2023.0,8.0
us7000kp6i,2023-08-18 07:32:38.219000+00:00,Earthquake,Earthquake,9.1561,93.9692,"Nicobar Islands, India region",4.7,,,,earthquakes,2023.0,8.0
us7000kpgp,2023-08-19 14:46:08.434000+00:00,Earthquake,Earthquake,30.3522,94.7507,"205 km N of Shi Yomi, India",5.0,,,,earthquakes,2023.0,8.0
us7000kpgy,2023-08-19 15:20:35.313000+00:00,Earthquake,Earthquake,26.3499,92.845,"31 km S of Tezpur, India",4.8,,,,earthquakes,2023.0,8.0
us7000kpiu,2023-08-19 23:06:55.832000+00:00,Earthquake,Earthquake,30.2806,94.9315,"201 km NNE of Shi Yomi, India",4.6,,,,earthquakes,2023.0,8.0
us7000kq64,2023-08-22 18:46:54.966000+00:00,Earthquake,Earthquake,30.3642,94.8494,"208 km NNE of Shi Yomi, India",4.9,,,,earthquakes,2023.0,8.0
us7000ks2g,2023-08-23 13:13:33.336000+00:00,Earthquake,Earthquake,9.0904,93.8083,"Nicobar Islands, India region",4.4,,,,earthquakes,2023.0,8.0
us7000ks2f,2023-08-23 13:24:21.524000+00:00,Earthquake,Earthquake,9.1639,93.8846,"Nicobar Islands, India region",4.2,,,,earthquakes,2023.0,8.0
us7000ksnc,2023-08-28 22:20:12.739000+00:00,Earthquake,Earthquake,11.1246,93.6704,"117 km ESE of Port Blair, India",4.3,,,,earthquakes,2023.0,8.0
us7000ktxm,2023-09-01 05:27:51.913000+00:00,Earthquake,Earthquake,9.4069,93.8627,"278 km SSE of Port Blair, India",4.2,,,,earthquakes,2023.0,9.0
us7000kt05,2023-09-03 09:59:03.213000+00:00,Earthquake,Earthquake,9.2199,93.8879,"298 km SSE of Port Blair, India",4.7,,,,earthquakes,2023.0,9.0
us7000kudj,2023-09-08 19:33:41.473000+00:00,Earthquake,Earthquake,30.3347,94.8244,"204 km NNE of Shi Yomi, India",4.8,,,,earthquakes,2023.0,9.0
us7000kuka,2023-09-09 10:18:30.146000+00:00,Earthquake,Earthquake,24.6464,92.7849,"19 km ENE of Lala, India",4.8,,,,earthquakes,2023.0,9.0
us7000kupj,2023-09-10 00:10:51.381000+00:00,Earthquake,Earthquake,30.4554,94.829,"217 km NNE of Shi Yomi, India",4.6,,,,earthquakes,2023.0,9.0
us7000kuqr,2023-09-10 04:01:10.909000+00:00,Earthquake,Earthquake,30.3231,94.7822,"202 km NNE of Shi Yomi, India",4.4,,,,earthquakes,2023.0,9.0
us7000kv42,2023-09-11 17:32:00.809000+00:00,Earthquake,Earthquake,24.3645,94.8511,"83 km ESE of Wangjing, India",5.0,,,,earthquakes,2023.0,9.0
us7000kw66,2023-09-16 11:23:56.315000+00:00,Earthquake,Earthquake,30.5044,94.8956,"224 km NNE of Shi Yomi, India",4.0,,,,earthquakes,2023.0,9.0
us7000kx4x,2023-09-17 06:37:58.353000+00:00,Earthquake,Earthquake,24.5796,94.7033,"64 km E of Wangjing, India",4.2,,,,earthquakes,2023.0,9.0
us6000lbpm,2023-09-25 04:07:55.232000+00:00,Earthquake,Earthquake,7.6226,88.5466,Bay of Bengal,4.4,,,,earthquakes,2023.0,9.0
us6000lcge,2023-09-27 23:46:44.280000+00:00,Earthquake,Earthquake,29.7208,94.6666,"135 km NNE of Shi Yomi, India",4.0,,,,earthquakes,2023.0,9.0
us6000lcjr,2023-09-28 07:28:10.958000+00:00,Earthquake,Earthquake,9.3063,94.1254,"Nicobar Islands, India region",4.3,,,,earthquakes,2023.0,9.0
us6000lc8t,2023-10-02 12:45:15.979000+00:00,Earthquake,Earthquake,25.9206,90.5798,"28 km S of Goalpara, India",4.9,,,,earthquakes,2023.0,10.0
us6000lc9d,2023-10-02 14:29:30.012000+00:00,Earthquake,Earthquake,26.0535,97.0376,"28 km SE of Sarupathar, India",4.4,,,,earthquakes,2023.0,10.0
us6000ldwk,2023-10-07 21:49:41.275000+00:00,Earthquake,Earthquake,9.2548,93.8582,"293 km SSE of Port Blair, India",4.6,,,,earthquakes,2023.0,10.0
us6000lev0,2023-10-07 23:57:26.766000+00:00,Earthquake,Earthquake,9.2935,93.8804,"290 km SSE of Port Blair, India",4.5,,,,earthquakes,2023.0,10.0
us6000lf3c,2023-10-08 00:03:03.557000+00:00,Earthquake,Earthquake,8.7033,94.2213,"Nicobar Islands, India region",4.4,,,,earthquakes,2023.0,10.0
us6000lf3b,2023-10-08 00:04:56.398000+00:00,Earthquake,Earthquake,8.5748,94.2956,"Nicobar Islands, India region",4.2,,,,earthquakes,2023.0,10.0
us6000lf3p,2023-10-08 08:10:48.987000+00:00,Earthquake,Earthquake,11.8926,92.3616,"44 km WNW of Bamboo Flat, India",4.4,,,,earthquakes,2023.0,10.0
us6000le17,2023-10-08 13:37:04.576000+00:00,Earthquake,Earthquake,31.7268,79.3465,"131 km N of Joshimath, India",4.5,,,,earthquakes,2023.0,10.0
us6000lflt,2023-10-14 21:53:08.277000+00:00,Earthquake,Earthquake,31.8115,79.3974,"140 km N of Joshimath, India",4.3,,,,earthquakes,2023.0,10.0
us6000lgxp,2023-10-16 23:13:31.567000+00:00,Earthquake,Earthquake,9.3696,94.0097,"289 km SSE of Port Blair, India",4.5,,,,earthquakes,2023.0,10.0
us6000lhic,2023-10-18 13:25:10.787000+00:00,Earthquake,Earthquake,9.4496,93.9888,"280 km SSE of Port Blair, India",4.4,,,,earthquakes,2023.0,10.0
us7000l66u,2023-10-20 00:20:08.653000+00:00,Earthquake,Earthquake,13.9893,92.8694,"253 km N of Bamboo Flat, India",4.4,,,,earthquakes,2023.0,10.0
us7000l6lg,2023-10-26 18:29:02.059000+00:00,Earthquake,Earthquake,26.7385,96.8669,"59 km N of Sarupathar, India",4.3,,,,earthquakes,2023.0,10.0
us7000l70z,2023-10-27 23:23:47.733000+00:00,Earthquake,Earthquake,26.2481,95.5087,"68 km E of Tuensang, India",4.8,,,,earthquakes,2023.0,10.0
us7000l76c,2023-10-28 11:09:16.291000+00:00,Earthquake,Earthquake,6.5874,88.2129,Bay of Bengal,4.7,,,,earthquakes,2023.0,10.0
us7000l828,2023-11-01 12:51:15.409000+00:00,Earthquake,Earthquake,10.9291,93.063,"88 km SSE of Port Blair, India",4.9,,,,earthquakes,2023.0,11.0
us7000l8qp,2023-11-03 19:39:09.153000+00:00,Earthquake,Earthquake,26.4186,96.6025,"31 km NW of Sarupathar, India",4.2,,,,earthquakes,2023.0,11.0
us7000l995,2023-11-07 00:02:12.657000+00:00,Earthquake,Earthquake,7.3119,91.6874,"Nicobar Islands, India region",4.6,,,,earthquakes,2023.0,11.0
us7000laqx,2023-11-08 23:21:32.691000+00:00,Earthquake,Earthquake,13.4736,92.909,"197 km N of Bamboo Flat, India",4.5,,,,earthquakes,2023.0,11.0
us6000lndi,2023-11-09 20:55:05.871000+00:00,Earthquake,Earthquake,9.4971,94.0862,"281 km SSE of Port Blair, India",4.4,,,,earthquakes,2023.0,11.0
us7000la3q,2023-11-10 15:49:15.815000+00:00,Earthquake,Earthquake,12.5428,91.7107,"143 km NW of Bamboo Flat, India",4.4,,,,earthquakes,2023.0,11.0
us6000lnub,2023-11-11 14:37:18.293000+00:00,Earthquake,Earthquake,9.3023,94.0048,"295 km SSE of Port Blair, India",4.4,,,,earthquakes,2023.0,11.0
us6000lnrg,2023-11-16 04:04:18.591000+00:00,Earthquake,Earthquake,33.0154,76.2091,"46 km E of Bhadarwah, India",4.2,,,,earthquakes,2023.0,11.0
us6000lqbm,2023-11-19 13:06:41.083000+00:00,Earthquake,Earthquake,9.4841,93.8259,"268 km SSE of Port Blair, India",4.3,,,,earthquakes,2023.0,11.0
us6000lpkj,2023-11-20 08:17:56.844000+00:00,Earthquake,Earthquake,27.257,96.995,"100 km SSE of Hayuliang, India",4.7,,,,earthquakes,2023.0,11.0
us6000lpnk,2023-11-20 20:01:32.421000+00:00,Earthquake,Earthquake,9.1066,93.993,"Nicobar Islands, India region",4.3,,,,earthquakes,2023.0,11.0
us7000lewb,2023-11-26 18:16:26.401000+00:00,Earthquake,Earthquake,12.6444,95.2808,"296 km ENE of Port Blair, India",4.3,,,,earthquakes,2023.0,11.0
us6000lqwy,2023-11-26 19:24:22.473000+00:00,Earthquake,Earthquake,12.6576,95.2787,"296 km ENE of Port Blair, India",4.5,,,,earthquakes,2023.0,11.0
us7000leay,2023-11-28 12:11:50.049000+00:00,Earthquake,Earthquake,25.1849,95.4219,"107 km ESE of Phek, India",4.6,,,,earthquakes,2023.0,11.0
us7000lg65,2023-11-29 01:41:52.476000+00:00,Earthquake,Earthquake,24.4108,94.4578,"44 km ESE of Wangjing, India",4.2,,,,earthquakes,2023.0,11.0
us7000lei7,2023-11-29 08:12:24.794000+00:00,Earthquake,Earthquake,12.1737,95.2346,"276 km ENE of Port Blair, India",4.8,,,,earthquakes,2023.0,11.0
us7000les7,2023-11-30 13:42:32.361000+00:00,Earthquake,Earthquake,25.0005,95.5436,"128 km SE of Phek, India",4.6,,,,earthquakes,2023.0,11.0
us7000lg75,2023-12-04 19:04:15.283000+00:00,Earthquake,Earthquake,27.8117,87.8388,"71 km NW of Gyalshing, India",4.4,,,,earthquakes,2023.0,12.0
us7000lgf0,2023-12-05 14:45:03.410000+00:00,Earthquake,Earthquake,9.3573,93.9828,"289 km SSE of Port Blair, India",4.8,,,,earthquakes,2023.0,12.0
us7000lh84,2023-12-08 03:16:57.576000+00:00,Earthquake,Earthquake,25.2901,91.786,"9 km E of Cherrapunji, India",4.2,,,,earthquakes,2023.0,12.0
us7000lk32,2023-12-13 16:22:04.474000+00:00,Earthquake,Earthquake,8.2884,91.1737,"Nicobar Islands, India region",4.2,,,,earthquakes,2023.0,12.0
us7000ljty,2023-12-18 10:18:52.984000+00:00,Earthquake,Earthquake,33.1836,76.8401,"31 km S of Padam, India",5.1,,,,earthquakes,2023.0,12.0
us6000m14v,2023-12-18 10:27:11.437000+00:00,Earthquake,Earthquake,33.1492,76.6507,"41 km SSW of Padam, India",4.3,,,,earthquakes,2023.0,12.0
us7000lju0,2023-12-18 10:31:29.554000+00:00,Earthquake,Earthquake,33.1609,76.6962,"38 km SSW of Padam, India",4.8,,,,earthquakes,2023.0,12.0
us7000llf2,2023-12-25 23:03:56.507000+00:00,Earthquake,Earthquake,34.7111,76.7782,"24 km S of Thang, India",4.6,,,,earthquakes,2023.0,12.0
us6000m11n,2024-01-01 21:45:52.330000+00:00,Earthquake,Earthquake,26.0489,95.4358,"65 km ESE of Tuensang, India",4.5,,,,earthquakes,2024.0,1.0
us6000m1i0,2024-01-03 19:08:16.618000+00:00,Earthquake,Earthquake,33.2551,76.7872,"25 km SSW of Padam, India",4.5,,,,earthquakes,2024.0,1.0
us6000m2f9,2024-01-08 05:05:30.301000+00:00,Earthquake,Earthquake,11.7568,92.6708,"8 km NW of Bamboo Flat, India",4.6,,,,earthquakes,2024.0,1.0
us6000m2ux,2024-01-10 02:23:44.173000+00:00,Earthquake,Earthquake,11.7494,93.2401,"54 km E of Port Blair, India",4.5,,,,earthquakes,2024.0,1.0
us6000m3lx,2024-01-14 13:21:40.369000+00:00,Earthquake,Earthquake,24.2812,94.5378,"58 km SE of Wangjing, India",4.0,,,,earthquakes,2024.0,1.0
us7000lsyb,2024-01-15 13:42:34.566000+00:00,Earthquake,Earthquake,25.6032,93.2892,"20 km SE of Lumding Railway Colony, India",4.1,,,,earthquakes,2024.0,1.0
us6000m3vl,2024-01-16 03:23:53.611000+00:00,Earthquake,Earthquake,33.1245,76.7306,"40 km SSW of Padam, India",4.1,,,,earthquakes,2024.0,1.0
us6000m4mj,2024-01-19 08:19:50.553000+00:00,Earthquake,Earthquake,9.4803,93.8839,"271 km SSE of Port Blair, India",4.7,,,,earthquakes,2024.0,1.0
us6000m4nk,2024-01-19 13:40:10.115000+00:00,Earthquake,Earthquake,9.7925,93.8927,"242 km SSE of Port Blair, India",4.3,,,,earthquakes,2024.0,1.0
us6000m4vw,2024-01-20 01:36:11.203000+00:00,Earthquake,Earthquake,9.4409,94.0987,"287 km SSE of Port Blair, India",5.0,,,,earthquakes,2024.0,1.0
us7000lu0k,2024-01-21 00:22:24.977000+00:00,Earthquake,Earthquake,8.793,94.0472,"Nicobar Islands, India region",4.4,,,,earthquakes,2024.0,1.0
us7000lu0l,2024-01-21 04:06:23.723000+00:00,Earthquake,Earthquake,9.3399,93.9475,"288 km SSE of Port Blair, India",4.5,,,,earthquakes,2024.0,1.0
us7000lu32,2024-01-22 20:07:23.967000+00:00,Earthquake,Earthquake,9.322,93.9969,"293 km SSE of Port Blair, India",4.4,,,,earthquakes,2024.0,1.0
us7000lu4g,2024-01-23 05:12:00.608000+00:00,Earthquake,Earthquake,9.2344,93.901,"297 km SSE of Port Blair, India",4.3,,,,earthquakes,2024.0,1.0
us7000lu4w,2024-01-23 13:07:54.804000+00:00,Earthquake,Earthquake,9.5148,93.9579,"272 km SSE of Port Blair, India",4.5,,,,earthquakes,2024.0,1.0
us7000lu4x,2024-01-23 13:21:45.341000+00:00,Earthquake,Earthquake,9.4331,93.989,"281 km SSE of Port Blair, India",4.6,,,,earthquakes,2024.0,1.0
us7000ltu7,2024-01-25 21:58:08.234000+00:00,Earthquake,Earthquake,22.1702,93.1736,"40 km SSE of Saiha, India",4.4,,,,earthquakes,2024.0,1.0
us7000lwaw,2024-01-28 11:52:30.667000+00:00,Earthquake,Earthquake,9.1856,93.8962,"Nicobar Islands, India region",4.3,,,,earthquakes,2024.0,1.0
us7000lxjp,2024-02-02 05:56:41.722000+00:00,Earthquake,Earthquake,6.6914,92.5268,"Nicobar Islands, India region",4.6,,,,earthquakes,2024.0,2.0
us7000lwi2,2024-02-02 19:27:58.362000+00:00,Earthquake,Earthquake,24.3685,94.6019,"59 km ESE of Wangjing, India",4.5,,,,earthquakes,2024.0,2.0
us7000lwzl,2024-02-04 22:43:12.502000+00:00,Earthquake,Earthquake,12.0638,93.6037,"103 km ENE of Port Blair, India",4.7,,,,earthquakes,2024.0,2.0
us7000lz6j,2024-02-09 06:51:55.718000+00:00,Earthquake,Earthquake,24.6542,94.86,"80 km E of Wangjing, India",4.0,,,,earthquakes,2024.0,2.0
us7000m09y,2024-02-20 01:05:59.441000+00:00,Earthquake,Earthquake,33.1565,76.8759,"34 km S of Padam, India",4.3,,,,earthquakes,2024.0,2.0
us7000m0vv,2024-02-22 17:05:55.410000+00:00,Earthquake,Earthquake,33.1787,76.8103,"32 km SSW of Padam, India",4.3,,,,earthquakes,2024.0,2.0
us7000m45t,2024-03-04 03:50:17.216000+00:00,Earthquake,Earthquake,10.6366,91.3969,"186 km SW of Bamboo Flat, India",4.0,,,,earthquakes,2024.0,3.0
us7000m42z,2024-03-08 07:37:33.068000+00:00,Earthquake,Earthquake,10.504,93.8051,"172 km SE of Port Blair, India",4.4,,,,earthquakes,2024.0,3.0
us6000mj44,2024-03-11 17:07:19.912000+00:00,Earthquake,Earthquake,9.5188,93.5747,"254 km SSE of Port Blair, India",4.4,,,,earthquakes,2024.0,3.0
us7000m4tz,2024-03-12 08:57:52.678000+00:00,Earthquake,Earthquake,25.7414,90.2866,"26 km NNE of Tura, India",4.4,,,,earthquakes,2024.0,3.0
us6000mjm1,2024-03-12 18:02:09.118000+00:00,Earthquake,Earthquake,11.2654,94.7931,"227 km ESE of Port Blair, India",4.2,,,,earthquakes,2024.0,3.0
us6000misc,2024-03-14 06:13:01.910000+00:00,Earthquake,Earthquake,11.2699,95.1326,"264 km E of Port Blair, India",4.8,,,,earthquakes,2024.0,3.0
us6000mk21,2024-03-15 19:26:08.490000+00:00,Earthquake,Earthquake,13.7525,92.896,"227 km N of Bamboo Flat, India",4.4,,,,earthquakes,2024.0,3.0
us6000mk51,2024-03-21 00:38:31.223000+00:00,Earthquake,Earthquake,19.4899,77.2545,"20 km NNE of Basmat, India",4.6,,,,earthquakes,2024.0,3.0
us7000ma7x,2024-03-31 07:56:33.664000+00:00,Earthquake,Earthquake,28.6316,95.9137,"82 km NNW of Tezu, India",4.5,,,,earthquakes,2024.0,3.0
us7000m9w5,2024-04-04 16:04:32.601000+00:00,Earthquake,Earthquake,33.1698,76.816,"33 km S of Padam, India",5.0,,,,earthquakes,2024.0,4.0
us7000mbq5,2024-04-05 11:50:44.688000+00:00,Earthquake,Earthquake,33.2454,76.9224,"24 km S of Padam, India",4.2,,,,earthquakes,2024.0,4.0
us7000ma59,2024-04-05 12:45:38.655000+00:00,Earthquake,Earthquake,26.4924,96.9139,"33 km NNE of Sarupathar, India",5.7,,,,earthquakes,2024.0,4.0
us7000maf3,2024-04-06 09:23:21.002000+00:00,Earthquake,Earthquake,33.1643,76.8223,"34 km S of Padam, India",4.4,,,,earthquakes,2024.0,4.0
us7000mcfx,2024-04-07 10:38:07.914000+00:00,Earthquake,Earthquake,9.1927,94.0283,"Nicobar Islands, India region",4.4,,,,earthquakes,2024.0,4.0
us7000mcn5,2024-04-08 01:20:12.604000+00:00,Earthquake,Earthquake,10.7532,91.5769,"162 km SW of Bamboo Flat, India",4.2,,,,earthquakes,2024.0,4.0
us7000mcym,2024-04-10 18:45:49.997000+00:00,Earthquake,Earthquake,10.0467,72.9404,"66 km SSE of Kavaratti, India",4.6,,,,earthquakes,2024.0,4.0
us7000mcjj,2024-04-16 23:01:24.137000+00:00,Earthquake,Earthquake,11.3815,92.9599,"39 km SE of Port Blair, India",5.0,,,,earthquakes,2024.0,4.0
us7000mcxf,2024-04-18 15:22:37.399000+00:00,Earthquake,Earthquake,33.1489,76.8257,"35 km S of Padam, India",4.3,,,,earthquakes,2024.0,4.0
us6000mts6,2024-04-18 21:33:57.064000+00:00,Earthquake,Earthquake,10.5366,92.3326,"132 km SSW of Port Blair, India",4.4,,,,earthquakes,2024.0,4.0
us6000mwzs,2024-04-29 13:55:48.298000+00:00,Earthquake,Earthquake,28.1382,92.6067,"91 km NE of Tawang, India",4.0,,,,earthquakes,2024.0,4.0
us6000mx9p,2024-05-01 15:21:40.576000+00:00,Earthquake,Earthquake,26.4249,96.4223,"45 km WNW of Sarupathar, India",4.3,,,,earthquakes,2024.0,5.0
us6000myil,2024-05-07 00:17:49.295000+00:00,Earthquake,Earthquake,13.2783,92.7568,"174 km N of Bamboo Flat, India",4.3,,,,earthquakes,2024.0,5.0
us6000mwva,2024-05-07 01:40:29.325000+00:00,Earthquake,Earthquake,24.3778,94.8016,"78 km ESE of Wangjing, India",4.4,,,,earthquakes,2024.0,5.0
us7000mq2i,2024-05-27 15:26:45.212000+00:00,Earthquake,Earthquake,6.3587,70.4316,"293 km W of Kulhudhuffushi, Maldives",4.6,,,,earthquakes,2024.0,5.0
us7000mqqy,2024-05-31 02:20:09.465000+00:00,Earthquake,Earthquake,25.7318,91.0047,"35 km NW of Nongstoin, India",4.1,,,,earthquakes,2024.0,5.0
us7000mr80,2024-06-08 18:17:19.165000+00:00,Earthquake,Earthquake,27.8429,75.3219,"4 km ESE of Nawalgarh, India",4.0,,,,earthquakes,2024.0,6.0
us7000mrac,2024-06-09 04:35:09.641000+00:00,Earthquake,Earthquake,27.4645,93.088,"66 km NW of Itanagar, India",4.3,,,,earthquakes,2024.0,6.0
us7000mrgb,2024-06-10 10:10:36.968000+00:00,Earthquake,Earthquake,7.3748,92.0633,"Nicobar Islands, India region",4.7,,,,earthquakes,2024.0,6.0
us6000n9w7,2024-06-25 02:39:50.640000+00:00,Earthquake,Earthquake,10.0181,93.737,"212 km SSE of Port Blair, India",4.3,,,,earthquakes,2024.0,6.0
us6000n874,2024-06-26 00:56:22.555000+00:00,Earthquake,Earthquake,10.2337,93.8875,"196 km SE of Port Blair, India",4.5,,,,earthquakes,2024.0,6.0
us6000n877,2024-06-26 01:24:13.616000+00:00,Earthquake,Earthquake,8.0633,90.4103,"Nicobar Islands, India region",5.6,,,,earthquakes,2024.0,6.0
us6000n89d,2024-06-26 13:39:33.305000+00:00,Earthquake,Earthquake,24.3949,93.8041,"11 km SSE of Moirang, India",4.6,,,,earthquakes,2024.0,6.0
us6000n8zg,2024-06-28 17:16:45.100000+00:00,Earthquake,Earthquake,10.1256,93.6765,"198 km SSE of Port Blair, India",5.0,,,,earthquakes,2024.0,6.0
us7000mx9u,2024-06-30 07:10:58.147000+00:00,Earthquake,Earthquake,10.2616,93.7841,"192 km SE of Port Blair, India",4.4,,,,earthquakes,2024.0,6.0
us7000mx4s,2024-07-04 21:12:27.022000+00:00,Earthquake,Earthquake,24.3726,92.6936,"16 km N of Kolasib, India",4.4,,,,earthquakes,2024.0,7.0
us7000mxba,2024-07-05 17:14:36.604000+00:00,Earthquake,Earthquake,24.997,95.2533,"106 km SE of Phek, India",4.4,,,,earthquakes,2024.0,7.0
us7000my69,2024-07-10 01:44:52.060000+00:00,Earthquake,Earthquake,19.4402,77.2915,"18 km NE of Basmat, India",4.4,,,,earthquakes,2024.0,7.0
us7000mysm,2024-07-12 06:56:22.699000+00:00,Earthquake,Earthquake,34.1455,74.3501,"7 km S of Baramula, India",4.4,,,,earthquakes,2024.0,7.0
us7000n0gq,2024-07-20 12:04:59.754000+00:00,Earthquake,Earthquake,33.456,76.6373,"23 km W of Padam, India",4.1,,,,earthquakes,2024.0,7.0
us6000njna,2024-07-27 15:24:26.026000+00:00,Earthquake,Earthquake,9.1069,92.742,"283 km S of Port Blair, India",4.4,,,,earthquakes,2024.0,7.0
us7000n76l,2024-07-30 01:33:35.216000+00:00,Earthquake,Earthquake,13.2054,93.5461,"189 km NNE of Bamboo Flat, India",4.5,,,,earthquakes,2024.0,7.0
us6000nj06,2024-08-09 01:27:10.980000+00:00,Earthquake,Earthquake,27.1586,88.1937,"5 km NW of Naya Bazar, India",4.5,,,,earthquakes,2024.0,8.0
us7000n729,2024-08-14 23:06:45.518000+00:00,Earthquake,Earthquake,25.1793,94.6614,"56 km SSE of Phek, India",4.2,,,,earthquakes,2024.0,8.0
us7000n823,2024-08-20 01:15:55.090000+00:00,Earthquake,Earthquake,34.1613,74.2677,"8 km SW of Baramula, India",5.1,,,,earthquakes,2024.0,8.0
us7000n826,2024-08-20 01:22:26.354000+00:00,Earthquake,Earthquake,34.1873,74.2881,"5 km WSW of Baramula, India",4.5,,,,earthquakes,2024.0,8.0
us7000ndja,2024-08-21 13:16:15.518000+00:00,Earthquake,Earthquake,11.3998,93.7376,"112 km ESE of Port Blair, India",4.3,,,,earthquakes,2024.0,8.0
us7000ndjh,2024-08-21 16:45:24.944000+00:00,Earthquake,Earthquake,13.3206,93.1216,"184 km NNE of Bamboo Flat, India",4.5,,,,earthquakes,2024.0,8.0
us7000n9ak,2024-08-25 09:21:25.503000+00:00,Earthquake,Earthquake,10.2045,93.8221,"199 km SE of Port Blair, India",4.7,,,,earthquakes,2024.0,8.0
us6000nn5y,2024-08-28 03:55:42.946000+00:00,Earthquake,Earthquake,8.7146,93.8405,"Nicobar Islands, India region",4.6,,,,earthquakes,2024.0,8.0
us6000nnzf,2024-09-01 03:42:49.557000+00:00,Earthquake,Earthquake,8.1965,91.7229,"Nicobar Islands, India region",5.2,,,,earthquakes,2024.0,9.0
us7000ndh5,2024-09-13 09:22:52.460000+00:00,Earthquake,Earthquake,11.6903,95.0031,"246 km E of Port Blair, India",4.7,,,,earthquakes,2024.0,9.0
us6000nytj,2024-09-13 13:55:31.930000+00:00,Earthquake,Earthquake,11.7376,95.1008,"256 km E of Port Blair, India",4.2,,,,earthquakes,2024.0,9.0
us7000nds7,2024-09-14 10:56:45.207000+00:00,Earthquake,Earthquake,6.185,92.1763,"Nicobar Islands, India region",4.9,,,,earthquakes,2024.0,9.0
us6000nt2g,2024-09-17 04:22:57.909000+00:00,Earthquake,Earthquake,8.8806,90.5829,"Nicobar Islands, India region",4.6,,,,earthquakes,2024.0,9.0
us6000nt2t,2024-09-17 20:02:04.835000+00:00,Earthquake,Earthquake,12.3234,92.4484,"74 km NNW of Bamboo Flat, India",4.3,,,,earthquakes,2024.0,9.0
us6000nszv,2024-09-19 05:20:57.102000+00:00,Earthquake,Earthquake,10.461,91.6084,"182 km SW of Port Blair, India",5.2,,,,earthquakes,2024.0,9.0
us6000nti2,2024-09-21 16:41:36.445000+00:00,Earthquake,Earthquake,10.5828,91.6213,"171 km SW of Port Blair, India",4.9,,,,earthquakes,2024.0,9.0
us6000ntin,2024-09-21 18:42:21.342000+00:00,Earthquake,Earthquake,10.4981,91.6346,"177 km SW of Port Blair, India",4.3,,,,earthquakes,2024.0,9.0
us7000ngu7,2024-09-23 02:50:11.148000+00:00,Earthquake,Earthquake,10.6333,91.5652,"172 km SW of Port Blair, India",4.6,,,,earthquakes,2024.0,9.0
us7000nguk,2024-09-23 19:03:59.562000+00:00,Earthquake,Earthquake,20.7407,89.4934,"173 km SSE of Gosaba, India",4.2,,,,earthquakes,2024.0,9.0
us6000nu1i,2024-09-24 09:24:24.060000+00:00,Earthquake,Earthquake,12.6154,93.5592,"136 km NE of Bamboo Flat, India",4.6,,,,earthquakes,2024.0,9.0
us7000ngj5,2024-09-26 11:00:47.109000+00:00,Earthquake,Earthquake,25.9261,92.5119,"34 km S of Raha, India",4.3,,,,earthquakes,2024.0,9.0
us6000p02u,2024-09-29 08:39:06.984000+00:00,Earthquake,Earthquake,10.1076,92.9732,"174 km S of Port Blair, India",4.3,,,,earthquakes,2024.0,9.0
us7000nmel,2024-09-30 08:06:58.239000+00:00,Earthquake,Earthquake,21.343,77.2016,"22 km NNW of Anjangaon, India",4.4,,,,earthquakes,2024.0,9.0
us7000nmfx,2024-10-01 19:05:28.054000+00:00,Earthquake,Earthquake,11.348,93.901,"130 km ESE of Port Blair, India",4.1,,,,earthquakes,2024.0,10.0
us7000nmmz,2024-10-02 09:12:03.300000+00:00,Earthquake,Earthquake,24.4783,94.5004,"45 km ESE of Wangjing, India",4.4,,,,earthquakes,2024.0,10.0
us7000nn60,2024-10-07 03:12:19.394000+00:00,Earthquake,Earthquake,9.257,93.9723,"298 km SSE of Port Blair, India",4.2,,,,earthquakes,2024.0,10.0
us6000nxqc,2024-10-10 01:10:38.951000+00:00,Earthquake,Earthquake,12.2283,93.8736,"137 km ENE of Port Blair, India",4.2,,,,earthquakes,2024.0,10.0
us6000nyde,2024-10-13 02:17:29.478000+00:00,Earthquake,Earthquake,26.7107,92.2692,"17 km ESE of Udalguri, India",4.4,,,,earthquakes,2024.0,10.0
us7000nqmm,2024-10-20 10:00:01.194000+00:00,Earthquake,Earthquake,13.8634,92.8425,"239 km N of Bamboo Flat, India",4.7,,,,earthquakes,2024.0,10.0
us7000nnml,2024-10-28 13:08:36.561000+00:00,Earthquake,Earthquake,27.8841,94.0163,"36 km NNE of Ziro, India",4.7,,,,earthquakes,2024.0,10.0
us7000ns0n,2024-10-29 03:52:27.771000+00:00,Earthquake,Earthquake,11.1211,88.4428,Bay of Bengal,4.3,,,,earthquakes,2024.0,10.0
us7000np67,2024-10-31 12:05:18.580000+00:00,Earthquake,Earthquake,11.0836,93.7859,"130 km ESE of Port Blair, India",4.2,,,,earthquakes,2024.0,10.0
us7000nrbv,2024-11-12 08:30:35.294000+00:00,Earthquake,Earthquake,27.4254,88.33,"16 km NNE of Gyalshing, India",4.4,,,,earthquakes,2024.0,11.0
us7000nus8,2024-11-12 10:42:41.806000+00:00,Earthquake,Earthquake,10.4607,92.691,"133 km S of Port Blair, India",4.4,,,,earthquakes,2024.0,11.0
us7000nuy3,2024-11-14 09:37:05.117000+00:00,Earthquake,Earthquake,11.9804,92.8301,"33 km NNE of Bamboo Flat, India",4.6,,,,earthquakes,2024.0,11.0
us7000nsad,2024-11-15 16:45:36.582000+00:00,Earthquake,Earthquake,23.6308,72.0385,"11 km SW of Chanasma, India",4.1,,,,earthquakes,2024.0,11.0
us7000nsb1,2024-11-17 19:00:06.698000+00:00,Earthquake,Earthquake,35.9951,77.0783,"121 km NNE of Thang, India",4.2,,,,earthquakes,2024.0,11.0
us7000nvux,2024-11-18 06:27:31.689000+00:00,Earthquake,Earthquake,26.3299,96.0,"82 km W of Sarupathar, India",4.0,,,,earthquakes,2024.0,11.0
us7000nw5n,2024-11-20 04:21:33.100000+00:00,Earthquake,Earthquake,12.4768,93.1336,"97 km NNE of Bamboo Flat, India",4.7,,,,earthquakes,2024.0,11.0
us6000p7ad,2024-11-23 17:35:06.040000+00:00,Earthquake,Earthquake,25.0441,92.7769,"24 km N of Silchar, India",4.2,,,,earthquakes,2024.0,11.0
us7000nuhz,2024-11-27 12:50:07.302000+00:00,Earthquake,Earthquake,24.6737,93.5219,"32 km NW of Moirang, India",4.3,,,,earthquakes,2024.0,11.0
us7000numd,2024-11-28 01:52:59.710000+00:00,Earthquake,Earthquake,25.3723,94.8209,"45 km SE of Phek, India",4.3,,,,earthquakes,2024.0,11.0
us7000nvs3,2024-12-04 01:56:58.775000+00:00,Earthquake,Earthquake,18.4471,80.3296,"49 km NE of Mulugu, India",5.0,,,,earthquakes,2024.0,12.0
us7000nztg,2024-12-05 04:30:48.822000+00:00,Earthquake,Earthquake,11.1885,93.2077,"72 km SE of Port Blair, India",4.3,,,,earthquakes,2024.0,12.0
us7000nzth,2024-12-05 07:58:38.172000+00:00,Earthquake,Earthquake,12.3831,92.1816,"95 km NW of Bamboo Flat, India",4.4,,,,earthquakes,2024.0,12.0
us7000nwwm,2024-12-07 17:08:36.129000+00:00,Earthquake,Earthquake,30.2844,80.3295,"51 km NNW of Dharchula, India",4.0,,,,earthquakes,2024.0,12.0
us7000nwya,2024-12-07 22:07:48.222000+00:00,Earthquake,Earthquake,29.4107,94.8752,"109 km NNE of Shi Yomi, India",4.5,,,,earthquakes,2024.0,12.0
us6000ph1n,2024-12-11 00:38:28.651000+00:00,Earthquake,Earthquake,12.2024,92.228,"76 km NW of Bamboo Flat, India",4.4,,,,earthquakes,2024.0,12.0
us7000nyrk,2024-12-14 01:05:29.137000+00:00,Earthquake,Earthquake,25.9364,96.5936,"36 km SW of Sarupathar, India",4.4,,,,earthquakes,2024.0,12.0
us7000nz9t,2024-12-16 14:10:33.722000+00:00,Earthquake,Earthquake,25.6193,90.5843,"40 km ENE of Tura, India",4.3,,,,earthquakes,2024.0,12.0
us7000nzs7,2024-12-18 10:53:06.485000+00:00,Earthquake,Earthquake,34.2703,78.7475,"107 km E of Leh, India",4.4,,,,earthquakes,2024.0,12.0
us7000p0cq,2024-12-20 15:42:43.959000+00:00,Earthquake,Earthquake,10.8051,95.5221,"Andaman Islands, India region",4.5,,,,earthquakes,2024.0,12.0
us7000p0t5,2024-12-22 22:37:37.577000+00:00,Earthquake,Earthquake,29.1852,95.1793,"107 km NE of Shi Yomi, India",4.0,,,,earthquakes,2024.0,12.0
us6000pfxt,2024-12-27 15:37:04.335000+00:00,Earthquake,Earthquake,34.5055,74.1714,"36 km NNW of Baramula, India",4.3,,,,earthquakes,2024.0,12.0
us6000piwc,2024-12-28 06:05:48.771000+00:00,Earthquake,Earthquake,28.2962,87.0514,Southern Tibetan Plateau,4.2,,,,earthquakes,2024.0,12.0
us6000piwf,2024-12-28 07:02:12.064000+00:00,Earthquake,Earthquake,28.3716,86.7157,Southern Tibetan Plateau,4.0,,,,earthquakes,2024.0,12.0
us6000ph03,2025-01-02 04:25:53.887000+00:00,Earthquake,Earthquake,8.4787,93.6311,"Nicobar Islands, India region",4.4,,,,earthquakes,2025.0,1.0
us6000phdf,2025-01-03 04:32:38.138000+00:00,Earthquake,Earthquake,24.9577,95.5118,"128 km SE of Phek, India",5.0,,,,earthquakes,2025.0,1.0
us6000pkn9,2025-01-06 07:34:21.777000+00:00,Earthquake,Earthquake,26.7009,96.9229,"55 km NNE of Sarupathar, India",4.5,,,,earthquakes,2025.0,1.0
us6000pi67,2025-01-06 15:26:46.849000+00:00,Earthquake,Earthquake,33.4298,87.0306,Tibetan Plateau,5.2,,,,earthquakes,2025.0,1.0
us6000pi9m,2025-01-07 00:11:50.965000+00:00,Earthquake,Earthquake,28.9374,87.2187,Southern Tibetan Plateau,4.2,,,,earthquakes,2025.0,1.0
us6000pi9w,2025-01-07 01:05:16.734000+00:00,Earthquake,Earthquake,28.6036,87.3781,2025 Southern Tibetan Plateau Earthquake,7.1,,,,earthquakes,2025.0,1.0
us6000pia7,2025-01-07 01:13:27.197000+00:00,Earthquake,Earthquake,28.4421,87.4659,Southern Tibetan Plateau,5.2,,,,earthquakes,2025.0,1.0
us6000piak,2025-01-07 01:24:25.911000+00:00,Earthquake,Earthquake,28.4845,87.4575,Southern Tibetan Plateau,5.0,,,,earthquakes,2025.0,1.0
us6000piap,2025-01-07 01:31:59.676000+00:00,Earthquake,Earthquake,28.8053,87.608,Southern Tibetan Plateau,4.9,,,,earthquakes,2025.0,1.0
us6000piar,2025-01-07 01:37:13.647000+00:00,Earthquake,Earthquake,28.7969,87.2321,Southern Tibetan Plateau,5.0,,,,earthquakes,2025.0,1.0
us6000piav,2025-01-07 01:43:49.062000+00:00,Earthquake,Earthquake,28.3885,87.2633,Southern Tibetan Plateau,4.9,,,,earthquakes,2025.0,1.0
us6000pib7,2025-01-07 01:59:48.239000+00:00,Earthquake,Earthquake,28.779,87.3465,Southern Tibetan Plateau,4.6,,,,earthquakes,2025.0,1.0
us6000piba,2025-01-07 02:14:28.496000+00:00,Earthquake,Earthquake,33.4365,87.154,Tibetan Plateau,4.9,,,,earthquakes,2025.0,1.0
us6000pibd,2025-01-07 02:22:44.323000+00:00,Earthquake,Earthquake,28.6661,87.2813,Southern Tibetan Plateau,4.3,,,,earthquakes,2025.0,1.0
us6000pibj,2025-01-07 02:34:51.074000+00:00,Earthquake,Earthquake,28.5677,87.3881,Southern Tibetan Plateau,4.4,,,,earthquakes,2025.0,1.0
us6000pibs,2025-01-07 03:19:33.899000+00:00,Earthquake,Earthquake,28.7212,87.2266,Southern Tibetan Plateau,4.3,,,,earthquakes,2025.0,1.0
us6000pibw,2025-01-07 03:27:31.787000+00:00,Earthquake,Earthquake,29.0441,87.3622,Southern Tibetan Plateau,4.4,,,,earthquakes,2025.0,1.0
us6000pic1,2025-01-07 03:41:11.608000+00:00,Earthquake,Earthquake,28.908,87.4268,Southern Tibetan Plateau,4.4,,,,earthquakes,2025.0,1.0
us6000pic2,2025-01-07 03:45:54.911000+00:00,Earthquake,Earthquake,28.6558,87.3207,Southern Tibetan Plateau,4.5,,,,earthquakes,2025.0,1.0
us6000pkq3,2025-01-07 03:52:43.923000+00:00,Earthquake,Earthquake,28.9296,87.5006,Southern Tibetan Plateau,4.2,,,,earthquakes,2025.0,1.0
us6000pkq2,2025-01-07 03:57:59.624000+00:00,Earthquake,Earthquake,28.6419,87.2925,Southern Tibetan Plateau,4.2,,,,earthquakes,2025.0,1.0
us6000pkq6,2025-01-07 04:34:18.602000+00:00,Earthquake,Earthquake,28.7006,87.3172,Southern Tibetan Plateau,4.0,,,,earthquakes,2025.0,1.0
us6000pkqb,2025-01-07 04:58:52.838000+00:00,Earthquake,Earthquake,28.635,87.1452,Southern Tibetan Plateau,4.1,,,,earthquakes,2025.0,1.0
us6000pkqa,2025-01-07 04:59:31.942000+00:00,Earthquake,Earthquake,28.1957,87.1543,Southern Tibetan Plateau,4.1,,,,earthquakes,2025.0,1.0
us6000pick,2025-01-07 05:57:16.316000+00:00,Earthquake,Earthquake,28.8918,87.5814,Southern Tibetan Plateau,4.6,,,,earthquakes,2025.0,1.0
us6000pid2,2025-01-07 07:54:10.361000+00:00,Earthquake,Earthquake,28.5853,87.4505,Southern Tibetan Plateau,4.4,,,,earthquakes,2025.0,1.0
us6000piev,2025-01-07 12:22:15.965000+00:00,Earthquake,Earthquake,28.2839,87.2233,Southern Tibetan Plateau,4.2,,,,earthquakes,2025.0,1.0
us6000piey,2025-01-07 13:07:39.770000+00:00,Earthquake,Earthquake,28.7491,87.5188,Southern Tibetan Plateau,4.1,,,,earthquakes,2025.0,1.0
us6000pif0,2025-01-07 13:29:35.125000+00:00,Earthquake,Earthquake,28.5993,87.2148,Southern Tibetan Plateau ,4.6,,,,earthquakes,2025.0,1.0
us6000pif3,2025-01-07 14:04:11.394000+00:00,Earthquake,Earthquake,28.5578,87.335,Southern Tibetan Plateau,4.3,,,,earthquakes,2025.0,1.0
us6000pkrg,2025-01-07 17:36:01.453000+00:00,Earthquake,Earthquake,28.6137,87.2674,Southern Tibetan Plateau,4.3,,,,earthquakes,2025.0,1.0
us6000pigg,2025-01-07 19:52:52.207000+00:00,Earthquake,Earthquake,28.7108,87.3437,Southern Tibetan Plateau ,4.5,,,,earthquakes,2025.0,1.0
us6000pihp,2025-01-08 00:08:19.912000+00:00,Earthquake,Earthquake,28.753,87.234,Southern Tibetan Plateau,4.1,,,,earthquakes,2025.0,1.0
us6000piia,2025-01-08 01:43:42.281000+00:00,Earthquake,Earthquake,28.3995,87.2967,Southern Tibetan Plateau,4.2,,,,earthquakes,2025.0,1.0
us6000piij,2025-01-08 03:51:21.676000+00:00,Earthquake,Earthquake,28.4359,87.3648,Southern Tibetan Plateau,5.0,,,,earthquakes,2025.0,1.0
us6000pij8,2025-01-08 07:08:53.950000+00:00,Earthquake,Earthquake,28.9617,87.4953,Southern Tibetan Plateau,4.2,,,,earthquakes,2025.0,1.0
us6000pl9t,2025-01-08 11:04:44.590000+00:00,Earthquake,Earthquake,28.1006,87.2618,Southern Tibetan Plateau,4.2,,,,earthquakes,2025.0,1.0
us6000pil5,2025-01-08 15:54:26.628000+00:00,Earthquake,Earthquake,28.5177,87.2838,Southern Tibetan Plateau,4.2,,,,earthquakes,2025.0,1.0
us6000pla1,2025-01-08 18:48:22.198000+00:00,Earthquake,Earthquake,28.5155,87.1736,Southern Tibetan Plateau,4.0,,,,earthquakes,2025.0,1.0
us6000pis4,2025-01-09 00:34:16.830000+00:00,Earthquake,Earthquake,32.6731,88.3629,Tibetan Plateau,4.4,,,,earthquakes,2025.0,1.0
us6000pizl,2025-01-09 17:56:20.765000+00:00,Earthquake,Earthquake,28.5908,87.2468,Southern Tibetan Plateau,4.4,,,,earthquakes,2025.0,1.0
us6000pjjb,2025-01-12 09:54:01.572000+00:00,Earthquake,Earthquake,28.6622,87.4427,Southern Tibetan Plateau,4.5,,,,earthquakes,2025.0,1.0
us6000pjp9,2025-01-13 12:57:37.995000+00:00,Earthquake,Earthquake,28.405,87.3079,Southern Tibetan Plateau,5.0,,,,earthquakes,2025.0,1.0
us6000pjpb,2025-01-13 12:58:22.257000+00:00,Earthquake,Earthquake,28.4815,87.4058,Southern Tibetan Plateau,5.1,,,,earthquakes,2025.0,1.0
us6000pjq4,2025-01-13 15:19:08.303000+00:00,Earthquake,Earthquake,28.4558,87.2761,Southern Tibetan Plateau,4.3,,,,earthquakes,2025.0,1.0
us6000pjq9,2025-01-13 15:44:42.737000+00:00,Earthquake,Earthquake,28.4247,87.169,Southern Tibetan Plateau,4.6,,,,earthquakes,2025.0,1.0
us6000pk9g,2025-01-15 20:50:52.766000+00:00,Earthquake,Earthquake,29.0382,87.4195,Southern Tibetan Plateau,4.4,,,,earthquakes,2025.0,1.0
us6000pkbz,2025-01-16 02:57:22.808000+00:00,Earthquake,Earthquake,29.1378,87.4391,Southern Tibetan Plateau,4.1,,,,earthquakes,2025.0,1.0
us6000pkc3,2025-01-16 03:20:02.464000+00:00,Earthquake,Earthquake,28.7777,87.4095,Southern Tibetan Plateau,4.9,,,,earthquakes,2025.0,1.0
us6000pkch,2025-01-16 05:18:46.581000+00:00,Earthquake,Earthquake,29.1529,87.5413,Southern Tibetan Plateau,4.0,,,,earthquakes,2025.0,1.0
us6000pky9,2025-01-18 15:36:54.487000+00:00,Earthquake,Earthquake,28.4323,87.6046,Southern Tibetan Plateau,4.8,,,,earthquakes,2025.0,1.0
us6000pkyi,2025-01-18 16:26:31.499000+00:00,Earthquake,Earthquake,28.6435,87.4691,Southern Tibetan Plateau,4.6,,,,earthquakes,2025.0,1.0
us6000pkzi,2025-01-18 20:01:47.716000+00:00,Earthquake,Earthquake,24.4445,95.1109,"107 km E of Wangjing, India",4.5,,,,earthquakes,2025.0,1.0
us6000pl3u,2025-01-19 17:56:44.997000+00:00,Earthquake,Earthquake,28.3527,87.5481,Southern Tibetan Plateau,4.5,,,,earthquakes,2025.0,1.0
us6000pl6c,2025-01-20 05:57:10.327000+00:00,Earthquake,Earthquake,10.0412,91.6307,"217 km SW of Port Blair, India",5.0,,,,earthquakes,2025.0,1.0
us6000pl7f,2025-01-20 11:20:36.839000+00:00,Earthquake,Earthquake,7.4323,91.5683,"Nicobar Islands, India region",5.3,,,,earthquakes,2025.0,1.0
us6000pl7i,2025-01-20 11:34:22.857000+00:00,Earthquake,Earthquake,7.3869,91.5233,"Nicobar Islands, India region",4.3,,,,earthquakes,2025.0,1.0
us6000plaw,2025-01-20 18:39:46.595000+00:00,Earthquake,Earthquake,34.0562,78.5487,"89 km E of Leh, India",4.3,,,,earthquakes,2025.0,1.0
us6000plbf,2025-01-20 21:03:11.864000+00:00,Earthquake,Earthquake,28.3855,87.5651,Southern Tibetan Plateau,5.0,,,,earthquakes,2025.0,1.0
us6000plca,2025-01-21 00:14:17.923000+00:00,Earthquake,Earthquake,28.3525,87.488,Southern Tibetan Plateau,4.8,,,,earthquakes,2025.0,1.0
us6000plds,2025-01-21 07:04:00.391000+00:00,Earthquake,Earthquake,25.2695,91.2966,"27 km S of Nongstoin, India",4.4,,,,earthquakes,2025.0,1.0
us6000plkg,2025-01-22 11:30:24.705000+00:00,Earthquake,Earthquake,28.6745,87.6268,Southern Tibetan Plateau,4.2,,,,earthquakes,2025.0,1.0
us6000pll1,2025-01-22 15:27:46.576000+00:00,Earthquake,Earthquake,24.6742,93.1241,"17 km SE of Lakhipur, India",4.4,,,,earthquakes,2025.0,1.0
us6000plmk,2025-01-22 17:12:37.363000+00:00,Earthquake,Earthquake,33.4365,75.8244,"14 km NNE of Kishtwar, India",4.2,,,,earthquakes,2025.0,1.0
us6000plwf,2025-01-23 19:23:36.273000+00:00,Earthquake,Earthquake,24.6223,95.093,"104 km E of Wangjing, India",5.0,,,,earthquakes,2025.0,1.0
us6000plzm,2025-01-24 05:59:17.789000+00:00,Earthquake,Earthquake,28.8632,87.5218,Southern Tibetan Plateau,4.6,,,,earthquakes,2025.0,1.0
us7000pc3s,2025-01-31 09:40:38.181000+00:00,Earthquake,Earthquake,30.0361,94.1474,"168 km N of Shi Yomi, India",4.4,,,,earthquakes,2025.0,1.0
us7000pc5s,2025-02-01 12:41:00.066000+00:00,Earthquake,Earthquake,23.9786,93.7854,"41 km SSE of Churachandpur, India",4.5,,,,earthquakes,2025.0,2.0
us7000pc5t,2025-02-01 12:46:34.402000+00:00,Earthquake,Earthquake,23.757,93.6375,"63 km S of Churachandpur, India",4.1,,,,earthquakes,2025.0,2.0
us7000pcnh,2025-02-10 15:45:17.514000+00:00,Earthquake,Earthquake,34.0791,77.9906,"38 km ESE of Leh, India",4.4,,,,earthquakes,2025.0,2.0
us7000pe5z,2025-02-17 00:06:52.349000+00:00,Earthquake,Earthquake,28.5887,77.1025,"10 km SSE of Nangloi Jat, India",4.2,,,,earthquakes,2025.0,2.0
us7000pewd,2025-02-20 06:02:58.563000+00:00,Earthquake,Earthquake,25.7977,90.6738,"42 km S of Goalpara, India",4.3,,,,earthquakes,2025.0,2.0
us6000pwme,2025-02-22 20:25:23.131000+00:00,Earthquake,Earthquake,13.2754,91.4476,"222 km NW of Bamboo Flat, India",4.4,,,,earthquakes,2025.0,2.0
us6000pv8n,2025-02-25 00:40:20.779000+00:00,Earthquake,Earthquake,19.2977,88.4613,"224 km ESE of Paradip Garh, India",5.1,,,,earthquakes,2025.0,2.0
us6000pvpc,2025-02-26 20:55:36.821000+00:00,Earthquake,Earthquake,26.3002,92.3408,"5 km N of Morigaon, India",5.3,,,,earthquakes,2025.0,2.0
us6000pw15,2025-02-28 10:05:45.867000+00:00,Earthquake,Earthquake,27.4538,92.6469,"30 km NE of Bomdila, India",4.4,,,,earthquakes,2025.0,2.0
us6000pyem,2025-03-03 04:45:58.185000+00:00,Earthquake,Earthquake,24.9209,95.5418,"133 km SE of Phek, India",4.1,,,,earthquakes,2025.0,3.0
us6000pwz6,2025-03-05 05:36:35.568000+00:00,Earthquake,Earthquake,24.5491,94.6954,"64 km E of Wangjing, India",5.4,,,,earthquakes,2025.0,3.0
us6000pwzr,2025-03-05 06:50:41.588000+00:00,Earthquake,Earthquake,24.5601,94.6184,"56 km E of Wangjing, India",4.3,,,,earthquakes,2025.0,3.0
us6000pxru,2025-03-09 07:55:14.441000+00:00,Earthquake,Earthquake,24.9377,95.3301,"116 km SE of Phek, India",4.3,,,,earthquakes,2025.0,3.0
us6000py97,2025-03-12 05:42:11.676000+00:00,Earthquake,Earthquake,6.9701,92.5548,"Nicobar Islands, India region",6.0,,,,earthquakes,2025.0,3.0
us6000pyak,2025-03-12 10:02:21.672000+00:00,Earthquake,Earthquake,6.9012,92.4701,"Nicobar Islands, India region",4.8,,,,earthquakes,2025.0,3.0
us6000pybb,2025-03-12 14:01:45.151000+00:00,Earthquake,Earthquake,24.6021,94.6563,"60 km E of Wangjing, India",4.2,,,,earthquakes,2025.0,3.0
us6000pyp3,2025-03-13 21:20:05.314000+00:00,Earthquake,Earthquake,33.0503,76.6596,"50 km SSW of Padam, India",5.1,,,,earthquakes,2025.0,3.0
us6000pyqh,2025-03-14 00:31:26.002000+00:00,Earthquake,Earthquake,27.145,92.2691,"20 km SW of Bomdila, India",4.2,,,,earthquakes,2025.0,3.0
us6000pzed,2025-03-17 19:37:18.228000+00:00,Earthquake,Earthquake,24.4394,93.449,"25 km WNW of Churachandpur, India",4.2,,,,earthquakes,2025.0,3.0
us6000pzix,2025-03-18 07:49:00.454000+00:00,Earthquake,Earthquake,24.3088,94.8302,"83 km ESE of Wangjing, India",5.1,,,,earthquakes,2025.0,3.0
us7000pn3v,2025-03-19 03:38:19.177000+00:00,Earthquake,Earthquake,13.2595,93.5415,"194 km NNE of Bamboo Flat, India",4.3,,,,earthquakes,2025.0,3.0
us7000pm5g,2025-03-24 04:29:29.100000+00:00,Earthquake,Earthquake,10.1202,93.7118,"200 km SSE of Port Blair, India",5.1,,,,earthquakes,2025.0,3.0
us7000pm5l,2025-03-24 04:36:05.252000+00:00,Earthquake,Earthquake,9.9009,93.6477,"218 km SSE of Port Blair, India",4.7,,,,earthquakes,2025.0,3.0
us6000q3p6,2025-03-24 04:38:32.700000+00:00,Earthquake,Earthquake,29.1888,93.7471,"95 km NW of Shi Yomi, India",4.2,,,,earthquakes,2025.0,3.0
us6000q3ny,2025-03-24 04:43:00.743000+00:00,Earthquake,Earthquake,29.2119,93.8789,"89 km NNW of Shi Yomi, India",4.1,,,,earthquakes,2025.0,3.0
us7000pm6h,2025-03-24 07:19:55.884000+00:00,Earthquake,Earthquake,10.3688,93.9709,"196 km SE of Port Blair, India",4.7,,,,earthquakes,2025.0,3.0
us7000pmhv,2025-03-25 13:25:11.777000+00:00,Earthquake,Earthquake,6.7697,92.569,"Nicobar Islands, India region",4.9,,,,earthquakes,2025.0,3.0
us6000q3r8,2025-03-25 13:55:57.476000+00:00,Earthquake,Earthquake,6.6472,92.451,"Nicobar Islands, India region",4.4,,,,earthquakes,2025.0,3.0
us7000pnba,2025-03-28 07:36:58.799000+00:00,Earthquake,Earthquake,22.7673,95.8531,Burma,4.6,,,,earthquakes,2025.0,3.0
us7000pnbe,2025-03-28 07:57:00.138000+00:00,Earthquake,Earthquake,22.4361,95.838,Burma,4.5,,,,earthquakes,2025.0,3.0
us7000pnbt,2025-03-28 11:16:52.146000+00:00,Earthquake,Earthquake,22.5255,95.739,Burma,4.4,,,,earthquakes,2025.0,3.0
us6000q4rz,2025-03-29 06:25:04.470000+00:00,Earthquake,Earthquake,27.2366,96.9662,"101 km SSE of Hayuliang, India",4.4,,,,earthquakes,2025.0,3.0
us6000q56x,2025-03-31 03:54:01.091000+00:00,Earthquake,Earthquake,10.2401,94.02,"210 km SE of Port Blair, India",4.2,,,,earthquakes,2025.0,3.0
us6000q55w,2025-03-31 06:13:59.156000+00:00,Earthquake,Earthquake,6.627,92.4936,"Nicobar Islands, India region",4.2,,,,earthquakes,2025.0,3.0
us6000q5eb,2025-04-01 09:34:44.713000+00:00,Earthquake,Earthquake,6.8308,92.4856,"Nicobar Islands, India region",4.1,,,,earthquakes,2025.0,4.0
us7000pp84,2025-04-01 12:08:32.333000+00:00,Earthquake,Earthquake,35.1682,77.1309,"40 km NE of Thang, India",4.4,,,,earthquakes,2025.0,4.0
us6000q548,2025-04-10 13:35:18.852000+00:00,Earthquake,Earthquake,35.9736,78.0063,"159 km NE of Thang, India",4.4,,,,earthquakes,2025.0,4.0
us6000q5cs,2025-04-11 10:52:56.066000+00:00,Earthquake,Earthquake,24.043,91.3615,"23 km N of Ranir Bazar, India",4.1,,,,earthquakes,2025.0,4.0
us7000pvhl,2025-04-28 03:39:25.294000+00:00,Earthquake,Earthquake,13.0733,92.5283,"153 km N of Bamboo Flat, India",4.6,,,,earthquakes,2025.0,4.0
us7000pzmx,2025-05-02 18:26:02.824000+00:00,Earthquake,Earthquake,34.2004,78.4979,"84 km E of Leh, India",4.3,,,,earthquakes,2025.0,5.0
us7000pyzr,2025-05-13 16:48:40.737000+00:00,Earthquake,Earthquake,6.9072,92.3559,"Nicobar Islands, India region",4.1,,,,earthquakes,2025.0,5.0
us6000qgly,2025-05-14 10:30:41.591000+00:00,Earthquake,Earthquake,24.6729,94.8973,"84 km E of Wangjing, India",4.4,,,,earthquakes,2025.0,5.0
us7000q0jb,2025-05-21 14:21:16.769000+00:00,Earthquake,Earthquake,8.9268,93.8553,"Nicobar Islands, India region",4.7,,,,earthquakes,2025.0,5.0
us6000qg9r,2025-05-27 20:24:28.119000+00:00,Earthquake,Earthquake,24.4467,93.8427,"8 km SE of Moirang, India",5.1,,,,earthquakes,2025.0,5.0
us6000qju8,2025-05-28 04:53:53.928000+00:00,Earthquake,Earthquake,24.2883,94.3996,"47 km SE of Wangjing, India",4.2,,,,earthquakes,2025.0,5.0
us6000qi2j,2025-06-05 04:45:14.189000+00:00,Earthquake,Earthquake,26.5336,96.7158,"37 km NNW of Sarupathar, India",4.3,,,,earthquakes,2025.0,6.0
us6000qj94,2025-06-09 23:31:14.893000+00:00,Earthquake,Earthquake,26.4733,96.8381,"29 km N of Sarupathar, India",4.2,,,,earthquakes,2025.0,6.0
us7000q8qh,2025-06-10 09:26:51.988000+00:00,Earthquake,Earthquake,8.9743,93.9458,"Nicobar Islands, India region",4.3,,,,earthquakes,2025.0,6.0
us6000qkjz,2025-06-16 09:14:03.334000+00:00,Earthquake,Earthquake,10.8873,93.5681,"124 km SE of Port Blair, India",4.8,,,,earthquakes,2025.0,6.0
us7000qaw3,2025-06-24 05:08:35.146000+00:00,Earthquake,Earthquake,9.6069,93.9175,"261 km SSE of Port Blair, India",4.4,,,,earthquakes,2025.0,6.0
us7000q8dz,2025-06-24 09:04:15.157000+00:00,Earthquake,Earthquake,9.1574,93.9195,"Nicobar Islands, India region",4.6,,,,earthquakes,2025.0,6.0
us7000q8e5,2025-06-24 09:34:07.987000+00:00,Earthquake,Earthquake,9.2217,93.8561,"296 km SSE of Port Blair, India",4.6,,,,earthquakes,2025.0,6.0
us7000qawc,2025-06-24 09:59:56.958000+00:00,Earthquake,Earthquake,9.745,93.931,"248 km SSE of Port Blair, India",4.1,,,,earthquakes,2025.0,6.0
us7000qawb,2025-06-24 10:03:44.892000+00:00,Earthquake,Earthquake,9.5201,93.4167,"248 km SSE of Port Blair, India",4.5,,,,earthquakes,2025.0,6.0
us7000q8ea,2025-06-24 10:16:58.345000+00:00,Earthquake,Earthquake,9.3465,93.8265,"282 km SSE of Port Blair, India",4.9,,,,earthquakes,2025.0,6.0
us7000qawe,2025-06-24 12:22:47.025000+00:00,Earthquake,Earthquake,9.2684,93.9307,"295 km SSE of Port Blair, India",4.5,,,,earthquakes,2025.0,6.0
us7000qax4,2025-06-24 12:23:23.875000+00:00,Earthquake,Earthquake,9.5365,93.7405,"259 km SSE of Port Blair, India",4.6,,,,earthquakes,2025.0,6.0
us7000q8f1,2025-06-24 12:53:19.256000+00:00,Earthquake,Earthquake,9.3798,93.87,"281 km SSE of Port Blair, India",4.6,,,,earthquakes,2025.0,6.0
us7000q8f3,2025-06-24 13:12:22.844000+00:00,Earthquake,Earthquake,9.3664,94.0616,"292 km SSE of Port Blair, India",4.9,,,,earthquakes,2025.0,6.0
us7000q8fp,2025-06-24 13:50:16.539000+00:00,Earthquake,Earthquake,9.5091,94.0036,"275 km SSE of Port Blair, India",4.6,,,,earthquakes,2025.0,6.0
us7000qawt,2025-06-24 14:54:10.447000+00:00,Earthquake,Earthquake,9.3075,93.7511,"283 km SSE of Port Blair, India",4.2,,,,earthquakes,2025.0,6.0
us7000qawl,2025-06-24 15:29:25.410000+00:00,Earthquake,Earthquake,9.2566,93.9113,"295 km SSE of Port Blair, India",4.1,,,,earthquakes,2025.0,6.0
us7000qawm,2025-06-24 15:31:33.388000+00:00,Earthquake,Earthquake,9.3326,93.9986,"292 km SSE of Port Blair, India",4.5,,,,earthquakes,2025.0,6.0
us7000qawq,2025-06-24 16:09:13.134000+00:00,Earthquake,Earthquake,9.3701,93.9935,"288 km SSE of Port Blair, India",4.3,,,,earthquakes,2025.0,6.0
us7000qawv,2025-06-24 19:02:28.626000+00:00,Earthquake,Earthquake,9.5367,94.1242,"279 km SSE of Port Blair, India",4.2,,,,earthquakes,2025.0,6.0
us7000q8if,2025-06-24 20:13:47.224000+00:00,Earthquake,Earthquake,9.2948,93.9639,"294 km SSE of Port Blair, India",4.6,,,,earthquakes,2025.0,6.0
us7000q8kt,2025-06-24 23:51:41.383000+00:00,Earthquake,Earthquake,9.5066,94.0004,"275 km SSE of Port Blair, India",4.8,,,,earthquakes,2025.0,6.0
us7000qax0,2025-06-24 23:53:44.051000+00:00,Earthquake,Earthquake,9.3411,93.8007,"281 km SSE of Port Blair, India",4.5,,,,earthquakes,2025.0,6.0
us7000q8l7,2025-06-25 01:33:28.230000+00:00,Earthquake,Earthquake,9.4363,93.8934,"276 km SSE of Port Blair, India",5.4,,,,earthquakes,2025.0,6.0
us7000qb0w,2025-06-25 01:39:34.110000+00:00,Earthquake,Earthquake,9.3808,93.9854,"286 km SSE of Port Blair, India",4.7,,,,earthquakes,2025.0,6.0
us7000q8lp,2025-06-25 04:08:34.990000+00:00,Earthquake,Earthquake,9.4548,93.9818,"279 km SSE of Port Blair, India",4.5,,,,earthquakes,2025.0,6.0
us7000qb11,2025-06-25 07:08:06.981000+00:00,Earthquake,Earthquake,9.5898,94.207,"279 km SE of Port Blair, India",4.4,,,,earthquakes,2025.0,6.0
us7000q8n8,2025-06-25 09:59:44.205000+00:00,Earthquake,Earthquake,9.3263,93.9061,"288 km SSE of Port Blair, India",4.9,,,,earthquakes,2025.0,6.0
us7000qb18,2025-06-25 16:13:43.675000+00:00,Earthquake,Earthquake,9.2702,94.3342,"Nicobar Islands, India region",4.1,,,,earthquakes,2025.0,6.0
us7000q8ry,2025-06-25 17:37:25.441000+00:00,Earthquake,Earthquake,9.2161,93.7176,"291 km SSE of Port Blair, India",4.6,,,,earthquakes,2025.0,6.0
us7000qb1a,2025-06-25 20:00:24.372000+00:00,Earthquake,Earthquake,9.2405,93.7565,"290 km SSE of Port Blair, India",4.3,,,,earthquakes,2025.0,6.0
us7000qb6n,2025-06-26 11:42:09.230000+00:00,Earthquake,Earthquake,9.1134,93.8217,"Nicobar Islands, India region",4.1,,,,earthquakes,2025.0,6.0
us7000q8wt,2025-06-26 11:52:17.398000+00:00,Earthquake,Earthquake,9.3312,94.0146,"293 km SSE of Port Blair, India",4.5,,,,earthquakes,2025.0,6.0
us7000qb6y,2025-06-26 12:09:29.101000+00:00,Earthquake,Earthquake,9.149,93.9022,"Nicobar Islands, India region",4.3,,,,earthquakes,2025.0,6.0
us7000qb73,2025-06-26 19:11:52.422000+00:00,Earthquake,Earthquake,9.4621,94.0031,"279 km SSE of Port Blair, India",4.3,,,,earthquakes,2025.0,6.0
us7000qbd5,2025-06-27 07:55:47.330000+00:00,Earthquake,Earthquake,9.3113,93.9417,"291 km SSE of Port Blair, India",4.3,,,,earthquakes,2025.0,6.0
us7000qbde,2025-06-27 14:32:45.056000+00:00,Earthquake,Earthquake,9.2343,93.9758,"Nicobar Islands, India region",4.3,,,,earthquakes,2025.0,6.0
us7000q936,2025-06-27 14:47:19.720000+00:00,Earthquake,Earthquake,9.0956,93.9539,"Nicobar Islands, India region",4.5,,,,earthquakes,2025.0,6.0
us7000q938,2025-06-27 14:58:12.410000+00:00,Earthquake,Earthquake,9.5357,93.8546,"265 km SSE of Port Blair, India",5.1,,,,earthquakes,2025.0,6.0
us7000q9fa,2025-06-28 23:34:58.208000+00:00,Earthquake,Earthquake,9.3592,93.818,"280 km SSE of Port Blair, India",4.5,,,,earthquakes,2025.0,6.0
us7000q9fu,2025-06-29 01:28:19.481000+00:00,Earthquake,Earthquake,9.3119,93.8715,"288 km SSE of Port Blair, India",4.5,,,,earthquakes,2025.0,6.0
us7000qbtd,2025-06-29 01:37:29.007000+00:00,Earthquake,Earthquake,9.3226,93.9973,"293 km SSE of Port Blair, India",4.6,,,,earthquakes,2025.0,6.0
us7000qbtk,2025-06-29 07:16:33.240000+00:00,Earthquake,Earthquake,9.2583,94.0122,"Nicobar Islands, India region",4.3,,,,earthquakes,2025.0,6.0
us7000q9nl,2025-06-30 04:39:02.408000+00:00,Earthquake,Earthquake,9.4501,93.9908,"280 km SSE of Port Blair, India",4.9,,,,earthquakes,2025.0,6.0
us7000q9p6,2025-06-30 05:52:21.272000+00:00,Earthquake,Earthquake,9.3928,93.9439,"283 km SSE of Port Blair, India",5.0,,,,earthquakes,2025.0,6.0
us7000q9pb,2025-06-30 06:36:20.640000+00:00,Earthquake,Earthquake,9.2662,93.8911,"293 km SSE of Port Blair, India",4.9,,,,earthquakes,2025.0,6.0
us7000qbut,2025-06-30 06:38:19.635000+00:00,Earthquake,Earthquake,9.1818,93.7574,"296 km SSE of Port Blair, India",4.6,,,,earthquakes,2025.0,6.0
us7000qbvc,2025-06-30 23:22:35.152000+00:00,Earthquake,Earthquake,9.5382,94.0096,"272 km SSE of Port Blair, India",4.5,,,,earthquakes,2025.0,6.0
us7000qc1d,2025-07-01 00:06:55.616000+00:00,Earthquake,Earthquake,9.167,94.0027,"Nicobar Islands, India region",4.6,,,,earthquakes,2025.0,7.0
us7000qc1g,2025-07-01 02:44:17.016000+00:00,Earthquake,Earthquake,24.8414,95.4771,"134 km SE of Phek, India",4.2,,,,earthquakes,2025.0,7.0
us7000qc28,2025-07-01 21:29:15.203000+00:00,Earthquake,Earthquake,28.3833,97.3521,"86 km ENE of Hayuliang, India",4.5,,,,earthquakes,2025.0,7.0
us7000qc2v,2025-07-02 01:52:48.929000+00:00,Earthquake,Earthquake,9.3798,93.9613,"285 km SSE of Port Blair, India",4.6,,,,earthquakes,2025.0,7.0
us7000qaev,2025-07-03 11:44:12.005000+00:00,Earthquake,Earthquake,9.236,93.841,"294 km SSE of Port Blair, India",4.7,,,,earthquakes,2025.0,7.0
us7000qakc,2025-07-04 02:11:16.427000+00:00,Earthquake,Earthquake,9.4541,93.9272,"276 km SSE of Port Blair, India",4.6,,,,earthquakes,2025.0,7.0
us7000qb38,2025-07-07 05:10:21.865000+00:00,Earthquake,Earthquake,24.6278,94.8742,"82 km E of Wangjing, India",4.4,,,,earthquakes,2025.0,7.0
us7000qb45,2025-07-07 09:42:36.270000+00:00,Earthquake,Earthquake,9.3132,93.8317,"286 km SSE of Port Blair, India",4.9,,,,earthquakes,2025.0,7.0
us7000qb4a,2025-07-07 10:16:02.145000+00:00,Earthquake,Earthquake,9.3716,93.9749,"287 km SSE of Port Blair, India",5.1,,,,earthquakes,2025.0,7.0
us7000qdfw,2025-07-07 10:28:09.829000+00:00,Earthquake,Earthquake,9.2376,93.7811,"291 km SSE of Port Blair, India",4.4,,,,earthquakes,2025.0,7.0
us7000qdg0,2025-07-07 10:50:22.116000+00:00,Earthquake,Earthquake,9.0575,93.7358,"Nicobar Islands, India region",4.3,,,,earthquakes,2025.0,7.0
us7000qba0,2025-07-08 03:52:14.019000+00:00,Earthquake,Earthquake,26.5812,93.2884,"31 km WSW of Bokakhat, India",4.2,,,,earthquakes,2025.0,7.0
us7000qbqu,2025-07-10 03:34:48.870000+00:00,Earthquake,Earthquake,28.6735,76.6889,"8 km NNE of Jhajjar, India",4.5,,,,earthquakes,2025.0,7.0
us7000qby2,2025-07-11 00:26:07.414000+00:00,Earthquake,Earthquake,25.5376,95.3851,"90 km E of Phek, India",4.3,,,,earthquakes,2025.0,7.0
us7000qc7n,2025-07-11 14:19:44.229000+00:00,Earthquake,Earthquake,28.9429,76.8282,"10 km NW of Kharkhauda, India",4.1,,,,earthquakes,2025.0,7.0
us7000qcet,2025-07-13 13:14:40.966000+00:00,Earthquake,Earthquake,9.3388,93.8813,"285 km SSE of Port Blair, India",5.2,,,,earthquakes,2025.0,7.0
us6000quq1,2025-07-13 19:14:45.334000+00:00,Earthquake,Earthquake,9.3592,93.5887,"271 km SSE of Port Blair, India",4.4,,,,earthquakes,2025.0,7.0
us6000qvpl,2025-07-15 06:48:31.462000+00:00,Earthquake,Earthquake,9.4361,94.1008,"287 km SSE of Port Blair, India",4.3,,,,earthquakes,2025.0,7.0
us7000qcym,2025-07-16 07:27:47.015000+00:00,Earthquake,Earthquake,9.3115,94.1776,"Nicobar Islands, India region",4.4,,,,earthquakes,2025.0,7.0
us6000qvzb,2025-07-16 23:13:53.515000+00:00,Earthquake,Earthquake,9.4441,93.9067,"276 km SSE of Port Blair, India",4.2,,,,earthquakes,2025.0,7.0
us6000qwk4,2025-07-17 00:19:45.825000+00:00,Earthquake,Earthquake,9.2857,94.2457,"Nicobar Islands, India region",4.3,,,,earthquakes,2025.0,7.0
us6000qwlu,2025-07-18 06:31:54.638000+00:00,Earthquake,Earthquake,9.5752,93.5098,"245 km SSE of Port Blair, India",4.2,,,,earthquakes,2025.0,7.0
us6000qtz9,2025-07-21 18:00:56.801000+00:00,Earthquake,Earthquake,11.0639,93.0478,"74 km SSE of Port Blair, India",4.5,,,,earthquakes,2025.0,7.0
us6000qv40,2025-07-25 12:57:20.082000+00:00,Earthquake,Earthquake,9.2266,93.6356,"286 km SSE of Port Blair, India",4.9,,,,earthquakes,2025.0,7.0
us6000qv9f,2025-07-26 04:00:07.669000+00:00,Earthquake,Earthquake,32.9053,76.1506,"38 km N of Chamba, India",4.2,,,,earthquakes,2025.0,7.0
us6000qvis,2025-07-26 10:56:39.805000+00:00,Earthquake,Earthquake,9.2305,93.9309,"298 km SSE of Port Blair, India",4.5,,,,earthquakes,2025.0,7.0
us6000qz4u,2025-07-27 09:13:10.017000+00:00,Earthquake,Earthquake,33.8262,79.4981,"180 km ESE of Leh, India",4.3,,,,earthquakes,2025.0,7.0
us6000qw00,2025-07-29 15:47:23.825000+00:00,Earthquake,Earthquake,9.4782,93.9663,"276 km SSE of Port Blair, India",4.8,,,,earthquakes,2025.0,7.0
us6000qw06,2025-07-29 16:11:34.441000+00:00,Earthquake,Earthquake,9.357,93.9629,"288 km SSE of Port Blair, India",5.0,,,,earthquakes,2025.0,7.0
us6000r0ph,2025-07-29 16:23:41.867000+00:00,Earthquake,Earthquake,9.2521,93.9445,"297 km SSE of Port Blair, India",4.0,,,,earthquakes,2025.0,7.0
us6000qw0e,2025-07-29 16:24:24.857000+00:00,Earthquake,Earthquake,9.3593,93.9247,"285 km SSE of Port Blair, India",4.9,,,,earthquakes,2025.0,7.0
us6000qw13,2025-07-29 17:14:14.026000+00:00,Earthquake,Earthquake,9.3982,94.0014,"286 km SSE of Port Blair, India",4.5,,,,earthquakes,2025.0,7.0
us6000r0pn,2025-07-29 19:20:20.198000+00:00,Earthquake,Earthquake,9.1076,93.8628,"Nicobar Islands, India region",4.3,,,,earthquakes,2025.0,7.0
us6000r1fa,2025-07-30 17:21:03.426000+00:00,Earthquake,Earthquake,9.3633,93.9614,"287 km SSE of Port Blair, India",5.0,,,,earthquakes,2025.0,7.0
us7000qrdu,2025-08-04 21:38:27.704000+00:00,Earthquake,Earthquake,13.9342,92.3481,"250 km N of Bamboo Flat, India",4.2,,,,earthquakes,2025.0,8.0
us7000qttd,2025-08-10 06:18:24.040000+00:00,Earthquake,Earthquake,9.2891,93.8494,"289 km SSE of Port Blair, India",4.4,,,,earthquakes,2025.0,8.0
us6000qzlg,2025-08-10 06:32:32.923000+00:00,Earthquake,Earthquake,13.6724,92.7915,"218 km N of Bamboo Flat, India",4.7,,,,earthquakes,2025.0,8.0
us7000qtuw,2025-08-10 18:44:01.242000+00:00,Earthquake,Earthquake,9.0228,93.9177,"Nicobar Islands, India region",4.4,,,,earthquakes,2025.0,8.0
us7000qvhh,2025-08-18 06:39:32.542000+00:00,Earthquake,Earthquake,26.3136,92.7974,"29 km ENE of Raha, India",4.3,,,,earthquakes,2025.0,8.0
us6000r1wg,2025-08-18 15:58:32.250000+00:00,Earthquake,Earthquake,32.3157,76.638,"23 km NNE of Palampur, India",4.1,,,,earthquakes,2025.0,8.0
us6000r287,2025-08-20 02:48:20.778000+00:00,Earthquake,Earthquake,32.9099,76.2043,"39 km N of Chamba, India",4.1,,,,earthquakes,2025.0,8.0
us6000rd5j,2025-09-03 13:52:50.487000+00:00,Earthquake,Earthquake,9.7118,93.6542,"237 km SSE of Port Blair, India",4.4,,,,earthquakes,2025.0,9.0
us6000rf3n,2025-09-13 05:39:47.108000+00:00,Earthquake,Earthquake,25.9678,96.9455,"29 km SSE of Sarupathar, India",4.5,,,,earthquakes,2025.0,9.0
us6000rfds,2025-09-14 02:54:00.585000+00:00,Earthquake,Earthquake,34.37,75.2787,"39 km N of Pahlgam, India",4.1,,,,earthquakes,2025.0,9.0
us7000qw56,2025-09-14 11:11:51.373000+00:00,Earthquake,Earthquake,26.7097,92.2103,"11 km ESE of Udalguri, India",5.5,,,,earthquakes,2025.0,9.0
us6000rfty,2025-09-16 00:37:45.488000+00:00,Earthquake,Earthquake,27.3684,96.9813,"89 km SSE of Hayuliang, India",4.1,,,,earthquakes,2025.0,9.0
us7000qwyi,2025-09-18 12:41:52.979000+00:00,Earthquake,Earthquake,12.2024,95.3077,"285 km ENE of Port Blair, India",4.8,,,,earthquakes,2025.0,9.0
us6000rc5n,2025-09-22 19:43:32.444000+00:00,Earthquake,Earthquake,36.3077,77.0619,"155 km N of Thang, India",4.4,,,,earthquakes,2025.0,9.0
us6000rhcg,2025-09-22 19:44:22.102000+00:00,Earthquake,Earthquake,36.1436,76.9652,"135 km N of Thang, India",4.1,,,,earthquakes,2025.0,9.0
us6000rhln,2025-09-24 08:53:34.946000+00:00,Earthquake,Earthquake,36.0682,76.9003,"126 km N of Thang, India",4.3,,,,earthquakes,2025.0,9.0
us6000rdpe,2025-09-30 00:40:03.656000+00:00,Earthquake,Earthquake,24.6798,94.7389,"69 km E of Wangjing, India",4.9,,,,earthquakes,2025.0,9.0
us6000rj7d,2025-10-04 20:31:03.053000+00:00,Earthquake,Earthquake,10.575,92.8178,"120 km S of Port Blair, India",4.5,,,,earthquakes,2025.0,10.0
us6000rlfx,2025-10-14 14:00:07.728000+00:00,Earthquake,Earthquake,30.9115,77.3908,"10 km NE of Rajgarh, India",4.4,,,,earthquakes,2025.0,10.0
us6000rhhd,2025-10-16 06:57:54.913000+00:00,Earthquake,Earthquake,24.7905,95.4782,"138 km SE of Phek, India",4.8,,,,earthquakes,2025.0,10.0
us6000rhnm,2025-10-16 22:10:23.971000+00:00,Earthquake,Earthquake,13.3577,92.5564,"184 km N of Bamboo Flat, India",5.0,,,,earthquakes,2025.0,10.0
us6000rl3w,2025-11-03 01:33:01.974000+00:00,Earthquake,Earthquake,25.0088,95.3102,"109 km SE of Phek, India",4.6,,,,earthquakes,2025.0,11.0
us6000rmdj,2025-11-09 06:38:31.475000+00:00,Earthquake,Earthquake,12.4989,93.7511,"143 km NE of Port Blair, India",5.4,,,,earthquakes,2025.0,11.0
us6000rmnf,2025-11-10 20:16:45.573000+00:00,Earthquake,Earthquake,8.0905,91.8312,"Nicobar Islands, India region",4.5,,,,earthquakes,2025.0,11.0
us6000rnmh,2025-11-16 19:56:07.660000+00:00,Earthquake,Earthquake,35.7267,76.9374,"89 km N of Thang, India",4.5,,,,earthquakes,2025.0,11.0
us6000rvhu,2025-11-30 04:57:07.984000+00:00,Earthquake,Earthquake,30.2518,79.4611,"19 km S of Pipalkoti, India",4.3,,,,earthquakes,2025.0,11.0
us7000rffd,2025-12-04 00:21:31.583000+00:00,Earthquake,Earthquake,35.2286,76.6052,"37 km NNW of Thang, India",4.2,,,,earthquakes,2025.0,12.0
us6000rst2,2025-12-05 18:06:37.924000+00:00,Earthquake,Earthquake,32.8569,76.0845,"33 km N of Chamba, India",4.0,,,,earthquakes,2025.0,12.0
us6000rwg8,2025-12-13 06:18:09.957000+00:00,Earthquake,Earthquake,10.9166,93.7806,"140 km SE of Port Blair, India",4.2,,,,earthquakes,2025.0,12.0
us6000rvkv,2025-12-18 00:34:32.270000+00:00,Earthquake,Earthquake,26.1352,97.1858,"38 km ESE of Sarupathar, India",4.6,,,,earthquakes,2025.0,12.0
us7000rkiw,2025-12-24 04:09:47.901000+00:00,Earthquake,Earthquake,12.6319,92.7492,"103 km N of Bamboo Flat, India",4.8,,,,earthquakes,2025.0,12.0
us7000rktm,2025-12-25 23:00:05.553000+00:00,Earthquake,Earthquake,23.7096,70.4196,"27 km WNW of Rapar, India",4.6,,,,earthquakes,2025.0,12.0
us7000rkwm,2025-12-26 16:10:19.195000+00:00,Earthquake,Earthquake,23.3943,82.5615,"14 km N of Baikunthpur, India",4.2,,,,earthquakes,2025.0,12.0
us7000rl21,2025-12-27 12:42:49.553000+00:00,Earthquake,Earthquake,26.7466,92.3604,"12 km WNW of Dhekiajuli, India",4.5,,,,earthquakes,2025.0,12.0
us7000rqw2,2025-12-29 15:30:29.804000+00:00,Earthquake,Earthquake,26.0392,97.0716,"32 km SE of Sarupathar, India",4.2,,,,earthquakes,2025.0,12.0
us7000rmhd,2026-01-04 22:47:39.427000+00:00,Earthquake,Earthquake,26.3621,92.3991,"13 km NNE of Morigaon, India",5.2,,,,earthquakes,2026.0,1.0
us7000rmhe,2026-01-04 22:47:52.226000+00:00,Earthquake,Earthquake,26.326,92.3084,"9 km NNW of Morigaon, India",4.9,,,,earthquakes,2026.0,1.0
us6000s4jg,2026-01-06 13:30:04.484000+00:00,Earthquake,Earthquake,10.4383,92.1484,"150 km SSW of Port Blair, India",4.3,,,,earthquakes,2026.0,1.0
us7000rp2s,2026-01-11 20:15:40.359000+00:00,Earthquake,Earthquake,24.8059,95.2947,"124 km SE of Phek, India",4.4,,,,earthquakes,2026.0,1.0
us6000s6mc,2026-01-20 17:58:33.446000+00:00,Earthquake,Earthquake,35.4911,78.4072,"159 km ENE of Thang, India",4.5,,,,earthquakes,2026.0,1.0
us7000rr7m,2026-01-21 21:43:05.761000+00:00,Earthquake,Earthquake,27.3134,96.9254,"92 km SSE of Hayuliang, India",5.2,,,,earthquakes,2026.0,1.0
us7000rrtz,2026-01-24 16:38:52.515000+00:00,Earthquake,Earthquake,25.964,90.6263,"23 km S of Goalpara, India",4.2,,,,earthquakes,2026.0,1.0
us6000s5we,2026-02-02 00:05:53.083000+00:00,Earthquake,Earthquake,33.9389,74.6227,"15 km WNW of Tsrar Sharif, India",4.8,,,,earthquakes,2026.0,2.0
us6000sa88,2026-02-04 03:27:33.826000+00:00,Earthquake,Earthquake,26.6797,92.1913,"12 km SE of Udalguri, India",4.2,,,,earthquakes,2026.0,2.0
us6000s6h9,2026-02-04 18:39:44.492000+00:00,Earthquake,Earthquake,24.7625,95.2248,"119 km E of Wangjing, India",4.5,,,,earthquakes,2026.0,2.0
us6000s6si,2026-02-05 19:39:28.253000+00:00,Earthquake,Earthquake,27.2775,88.1055,"15 km W of Gyalshing, India",4.6,,,,earthquakes,2026.0,2.0
us6000s6t5,2026-02-05 20:50:42.049000+00:00,Earthquake,Earthquake,27.0951,88.1766,"7 km WSW of Naya Bazar, India",4.4,,,,earthquakes,2026.0,2.0
us6000sagi,2026-02-06 21:31:47.076000+00:00,Earthquake,Earthquake,24.6303,94.8153,"76 km E of Wangjing, India",4.1,,,,earthquakes,2026.0,2.0
us6000s757,2026-02-07 13:05:24.212000+00:00,Earthquake,Earthquake,27.381,88.1413,"15 km NW of Gyalshing, India",4.6,,,,earthquakes,2026.0,2.0
us6000sayu,2026-02-23 05:02:10.879000+00:00,Earthquake,Earthquake,11.642,91.7328,"107 km W of Bamboo Flat, India",4.8,,,,earthquakes,2026.0,2.0
us7000s2lm,2026-02-23 10:11:51.805000+00:00,Earthquake,Earthquake,10.6835,93.9644,"171 km SE of Port Blair, India",4.3,,,,earthquakes,2026.0,2.0
us7000s0ec,2026-02-26 06:04:05.847000+00:00,Earthquake,Earthquake,27.2253,88.1573,"12 km SW of Gyalshing, India",4.8,,,,earthquakes,2026.0,2.0
us7000s0fm,2026-02-26 11:52:12.168000+00:00,Earthquake,Earthquake,27.3076,88.107,"15 km W of Gyalshing, India",4.3,,,,earthquakes,2026.0,2.0
us7000s13v,2026-02-28 19:55:55.897000+00:00,Earthquake,Earthquake,32.9741,76.1687,"42 km E of Bhadarwah, India",4.4,,,,earthquakes,2026.0,2.0
us7000s3c2,2026-03-10 06:16:59.995000+00:00,Earthquake,Earthquake,35.7749,77.1749,"100 km NNE of Thang, India",4.3,,,,earthquakes,2026.0,3.0
us7000s7s2,2026-03-15 11:03:04.783000+00:00,Earthquake,Earthquake,24.4297,95.169,"113 km E of Wangjing, India",4.4,,,,earthquakes,2026.0,3.0
us6000sgsp,2026-03-17 06:38:51.141000+00:00,Earthquake,Earthquake,24.7196,94.344,"30 km E of Yairipok, India",4.4,,,,earthquakes,2026.0,3.0
us7000s83u,2026-03-18 04:22:59.987000+00:00,Earthquake,Earthquake,24.8382,94.6026,"58 km ENE of Yairipok, India",4.2,,,,earthquakes,2026.0,3.0
us7000s73v,2026-03-23 17:27:41.787000+00:00,Earthquake,Earthquake,25.1048,95.0874,"85 km SE of Phek, India",4.2,,,,earthquakes,2026.0,3.0
us7000s8cy,2026-03-28 11:25:26.231000+00:00,Earthquake,Earthquake,24.8868,95.2287,"113 km SE of Phek, India",4.3,,,,earthquakes,2026.0,3.0
us7000s8fi,2026-03-28 11:52:23.542000+00:00,Earthquake,Earthquake,10.2798,93.7211,"186 km SE of Port Blair, India",4.6,,,,earthquakes,2026.0,3.0
us7000sb6g,2026-03-28 20:31:04.261000+00:00,Earthquake,Earthquake,6.874,92.4639,"Nicobar Islands, India region",4.3,,,,earthquakes,2026.0,3.0
us7000s8h7,2026-03-29 03:14:38.812000+00:00,Earthquake,Earthquake,27.1414,88.1012,"13 km W of Naya Bazar, India",4.5,,,,earthquakes,2026.0,3.0
us6000sqcj,2026-04-05 00:05:48.007000+00:00,Earthquake,Earthquake,6.2934,92.4536,"Nicobar Islands, India region",4.0,,,,earthquakes,2026.0,4.0
us6000sn31,2026-04-06 19:23:40.151000+00:00,Earthquake,Earthquake,24.2348,93.9187,"27 km ESE of Churachandpur, India",4.4,,,,earthquakes,2026.0,4.0
us6000sn6y,2026-04-07 08:48:27.692000+00:00,Earthquake,Earthquake,24.768,92.8187,"6 km SSE of Silchar, India",4.9,,,,earthquakes,2026.0,4.0
us6000snkz,2026-04-08 22:13:51.268000+00:00,Earthquake,Earthquake,10.4649,93.722,"170 km SE of Port Blair, India",4.6,,,,earthquakes,2026.0,4.0
us6000snr8,2026-04-09 20:02:23.844000+00:00,Earthquake,Earthquake,25.1876,95.136,"83 km SE of Phek, India",4.2,,,,earthquakes,2026.0,4.0
us6000srl9,2026-04-10 03:36:01.376000+00:00,Earthquake,Earthquake,9.0424,94.003,"Nicobar Islands, India region",4.3,,,,earthquakes,2026.0,4.0
us6000sp95,2026-04-11 03:15:24.100000+00:00,Earthquake,Earthquake,19.4358,77.2433,"14 km NE of Basmat, India",4.5,,,,earthquakes,2026.0,4.0
us6000spdm,2026-04-11 22:52:27.066000+00:00,Earthquake,Earthquake,33.0628,76.2039,"46 km ENE of Bhadarwah, India",4.6,,,,earthquakes,2026.0,4.0
us6000ss01,2026-04-12 03:51:59.593000+00:00,Earthquake,Earthquake,24.9223,92.5761,"6 km NNW of Badarpur, India",4.3,,,,earthquakes,2026.0,4.0
us6000sq30,2026-04-14 21:04:50.603000+00:00,Earthquake,Earthquake,27.3137,92.0096,"30 km SSE of Tawang, India",4.0,,,,earthquakes,2026.0,4.0
us6000sqr4,2026-04-17 08:53:37.462000+00:00,Earthquake,Earthquake,26.4175,96.0185,"80 km SE of Khonsa, India",4.3,,,,earthquakes,2026.0,4.0
us6000srqj,2026-04-21 00:29:35.307000+00:00,Earthquake,Earthquake,24.6319,94.6985,"64 km E of Wangjing, India",5.0,,,,earthquakes,2026.0,4.0
us7000shgu,2026-05-01 03:12:50.564000+00:00,Earthquake,Earthquake,8.076,91.8795,"Nicobar Islands, India region",4.8,,,,earthquakes,2026.0,5.0
us6000sx5v,2026-05-03 10:33:34.042000+00:00,Earthquake,Earthquake,8.1018,91.9353,"Nicobar Islands, India region",4.2,,,,earthquakes,2026.0,5.0
us6000svp7,2026-05-06 15:17:33.655000+00:00,Earthquake,Earthquake,28.8263,95.9696,"100 km NW of Hayuliang, India",4.6,,,,earthquakes,2026.0,5.0
us6000sw5i,2026-05-08 03:53:33.205000+00:00,Earthquake,Earthquake,10.1728,91.4911,"214 km SW of Port Blair, India",4.6,,,,earthquakes,2026.0,5.0
us6000swg5,2026-05-09 09:10:05.675000+00:00,Earthquake,Earthquake,26.0613,89.8969,"6 km WSW of Gauripur, India",4.4,,,,earthquakes,2026.0,5.0
us6000sx36,2026-05-12 05:18:57.354000+00:00,Earthquake,Earthquake,6.9852,92.3567,"Nicobar Islands, India region",4.9,,,,earthquakes,2026.0,5.0
us6000sy9z,2026-05-16 21:16:16.654000+00:00,Earthquake,Earthquake,13.0167,93.7021,"180 km NE of Bamboo Flat, India",4.7,,,,earthquakes,2026.0,5.0
us6000syd2,2026-05-17 09:38:20.742000+00:00,Earthquake,Earthquake,11.0619,95.1269,"268 km ESE of Port Blair, India",4.6,,,,earthquakes,2026.0,5.0
us7000sp9a,2026-05-29 12:22:53.455000+00:00,Earthquake,Earthquake,23.5653,93.6978,"61 km ENE of Khawhai, India",4.2,,,,earthquakes,2026.0,5.0
us7000spp6,2026-05-31 15:03:32.086000+00:00,Earthquake,Earthquake,7.5739,91.812,"Nicobar Islands, India region",4.5,,,,earthquakes,2026.0,5.0
us7000sri5,2026-06-02 02:13:16.466000+00:00,Earthquake,Earthquake,13.8636,92.8447,"239 km N of Bamboo Flat, India",4.5,,,,earthquakes,2026.0,6.0
us7000sqxa,2026-06-05 16:34:36.164000+00:00,Earthquake,Earthquake,32.405,76.5913,"32 km N of Palampur, India",4.9,,,,earthquakes,2026.0,6.0
us7000srnl,2026-06-09 02:52:49.039000+00:00,Earthquake,Earthquake,24.6389,95.3182,"127 km E of Wangjing, India",4.2,,,,earthquakes,2026.0,6.0
us7000ssem,2026-06-11 15:40:35.593000+00:00,Earthquake,Earthquake,24.9682,93.0641,"20 km NNE of Lakhipur, India",4.4,,,,earthquakes,2026.0,6.0
us7000suc2,2026-06-18 15:29:24.907000+00:00,Earthquake,Earthquake,24.3478,94.0847,"19 km SSE of Kakching, India",4.5,,,,earthquakes,2026.0,6.0
us7000suse,2026-06-20 04:33:10.698000+00:00,Earthquake,Earthquake,24.6492,94.7654,"71 km E of Wangjing, India",4.5,,,,earthquakes,2026.0,6.0
us6000t8gi,2026-06-21 00:52:54.610000+00:00,Earthquake,Earthquake,27.4598,92.0424,"17 km SE of Tawang, India",4.3,,,,earthquakes,2026.0,6.0
us6000t8gh,2026-06-21 00:53:20.793000+00:00,Earthquake,Earthquake,27.5061,92.1189,"20 km ESE of Tawang, India",4.3,,,,earthquakes,2026.0,6.0
us6000t8gl,2026-06-21 02:24:55.135000+00:00,Earthquake,Earthquake,27.4893,92.2066,"29 km ESE of Tawang, India",4.2,,,,earthquakes,2026.0,6.0
us6000tagw,2026-06-28 15:51:10.086000+00:00,Earthquake,Earthquake,12.1573,93.5587,"103 km ENE of Port Blair, India",4.2,,,,earthquakes,2026.0,6.0
us7000sz2t,2026-07-08 20:07:24.758000+00:00,Earthquake,Earthquake,19.1253,76.8385,"17 km SSE of Parbhani, India",4.2,,,,earthquakes,2026.0,7.0
us7000t0qg,2026-07-08 21:53:10.648000+00:00,Earthquake,Earthquake,19.6124,77.5148,"18 km W of Umarkhed, India",4.1,,,,earthquakes,2026.0,7.0
us7000t10t,2026-07-10 20:07:14.308000+00:00,Earthquake,Earthquake,12.8446,93.4161,"147 km NNE of Bamboo Flat, India",4.2,,,,earthquakes,2026.0,7.0
us7000szsn,2026-07-11 23:35:45.358000+00:00,Earthquake,Earthquake,16.4893,84.5578,"188 km SE of Yarada, India",4.5,,,,earthquakes,2026.0,7.0
us7000sztw,2026-07-12 06:30:39.304000+00:00,Earthquake,Earthquake,25.5816,90.6477,"45 km E of Tura, India",4.3,,,,earthquakes,2026.0,7.0
us7000t1cw,2026-07-13 06:14:16.521000+00:00,Earthquake,Earthquake,7.7688,91.7704,"Nicobar Islands, India region",4.5,,,,earthquakes,2026.0,7.0
us7000t20r,2026-07-20 19:37:40.866000+00:00,Earthquake,Earthquake,11.8801,93.2348,"58 km ENE of Port Blair, India",4.5,,,,earthquakes,2026.0,7.0
us7000t2ak,2026-07-21 18:55:57.736000+00:00,Earthquake,Earthquake,28.1539,92.5278,"87 km NE of Tawang, India",4.2,,,,earthquakes,2026.0,7.0
us7000t3di,2026-07-25 23:09:26.701000+00:00,Earthquake,Earthquake,25.9839,95.2638,"54 km SE of Tuensang, India",4.5,,,,earthquakes,2026.0,7.0
us6000tgck,2026-07-28 11:24:21.714000+00:00,Earthquake,Earthquake,13.1762,91.9508,"183 km NNW of Bamboo Flat, India",4.6,,,,earthquakes,2026.0,7.0
us6000ti9w,2026-08-05 10:06:09.955000+00:00,Earthquake,Earthquake,29.0027,94.681,"60 km NNE of Shi Yomi, India",5.0,,,,earthquakes,2026.0,8.0
us6000tigl,2026-08-06 00:15:17.634000+00:00,Earthquake,Earthquake,29.0283,94.6765,"62 km NNE of Shi Yomi, India",4.8,,,,earthquakes,2026.0,8.0
us6000tjh9,2026-08-09 19:51:32.899000+00:00,Earthquake,Earthquake,30.8712,78.3266,"13 km ENE of Barkot, India",4.3,,,,earthquakes,2026.0,8.0
us6000tk1m,2026-08-11 19:55:41.169000+00:00,Earthquake,Earthquake,10.5368,93.5204,"150 km SE of Port Blair, India",4.8,,,,earthquakes,2026.0,8.0
us6000tlnz,2026-08-18 14:10:03.059000+00:00,Earthquake,Earthquake,32.5029,76.6142,"39 km WSW of Kyelang, India",4.3,,,,earthquakes,2026.0,8.0
0,,Earthquake,Ground movement,32.04,76.16,Kangra,,20000.0,,,historical_india,,
1,,Storm,Tropical cyclone,,,"Cuddalore, Pondicherry",,300.0,,,historical_india,,
2,,Storm,Tropical cyclone,,,Punjab province,,1242.0,1000000.0,,historical_india,,
3,,Storm,Tropical cyclone,,,"Bezwada, Masulipatam",,80.0,,,historical_india,,
4,,Flood,Riverine flood,,,Bengal,,,,,historical_india,,
5,,Storm,Tropical cyclone,,,"Gujarat, Ahmedabad, Baroda",,56.0,40010.0,,historical_india,,
6,,Storm,Tropical cyclone,,,Nellore,,629.0,,,historical_india,,
7,,Flood,Flood (General),,,"Godavari, Vizagapatnam",,36.0,2000.0,,historical_india,,
8,,Storm,Storm (General),,,"Madras, Negapatam",,100.0,,,historical_india,,
9,,Storm,Tropical cyclone,,,,,60000.0,,,historical_india,,
10,,Storm,Tropical cyclone,,,Guntur (Madras),,233.0,,,historical_india,,
11,,Storm,Tropical cyclone,,,"Orissa, West Bengal",,40000.0,,,historical_india,,
12,,Storm,Tropical cyclone,,,Rajputana,,5000.0,,,historical_india,,
13,,Storm,Storm (General),,,Madras,,,30000.0,,historical_india,,
14,,Storm,Tropical cyclone,,,Assam,,304.0,,,historical_india,,
15,,Storm,Tropical cyclone,,,"Gujarat, Punjab",,,2000.0,,historical_india,,
16,,Storm,Tropical cyclone,,,"East & West Godavari districts, Masulipatnam",,1000.0,,,historical_india,,
17,,Flood,Riverine flood,,,Saurashtra,,45.0,25000.0,,historical_india,,
18,,Earthquake,Ground movement,28.5,96.5,Assam province,,1500.0,,,historical_india,,
19,,Storm,Storm (General),,,West,,90.0,,,historical_india,,
20,,Flood,Flood (General),,,,,100.0,,,historical_india,,
21,,Storm,Tropical cyclone,,,"Tanjore, Tiruchi",,400.0,1000000.0,,historical_india,,
22,,Storm,Storm (General),,,,,350.0,,,historical_india,,
23,,Flood,Flood (General),,,,,80.0,,,historical_india,,
24,,Storm,Tropical cyclone,,,Punjab,,1500.0,375000.0,,historical_india,,
25,,Storm,Tropical cyclone,,,Tanjore,,500.0,,,historical_india,,
26,,Storm,Storm (General),,,,,120.0,,,historical_india,,
27,,Storm,Tropical cyclone,,,"Parganas, Midnapore (West Bengal)",,,1000000.0,,historical_india,,
28,,Flood,Flood (General),,,"Gujarat, Saurashtra, Kutch",,,2000.0,,historical_india,,
29,,Flood,Flood (General),,,"Bihar, Uttar Pradesh",,100.0,75000.0,,historical_india,,
30,,Earthquake,Ground movement,23.0,70.0,"Anjar, Bhuj, Gandhidham, Kandla",,113.0,219.0,,historical_india,,
31,,Flood,Flood (General),,,,,50.0,,,historical_india,,
32,,Flood,Flood (General),,,"Madya Pradesh, Uttar Pradesh",,42.0,10000.0,,historical_india,,
33,,Flood,Flood (General),,,,,92.0,,,historical_india,,
34,,Flood,Flood (General),,,,,53.0,,,historical_india,,
35,,Storm,Storm (General),,,Vishakhapatam,,,20000.0,,historical_india,,
36,,Flood,Flood (General),,,Madras city,,5.0,5000.0,,historical_india,,
37,,Flood,Flood (General),,,Kutch,,17.0,13000.0,,historical_india,,
38,,Flood,Flood (General),,,,,104.0,,,historical_india,,
39,,Flood,Flood (General),,,,,500.0,,,historical_india,,
40,,Flood,Flood (General),,,"Maduri, Madras City",,5.0,160000.0,,historical_india,,
41,,Flood,Flood (General),,,,,30.0,,,historical_india,,
42,,Flood,Flood (General),,,,,47.0,,,historical_india,,
43,,Flood,Flood (General),,,,,155.0,,,historical_india,,
44,,Flood,Flood (General),,,North,,2000.0,,,historical_india,,
45,,Flood,Flood (General),,,"Central, West India",,,2000.0,,historical_india,,
46,,Flood,Flood (General),,,Uttar Pradesh,,57.0,,,historical_india,,
47,,Flood,Flood (General),,,,,1000.0,,,historical_india,,
48,,Storm,Storm (General),,,"Punjab, Delhi, M.P.",,,40000.0,,historical_india,,
49,,Flood,Flood (General),,,,,100.0,,,historical_india,,
50,,Flood,Flood (General),,,,,73.0,,,historical_india,,
51,,Storm,Storm (General),,,"Orissa, Uttar Pradesh, Punjab",,200.0,5000000.0,,historical_india,,
52,,Storm,Tropical cyclone,,,,,112.0,,,historical_india,,
53,,Flood,Flood (General),,,,,200.0,,,historical_india,,
54,,Flood,Flood (General),,,"Assam, Bihar, Punjab",,145.0,752210.0,,historical_india,,
55,,Flood,Flood (General),,,Andhra Pradesh,,,18400.0,,historical_india,,
56,,Storm,Tropical cyclone,,,Rameswaram,,500.0,,,historical_india,,
57,,Flood,Flood (General),,,,,51.0,,,historical_india,,
58,,Flood,Flood (General),,,,,36.0,,,historical_india,,
59,,Flood,Flood (General),,,"Manipur, Assam",,47.0,900000.0,,historical_india,,
60,,Storm,Tropical cyclone,,,Madras state,,18.0,150000.0,,historical_india,,
61,,Earthquake,Ground movement,28.7,78.9,North,,15.0,,,historical_india,,
62,,Flood,Flood (General),,,"North, Central",,300.0,1000000.0,,historical_india,,
63,,Storm,Tropical cyclone,,,Orissa,,1000.0,,,historical_india,,
64,,Earthquake,Ground movement,17.412,73.885,"Maharashtra, Koynana",,177.0,52272.0,,historical_india,,
65,,Flood,Flood (General),,,Assam,,,1000000.0,,historical_india,,
66,,Flood,Flash flood,,,"(1) Rajasthan, Gujarat - (2) North-East, West Bengal, Assam",,4892.0,7500000.0,,historical_india,,
67,,Storm,Tropical cyclone,,,"Ramanathapurum, Thanjavur",,7.0,15000.0,,historical_india,,
68,,Flood,Flood (General),,,,,1000.0,,,historical_india,,
69,,Flood,Flood (General),,,,,560.0,,,historical_india,,
70,,Storm,Tropical cyclone,,,"Guntur, Krishna, Godavari (Andhra Pradesh)",,600.0,260000.0,,historical_india,,
71,,Storm,Storm (General),,,Kannaman,,15.0,92.0,,historical_india,,
72,,Storm,Storm (General),,,Madras City,,,20000.0,,historical_india,,
73,,Storm,Tropical cyclone,,,Andhra Pradesh,,200.0,,,historical_india,,
74,,Flood,Flood (General),,,"North-East, Western, North",,627.0,10351000.0,,historical_india,,
75,,Storm,Storm (General),,,Madras city (Tamil Nadu),,,2000.0,,historical_india,,
76,,Flood,Flood (General),,,"Gujarat, Orissa states",,400.0,,,historical_india,,
77,,Earthquake,Ground movement,21.7,73.0,Broach,,26.0,200.0,,historical_india,,
78,,Flood,Flood (General),,,North,,1023.0,,,historical_india,,
79,,Flood,Flood (General),,,Uttar Pradesh,,300.0,35000.0,,historical_india,,
80,,Storm,Tropical cyclone,,,"East coast, Orissa state",,9658.0,6900000.0,,historical_india,,
81,,Storm,Tropical cyclone,,,"Bihar, West Bengal",,60.0,,,historical_india,,
82,,Flood,Flood (General),,,"Brahmaputra, Dhemaji, North Lakhimpur, Jorhat, Tezpur sub-divisions",,,130000.0,,historical_india,,
83,,Storm,Tropical cyclone,,,"Andhra Pradesh, Orissa",,100.0,4500000.0,,historical_india,,
84,,Storm,Storm (General),,,"Srinagar, Kashmir",,50.0,75.0,,historical_india,,
85,,Storm,Tropical cyclone,,,Madras City,,80.0,30000.0,,historical_india,,
86,,Storm,Tropical cyclone,,,"West Bengal, Madya Pradesh, Gujarat states",,20.0,100.0,,historical_india,,
87,,Storm,Tropical cyclone,,,Midnapore,,,25000.0,,historical_india,,
88,,Flood,Flood (General),,,"Tinsukia, Dhemaji, Nowgong, Majuli, Jorhat, Dhubri",,260.0,,,historical_india,,
89,,Earthquake,Ground movement,32.455,78.43,"Kinnaur district, Kashmir; Himachal Pradesh",,47.0,,,historical_india,,
90,,Flood,Flood (General),,,"Northwest, Bihar",,350.0,34000000.0,,historical_india,,
91,,Storm,Storm (General),,,Eastern,,450.0,,,historical_india,,
92,,Storm,Storm (General),,,Bulandshar (Uttar Pradesh),,30.0,,,historical_india,,
93,,Storm,Storm (General),,,Gujarat,,21.0,,,historical_india,,
94,,Storm,Tropical cyclone,,,Madras city,,,2000.0,,historical_india,,
95,,Storm,Tropical cyclone,,,"Midnapore, Parganas districts (West Bengal), Balasore district (Orissa)",,40.0,,,historical_india,,
96,,Storm,Tropical cyclone,,,Madras/Nellore (Andhra Pradesh),,95.0,300000.0,,historical_india,,
97,,Storm,Tropical cyclone,,,"Gujarat, Maharastra",,87.0,250000.0,,historical_india,,
98,,Storm,Tropical cyclone,,,"Krishna District, near Masulipatnam (Andhra Pradesh)",,18.0,,,historical_india,,
99,,Storm,Tropical cyclone,,,Between Nellore and Kavali (Andhra Pradesh),,30.0,50000.0,,historical_india,,
100,,Flood,Riverine flood,,,Ganges region,,500.0,1000000.0,,historical_india,,
101,,Flood,Flood (General),,,Tamil Nadu,,60.0,45000.0,,historical_india,,
102,,Storm,Tropical cyclone,,,"Tamil Nadu, Andhra Pradesh, Kerala",,14204.0,14469800.0,,historical_india,,
103,,Storm,Tropical cyclone,,,"North of Nellore district, South of Prakasam district (Andhra Pradesh)",,2.0,10000.0,,historical_india,,
104,,Storm,Tornado,,,New Delhi,,26.0,700.0,,historical_india,,
105,,Storm,Tornado,,,Orissa,,500.0,1400.0,,historical_india,,
106,,Storm,Tornado,,,West Bengal,,100.0,100.0,,historical_india,,
107,,Flood,Flood (General),,,"North, Northeast",,3800.0,32000000.0,,historical_india,,
108,,Flood,Flood (General),,,West Bengal,,810.0,,,historical_india,,
109,,Storm,Storm (General),,,,,15.0,1000.0,,historical_india,,
110,,Storm,Tropical cyclone,,,"Tamil Nadu, Kerala",,170.0,,,historical_india,,
111,,Storm,Tropical cyclone,,,Andhra Pradesh,,594.0,1605772.0,,historical_india,,
112,,Flood,Flood (General),,,"North West, North, North East",,100.0,1010000.0,,historical_india,,
113,,Flood,Flood (General),,,Assam,,13.0,1000000.0,,historical_india,,
114,,Flood,Flood (General),,,Tamil Nadu,,140.0,,,historical_india,,
115,,Flood,Flood (General),,,"Uttar Pradesh, Bihar, West Bengal",,,26000000.0,,historical_india,,
116,,Storm,Sand/Dust storm,,,Uttar Pradesh,,125.0,,,historical_india,,
117,,Flood,Flood (General),,,Assam,,,50000.0,,historical_india,,
118,,Flood,Flood (General),,,Gujarat,,11.0,1000.0,,historical_india,,
119,,Flood,Flood (General),,,"Uttar Pradesh, Bihar, Gujarat, Kerala, Haryana",,1600.0,30000023.0,,historical_india,,
120,,Earthquake,Ground movement,32.913,75.633,Jammu (Kashmir),,13.0,40.0,,historical_india,,
121,,Flood,Flood (General),,,Orissa,,200.0,2000000.0,,historical_india,,
122,,Storm,Tropical cyclone,,,"Srikakulam, Visakhapatnam, East & West Godavari districts (Andhra Pradesh)",,28.0,,,historical_india,,
123,,Flood,Flood (General),,,,,600.0,,,historical_india,,
124,,Storm,Tornado,,,Orissa,,120.0,10000.0,,historical_india,,
125,,Flood,Flood (General),,,,,553.0,16000000.0,,historical_india,,
126,,Storm,Storm (General),,,Gujarat,,470.0,,,historical_india,,
127,,Storm,Tropical cyclone,,,"Orissa, West Bengal",,200.0,20000.0,,historical_india,,
128,,Storm,Tropical cyclone,,,"Puri, Ganjam, Koraput, Kalhandi, Phulbani, Sundergarh districts (Orissa state)",,15.0,101700.0,,historical_india,,
129,,Flood,Flood (General),,,Northeast,,932.0,33500000.0,,historical_india,,
130,,Storm,Tropical cyclone,,,"Gujarat, Maharashtra",,500.0,5000000.0,,historical_india,,
131,,Storm,Tropical cyclone,,,Orissa state,,244.0,300493.0,,historical_india,,
132,,Flood,Flood (General),,,North-East region,,,,,historical_india,,
133,,Storm,Tropical cyclone,,,West Bengal,,76.0,7500.0,,historical_india,,
134,,Storm,Storm (General),,,West Bengal,,24.0,35300.0,,historical_india,,
135,,Storm,Storm (General),,,"Himachal Pradesh, Punjab",,31.0,,,historical_india,,
136,,Storm,Tropical cyclone,,,Saurashtra coast (N-W. Gujarat),,551.0,800000.0,,historical_india,,
137,,Flood,Flood (General),,,"Upper Assama, Central Sikkim",,197.0,250000.0,,historical_india,,
138,,Flood,Flood (General),,,Central - Western,,130.0,,,historical_india,,
139,,Storm,Tropical cyclone,,,"Andhra Pradesh, Orissa",,100.0,714000.0,,historical_india,,
140,,Flood,Flood (General),,,Tamil Nadu,,58.0,,,historical_india,,
141,,Flood,Flood (General),,,,,400.0,,,historical_india,,
142,,Flood,Flood (General),,,North-East states,,245.0,16000000.0,,historical_india,,
143,,Storm,Tropical cyclone,,,"Tamil Nadu state + Chittoor, Nellore districts (Andhra Pradesh state)",,524.0,1300000.0,,historical_india,,
144,,Earthquake,Ground movement,24.4,92.34,Cachar district (Assam),,20.0,10900.0,,historical_india,,
145,,Storm,Tropical cyclone,,,"Ravalaseema, Kerala, Tamil Nadu",,,35000.0,,historical_india,,
146,,Flood,Flood (General),,,"West Bengal, Uttar Pradesh, Assam, Bihar",,200.0,3000000.0,,historical_india,,
147,,Flood,Flash flood,,,Ladakh area,,14.0,,,historical_india,,
148,,Flood,Flood (General),,,"W Bengal, Uttar Pradesh & Orissa",,245.0,,,historical_india,,
149,,Flood,Flood (General),,,North-East region,,36.0,,,historical_india,,
150,,Flood,Flood (General),,,Punjab (Western),,133.0,25000.0,,historical_india,,
151,,Flood,Flood (General),,,"Uttar Pradesh, West Bengal, Punjab (North, North-West, East India)",,741.0,10225000.0,,historical_india,,
152,,Storm,Tropical cyclone,,,Andhra Pradesh,,78.0,5000.0,,historical_india,,
153,,Flood,Flood (General),,,Tamil Nadu,,130.0,900000.0,,historical_india,,
154,,Flood,Riverine flood,,,"Uttar Pradesh, Bihar",,557.0,152000.0,,historical_india,,
155,,Flood,Riverine flood,,,"Kerala, Assam, Bombay, Karnataka, Goa states",,95.0,25000.0,,historical_india,,
156,,Storm,Storm (General),,,,,100.0,100000.0,,historical_india,,
157,,Storm,Tropical cyclone,,,Rajasthan state,,11.0,100.0,,historical_india,,
158,,Storm,Storm (General),,,Uttar Pradesh,,71.0,,,historical_india,,
159,,Flood,Riverine flood,,,Andhra Pradesh,,187.0,245000.0,,historical_india,,
160,,Storm,Tropical cyclone,,,"Calcutta, Midnapore district (West bengal)",,13.0,3300000.0,,historical_india,,
161,,Flood,Flood (General),,,,,50.0,,,historical_india,,
162,,Storm,Blizzard/Winter storm,,,Cashmire,,65.0,,,historical_india,,
163,,Earthquake,Ground movement,32.128,76.374,Dharmsala,,6.0,30.0,,historical_india,,
164,,Flood,Flood (General),,,,,14.0,150000.0,,historical_india,,
165,,Storm,Storm (General),,,,,230.0,,,historical_india,,
166,,Flood,Riverine flood,,,"Assam, Bihar, West Bengal",,1200.0,18000000.0,,historical_india,,
167,,Storm,Tropical cyclone,,,"Andhra Pradesh, Tami Nadu",,38.0,50000.0,,historical_india,,
168,,Storm,Tropical cyclone,,,"Guntur, Prakasam district (Andhra Pradesh)",,25.0,30000.0,,historical_india,,
169,,Storm,Storm (General),,,"Bihar, Uttar Pradesh",,63.0,,,historical_india,,
170,,Storm,Storm (General),,,Bihar,,40.0,,,historical_india,,
171,,Flood,Flood (General),,,Cachemire,,25.0,,,historical_india,,
172,,Flood,Flood (General),,,Andhra Pradesh,,30.0,,,historical_india,,
173,,Flood,Flood (General),,,Uttar Pradesh,,59.0,300000.0,,historical_india,,
174,,Flood,Riverine flood,,,"Bihar, West Bengal, Assam",,250.0,16500000.0,,historical_india,,
175,,Earthquake,Ground movement,26.755,86.616,"Dharbhanga, Madhubani, Saharsa, Munger, Khagana, Bihar Sharie (Bihar State)",,382.0,20003766.0,,historical_india,,
176,,Flood,Riverine flood,,,"Punjab, Himachal Pradesh, Haryana, Jamuu and Kashmir, Delhi",,1000.0,221000.0,,historical_india,,
177,,Storm,Tropical cyclone,,,West Bengal,,74.0,1900000.0,,historical_india,,
178,,Flood,Flood (General),,,"Uttar Pradesh, Assam, Bihar, West Bengal, Arunachal Pradesh",,850.0,5600000.0,,historical_india,,
179,,Flood,Riverine flood,,,"Maharashtra, Andhra Pradesh, Gujarat",,1591.0,,,historical_india,,
180,,Storm,Tropical cyclone,,,"Coastal Orissa, West Bengal",,43.0,3700000.0,,historical_india,,
181,,Storm,Tropical cyclone,,,Southern India,,50.0,,,historical_india,,
182,,Flood,Riverine flood,,,"Assam, Arunachal Pradesh, Manipur, Mizorem",,18.0,2000.0,,historical_india,,
183,,Storm,Tropical cyclone,,,"Guntur, Krishna, East and West Godavari, Visakhapatnam districts (Andhra Pradesh)",,957.0,2600000.0,,historical_india,,
184,,Flood,Flash flood,,,"Jammu, Kargil district (Kashmir)",,69.0,,,historical_india,,
185,,Storm,Severe weather,,,Golfe du Bengale,,500.0,,,historical_india,,
186,,Storm,Severe weather,,,Gujarat,,120.0,,,historical_india,,
187,,Flood,Riverine flood,,,Tami Nadu state,,60.0,,,historical_india,,
188,,Storm,Tropical cyclone,,,Ganjam district (Orissa),,250.0,1500000.0,,historical_india,,
189,,Flood,Flood (General),,,,,74.0,2000.0,,historical_india,,
190,,Storm,Storm (General),,,"Meghalaya, Manipur, Tinsukia",,16.0,,,historical_india,,
191,,Flood,Riverine flood,,,Bombay (Assam state),,21.0,,,historical_india,,
192,,Flood,Coastal flood,,,"Assam, Meghalaya states",,59.0,2300000.0,,historical_india,,
193,,Flood,Riverine flood,,,"Bombay, Kerala, Gujarat",,72.0,300000.0,,historical_india,,
194,,Flood,Coastal flood,,,"Assam, Tripura, Arunachal, Mizorem",,30.0,2000000.0,,historical_india,,
195,,Earthquake,Ground movement,30.78,78.774,"Harsil (near Gangotri, Uttarkashi's Bhagirathi valley, Uttar Pradesh)",,1500.0,54383.0,,historical_india,,
196,,Storm,Tropical cyclone,,,"Andhra Pradesh, Tamil Nadu, Pondicherry",,125.0,25000.0,,historical_india,,
197,,Flood,Riverine flood,,,Near Thondebhavi (Karnataka),,60.0,,,historical_india,,
198,,Flood,Riverine flood,,,Kerala state,,99.0,,,historical_india,,
199,,Flood,Riverine flood,,,"Andhra Pradesh, Maharashtra, Orissa, Gujarat, Madhya Pradesh",,524.0,100000.0,,historical_india,,
200,,Flood,Riverine flood,,,"Haryana, Uttar Pradesh, Himachal Pradesh, Bihar states",,88.0,,,historical_india,,
201,,Flood,Riverine flood,,,West Bengal state,,84.0,4000000.0,,historical_india,,
202,,Flood,Riverine flood,,,"Uttar Pradesh, Jammu, Madhya Pradesh",,500.0,70000.0,,historical_india,,
203,,Storm,Tropical cyclone,,,Naogoan district (Assam state),,25.0,100.0,,historical_india,,
204,,Flood,Riverine flood,,,"Vamanapuram, Amravilla (Trivadrum district, Kerala state)",,51.0,500.0,,historical_india,,
205,,Storm,Severe weather,,,"Kerala, Gujarat, Orissa states",,60.0,,,historical_india,,
206,,Flood,Riverine flood,,,Orissa state,,16.0,3000000.0,,historical_india,,
207,,Flood,Flood (General),,,"Tamil Nadu, Kerala, Karnataka, Andhra Pradesh states",,179.0,500.0,,historical_india,,
208,,Flood,Flood (General),,,"Punjab, Haryana, Himachal Pradesh, Gujarat, Jammu and Kashmir, Rajasthan, Madhya Pradesh, Chandigarh, Assam states",,827.0,128000000.0,,historical_india,,
209,,Earthquake,Ground movement,16.4,74.2,"Killari, Haegoan, Sostour, Holi (Latur and Osmanabad districts, Maharastra state)",,9748.0,30000.0,,historical_india,,
210,,Storm,Tropical cyclone,,,"Tamil Nadu, Karaikal region (Pondicherry)",,61.0,72000.0,,historical_india,,
211,,Storm,Tropical cyclone,,,"Near Kandi (Murshidabad district, West Bengal)",,125.0,500.0,,historical_india,,
212,,Flood,Flash flood,,,Karnataka state,,35.0,10000.0,,historical_india,,
213,,Flood,Riverine flood,,,Uttar Pradesh,,227.0,3000.0,,historical_india,,
214,,Flood,Riverine flood,,,"Tripura, Karamganj (Assam)",,,50000.0,,historical_india,,
215,,Flood,Riverine flood,,,Himachal Pradesh,,175.0,,,historical_india,,
216,,Earthquake,Ground movement,18.12,76.533,Latur area,,,525.0,,historical_india,,
217,,Flood,Flood (General),,,"Assam, Arunachal Pradesh, Jammu and Kashmir, Himachal, Punjab, Uttar Pradesh, Goa, Kerala, Gujarat states",,2001.0,12060050.0,,historical_india,,
218,,Storm,Tropical cyclone,,,"Tamil Nadu, Andhra Pradesh, Karnataka states",,208.0,428500.0,,historical_india,,
219,,Storm,Tornado,,,Mormugao,,11.0,100.0,,historical_india,,
220,,Flood,Riverine flood,,,New Delhi,,14.0,2550.0,,historical_india,,
221,,Flood,Riverine flood,,,"Bihar, Haryana, Punjab, Rajasthan, Himachal Pradesh, Jammu and Kasmir, Uttar Pradesh, West Bengal, Maharashtra states",,1479.0,32704000.0,,historical_india,,
222,,Storm,Tropical cyclone,,,"Orissa, Andra Pradesh",,128.0,,,historical_india,,
223,,Storm,Tropical cyclone,,,Andhra Pradesh,,94.0,12000.0,,historical_india,,
224,,Flood,Riverine flood,,,Sikkim state,,35.0,,,historical_india,,
225,,Flood,Riverine flood,,,Andhra Pradesh,,,3000.0,,historical_india,,
226,,Storm,Tropical cyclone,,,"Andhra Pradesh, Karnataka, Kerala, West Begal, Tamil Nadu, Gujarat, Maharashtra, Uttar Pradesh, Assam, Haryana, Jammu and Kashmir, Rajasthan, Arunachal, Bihar, Tripura states",,731.0,1842100.0,,historical_india,,
227,,Storm,Tropical cyclone,,,Oman Sea,,92.0,,,historical_india,,
228,,Flood,Flood (General),,,Jammu & Kashmir state,,226.0,70000.0,,historical_india,,
229,,Flood,Flood (General),,,Uttar Pradesh,,21.0,10.0,,historical_india,,
230,,Flood,Riverine flood,,,"Tamil Nadu, Andhra Pradesh, Kerala, Karnataka states",,388.0,100000.0,,historical_india,,
231,,Storm,Tropical cyclone,,,"East and West Godavari, Kakinada (Andhra Pradesh state)",,708.0,7000000.0,,historical_india,,
232,,Storm,Tropical cyclone,,,Andhra Pradesh,,6.0,335000.0,,historical_india,,
233,,Flood,Riverine flood,,,"West Bengal, Arunachal Pradesh, Assam",,82.0,3000000.0,,historical_india,,
234,,Flood,Flood (General),,,"Bihar, Assam, Gujarat, Haryana, Kerala, Rajasthan, Uttar Pradesh",,500.0,100000.0,,historical_india,,
235,,Flood,Riverine flood,,,"Kishanganj, Darbhanga, Sitamarhi, Saharsa districts (Bihar state)",,74.0,4000000.0,,historical_india,,
236,,Earthquake,Ground movement,23.083,80.041,Jabalpur (Madhya Pradesh),,43.0,156500.0,,historical_india,,
237,,Flood,Riverine flood,,,"Chandigarh, Chirgaon, Himalayan state of Himachal Pradesh.",,135.0,20.0,,historical_india,,
238,,Flood,Coastal flood,,,Coastal districts of West Bengal (no better info),,400.0,,,historical_india,,
239,,Storm,Tropical cyclone,,,Andhra Pradesh,,25.0,,,historical_india,,
240,,Flood,Flood (General),,,"Andhra Pradesh, Arunachal Pradesh, Assam, Bihar, Gujarat, Himachal Pradesh, Jammu and Kashmir, Karnataka, Kerala, Maharashtra, Madyha Pradesh, Orissa, Punjab, Rajasthan, Sikkim, Uttar Pradesh, West Bengal states",,1442.0,29259000.0,,historical_india,,
241,,Flood,Riverine flood,,,"Mehsana, Gandhi Nagar, Ahmedabad, Kheda, Sabarkanda, Vadodra, Banaskanda, Surender Nagar districts (Gujarat state)",,111.0,1000000.0,,historical_india,,
242,,Flood,Flood (General),,,West,,244.0,,,historical_india,,
243,,Flood,Riverine flood,,,Guntoor (Guntur) and Prakasham districts (Andhra Pradesh),,25.0,,,historical_india,,
244,,Storm,Tornado,,,"Tanton, Jaleshwar (Midnapore, West Bengal), Balasore district (Orissa)",,250.0,40500.0,,historical_india,,
245,,Storm,Tropical cyclone,,,"Kutch, Porbandar, Jamnagar, Junagadh, Amreli, Bhavnagar, Banaskhanta, Surat, Bharuch, Rajkot, Valsad, Nasvari districts (Gujarat state), Barmer, Jallore districts (Rajasthan state), Ratnagiri district (Maharasthra)",,2871.0,4600893.0,,historical_india,,
246,,Storm,Tropical cyclone,,,Bombay (city) Level 1 = Maharashtra,,250.0,,,historical_india,,
247,,Storm,Storm (General),,,"West Begala, Midnapur dis.- Level 1 = Uttar Pradesh",,100.0,20000.0,,historical_india,,
248,,Flood,Flood (General),,,"Assam, Arunachal, Bihar, Kerala, Meghalaya, Punjab, Sikkim, Uttar Pradesh, West Bengal states",,1811.0,29227200.0,,historical_india,,
249,,Flood,Flash flood,,,"Gujarat, Maharashtra states",,90.0,50000.0,,historical_india,,
250,,Flood,Flood (General),,,"Andhra Pradesh, Hyderabad",,230.0,375000.0,,historical_india,,
251,,Earthquake,Ground movement,30.512,79.403,"Chamoli, Rudraprayag, Bageshwar (new district), Tehri Garhwal, Pauri Garhwal district",,100.0,477894.0,,historical_india,,
252,,Storm,Tropical cyclone,,,Gujarat Coast,,451.0,40696.0,,historical_india,,
253,,Flood,Riverine flood,,,"Assam, Bihar, Gujarat, Karnataka, Kerala, Tripura, West Bengal, Arunachal Pradesh, Punjab",,325.0,5500000.0,,historical_india,,
254,,Flood,Flood (General),,,"Uttar Pradesh, Bihar, West Bengal, Madhya Prasdeh, Delhi",,229.0,22120000.0,,historical_india,,
255,,Storm,Tropical cyclone,,,"Orissa, Ganjam, Puri, Khurda, Gajapathi",,84.0,1201000.0,,historical_india,,
256,,Storm,Tropical cyclone,,,"Kendrapara, Jagatsinghpur, Khurda, Puri, Cuttack, Nayagarh, Bhadrak, Keonjhar, Dhenkanal, Balasore, Mayurbhang, Jajapur (Orissa, Andhra Pradesh, West Bengal states)",,9843.0,12628312.0,,historical_india,,
257,,Storm,Tropical cyclone,,,Andhra Pradesh province,,,,,historical_india,,
258,,Flood,Flash flood,,,"Yingkiang,Tuting villages (Upper Siang (70051) district, Arunachal Pradesh province), Along, Boleng villages (70054 district, Arunachal Pradesh province), Pasighat, Sika-bamin, Komlighat, Raneghat (70041 district, Arunachal Pradesh province), Tezu, Mahadevpur villages (Lohit district, Arunachal Pradesh province), Golaghat, Nagaon districts (Assam province), ",,20.0,3000000.0,,historical_india,,
259,,Flood,Flash flood,,,"East Siang, 70041, West Siang, 70054, Upper Siang (70051), 70045, 70050, Lower Dibang Valley districts (Arunachal Pradesh province)",,130.0,,,historical_india,,
260,,Flood,Riverine flood,,,"Katihar, Sitamarhi districts (Bihar province), Kinnaur district (Himachal Pradesh province), Bankura, Barddhaman, Birbhum, Haora, Hugli, Maldah, Murshidabad, Nadia, North 24 Parganas, West Midnapore districts (West Bengal province), Pithoragarh, Naini Tal districts (Uttarakhand province), Ahmadabad district (Gujarat province), Andhra Pradesh, Assam, Arunachal Pradesh, Madhya Pradesh, Punjab, Uttar Pradesh, Maharashtra, Rajasthan, Chandigarh, Kerala",,867.0,22000000.0,,historical_india,,
261,,Flood,Flash flood,,,"Adilabad, Cuddapah, East Godavari, Guntur, Hyderabad, Karimnagar, Khammam, Krishna, Kurnool, Mahbubnagar, Medak, Nalgonda, Nellore, Nizamabad, Prakasam, Rangareddi, Vishakhapatnam, Warangal, West Godavari districts (Andhra Pradesh province)",,179.0,252016.0,,historical_india,,
262,,Flood,Riverine flood,,,"Birbhum, Bardhaman, Murshidabad, Maldah districts (West Bengal province), Dumka, Sahibganj, Deoghar districts (Jharkhand province), Banka, Bhagalpur, Munger, Sheikhpura districts (Bihar province)",,884.0,24600000.0,,historical_india,,
263,,Flood,Flood (General),,,North 24 Parganas district (West Bengal province),,6.0,534035.0,,historical_india,,
264,,Storm,Tropical cyclone,,,"Nagappattinam, Thanjavur, Sirkali, Papanasam, Tiruvallur, Tiruvarur areas (Cuddalore district, Tamil Nadu province), Andhra Pradesh province",,,30000.0,,historical_india,,
265,,Earthquake,Ground movement,23.419,70.232,"Ahmadabad, Amreli, Anand, Banas Kantha, Bharuch, Bhavnagar, Dahdod, Gandhinagar, Jamnagar, Junagadh, Kachchh, Kheda, Mahesana, Navsari, Patan, Porbandar, Rajkot, Sabar Kantha, Surat, Surendranagar, Vadodara districts (Gurajat province)",,20005.0,6321812.0,,historical_india,,
266,,Flood,Riverine flood,,,"Silchar city (Cachar district, Assam province), Patharkandi village (Karimganj district, Assam province), West Tripura district (Tripura province)",,5.0,700000.0,,historical_india,,
267,,Flood,Riverine flood,,,"Marshagal, Mahakalpada villages (Kendrapara district, Orissa province), Kakatpur, Astaranga, Kanas, Delanga villages (Puri district, Orissa province), Banki, Kantapada villages (Cuttack district, Orissa province), Balipatna villages (Khordha district, Orissa province), Atharmalik villages (Angul district, Orissa province), Jajpur, Jagatsinghpur, Kalahandi, Koraput, Bolangir, Nayagarh, Baleshwar, Bhadrak districts (Orissa province), Dhamtari, Raipur, Mahasamund, Janjgir-Champa, Raigarh districts (Chhattisgarh province)",,100.0,9670000.0,,historical_india,,
268,,Storm,Lightning/Thunderstorms,,,Uttar Pradesh province,,21.0,,,historical_india,,
269,,Flood,Flood (General),,,"Hosdurg borough (Kanhangad city, Kasaragod district, Kerala province), Vertak Nagar area (Thane district, Maharashtra province), Bhandup area (Mumbai Suburban district, Maharashtra province)",,28.0,4.0,,historical_india,,
270,,Flood,Riverine flood,,,"Idukki, Kottayam, Pattanamtitta, Kollam, Alappuzha districts (Kerala province)",,86.0,40000.0,,historical_india,,
271,,Flood,Riverine flood,,,"Aurangabad, Bhojpur, Gopalganj, Jehanabad, Muzaffarpur, Nalanda, Pashchim Champaran, Patna, Purba Champaran, Rohtas, Saran, Sitamarhi, Siwan, Vaishali districts (Bihar province)",,,400000.0,,historical_india,,
272,,Flood,Flood (General),,,Delhi province,,10.0,36.0,,historical_india,,
273,,Flood,Flood (General),,,"Gopalganj, Purba Champaran, Pashchim Champaran, Muzaffarpur, Vaishali, Saran districts (Bihar province)",,158.0,7000000.0,,historical_india,,
274,,Flood,Flash flood,,,"Saran, Gopalganj, Purba Champaran, Madhubani districts (Bihar province), Uttar Pradesh province",,48.0,2800000.0,,historical_india,,
275,,Storm,Tropical cyclone,,,Andhra Pradesh province,,78.0,27000.0,,historical_india,,
276,,Storm,Tropical cyclone,,,"Gujarat, Goa, Maharashtra, Kerala provinces",,,,,historical_india,,
277,,Flood,Flood (General),,,"Saran, Gopalganj districts (Bihar province)",,146.0,,,historical_india,,
278,,Storm,Tropical cyclone,,,West Bengal province,,9.0,5050.0,,historical_india,,
279,,Storm,Hail,,,Orissa province,,,10200.0,,historical_india,,
280,,Storm,Lightning/Thunderstorms,,,"Gobalpur area (Hugli district, West Bengal), Kolkata, Jalpaiguri, Darjiling districts (West Bengal province)",,11.0,,,historical_india,,
281,,Flood,Riverine flood,,,"Barpeta, Bongaigaon, Cachar, Darrang, Dhemaji, Dhuburi, Dibrugarh, Goalpara, Golaghat, Jorhat, Kamrup, Karimganj, Kokrajhar, Lakhimpur, Marigaon, Nagaon, Nalbari, Sibsagar, Sonitpur, Tinsukia districts (Assam province), Araria, Begusarai, Bhagalpur, Darbhanga, Gopalganj, Katihar, Khagaria, Kishanganj, Madhepura, Madhubani, Muzaffarpur, Nalanda, Pashchim Champaran, Patna, Pruba Champaran, Purnia, Saharsa, Samastipur, Saran, Sheikhpura, Sheohar, Sitamarhi, Siwan, Supaul districts (Bihar province), Lahul and Spiti district (Himachal Pradesh province), Balaghat district (Madhya Pradesh province), Tehri Garhwal district (Uttarakhand province), Adilabad, Khammam, Karimnagar districts (Andhra Pradesh province), Jalpaiguri, Kochbihar, Darjiling districts (West Bengal province), Meghalaya, Tripura, Arunachal Pradesh, Gujarat, Kerala, Manipur, Maharashrta provinces",,549.0,42000000.0,,historical_india,,
282,,Flood,Riverine flood,,,"Tehri Garhwal district (Uttaranchal province), Bihar, Assam, Manipur provinces",,33.0,50.0,,historical_india,,
283,,Flood,Riverine flood,,,Balaghat district (Madhya Pradesh province),,100.0,3000.0,,historical_india,,
284,,Flood,Riverine flood,,,"Bharuch district (Gujarat province), Jalgaon, Nasik districts (Maharashtra province)",,22.0,5000.0,,historical_india,,
285,,Earthquake,Ground movement,13.036,93.068,Andaman Islands district (Andaman and Nicobar province),,2.0,200.0,,historical_india,,
286,,Flood,Riverine flood,,,"Kannur, Kasaragod, Kozhikode, Malappuram, Thiruvananthapuram districts (Kerala province)",,11.0,,,historical_india,,
287,,Storm,Tropical cyclone,,,"Baleshwar, Bhadrak, Jagatsinghpur, Kendrapara districts (Orissa province), East Midnapore, North 24 Parganas, South 24 Parganas (West Bengal province)",,124.0,,,historical_india,,
288,,Flood,Flood (General),,,"Chennai, Coimbatore, Cuddalore districts (Tamil Nadu province",,20.0,200.0,,historical_india,,
289,,Storm,Storm (General),,,Betul district (Madhya Pradesh province),,20.0,200.0,,historical_india,,
290,,Storm,Storm (General),,,"Jammu and Kashmir (40424 to 40431), Punjab, Haryana provinces",,14.0,4.0,,historical_india,,
291,,Storm,Tropical cyclone,,,Gujarat province,,5.0,140.0,,historical_india,,
292,,Storm,Hail,,,"Bankura, Hugli, Haora districts (West Bengal province)",,30.0,485910.0,,historical_india,,
293,,Storm,Tropical cyclone,,,"Chirakhawa, Chirakhawa Topopara, Peepulbari part 1, Peepulbari part 2, Bhurakata, Baliabeel, Bengerbhita, Baushkata areas (Dhuburi district, Assam province)",,45.0,4600.0,,historical_india,,
294,,Storm,Tropical cyclone,,,"Mekhliganj, Haldibari, Fukaldabri, Nijtaraf, Kasiabari, Bholarhat, Beltali areas (Kochbihar district, West Bengal province)",,,460.0,,historical_india,,
295,,Flood,Riverine flood,,,"Assam, Bihar, Tripura, West Bengal provinces",,142.0,4550000.0,,historical_india,,
296,,Flood,Riverine flood,,,"Khavda, Banni, Natkharana, Lakhpat villages (Kachchh district, Gujarat province)",,13.0,14500.0,,historical_india,,
297,,Storm,Tropical cyclone,,,"Krishna, Guntur, West Godavari districts (Andhra Pradesh province)",,50.0,40000.0,,historical_india,,
298,,Flood,Riverine flood,,,"Cuttack, Jagatsinghpur, Kendrapara, Jajpur, Puri, Bolangir, Sonepur, Kalahandi, Rayagada, Gajapati, Baragarh, Koraput, Nayagarh, Ganjam, Angul districts (Orissa province)",,67.0,3000000.0,,historical_india,,
299,,Flood,Flash flood,,,Kullu district (Himachal Pradesh province),,150.0,30.0,,historical_india,,
300,,Flood,Flash flood,,,"Solang village (Kullu district, Himachal Pradesh)",,43.0,15.0,,historical_india,,
301,,Flood,Riverine flood,,,Uttar Pradesh province,,37.0,,,historical_india,,
302,,Flood,Riverine flood,,,"Leimapokpam, Thiyam, Lourembam, Nambol Laitonjam villages (Bishnupur district, Manipur province), Na-Orem, Pukhrambam, Sanjenbam villages (West Imphal district, Manipur province), Oinam, Khangabok villages (Thoubal district, Manipur province)",,,5000.0,,historical_india,,
303,,Flood,Riverine flood,,,"Darbhanga, Madhubani, Sitamarhi, Banka, Bhagalpur, Muzaffarpur, Sheohar districts (Bihar province), West Tripura, South Tripura districts (Tripura province), Kamrup, Nalbari, Darrang, Sonitpur, Dhemaji, Lakhimpur districts (Assam province), Gujarat, Jammu and Kashmir provinces",,900.0,33000000.0,,historical_india,,
304,,Flood,Riverine flood,,,"Wayanad, Kozhikode, Kannur, Kasaragod districts (Kerala province)",,45.0,1000.0,,historical_india,,
305,,Flood,Flash flood,,,"Uttar Pradesh, Himachal Pradesh provinces",,33.0,,,historical_india,,
306,,Flood,Flash flood,,,"Goalpara district (Assam province), Meghalaya, Arunachal Pradesh, West Bengal provinces",,160.0,100000.0,,historical_india,,
307,,Earthquake,Tsunami,3.295,95.982,"Kancheepuram, Villupuram, Nagapattinam, Thoothukudi, Tirunelveli Kattabo, Kanniyakumari, Chennai, Thiruvallur, Cuddalore, Pudukkottai, Ramanathapuram, Sivaganga, Thanjavur districts (Tamil Nadu province), Vishakhapatnam, East Godavari, West Godavari, Krishna, Guntur, Prakasam, Nellore districts (Andhra Pradesh province), Kollam, Alappuzha, Ernakulam districts (Kerala province), Puducherry, Karaikal district (Puducherry province), Andaman and Nicobar province",,16389.0,654512.0,,historical_india,,
308,,Flood,Riverine flood,,,"Uttarakhand, Gujarat, Maharashtra, Punjab, Haryana, Rajasthan provinces",,210.0,100000.0,,historical_india,,
309,,Storm,Storm (General),,,"Barddhaman, North 24 Parganas, South 24 Parganas districts (West Bengal province)",,18.0,7550.0,,historical_india,,
310,,Storm,Storm (General),,,"Guntur, Krishna, Srikakulam, Karimnagar, Nalgonda districts (Andhra Pradesh province)",,20.0,20.0,,historical_india,,
311,,Storm,Storm (General),,,Kolkata district (West Bengal province),,11.0,20.0,,historical_india,,
312,,Flood,Riverine flood,,,Mokokchung district (Nagaland province),,14.0,12.0,,historical_india,,
313,,Flood,Riverine flood,,,"Surat, Valsad, Navsari, Bharuch, Vadodara, Surendranagar, The Dangs, Ahmedabad, Anand, Kheda, Amreli, Bhavnagar, Junagadh, Rajkot, Narmada, Jamnagar, Gandhinagar, Sabarkantha districts (Gujarat province)",,239.0,405000.0,,historical_india,,
314,,Flood,Riverine flood,,,"Digras, Nandgavan villages (Yavatmal district, Maharashtra province)",,25.0,,,historical_india,,
315,,Flood,Riverine flood,,,"Sangla, Kalpa, Yangthang, Sumdo, Khab, Karcham, Leo, Akpa, Kharo villages (Kinnaur district, Himachal Pradesh province), Rampur Bushahr village (Shimla district, Himachal Pradesh province), Kullu, Bilaspur, Mandi districts (Himachal Pradesh)",,6.0,5000.0,,historical_india,,
316,,Flood,Riverine flood,,,"Yingkiong village (Upper Siang (70051) district, Arunachal Pradesh province), Seppa village (East Kameng (70040) district, Arunachal Pradesh province), Anini village (70050 district, Arunachal Pradesh province), Dibrugarh, Sonitpur, Sibsagar, Dhemaji, Tinsukia, Karimganj, Lakhimpur, Jorhat, Morigaon, Dhuburi, Goalpara, Barpeta districts (Assam province), Bahraich, Shravasti, Banda, Ballia, Lakhimpur Kheri, Kanpur, Varanasi, Mainpuri districts (Uttar Pradesh province), Haridwar, Uttarkashi, Naini Tal, Dehran Dun districts (Uttarakhand province), Muzaffarpur, Darbhanga, Madhubani districts (Bihar province), Birbhum district (West Bengal province)",,70.0,1908000.0,,historical_india,,
317,,Flood,Riverine flood,,,"Ashoknagar, Chhatarpur, Damoh, Jabalpur, Katni, Narsinghpur, Panna, Rewa, Sagar, Satna districts (Madhya Pradesh province)",,62.0,49000.0,,historical_india,,
318,,Flood,Riverine flood,,,"Adilabad, Hyderabad, Karimnagar, Khammam, Mahbubnagar, Medak, Nalgonda, Nizamabad, Rangareddi, Warangal, East Godavari, Guntur, Krishna, Nellore, Prakasam, Srikakulam, Vishakhapatnam, Vizianagaram, West Godavari districts (Andhra Pradesh province)",,12.0,10000.0,,historical_india,,
319,,Flood,Riverine flood,,,"Gujarat, Madhya Pradesh, Maharashtra, Goa, Orissa, Karnataka, Himachal Pradesh, Jammu and Kashmir provinces",,1200.0,20000055.0,,historical_india,,
320,,Flood,Flash flood,,,Azamgarh district (Uttar Pradesh province),,27.0,800000.0,,historical_india,,
321,,Flood,Riverine flood,,,"Karnataka, Andhra Pradesh provinces",,126.0,100000.0,,historical_india,,
322,,Storm,Storm (General),,,"Andhra Pradesh, Orissa provinces",,33.0,61000.0,,historical_india,,
323,,Flood,Riverine flood,,,"Himachal Pradesh, Uttar Pradesh, Uttarakhand provinces",,23.0,2504.0,,historical_india,,
324,,Flood,Riverine flood,,,"Raj Nandgaon, Durg districts (Chhattisgarh province), Baleshwar, Bhadrak, Jajpur districts (Orissa province), Bhandara, Gondiya, Nagpur districts (Maharashtra province), Balaghat, Katni, Jabalpur, Seoni districts (Madhya Pradesh province)",,89.0,550000.0,,historical_india,,
325,,Earthquake,Ground movement,34.539,73.588,Administrative unit not available districts (Jammu and Kashmir province),,1309.0,156622.0,,historical_india,,
326,,Flood,Riverine flood,,,"East Midnapore, South 24 Parganas, Barddhaman, Nadia districts (West Bengal province), Baleshwar district (Orissa province)",,19.0,2250000.0,,historical_india,,
327,,Flood,Riverine flood,,,"Surat, Vadodara, Bhavnagar, Panch Mahals, Narmada districts (Gujarat province)",,15.0,,,historical_india,,
328,,Flood,Riverine flood,,,"Salem, Namakkal, Karur, Erode, Tiruchchirappalli, Vellore, Perambalur, Nagapattinam, Kanniyakumari, Dharmapuri, Madurai, Villupuram, Chennai, Cuddalore districts (Tamil Nadu province), Karaikal district (Puducherry province), Bangalore Rural, Bangalore Urban, Mysore districts (Karnataka province), Nellore, Chittoor, Vishakhapatnam, Srikakulam, Vizianagaram, Cuddapah districts (Andhra Pradesh province), West Bengal, Orissa provinces",,162.0,2000000.0,,historical_india,,
329,,Flood,Riverine flood,,,Tamil Nadu province,,30.0,200000.0,,historical_india,,
330,,Flood,Riverine flood,,,"Himachal Pradesh, Punjab, Jammu and Kashmir, Haryana provinces",,10.0,2000.0,,historical_india,,
331,,Flood,Flash flood,17.43,82.81,"Adilabad, Hyderabad, Karimnagar, Khammam, Mahbubnagar, Medak, Nalgonda, Nizamabad, Rangareddi, Warangal, Srikakulam, Krishna districts (Andhra Pradesh province)",,20.0,,,historical_india,,
332,,Flood,Riverine flood,26.6,94.02,"Assam, Tripura provinces",,21.0,504000.0,,historical_india,,
333,,Flood,Riverine flood,10.54,76.05,Kerala province,,32.0,10800.0,,historical_india,,
334,,Flood,Riverine flood,18.73,75.23,"Maharashtra, Gujarat provinces",,41.0,,,historical_india,,
335,,Flood,Riverine flood,25.62,83.67,"Ballia, Chandauli districts (Uttar Pradesh province)",,130.0,300000.0,,historical_india,,
336,,Flood,Riverine flood,22.41,71.31,"Navsari, The Dangs districts (Gujarat)",,24.0,8400.0,,historical_india,,
337,,Flood,Riverine flood,19.17,83.65,"Gajapati, Rayagada districts (Orissa province)",,33.0,,,historical_india,,
338,,Flood,Riverine flood,34.61,73.2,Jammu and Kashmir provinces,,15.0,800.0,,historical_india,,
339,,Flood,Riverine flood,20.19,73.82,"Andhra Pradesh, Gujarat, Maharashtra, Chhattisgarh, Rajasthan, Madhya Pradesh, Orissa, Karnataka provinces",,350.0,4000065.0,,historical_india,,
340,,Flood,Riverine flood,,,Gujarat province,,,50000.0,,historical_india,,
341,,Flood,Riverine flood,,,"Barmer, Jaisalmer, Kota, Udaipur districts (Rajasthan province)",,135.0,20000.0,,historical_india,,
342,,Storm,Tropical cyclone,19.73,83.75,"Andhra Pradesh, West Bengal, Bihar provinces",,114.0,150300.0,,historical_india,,
343,,Flood,Flash flood,32.89,73.88,Jammu and Kashmir provinces,,19.0,15000.0,,historical_india,,
344,,Flood,Riverine flood,27.59,81.52,"Balrampur, Bahraich, Lakhimpur Kheri, Shravasti, Gonda, Bara Banki districts (Uttar Pradesh province)",,42.0,100000.0,,historical_india,,
345,,Flood,Riverine flood,14.13,79.93,"Tamil Nadu, Andhra Pradesh provinces",,47.0,225000.0,,historical_india,,
346,,Flood,Riverine flood,18.1,81.53,"Orissa, Andhra Pradesh, Chhattisgarh provinces",,185.0,2000000.0,,historical_india,,
347,,Flood,Riverine flood,,,"Madhya Pradesh, Maharashtra, Rajasthan provinces",,61.0,113.0,,historical_india,,
348,,Flood,Flash flood,,,Madhya Pradesh province,,39.0,,,historical_india,,
349,,Storm,Lightning/Thunderstorms,,,"Uttar Pradesh, Gujarat provinces",,76.0,,,historical_india,,
350,,Flood,Riverine flood,26.26,94.02,"Lakhimpur, Dhemaji, Cachar, Karimganj, Hailakandi, Darrang, Dibrugarh districts (Assam province)",,15.0,200000.0,,historical_india,,
351,,Flood,Riverine flood,22.02,72.25,"Junagadh district (Daman and Diu province), Amreli, Bhavnagar, Jamnagar, Junagadh, Porbandar, Rajkot, Surendranagar districts (Gujarat province), Rajasthan, Madhya Pradesh",,225.0,63000.0,,historical_india,,
352,,Flood,Riverine flood,21.03,77.52,"Amravati, Mumbai City, Mumbai Suburban, Raigarh, Ratnagiri, Sindhudurg, Thane districts (Maharashtra province)",,62.0,10000.0,,historical_india,,
353,,Flood,Riverine flood,20.05,81.86,"Raipur, Bilaspur, Mahasamund, Durg districts (Chhattisgarh province)",,29.0,50000.0,,historical_india,,
354,,Flood,Flash flood,14.94,78.16,"Kurnool, Mahbubnagar, Guntur, Prakasam, East Godavari, West Godavari, Anantapur, Cuddapah districts (Andhra Pradesh province), Thrissur district (Kerala province), Belgaum, Bijapur, Bagalkot, Kodagu, Hassan, Mysore districts (Karnataka province), Mumbai City, Pune districts (Maharashtra province)",,127.0,200000.0,,historical_india,,
355,,Flood,Riverine flood,23.92,91.23,"Udaipur, Amarpur cities (South Tripura district, Tripura province), Sonamura citiy (West Tripura district, Tripura province)",,,,,historical_india,,
356,,Flood,Riverine flood,22.63,88.49,"Bihar, Uttar Pradesh, Assam, Orissa, West Bengal provinces",,1103.0,18700000.0,,historical_india,,
357,,Flood,Riverine flood,31.24,76.53,Himachal Pradesh province,,76.0,15000.0,,historical_india,,
358,,Flood,Riverine flood,22.68,70.93,Gujarat province,,16.0,,,historical_india,,
359,,Flood,Coastal flood,20.91,86.4,"Baleshwar, Kendrapara, Bhadrak, Jagatsinghpur, Jajpur, Mayurbhanj, Khordha, Cuttack, Puri, Kandhamal districts (Orissa province), Kolkata, South 24 Parganas, East Midnapore, West Midnapore, Hughli districts (West Bengal province)",,80.0,7200000.0,,historical_india,,
360,,Flood,Riverine flood,15.71,79.88,"Kurnool, Cuddapah, Warangal, Nalgonda, Karimnagar, Mahbubnagar, Anantapur, Nellore, Krishna districts (Andhra Pradesh province), Gadag district (Karnataka province)",,94.0,20000.0,,historical_india,,
361,,Flood,Riverine flood,12.73,79.7,"Andhra Pradesh, Tamil Nadu province",,29.0,50000.0,,historical_india,,
362,,Storm,Tropical cyclone,,,"West Bengal, Orissa provinces",,,,,historical_india,,
363,,Flood,Riverine flood,20.45,86.2,"Cuttack, Puri, Khordha, Jajpur, Jagatsinghpur districts (Orissa province)",,15.0,500000.0,,historical_india,,
364,,Flood,Riverine flood,27.58,95.26,"Assam, Arunachal Pradesh, Meghalaya, Manipur provinces",,96.0,11100000.0,,historical_india,,
365,,Flood,Riverine flood,10.39,76.31,Kerala province,,44.0,35000.0,,historical_india,,
366,,Flood,Flood (General),,,"Rajasthan, Uttar Pradesh, Madhya Pradesh, Jammu and Kashmir provinces",,40.0,8.0,,historical_india,,
367,,Flood,Flood (General),10.76,78.72,"Tamil Nadu, Karnataka provinces",,37.0,10278.0,,historical_india,,
368,,Flood,Flash flood,25.18,91.54,"Lakhimpu, Dhemaji, Sonitpur districts (Assam province), West Bengal, Orissa, Bihar, Gujarat, Goa, Haryana, Kerala, Karnataka, Maharastra, Madhya Pradesh, Punjab, Rajasthan, Uttar Pradesh, Tamil Nadu, Arunachal Pradesh, Uttarakhand, Jharkhand provinces",,1063.0,7900000.0,,historical_india,,
369,,Flood,Riverine flood,,,"Assam, Bihar, Gujarat, Goa, Haryana, Jharkhand, Kerala, Karnataka, Maharashtra, Madhya Pradesh, Punjab, Orissa, Rajasthan, Uttarakhand, Uttar Pradesh, Tamil Nadu, West Bengal provinces",,,50000.0,,historical_india,,
370,,Flood,Riverine flood,16.65,81.38,"Khammam, West Godavari, Krishna, Guntur districts (Andhra Pradesh province)",,74.0,,,historical_india,,
371,,Flood,Riverine flood,,,"Orissa, Uttar Pradesh, Himachal Pradesh provinces",,173.0,2400000.0,,historical_india,,
372,,Flood,Riverine flood,22.044,94.55,"Muzaffarpur, Supaul, Patna, Katihar, Nalanda, Araria, Pashchim Champaran, Sheikhpura, Saharsa, Purnia, Saran, Begusarai, Bhagalpur, Madhepura, Vaishali, Khagaria districts (Bihar province), Assam province",,47.0,2600000.0,,historical_india,,
373,,Flood,Flash flood,,,"Thiruvallur, Thoothukudi, Villupuram, Ramanathapuram, Tirunelveli Kattabo, Pudukkottai, Kanniyakumari, Nagapattinam, Cuddalore, Chennai districts (Tamil Nadu province), Puducherry, Karaikal districts (Puducherry province)",,54.0,803740.0,,historical_india,,
374,,Flood,Riverine flood,27.5,89.79,"Lakhimpur, Jorhat districts (Assam province), Uttar Pradesh, Bihar provinces",,142.0,225000.0,,historical_india,,
375,,Storm,Sand/Dust storm,,,Uttar Pradesh province,,111.0,50.0,,historical_india,,
376,,Storm,Tornado,,,Kendrapara district (Orissa province),,15.0,9050.0,,historical_india,,
377,,Storm,Tropical cyclone,,,"Sagar, Namkhana, Kakdwip, Pathar Pratima, Canning, Basanti, Mathurapur, Kultali villages (South 24 Parganas district, West Bengal province), Kolkata, North 24 Parganas, Haora, Hugli, Darjiling districts (West Bengal province)",,96.0,5100000.0,,historical_india,,
378,,Storm,Lightning/Thunderstorms,,,"Bihar, Jharkhand provinces",,35.0,12.0,,historical_india,,
379,,Flood,Flash flood,,,Delhi province,,11.0,,,historical_india,,
380,,Flood,Riverine flood,,,"Bihar, Orissa, West Bengal, Assam, Kerala, Gujarat, Karnataka provinces",,992.0,1886000.0,,historical_india,,
381,,Flood,Riverine flood,15.71,78.23,"Belgaum, Gulbarga, Bijapur, Raichur, Dharwad, Bagalkot, Bellary, Koppal, Haveri, Bidar, Gadag, Davanegere, Uttar Kannand, Dakshin Kannad districts (Karnataka province), Kurnool, Mahbubnagar, Karimnagar, Anantapur, Krishna, Cuddapah, Guntur, Khammam, Nalgonda districts (Andhra Pradesh province), Maharashtra province",,355.0,4100000.0,,historical_india,,
382,,Flood,Riverine flood,,,Jainta Hills district (Meghalaya province),,20.0,,,historical_india,,
383,,Flood,Riverine flood,11.47,77.85,"Ooty, Coonoor cities (Nilgiris district, Tamil Nadu)",,70.0,8.0,,historical_india,,
384,,Storm,Tropical cyclone,,,"Gujarat, Madhya Pradesh, Maharashtra provinces",,20.0,,,historical_india,,
385,,Flood,Riverine flood,,,"Darbhanga, Purnia, Sitamarhi, Saharsa, Madhubani districts (Bihar province)",,52.0,,,historical_india,,
386,,Storm,Severe weather,,,Uttar Pradesh province,,32.0,23.0,,historical_india,,
387,,Storm,Severe weather,,,Uttar Pradesh province,,20.0,,,historical_india,,
388,,Storm,Tropical cyclone,,,"Bihar, West Bengal, Assam provinces",,114.0,500000.0,,historical_india,,
389,,Storm,Storm (General),,,"Uttar Pradesh, Bihar provinces",,54.0,50.0,,historical_india,,
390,,Storm,Tropical cyclone,,,"Krishna, Prakasam, Nellore, Guntur districts (Andhra Pradesh province), Tamil Nadu province",,32.0,,,historical_india,,
391,,Flood,Riverine flood,30.18,74.77,"Ambala, Kurukshetra districts (Haryana province), Punjab, Kerala provinces",,53.0,400000.0,,historical_india,,
392,,Flood,Riverine flood,15.22,79.48,Andhra Pradesh province,,27.0,50000.0,,historical_india,,
393,,Flood,Riverine flood,,,Delhi province,,11.0,,,historical_india,,
394,,Flood,Flash flood,33.53,76.12,"Leh, Cholglamsar villages (72785 district, Jammu and Kashmir province)",,196.0,12725.0,,historical_india,,
395,,Flood,Riverine flood,26.235,92.25,Lakhimpur district (Assam province),,,30000.0,,historical_india,,
396,,Storm,Lightning/Thunderstorms,,,"Bihar, Jharkhand provinces",,25.0,,,historical_india,,
397,,Flood,Riverine flood,26.73,82.84,"Almora, Naini Tal districts (Uttarakhand province), Bihar, Uttar Pradesh provinces",,200.0,3267183.0,,historical_india,,
398,,Flood,Riverine flood,25.965,76.05,"Punjab, Haryana, Uttar Pradesh provinces",,,12500.0,,historical_india,,
399,,Flood,Riverine flood,9.88,78.47,"Chennai, Cuddalore, Nagapattinam, Pudukottai, Ramanthapuram, Thanjavur, Thiruvallur, Villupuram, Thoothukudi, Tirunelveli Kattabo districts (Tamil Nadu province)",,203.0,,,historical_india,,
400,,Storm,Severe weather,,,"Nawabganj town (Gonda district, Uttar Pradesh province), Allahabad, Unnao districts (Uttar Pradesh province)",,12.0,2030.0,,historical_india,,
401,,Storm,Tropical cyclone,,,Andhra Pradesh province,,22.0,,,historical_india,,
402,,Storm,Hail,,,"Mushalpur, Baksa towns (Nalbari district, Assam province)",,28.0,5000.0,,historical_india,,
403,,Storm,Lightning/Thunderstorms,,,Uttar Pradesh province,,42.0,50.0,,historical_india,,
404,,Flood,Riverine flood,22.306,88.34,West Bengal province,,47.0,700000.0,,historical_india,,
405,,Earthquake,Ground movement,27.73,88.155,"Sikkim, West Bengal, Bihar, Assam, Meghalaya provinces",,112.0,575200.0,,historical_india,,
406,,Flood,Riverine flood,20.651,86.0,"Angul, Baleshwar, Baragarh, Bhadrak, Boudh, Cuttack, Deogarh, Dhenkanal, Jajpur, Jagatsinghpur, Jharsuguda, Kendrapara, Khordha, Mayurbhanj, Nayagarh, Nuapada, Puri, Sambalpur districts (Orissa province)",,239.0,3443989.0,,historical_india,,
407,,Flood,Riverine flood,26.59,92.18,"Dhemaji district (Assam province), East Garo Hills, South Garo Hills, West Garo Hills districts (Meghalaya province)",,7.0,11000.0,,historical_india,,
408,,Flood,Riverine flood,26.376,86.24,"Barpeta, Bongaigaon, Darrang, Dhemaji, Dhuburi, Golaghat, Jorhat, Karbi Anglong, Sibsagar, Lakhimpur, Nagaon, Sonitpur districts, (Assam province), Begusarai, Bhagalpur, Bhojpur, Buxar, Gopalganj, Katihar, Khagaria, Kishanganj, Lakhisarai, Madhubani, Madhepura, Muzaffarpur, Patna, Purnia, Samastipur, Saran, Saharsa, Sitamarhi, Supaul, Vaishali, Pashchim Champaran districts (Bihar province), Azamgarh, Aligarh, Ambedkar Nagar, Badaun, Ballia, Bara Banki, Bahraich, Bareilly, Bijnor, Faizabad, Farrukhabad, Ghazipur, Gonda, Gorakhpur, Hardoi, Jyotiba Phule Nagar, Kannauj, Kanpur, Kushinagar, Lakhimpur Kheri, Meerut, Muzaffarnagar, Moradabad, Pilibhit, Rampur, Shahjahanpur, Sitapur, Unnao districts (Uttar Pradesh province)",,204.0,5549080.0,,historical_india,,
409,,Flood,Riverine flood,28.524,80.93,"Gonda, Balrampur, Faizabad, Bara Banki districts (Uttar Pradesh province), Rajasthan province",,19.0,200000.0,,historical_india,,
410,,Flood,Riverine flood,,,Orissa province,,42.0,2100000.0,,historical_india,,
411,,Storm,Tropical cyclone,,,"Cuddalore district (Tamil Nadu province), Puducherry district (Puducherry province)",,47.0,250000.0,,historical_india,,
412,,Storm,Lightning/Thunderstorms,,,Karnataka province,,17.0,,,historical_india,,
413,,Flood,Riverine flood,,,"Uttar Pradesh, Uttarakhand province",,50.0,,,historical_india,,
414,,Flood,Riverine flood,26.566,92.44,"Anjaw (70044), Lohit, Changlang, 70045, 70050, Lower Dibang Valley, East Siang, Upper Siang (70051) districts (Arunachal Pradesh province), Assam province",,120.0,2200000.0,,historical_india,,
415,,Flood,Riverine flood,,,"Jaipur, Dhaulpur, Dausa, Tonk, Jhunjhunun, Sikar, Hanumangarh, Bikaner districts (Rajasthan province), Anjaw (70044), 70045, 70050, Lower Dibang Valley, Upper Siang (70051) districts (Arunachal Pradesh province)",,37.0,37500.0,,historical_india,,
416,,Flood,Riverine flood,30.1135,78.85,"Palchan village (Kullu district, Himachal Pradesh province), Uttarkashi, Rudra Prayag, Chamoli districts (Uttarakhand province), Moradabad district (Uttar Pradesh province), Kathua village (72780 district, Jammu and Kashmir province)",,30.0,1200.0,,historical_india,,
417,,Flood,Riverine flood,31.3,76.85,"Rudra Prayag, Bageshwar districts (Uttarakhand province)",,45.0,200.0,,historical_india,,
418,,Flood,Riverine flood,26.8,93.63,"Barpeta, Bongaigaon, Darrang, Dhemaji, Dhuburi, Dibrugarh, Goalpara, Golaghat, Jorhat, Kamrup, Lakhimpur, Marigaon, Nagaon, Nalbari, Papum Pare, Sibsagar, Sonitpur, Tinsukia districts (Assam province), Bhagalpur, Darbhanga, Katihar, Khagaria, Muzaffarpur, Patna, Siwan, Supaul districts (Bihar province), Sahibganj district (Jharkhand province), North Sikkim district (Sikkim province), Ballia, Bara Banki, Faizabad districts (Uttar Pradesh province), Murshidabad district (West Bengal province), West Siang, East Siang, Lohit, Papum Pare districts (Arunachal Pradesh province)",,21.0,2000000.0,,historical_india,,
419,,Storm,Tropical cyclone,11.82,78.08,"Andhra Pradesh, Tamil Nadu provinces",,40.0,70000.0,,historical_india,,
420,,Flood,Riverine flood,,,Himachel Pradesh province,,26.0,9460.0,,historical_india,,
421,,Storm,Tornado,,,Uttar Pradesh province,,9.0,,,historical_india,,
422,,Storm,Tropical cyclone,,,Andhra Pradesh province,,8.0,4.0,,historical_india,,
423,,Earthquake,Ground movement,33.061,75.863,Administrive unit not available district (Jammu and Kashmir province),,3.0,59350.0,,historical_india,,
424,,Flood,Riverine flood,32.714,76.61,"Uttarakhand, Himachal Pradesh, Uttar Pradesh, Bihar, Karnataka, Kerala, Gujarat, West Bengal provinces",,6054.0,504473.0,,historical_india,,
425,,Flood,Riverine flood,,,"Sultanpur, Sitapur, Rae Bareli, Bara Banki, Faizabad, Gorakhpur, Basti, Kushinagar, Bahraich, Gonda, Shravasti districts (Uttar Pradesh province)",,174.0,500000.0,,historical_india,,
426,,Flood,Flood (General),27.387,94.92,"Dhemaji, Tinsukia, Nagaon, Golaghat, Jorhat, Kamrup, Karimganj, Lakhimpur, Morigaon, Sibsaga, Bongaigaon, Kokrajhar districts (Assam province)",,80.0,2000000.0,,historical_india,,
427,,Flood,Riverine flood,,,"Bhopal, Hoshangabad, Seoni, Narsinghpur, Jabalpur districts (Madhya Pradesh province), Uttar Pradesh, Assam provinces",,73.0,40000.0,,historical_india,,
428,,Flood,Riverine flood,,,"Orissa, Andhra Pradesh, West Bengal provinces",,72.0,375000.0,,historical_india,,
429,,Storm,Tropical cyclone,,,"Orissa, Andhra Pradesh, Jharkhand, Bihar, West Bengal, Chhattisgarh provinces",,47.0,13230000.0,,historical_india,,
430,,Storm,Lightning/Thunderstorms,,,"Bihar, Jharkhand provinces",,32.0,,,historical_india,,
431,,Storm,Tropical cyclone,,,"Krishna, Guntur, East Godavari, West Godavari, Vishakhapatnam districts (Andhra Pradesh province)",,10.0,,,historical_india,,
432,,Storm,Blizzard/Winter storm,,,"Doda, Bhaderwah, Thathri, Gandoh, Bhallessa villages (Kishtwar (72809) district, Jammu and Kashmir (40427) province), Kora Pani, Tangdhar villages (Kupwara (72786) district, Jumma and Kashmir (40431) province)",,17.0,9610.0,,historical_india,,
433,,Storm,Lightning/Thunderstorms,,,"Ghaziabad district (Utar Pradesh province), Delhi, West Bengal provinces",,15.0,26.0,,historical_india,,
434,,Flood,Riverine flood,,,Assam province,,27.0,18500.0,,historical_india,,
435,,Flood,Riverine flood,,,"Uttarakhand, Himachal Pradesh provinces",,26.0,,,historical_india,,
436,,Flood,Riverine flood,,,Orissa province,,35.0,179000.0,,historical_india,,
437,,Flood,Riverine flood,,,Jammu and Kashmir provinces,,298.0,275000.0,,historical_india,,
438,,Flood,Riverine flood,,,"Tura village (West Garo Hills district, Meghalaya province), Goalpara, Kamrup districts (Assam province)",,95.0,650000.0,,historical_india,,
439,,Storm,Tropical cyclone,,,"Vishakhapatnam, Gangavaram towns (Vishakhapatnam district, Andhra Pradesh province), Baragarh, Bolangir, Boudh, Gajapati, Ganjam, Kalahandi, Kandhamal, Khordha, Koraput, Malkangiri, Nabarangpur, Nayagarh, Nuapada, Puri, Rayagada, Sonepur districts (Orissa province), Chhattisgarh province",,53.0,920000.0,,historical_india,,
440,,Flood,Riverine flood,,,"Shravasti, Balrampur, Sitapur, Lakhimpur Kheri, Gonda, Bara Banki, Faizabad, Azamgarh districts (Uttar Pradesh province), Uttarakhand, Bihar, Assam provinces",,94.0,500000.0,,historical_india,,
441,,Flood,Riverine flood,,,Odisha province,,47.0,3600000.0,,historical_india,,
442,,Storm,Storm (General),,,Uttar Pradesh province,,27.0,,,historical_india,,
443,,Storm,Lightning/Thunderstorms,,,Hyderabad district (Andhra Pradesh province),,7.0,1928.0,,historical_india,,
444,,Flood,Flash flood,33.1767,76.41,"Chadoora village (72811 district, Jammu and Kashmir province)",,44.0,2122.0,,historical_india,,
445,,Storm,Lightning/Thunderstorms,,,Tripura province,,1.0,10000.0,,historical_india,,
446,,Storm,Lightning/Thunderstorms,,,"Gujarat, Punjab, Himachal Pradresh, Haryana, Maharashtra, Bihar, Uttar Pradesh, Madhya Pradesh, Rajasthan, Jammu and Kashmir, Uttarakhand, West Bengal provinces",,27.0,,,historical_india,,
447,,Earthquake,Ground movement,28.2305,84.7314,"Bihar, Uttar Pradesh, West Bengal, Sikkim provinces",,78.0,560.0,,historical_india,,
448,,Storm,Severe weather,,,"Purnia, Madhepura, Madhubani, Supaul, Sitamarhi districts (Bihar province)",,100.0,125100.0,,historical_india,,
449,,Earthquake,Ground movement,27.8087,86.0655,Bihar province,,20.0,,,historical_india,,
450,,Flood,Flash flood,10.7121,79.18,"Bhadrairuppu village (Virudhunagar district, Tamil Nadu province)",,8.0,200.0,,historical_india,,
451,,Flood,Riverine flood,21.8734,70.76,"Amreli, Rajkot, Surat districts (Gujarat province), Maharashtra province",,81.0,9000.0,,historical_india,,
452,,Flood,Riverine flood,,,"Mirik, Kalimpong, Darjeeling villages (Darjiling district, West Bengal province),",,40.0,1000.0,,historical_india,,
453,,Flood,Riverine flood,26.2074,82.62,"Kachchh, Patan, Banas Kantha districts (Gujarat province), Malda, Jalpaiguri districts (West Bengal province), Jorhat, Dhemaji, Lakhimpur, Dhuburi, Darrang, Goalpara, Karbi Anglong, Marigaon districts (Assam province), Manipur, Orissa, Rajasthan, Madhya Pradesh provinces",,293.0,13709887.0,,historical_india,,
454,,Flood,Riverine flood,,,"Rajasthan, Uttar Pradesh, Jammu and Kashmir, Arunachal Pradesh, Uttarakhand, Punjab, Haryana, Himachal Pradesh provinces",,25.0,,,historical_india,,
455,,Flood,Flood (General),26.8946,93.75,Assam province,,5.0,18000.0,,historical_india,,
456,,Flood,Flood (General),,,"Dhemaji, Kokrajhar, Bongaigaon, Sonitpur, Barpeta, Goalpara, Marigaon, Cachar, Lakhimpur, Jorhat, Tinsukia, Darrang, Nalbari, Kamrup, Dibrugarh, Sibsagar districts (Assam province) ",,18.0,787000.0,,historical_india,,
457,,Flood,Flood (General),,,"Sonitpur, Lakhimpur, Kokrajhar, Dhemaji districts (Assam province), Arunachal Pradesh province ",,,85250.0,,historical_india,,
458,,Storm,Lightning/Thunderstorms,,,"Deogarh, Nabarangpur, Malkangiri districts (Orissa province), Andhra Pradesh province",,32.0,,,historical_india,,
459,,Earthquake,Ground movement,36.5244,70.3676,"Administrative unit not available districts (Jammu and Kashmir province), Delhi, Punjab provinces",,,10.0,,historical_india,,
460,,Flood,Flood (General),11.828,78.855,"Chittoor, Cuddapah, Prakasam, Nellore districts (Andhra Pradesh province), Chennai, Cuddalore, Nagapattinam, Kancheepuram, Thiruvallur, Villupuram districts (Tamil Nadu province), Puducherry province",,325.0,1801000.0,,historical_india,,
461,,Storm,Lightning/Thunderstorms,,,Andhra Pradesh province,,23.0,,,historical_india,,
462,,Storm,Lightning/Thunderstorms,,,Maharashtra province,,29.0,,,historical_india,,
463,,Earthquake,Ground movement,24.804,93.65,"Guwahati city (Kamrup district, Assam province), East Imphal, West Imphal, Senapati, Thoubal, Bishnupur, Tamenglong districts (Manipur province)",,8.0,10808.0,,historical_india,,
464,,Flood,Flood (General),27.464,95.607,"Arunachal Pradesh, Assam, Nagaland provinces",,18.0,100000.0,,historical_india,,
465,,Storm,Lightning/Thunderstorms,,,"Muzaffarpur, Patna, Siwan districts (Bihar province)",,11.0,,,historical_india,,
466,,Storm,Lightning/Thunderstorms,,,"Bihar, Uttar Pradesh, Jharkhand, Madhya Pradesh provinces",,93.0,,,historical_india,,
467,,Flood,Flash flood,27.068,93.95,"Chamoli, Pithoragahr districts (Uttarakhand province), Assam, Arunachal Pradesh provinces",,61.0,,,historical_india,,
468,,Flood,Flash flood,,,"Lakhimpur, Golaghat, Jorhat, Barpeta, Bongaigaon, Goalpara, Dhubri, Marigaon, Darrang, Nalbari districts (Assam province)",,50.0,2000000.0,,historical_india,,
469,,Flood,Flood (General),,,"Biha, Uttar Pradeshr province (Varanasi, Allahabad, Ghazipur, Ballia, Banda, Jalaun, Ghaziabad, Patna, Bhagalpur, Vaishali, Buxar, Bhojpur, Sonepur, Saran, Begusarai, Samastipur, Lakhisarai, Khagaria, Munger, Nalanda, Katihar, Purnea, Katihar, Supual, Kisanganj, Madhepura, Gopalganj, Saharsa, Araria, East Champaran, Muzafferpur, Kishanganj, Purnea, Araria, Supaul, Bhagalpur, Darbhanga)",,254.0,1600000.0,,historical_india,,
470,,Flood,Flood (General),,,"Bhopal, Hoshangabad, Rewa, Sagar, Shajapur, Jabalpur, Satna, Harda, Panna, Vidisha, Raisen, Mandla, Tikamgarh, Seoni, Damoh, Sehore, Agar-Malwa districts (Madhya Pradesh province)",,184.0,100000.0,,historical_india,,
471,,Flood,Flood (General),,,"Maharashtra (Nashik, Raigad (Mahad), Thane (Bhiwandi), Ratnagiri, Pune, Satara, Kolhapur), Gujarat (Valsad, Chhota Udepur (Vadodara), Navsari and Surat)",,37.0,3000.0,,historical_india,,
472,,Flood,Flood (General),17.654,80.34,"Andhra Pradesh province, Telangana",,28.0,3000.0,,historical_india,,
473,,Storm,Tropical cyclone,,,Chennai district (Tamil Nadu province); Andhra Pradesh,,24.0,,,historical_india,,
474,,Flood,Flood (General),,,"Jorhat, Golaghat (Assam State)",,34.0,,,historical_india,,
475,,Storm,Tropical cyclone,,,"Manipur, Mizoram",,,1970.0,,historical_india,,
476,,Flood,Flood (General),,,"Lakhimpur, Karimganj, Darrang districts (Assam), Nagaland, Manipur, Jharkhand",,6.0,100000.0,,historical_india,,
477,,Flood,Flood (General),,,Gujarat,,31.0,,,historical_india,,
478,,Storm,Lightning/Thunderstorms,,,"Vaishali, Saran, Patna, Gaya, Sasaram (Rohta), Araria, Nalanda districts (Bihar)",,23.0,12.0,,historical_india,,
479,,Flood,Riverine flood,,,"Lakhimpur, Bangaigaon, Jorhat, Golaghat, Cachar, Dhemjai, Biswanath, Karimganj, Barpeta, Karbi Anglong, Sonitpur, Darrang, Hojai (Sub Division), Bhuragaon (Sub Division), Majuli, Nagaon, Nalbari, Sivasagar, Morigaon, Chirang, Dibrugarh, Dhubri, Kokrajhar, South Salmara, Charaideo, Goalpara districts (Assam)",,75.0,1735000.0,,historical_india,,
480,,Flood,Flood (General),,,"Imphal West, Imphal East, Thoubal, Bishnupur (Manipur)",,,12831.0,,historical_india,,
481,,Flood,Flood (General),,,"Banaskantha, Valsad, Navsari, Surat, Sabarkantha, Patan (Gujarat), Barmer, Jalore, Udaipur, Sirohi, Pali (Rajasthan), Kolkata (West Bengal)",,284.0,520000.0,,historical_india,,
482,,Flood,Flood (General),,,"Araria, Jogbani (Bihar); Uttar Pradesh, West Bengal",,514.0,17200000.0,,historical_india,,
483,,Flood,Flash flood,,,"Mumbai (Dadar, Khar, Bandra, Lalbaug, Kalina, Sion, Byculla, Matunga, Wadala, Parel, Khar-Danda, Pali Hill, Carter Road, Bandra, Ghatkopar, Bhandup, Mulund, and Santacruz), Thane (Maharashtra)",,14.0,12.0,,historical_india,,
484,,Flood,Flash flood,10.489,79.004,Chenai (Tamil Nadu),,21.0,4000.0,,historical_india,,
485,,Storm,Tropical cyclone,,,"Kerala (Thiruvananthapuram, Kozhikode,Ernakulam),Tamil Nadu (Kanyakumari-Munchirai, Thiruvattar,Killiyur, Kurunthancode, Rajakkamangalam-, Tirunelveli, Tuticorin districts), Andhra Pradesh (Chittoor and Nellore), Lakshadweep Islands",,884.0,60000.0,,historical_india,,
486,,Flood,Flood (General),,,"Uttar Pradesh (Siddharthnagar, Balarampur, Bahraich, Shravasti, Maharajganj, Barabanki, Lakhimpur Kheri, Gorakhpur, Muzaffarnagar, Gonda, Basti, Mirzapur, Khiri, Deoria, Sitapur, Bijnore, Faizabad, Pilibhit, Farrukhabad, Mau, Kushinagar, Badaun, Ambedkar nagar, Azamgarh, Santkabir Nagar, Ghazipur, Balia)",,101.0,2700000.0,,historical_india,,
487,,Storm,Lightning/Thunderstorms,,,"Jamui, Champaran, Vaishali, Samastipur, Bihar",,29.0,1250.0,,historical_india,,
488,,Storm,Lightning/Thunderstorms,,,Maldah (West Bengal),,4.0,60020.0,,historical_india,,
489,,Storm,Lightning/Thunderstorms,,,"Uttar Pradesh, Rajasthan",,42.0,200.0,,historical_india,,
490,,Storm,Lightning/Thunderstorms,,,Kolkata,,18.0,22050.0,,historical_india,,
491,,Storm,Lightning/Thunderstorms,,,"Uttar Pradesh, Bengale occidental, Bihar, Andhra Pradesh",,95.0,,,historical_india,,
492,,Storm,Sand/Dust storm,,,"Rajasthan, Uttar Pradesh",,143.0,200.0,,historical_india,,
493,,Storm,Lightning/Thunderstorms,,,"Uttar Pradesh, Kerala, Maharashtra, Mizoram, Rajasthan",,42.0,,,historical_india,,
494,,Storm,Storm (General),,,"Uttar Pradesh, West Bengal, Assam, Tripura, Manipur, Mizoram",,61.0,,,historical_india,,
495,,Flood,Flood (General),,,"Assam, Maharashtra, Gujarat",,52.0,,,historical_india,,
496,,Storm,Lightning/Thunderstorms,,,"Uttar Pradesh, West Bengal, Tripura",,32.0,21000.0,,historical_india,,
497,,Flood,Flash flood,,,Tripura state,,15.0,11728.0,,historical_india,,
498,,Storm,Lightning/Thunderstorms,,,"Uttar Pradesh, Bihar, Jharkhand",,54.0,,,historical_india,,
499,,Flood,Flood (General),,,Dakshina Kannada and Udupi districts,,12.0,4945.0,,historical_india,,
500,,Flood,Flood (General),,,"Uttar Pradesh, Rajasthan",,33.0,1545.0,,historical_india,,
501,,Flood,Flood (General),,,Odisha state,,20.0,41430.0,,historical_india,,
502,,Flood,Flash flood,,,"Thrissur, Chengannur (Kerala state); West Bengal, Odisha, Assam, Nagaland, Uttar Pradesh, Himachal Pradesh, Maharashtra states",,504.0,23220000.0,,historical_india,,
503,,Flood,Flood (General),,,"Biswanath, Udalguri, Golaghat, Sivassagar/Charaideo, Barpeta, Lakhimpu, Dhemaji, Darrang (Assam, West Bengal)",,3.0,25000.0,,historical_india,,
504,,Flood,Flood (General),,,Uttar Pradesh,,46.0,3050.0,,historical_india,,
505,,Flood,Flood (General),,,"Punjab, Haryana states",,25.0,,,historical_india,,
506,,Storm,Tropical cyclone,,,"Mandasa, Godalpur, Gajapati, Ganjam, Rayagada, Puri, Kandhamal (Andhra Pradesh & Odisha)",,85.0,300200.0,,historical_india,,
507,,Storm,Tropical cyclone,,,"Tamil Nadu, Nagapattinam, Tiruvarur, Thanjavur, Pudukottai, Dindigul and Ramnad, Chennai, Sivaganga, Theni, Madurai districts",,45.0,500000.0,,historical_india,,
508,,Storm,Tropical cyclone,,,"Andhra Pradesh, Odisha",,8.0,10000.0,,historical_india,,
509,,Storm,Storm (General),,,"Gujarat, Rajasthan, Madhya Pradesh, Maharashtra",,50.0,,,historical_india,,
510,,Storm,Tropical cyclone,,,Odisha province,,50.0,20000000.0,,historical_india,,
511,,Flood,Flood (General),,,"Mumbai, Pune, Ratnagiri Districts (Maharashtra State)",,52.0,60.0,,historical_india,,
512,,Storm,Lightning/Thunderstorms,,,"Odisha, Hyderabad",,10.0,,,historical_india,,
513,,Storm,Lightning/Thunderstorms,,,"Uttar Pradesh, Maharashtra, and Bihar",,50.0,,,historical_india,,
514,,Flood,Flood (General),,,"Sitamarhi, Sheohar, East Champaran, Muzaffarpur, Madhubani, Darbhanga, Supaul, Araria, Sahersa , Katihar, Purnia, Kishanganj districts (Bihar); Dhemaji, Lakhimpur, Biswanath, Barpeta, Chirang, Golaghat Jorhat, Sonitpur, Darrang, Nalbari, Bongaigaon, Morigaon, Nagaon, Majuli, Baksa, Kokrajhar, Dhubri, South Salmara, Goalpara, Kamrup, Hojai, Sivsagar, Tinsukia, Cachar, KarbiAnglrng, West Karbi-Anglong, Hailakandi, Dibrugarh districts (Assam); Maharashtra, Kerala, Rajasthan, West Bengal, Karnataka, Uttarakand, Himachal Pradesh, Punjab, Uttar Pradesh, Odisha",,1900.0,3000000.0,,historical_india,,
515,,Flood,Flood (General),,,"West Bengal, Kerala, Odisha, Maharashtra",,32.0,17500.0,,historical_india,,
516,,Flood,Flood (General),,,"Belagavi, Gadag, Koppal districts (Karnataka); Kerala, Tamil Nadu states",,12.0,27500.0,,historical_india,,
517,,Storm,Tropical cyclone,,,"South Assam, Meghalaya, Tripura, Mizoram, West Begal, Odisha state",,12.0,130000.0,,historical_india,,
518,,Flood,Flood (General),,,"Coimbatore, Cuddalore, Nagapattinam, Thoothukkudi Districts (Tamil Nadu); Pudducherry",,27.0,25000.0,,historical_india,,
519,,Storm,Blizzard/Winter storm,,,Jammu & Kashmir state,,11.0,,,historical_india,,
520,,Flood,Flood (General),,,Uttar Pradesh State,,29.0,,,historical_india,,
521,,Flood,Flood (General),,,"Lakhimpur, Sontipur, Darrang, Goalpara (Assam state); Sikkim state",,1.0,30002.0,,historical_india,,
522,,Storm,Tropical cyclone,,,"Balasore (Baleshwar) , Bhadrak, Kendrapada and Jagatsinghpur (Odisha); East Midunapur, West Midhunapur, North24 Parganas, South24 Parganas, Nadia, Howrah, Kolkata and Hoogli (West Bengal)",,90.0,18000000.0,,historical_india,,
523,,Storm,Tropical cyclone,,,"Raigad, Pune Districts (Maharashtra State)",,6.0,7500.0,,historical_india,,
524,,Flood,Flood (General),,,Jammu region,,,5000.0,,historical_india,,
525,,Flood,Flood (General),,,"Assam, Bihar, Gujarat, Chhattisgarh, Kerala, Karnataka, Madhya Pradesh, Odisha, Uttar Pradesh, West Bengal, Arunachal Pradesh, Maharashtraa.",,1922.0,1300000.0,,historical_india,,
526,,Flood,Flood (General),,,"Hyderabad, Telangana, Andhra Pradesh, Karnataka, South Odisha states ",,152.0,150000.0,,historical_india,,
527,,Storm,Tropical cyclone,,,Tamil Nadu and Puducherry,,14.0,,,historical_india,,
528,,Earthquake,Ground movement,26.781,92.457,"Kamrup and Nagaon (Sonitpur District, northern Assam State)",,2.0,3010.0,,historical_india,,
529,,Storm,Tropical cyclone,,,"Kerala, Karnataka, Goa, Maharashtra, Gujarat, Rajasthan, Delhi, Haryana, Uttar Pradesh and Uttarakhand",,198.0,700153.0,,historical_india,,
530,,Storm,Tropical cyclone,,,"Bengale occidental, Odisha",,19.0,1625000.0,,historical_india,,
531,,Flood,Flood (General),,,"Bihar, Uttar Pradesh, Gujarat, Kerala, Karnataka, Uttarakhand, Maharashtra, Chhattisgarh, West Bengal, and Tripura states",,59.0,1000.0,,historical_india,,
532,,Flood,Flood (General),,,"Bongaigaon, Dhemaji and Dibrugarh districts (Assam state)",,,7587.0,,historical_india,,
533,,Flood,Flood (General),,,"Pune, Raigada, Satara and Ratnagiri (Maharasthra); Goa, Karnataka, Jharkhand, Bengale, Himachal Pradesh, Uttarakand states",,1282.0,375000.0,,historical_india,,
534,,Flood,Flash flood,,,"Himachal Pradesh, Union Territories of Jammu and Kashmir and Ladakh",,37.0,122.0,,historical_india,,
535,,Flood,Flood (General),,,"Rajkot, Jamnagar, Porbandar, Valsad, Junagadh districts (Gujarat state)",,7.0,850000.0,,historical_india,,
536,,Storm,Tropical cyclone,,,"Srikakulam, Vizianagaram, Visakhapatnam, Kalingapatnam , Nizamabad, Hyderabad districts (Andhra Pradesh); Koraput, Malkangiri districts (Odisha); Aurangabad, Latur, Osmanabad, Parbhani, Nanded, Beed, Jalna, Hingoli districts (Maharashtra)",,20.0,,,historical_india,,
537,,Storm,Tropical cyclone,,,"Koraput and Malkangiri (Odisha); Srikakulam, Vizianagaram, Visakhapatnam districts (Andhra Pradesh); Telengana, Maharashtra, Gujarta",,7.0,179000.0,,historical_india,,
538,,Flood,Flood (General),,,"Idukki, Kottayam, Pathanamthitta, Kollam, Achankovil, Thiruvananthapuram(Kerala state)",,39.0,3950.0,,historical_india,,
539,,Flood,Flood (General),,,Nainital (Uttarakhand state),,57.0,1402.0,,historical_india,,
540,,Flood,Flood (General),,,Tamil Nadu,,14.0,11000.0,,historical_india,,
541,,Flood,Flood (General),,,"Chittoor, Kadapa, Anantapur, Nellore districts (Andhra Pradesh)",,62.0,74500.0,,historical_india,,
542,,Storm,Tropical cyclone,,,"Andhra Pradesh, Odisha, south-western West Bengal, Tripura",,5.0,2050.0,,historical_india,,
543,,Storm,Severe weather,,,Assam State,,20.0,95000.0,,historical_india,,
544,,Flood,Flood (General),,,"Itanagar distrci (Arunchal Pradesh); Dima Hasao, Cachar, Udalguri District (Assam); East Khasi Hills, Ri-Bhoi Districts (Meghalaya); Nagaland; Bihar; Himachal Pradesh; Madhya Pradesh; Gujarat; Maharasthra ",,2035.0,1301260.0,,historical_india,,
545,,Flood,Flood (General),,,"Himachal Pradesh, Uttarakhand and Jharkhand States",,63.0,800000.0,,historical_india,,
546,,Flood,Flood (General),,,Uttar Pradesh,,,,,historical_india,,
547,,Storm,Tropical cyclone,,,Tamil Nadu,,,,,historical_india,,
548,,Storm,Severe weather,,,"Khandwa, Sagar, Satna, Raisen, Narmadapura, Dhar, Ratlam, Ashok Nagar and Damoh (Madhya Pradesh State)",,16.0,14.0,,historical_india,,
549,,Storm,Tropical cyclone,,,"Mizoram, Tripura, and Manipur states",,,1000.0,,historical_india,,
550,,Flood,Flood (General),,,"Nalbari, Baksa, Lakhimpur, Bajali, Barpet distrcits (Assam);Sikkim",,,500000.0,,historical_india,,
551,,Storm,Tropical cyclone,,,"Barmer, Jalore, Sirohi, Pali, and Rajmasand (Rajasthan); Gujarat ",,7.0,10000.0,,historical_india,,
552,,Flood,Flash flood,,,"Mandi, Solan and Hamirpur districts (Himachal Pradesh); Uttarakhand, Punjab, NewDelhi, Haryana",,62.0,5.0,,historical_india,,
553,,Flood,Flood (General),,,"Himachal Pradesh, Uttarakhand, Delhi, Bihar, Madyah Pradesh, Maharashtra, Chhattisgarh, Gujarat, Punjab, Karnataka, Assam",,1529.0,10250000.0,,historical_india,,
554,,Flood,Flood (General),,,Mulugu District (western Telangana),,23.0,,,historical_india,,
555,,Storm,Lightning/Thunderstorms,,,"Khurda, Balangir, Angul, Boudh, Dhenkanal, Gajapati, Jagatsinghpur, and Puri (Odisha State)",,12.0,1074.0,,historical_india,,
556,,Storm,Tropical cyclone,,," Andra Pradesh, Telangana, Tamil Nadu States ",,20.0,4390000.0,,historical_india,,
557,,Storm,Severe weather,,,Gujarat state,,24.0,25.0,,historical_india,,
558,,Flood,Flood (General),,,"Thoothukudi, Tirunelveli, Kanniyakumari and Tenkasi Districts (Tamil Nadu state)",,10.0,,,historical_india,,
559,,Storm,Severe weather,,,"Unakoti, Sepahijala, Dhalai, South, West, Khowai and Gomati Districts (Tripura state); Una District (Himachal Pradesh State)",,4.0,22932.0,,historical_india,,
560,,Storm,Hail,,,"Bishnupur, Imphal West, Imphal East, Thoubal, Kakching, Tengnoupal, Kangpokpi, Noney, and Churachandpur districts (Manipur state)",,1.0,77000.0,,historical_india,,
561,,Storm,Tropical cyclone,,,"Aizawl (Mizoram state); Bengal, Assam, Nagaland, Meghalaya states; West Bengal, Telangana",,51.0,2109643.0,,historical_india,,
562,,Flood,Flash flood,,,Assam and Meghalaya states,,48.0,2100000.0,,historical_india,,
563,,Flood,Flood (General),,," Pratapgarh, Sultanpur, Chandauli, Mainpuri, Prayagraj, Auraiya, Deoria, Hathras, Varanasi and Siddharthnagar districts (Uttar Pradesh); Assam",,125.0,1000020.0,,historical_india,,
564,,Flood,Flood (General),,,"Mandi, Kullu, Shimla districts (Himachal Pradesh)",,46.0,,,historical_india,,
565,,Flood,Flash flood,,,Tripura state,,11.0,34000.0,,historical_india,,
2000088N08090,,Cyclone,Tropical Cyclone,12.444,88.87200000000001,"12.4440, 88.8720",,,,,cyclone_tracks,,
2000236N17084,,Cyclone,Tropical Cyclone,17.025,82.075,"17.0250, 82.0750",,,,,cyclone_tracks,,
2000289N15089,,Cyclone,Tropical Cyclone,14.34,84.66571428571429,"14.3400, 84.6657",,,,,cyclone_tracks,,
2000299N13093,,Cyclone,Tropical Cyclone,18.916666666666668,90.01,"18.9167, 90.0100",,,,,cyclone_tracks,,
2000331N09092,,Cyclone,Tropical Cyclone,10.83,73.85125000000001,"10.8300, 73.8513",,,,,cyclone_tracks,,
2000358N08086,,Cyclone,Tropical Cyclone,8.366666666666667,81.36874999999999,"8.3667, 81.3687",,,,,cyclone_tracks,,
2001141N14068,,Cyclone,Tropical Cyclone,17.37313432835821,68.8641791044776,"17.3731, 68.8642",,,,,cyclone_tracks,,
2001163N20087,,Cyclone,Tropical Cyclone,20.466666666666665,85.94166666666666,"20.4667, 85.9417",,,,,cyclone_tracks,,
2001267N17070,,Cyclone,Tropical Cyclone,17.94054054054054,66.1,"17.9405, 66.1000",,,,,cyclone_tracks,,
2001281N18071,,Cyclone,Tropical Cyclone,18.709756097560977,67.54634146341463,"18.7098, 67.5463",,,,,cyclone_tracks,,
2001288N13084,,Cyclone,Tropical Cyclone,13.915789473684208,81.03684210526316,"13.9158, 81.0368",,,,,cyclone_tracks,,
2001313N12084,,Cyclone,Tropical Cyclone,14.62962962962963,83.27777777777777,"14.6296, 83.2778",,,,,cyclone_tracks,,
2001361N01106,,Cyclone,Tropical Cyclone,3.1076923076923078,95.95897435897436,"3.1077, 95.9590",,,,,cyclone_tracks,,
2002126N09068,,Cyclone,Tropical Cyclone,13.37560975609756,60.800000000000004,"13.3756, 60.8000",,,,,cyclone_tracks,,
2002129N08096,,Cyclone,Tropical Cyclone,12.692592592592591,95.74444444444444,"12.6926, 95.7444",,,,,cyclone_tracks,,
2002295N14082,,Cyclone,Tropical Cyclone,13.9,81.5,"13.9000, 81.5000",,,,,cyclone_tracks,,
2002314N12083,,Cyclone,Tropical Cyclone,15.579166666666666,84.58333333333333,"15.5792, 84.5833",,,,,cyclone_tracks,,
2002327N10089,,Cyclone,Tropical Cyclone,14.957446808510639,88.98936170212765,"14.9574, 88.9894",,,,,cyclone_tracks,,
2002355N04077,,Cyclone,Tropical Cyclone,4.889473684210526,81.70263157894736,"4.8895, 81.7026",,,,,cyclone_tracks,,
2003129N05091,,Cyclone,Tropical Cyclone,12.118478260869566,88.44673913043479,"12.1185, 88.4467",,,,,cyclone_tracks,,
2003206N21089,,Cyclone,Tropical Cyclone,22.316,82.76,"22.3160, 82.7600",,,,,cyclone_tracks,,
2003240N21089,,Cyclone,Tropical Cyclone,20.833333333333332,86.5,"20.8333, 86.5000",,,,,cyclone_tracks,,
2003279N17084,,Cyclone,Tropical Cyclone,20.310714285714287,84.05714285714285,"20.3107, 84.0571",,,,,cyclone_tracks,,
2003295N09101,,Cyclone,Tropical Cyclone,12.603508771929825,95.79649122807017,"12.6035, 95.7965",,,,,cyclone_tracks,,
2003315N09067,,Cyclone,Tropical Cyclone,5.850793650793651,56.98571428571429,"5.8508, 56.9857",,,,,cyclone_tracks,,
2003345N05092,,Cyclone,Tropical Cyclone,10.795348837209302,85.53720930232558,"10.7953, 85.5372",,,,,cyclone_tracks,,
2004125N11074,,Cyclone,Tropical Cyclone,13.221153846153847,72.54230769230769,"13.2212, 72.5423",,,,,cyclone_tracks,,
2004136N15090,,Cyclone,Tropical Cyclone,17.990243902439026,91.03414634146341,"17.9902, 91.0341",,,,,cyclone_tracks,,
2004162N18068,,Cyclone,Tropical Cyclone,17.86,65.968,"17.8600, 65.9680",,,,,cyclone_tracks,,
2004163N15090,,Cyclone,Tropical Cyclone,18.488888888888887,86.47777777777777,"18.4889, 86.4778",,,,,cyclone_tracks,,
2004256N23089,,Cyclone,Tropical Cyclone,22.728571428571428,88.10714285714286,"22.7286, 88.1071",,,,,cyclone_tracks,,
2004274N16069,,Cyclone,Tropical Cyclone,19.946835443037973,68.0886075949367,"19.9468, 68.0886",,,,,cyclone_tracks,,
2004276N12087,,Cyclone,Tropical Cyclone,14.411764705882353,84.67647058823529,"14.4118, 84.6765",,,,,cyclone_tracks,,
2004281N23087,,Cyclone,Tropical Cyclone,23.444444444444443,88.44444444444444,"23.4444, 88.4444",,,,,cyclone_tracks,,
2004307N09068,,Cyclone,Tropical Cyclone,13.357894736842105,63.24035087719298,"13.3579, 63.2404",,,,,cyclone_tracks,,
2004319N10134,,Cyclone,Tropical Cyclone,12.176470588235293,117.57450980392157,"12.1765, 117.5745",,,,,cyclone_tracks,,
2004332N02072,,Cyclone,Tropical Cyclone,5.034328358208955,59.43134328358209,"5.0343, 59.4313",,,,,cyclone_tracks,,
2005007N04085,,Cyclone,Tropical Cyclone,4.893103448275863,83.76206896551724,"4.8931, 83.7621",,,,,cyclone_tracks,,
2005012N04090,,Cyclone,Tropical Cyclone,5.138297872340425,87.34468085106383,"5.1383, 87.3447",,,,,cyclone_tracks,,
2005172N22069,,Cyclone,Tropical Cyclone,21.95,67.94166666666666,"21.9500, 67.9417",,,,,cyclone_tracks,,
2005179N22088,,Cyclone,Tropical Cyclone,24.170769230769228,82.29384615384616,"24.1708, 82.2938",,,,,cyclone_tracks,,
2005210N21088,,Cyclone,Tropical Cyclone,21.53,86.295,"21.5300, 86.2950",,,,,cyclone_tracks,,
2005255N20088,,Cyclone,Tropical Cyclone,23.50277777777778,80.94166666666666,"23.5028, 80.9417",,,,,cyclone_tracks,,
2005257N15120,,Cyclone,Tropical Cyclone,15.141666666666667,112.64999999999999,"15.1417, 112.6500",,,,,cyclone_tracks,,
2005257N20069,,Cyclone,Tropical Cyclone,20.78,67.97999999999999,"20.7800, 67.9800",,,,,cyclone_tracks,,
2005260N20091,,Cyclone,Tropical Cyclone,19.466666666666665,84.16666666666667,"19.4667, 84.1667",,,,,cyclone_tracks,,
2005262N13127,,Cyclone,Tropical Cyclone,18.77567567567568,115.0054054054054,"18.7757, 115.0054",,,,,cyclone_tracks,,
2005274N17086,,Cyclone,Tropical Cyclone,19.647058823529413,86.74705882352941,"19.6471, 86.7471",,,,,cyclone_tracks,,
2005298N12088,,Cyclone,Tropical Cyclone,13.473529411764707,82.93823529411765,"13.4735, 82.9382",,,,,cyclone_tracks,,
2005324N08085,,Cyclone,Tropical Cyclone,8.552631578947368,82.42105263157895,"8.5526, 82.4211",,,,,cyclone_tracks,,
2005330N09096,,Cyclone,Tropical Cyclone,11.744444444444444,85.98253968253968,"11.7444, 85.9825",,,,,cyclone_tracks,,
2005338N09093,,Cyclone,Tropical Cyclone,9.97536231884058,83.9623188405797,"9.9754, 83.9623",,,,,cyclone_tracks,,
2005349N06090,,Cyclone,Tropical Cyclone,10.830666666666666,85.29466666666667,"10.8307, 85.2947",,,,,cyclone_tracks,,
2006012N03081,,Cyclone,Tropical Cyclone,7.057627118644067,69.08474576271186,"7.0576, 69.0847",,,,,cyclone_tracks,,
2006114N08090,,Cyclone,Tropical Cyclone,12.744444444444444,91.22444444444446,"12.7444, 91.2244",,,,,cyclone_tracks,,
2006182N20088,,Cyclone,Tropical Cyclone,20.84054054054054,84.60810810810811,"20.8405, 84.6081",,,,,cyclone_tracks,,
2006214N20088,,Cyclone,Tropical Cyclone,20.192592592592593,83.48888888888888,"20.1926, 83.4889",,,,,cyclone_tracks,,
2006224N21088,,Cyclone,Tropical Cyclone,21.5,86.0625,"21.5000, 86.0625",,,,,cyclone_tracks,,
2006228N21088,,Cyclone,Tropical Cyclone,21.789473684210527,82.94736842105263,"21.7895, 82.9474",,,,,cyclone_tracks,,
2006241N20088,,Cyclone,Tropical Cyclone,22.826923076923077,80.9423076923077,"22.8269, 80.9423",,,,,cyclone_tracks,,
2006247N21089,,Cyclone,Tropical Cyclone,21.25,86.125,"21.2500, 86.1250",,,,,cyclone_tracks,,
2006262N19069,,Cyclone,Tropical Cyclone,19.91186440677966,66.79322033898305,"19.9119, 66.7932",,,,,cyclone_tracks,,
2006264N23087,,Cyclone,Tropical Cyclone,23.354166666666668,85.97916666666667,"23.3542, 85.9792",,,,,cyclone_tracks,,
2006271N18089,,Cyclone,Tropical Cyclone,18.68235294117647,86.23529411764706,"18.6824, 86.2353",,,,,cyclone_tracks,,
2006300N07078,,Cyclone,Tropical Cyclone,12.844444444444445,79.90370370370371,"12.8444, 79.9037",,,,,cyclone_tracks,,
2006329N06150,,Cyclone,Tropical Cyclone,11.00625,113.0375,"11.0062, 113.0375",,,,,cyclone_tracks,,
2007133N15091,,Cyclone,Tropical Cyclone,17.76111111111111,91.36666666666666,"17.7611, 91.3667",,,,,cyclone_tracks,,
2007151N14072,,Cyclone,Tropical Cyclone,19.160317460317458,64.4047619047619,"19.1603, 64.4048",,,,,cyclone_tracks,,
2007172N15088,,Cyclone,Tropical Cyclone,20.921818181818182,73.08909090909091,"20.9218, 73.0891",,,,,cyclone_tracks,,
2007178N18089,,Cyclone,Tropical Cyclone,19.25185185185185,85.6,"19.2519, 85.6000",,,,,cyclone_tracks,,
2007300N11068,,Cyclone,Tropical Cyclone,11.24,66.748,"11.2400, 66.7480",,,,,cyclone_tracks,,
2007314N10093,,Cyclone,Tropical Cyclone,13.9375,90.54166666666667,"13.9375, 90.5417",,,,,cyclone_tracks,,
2008117N11090,,Cyclone,Tropical Cyclone,14.24927536231884,89.48695652173913,"14.2493, 89.4870",,,,,cyclone_tracks,,
2008157N16066,,Cyclone,Tropical Cyclone,18.6875,63.28125,"18.6875, 63.2812",,,,,cyclone_tracks,,
2008168N22090,,Cyclone,Tropical Cyclone,22.75294117647059,88.5529411764706,"22.7529, 88.5529",,,,,cyclone_tracks,,
2008223N20086,,Cyclone,Tropical Cyclone,21.125,85.6375,"21.1250, 85.6375",,,,,cyclone_tracks,,
2008259N20089,,Cyclone,Tropical Cyclone,21.75588235294118,84.82941176470588,"21.7559, 84.8294",,,,,cyclone_tracks,,
2008293N09060,,Cyclone,Tropical Cyclone,11.788888888888888,54.27777777777778,"11.7889, 54.2778",,,,,cyclone_tracks,,
2008298N16085,,Cyclone,Tropical Cyclone,18.504,87.59200000000001,"18.5040, 87.5920",,,,,cyclone_tracks,,
2008317N11089,,Cyclone,Tropical Cyclone,12.94864864864865,84.6054054054054,"12.9486, 84.6054",,,,,cyclone_tracks,,
2008329N09082,,Cyclone,Tropical Cyclone,10.364516129032259,80.0516129032258,"10.3645, 80.0516",,,,,cyclone_tracks,,
2008338N06092,,Cyclone,Tropical Cyclone,7.250909090909091,84.32909090909092,"7.2509, 84.3291",,,,,cyclone_tracks,,
2009104N13088,,Cyclone,Tropical Cyclone,16.94242424242424,87.98787878787878,"16.9424, 87.9879",,,,,cyclone_tracks,,
2009143N17089,,Cyclone,Tropical Cyclone,19.78965517241379,88.43448275862069,"19.7897, 88.4345",,,,,cyclone_tracks,,
2009174N18072,,Cyclone,Tropical Cyclone,20.188888888888886,71.14444444444445,"20.1889, 71.1444",,,,,cyclone_tracks,,
2009176N23069,,Cyclone,Tropical Cyclone,22.7,68.5,"22.7000, 68.5000",,,,,cyclone_tracks,,
2009201N21089,,Cyclone,Tropical Cyclone,21.45,86.74,"21.4500, 86.7400",,,,,cyclone_tracks,,
2009247N19089,,Cyclone,Tropical Cyclone,22.066666666666666,86.74,"22.0667, 86.7400",,,,,cyclone_tracks,,
2009313N11072,,Cyclone,Tropical Cyclone,14.825,71.775,"14.8250, 71.7750",,,,,cyclone_tracks,,
2009344N06085,,Cyclone,Tropical Cyclone,8.68157894736842,83.34210526315789,"8.6816, 83.3421",,,,,cyclone_tracks,,
2010136N09057,,Cyclone,Tropical Cyclone,10.972881355932204,54.28983050847457,"10.9729, 54.2898",,,,,cyclone_tracks,,
2010137N10090,,Cyclone,Tropical Cyclone,13.795121951219512,83.50487804878048,"13.7951, 83.5049",,,,,cyclone_tracks,,
2010151N14065,,Cyclone,Tropical Cyclone,20.025396825396825,62.67301587301588,"20.0254, 62.6730",,,,,cyclone_tracks,,
2010280N17085,,Cyclone,Tropical Cyclone,20.392857142857142,87.18571428571428,"20.3929, 87.1857",,,,,cyclone_tracks,,
2010286N18090,,Cyclone,Tropical Cyclone,18.37391304347826,87.35217391304347,"18.3739, 87.3522",,,,,cyclone_tracks,,
2010293N17093,,Cyclone,Tropical Cyclone,19.08108108108108,93.3891891891892,"19.0811, 93.3892",,,,,cyclone_tracks,,
2010305N06105,,Cyclone,Tropical Cyclone,9.368333333333334,90.9,"9.3683, 90.9000",,,,,cyclone_tracks,,
2010341N14082,,Cyclone,Tropical Cyclone,15.1,81.275,"15.1000, 81.2750",,,,,cyclone_tracks,,
2011033N06083,,Cyclone,Tropical Cyclone,6.5,82.5,"6.5000, 82.5000",,,,,cyclone_tracks,,
2011160N18070,,Cyclone,Tropical Cyclone,19.437037037037037,71.08518518518518,"19.4370, 71.0852",,,,,cyclone_tracks,,
2011167N22089,,Cyclone,Tropical Cyclone,23.45740740740741,84.79629629629629,"23.4574, 84.7963",,,,,cyclone_tracks,,
2011203N24085,,Cyclone,Tropical Cyclone,24.025,82.5875,"24.0250, 82.5875",,,,,cyclone_tracks,,
2011265N21088,,Cyclone,Tropical Cyclone,21.97,86.95,"21.9700, 86.9500",,,,,cyclone_tracks,,
2011290N15090,,Cyclone,Tropical Cyclone,18.692,90.164,"18.6920, 90.1640",,,,,cyclone_tracks,,
2011302N13062,,Cyclone,Tropical Cyclone,15.547368421052632,56.473684210526315,"15.5474, 56.4737",,,,,cyclone_tracks,,
2011310N11066,,Cyclone,Tropical Cyclone,13.837209302325581,59.89302325581396,"13.8372, 59.8930",,,,,cyclone_tracks,,
2011330N06078,,Cyclone,Tropical Cyclone,13.625531914893617,69.30425531914894,"13.6255, 69.3043",,,,,cyclone_tracks,,
2011360N09088,,Cyclone,Tropical Cyclone,11.512195121951219,84.69999999999999,"11.5122, 84.7000",,,,,cyclone_tracks,,
2012285N21091,,Cyclone,Tropical Cyclone,22.05,91.14999999999999,"22.0500, 91.1500",,,,,cyclone_tracks,,
2012297N11067,,Cyclone,Tropical Cyclone,10.507142857142856,57.32142857142857,"10.5071, 57.3214",,,,,cyclone_tracks,,
2012301N11087,,Cyclone,Tropical Cyclone,10.773333333333333,82.28,"10.7733, 82.2800",,,,,cyclone_tracks,,
2012321N14090,,Cyclone,Tropical Cyclone,14.577966101694916,85.40338983050847,"14.5780, 85.4034",,,,,cyclone_tracks,,
2012357N09064,,Cyclone,Tropical Cyclone,8.095652173913043,56.62173913043478,"8.0957, 56.6217",,,,,cyclone_tracks,,
2013130N04093,,Cyclone,Tropical Cyclone,12.617543859649123,88.7877192982456,"12.6175, 88.7877",,,,,cyclone_tracks,,
2013149N21090,,Cyclone,Tropical Cyclone,22.594736842105263,87.84210526315789,"22.5947, 87.8421",,,,,cyclone_tracks,,
2013211N21088,,Cyclone,Tropical Cyclone,21.85,83.58125,"21.8500, 83.5812",,,,,cyclone_tracks,,
2013232N22088,,Cyclone,Tropical Cyclone,22.844,83.92,"22.8440, 83.9200",,,,,cyclone_tracks,,
2013281N12098,,Cyclone,Tropical Cyclone,16.494545454545456,89.3890909090909,"16.4945, 89.3891",,,,,cyclone_tracks,,
2013305N07141,,Cyclone,Tropical Cyclone,11.048427672955976,94.76540880503146,"11.0484, 94.7654",,,,,cyclone_tracks,,
2013310N06066,,Cyclone,Tropical Cyclone,8.03061224489796,55.06530612244897,"8.0306, 55.0653",,,,,cyclone_tracks,,
2013322N13090,,Cyclone,Tropical Cyclone,15.427906976744186,83.89302325581396,"15.4279, 83.8930",,,,,cyclone_tracks,,
2013324N07103,,Cyclone,Tropical Cyclone,10.373333333333333,93.364,"10.3733, 93.3640",,,,,cyclone_tracks,,
2013339N09084,,Cyclone,Tropical Cyclone,12.126984126984127,83.85555555555555,"12.1270, 83.8556",,,,,cyclone_tracks,,
2014003N08086,,Cyclone,Tropical Cyclone,8.457446808510639,81.59148936170213,"8.4574, 81.5915",,,,,cyclone_tracks,,
2014141N16091,,Cyclone,Tropical Cyclone,16.75,91.48125,"16.7500, 91.4813",,,,,cyclone_tracks,,
2014159N12068,,Cyclone,Tropical Cyclone,17.24705882352941,66.36470588235294,"17.2471, 66.3647",,,,,cyclone_tracks,,
2014202N22087,,Cyclone,Tropical Cyclone,22.450000000000003,82.08888888888889,"22.4500, 82.0889",,,,,cyclone_tracks,,
2014216N21089,,Cyclone,Tropical Cyclone,23.375862068965517,83.33448275862068,"23.3759, 83.3345",,,,,cyclone_tracks,,
2014279N11096,,Cyclone,Tropical Cyclone,15.757575757575758,87.63939393939394,"15.7576, 87.6394",,,,,cyclone_tracks,,
2014297N11062,,Cyclone,Tropical Cyclone,16.453424657534246,62.745205479452046,"16.4534, 62.7452",,,,,cyclone_tracks,,
2014309N13088,,Cyclone,Tropical Cyclone,13.9,86.39714285714285,"13.9000, 86.3971",,,,,cyclone_tracks,,
2015157N13069,,Cyclone,Tropical Cyclone,18.851020408163265,64.33469387755102,"18.8510, 64.3347",,,,,cyclone_tracks,,
2015171N18086,,Cyclone,Tropical Cyclone,19.585714285714285,85.12142857142858,"19.5857, 85.1214",,,,,cyclone_tracks,,
2015173N20067,,Cyclone,Tropical Cyclone,21.55,70.68636363636364,"21.5500, 70.6864",,,,,cyclone_tracks,,
2015191N23085,,Cyclone,Tropical Cyclone,25.152631578947368,80.78947368421052,"25.1526, 80.7895",,,,,cyclone_tracks,,
2015207N22091,,Cyclone,Tropical Cyclone,22.325,90.04333333333334,"22.3250, 90.0433",,,,,cyclone_tracks,,
2015209N26072,,Cyclone,Tropical Cyclone,26.466666666666665,72.38095238095238,"26.4667, 72.3810",,,,,cyclone_tracks,,
2015216N23081,,Cyclone,Tropical Cyclone,22.7,78.81666666666666,"22.7000, 78.8167",,,,,cyclone_tracks,,
2015259N20084,,Cyclone,Tropical Cyclone,20.491666666666667,78.83749999999999,"20.4917, 78.8375",,,,,cyclone_tracks,,
2015280N13071,,Cyclone,Tropical Cyclone,14.268292682926829,70.27317073170731,"14.2683, 70.2732",,,,,cyclone_tracks,,
2015301N11065,,Cyclone,Tropical Cyclone,13.49016393442623,57.52622950819672,"13.4902, 57.5262",,,,,cyclone_tracks,,
2015309N14067,,Cyclone,Tropical Cyclone,13.093877551020409,57.03877551020408,"13.0939, 57.0388",,,,,cyclone_tracks,,
2015312N11084,,Cyclone,Tropical Cyclone,11.623529411764705,80.95882352941176,"11.6235, 80.9588",,,,,cyclone_tracks,,
2016138N10081,,Cyclone,Tropical Cyclone,16.839024390243903,84.85365853658537,"16.8390, 84.8537",,,,,cyclone_tracks,,
2016178N22068,,Cyclone,Tropical Cyclone,21.38695652173913,64.40434782608695,"21.3870, 64.4043",,,,,cyclone_tracks,,
2016222N22089,,Cyclone,Tropical Cyclone,23.517857142857142,87.15357142857144,"23.5179, 87.1536",,,,,cyclone_tracks,,
2016230N21089,,Cyclone,Tropical Cyclone,23.6,83.06857142857143,"23.6000, 83.0686",,,,,cyclone_tracks,,
2016295N13089,,Cyclone,Tropical Cyclone,15.429850746268656,88.45671641791046,"15.4299, 88.4567",,,,,cyclone_tracks,,
2016308N13088,,Cyclone,Tropical Cyclone,16.796666666666667,87.05333333333333,"16.7967, 87.0533",,,,,cyclone_tracks,,
2016335N07088,,Cyclone,Tropical Cyclone,9.7,82.85652173913044,"9.7000, 82.8565",,,,,cyclone_tracks,,
2016341N08092,,Cyclone,Tropical Cyclone,11.575728155339805,77.30291262135923,"11.5757, 77.3029",,,,,cyclone_tracks,,
2017104N08085,,Cyclone,Tropical Cyclone,14.175999999999998,90.208,"14.1760, 90.2080",,,,,cyclone_tracks,,
2017147N14087,,Cyclone,Tropical Cyclone,17.96206896551724,90.85517241379311,"17.9621, 90.8552",,,,,cyclone_tracks,,
2017163N20090,,Cyclone,Tropical Cyclone,22.772727272727273,90.51818181818182,"22.7727, 90.5182",,,,,cyclone_tracks,,
2017199N19086,,Cyclone,Tropical Cyclone,19.677777777777777,85.46666666666667,"19.6778, 85.4667",,,,,cyclone_tracks,,
2017207N24085,,Cyclone,Tropical Cyclone,24.0,85.0,"24.0000, 85.0000",,,,,cyclone_tracks,,
2017232N19130,,Cyclone,Tropical Cyclone,21.3,116.82608695652173,"21.3000, 116.8261",,,,,cyclone_tracks,,
2017282N22088,,Cyclone,Tropical Cyclone,22.981818181818184,87.73636363636363,"22.9818, 87.7364",,,,,cyclone_tracks,,
2017292N17087,,Cyclone,Tropical Cyclone,17.8,86.42,"17.8000, 86.4200",,,,,cyclone_tracks,,
2017307N07102,,Cyclone,Tropical Cyclone,7.651219512195122,101.33658536585367,"7.6512, 101.3366",,,,,cyclone_tracks,,
2017319N15083,,Cyclone,Tropical Cyclone,17.41176470588235,84.38235294117646,"17.4118, 84.3824",,,,,cyclone_tracks,,
2017333N06082,,Cyclone,Tropical Cyclone,11.121052631578946,73.06491228070175,"11.1211, 73.0649",,,,,cyclone_tracks,,
2017340N09089,,Cyclone,Tropical Cyclone,15.2,87.46176470588235,"15.2000, 87.4618",,,,,cyclone_tracks,,
2018072N05076,,Cyclone,Tropical Cyclone,7.207142857142857,74.25714285714285,"7.2071, 74.2571",,,,,cyclone_tracks,,
2018136N11054,,Cyclone,Tropical Cyclone,11.77027027027027,47.105405405405406,"11.7703, 47.1054",,,,,cyclone_tracks,,
2018141N08059,,Cyclone,Tropical Cyclone,13.67142857142857,55.28163265306123,"13.6714, 55.2816",,,,,cyclone_tracks,,
2018148N17090,,Cyclone,Tropical Cyclone,18.616666666666667,92.4388888888889,"18.6167, 92.4389",,,,,cyclone_tracks,,
2018161N22092,,Cyclone,Tropical Cyclone,22.68,91.42,"22.6800, 91.4200",,,,,cyclone_tracks,,
2018202N21088,,Cyclone,Tropical Cyclone,22.44375,86.2125,"22.4438, 86.2125",,,,,cyclone_tracks,,
2018219N21088,,Cyclone,Tropical Cyclone,21.583333333333332,86.13333333333333,"21.5833, 86.1333",,,,,cyclone_tracks,,
2018227N20086,,Cyclone,Tropical Cyclone,20.66875,81.425,"20.6687, 81.4250",,,,,cyclone_tracks,,
2018249N22088,,Cyclone,Tropical Cyclone,21.95,86.22999999999999,"21.9500, 86.2300",,,,,cyclone_tracks,,
2018263N17089,,Cyclone,Tropical Cyclone,19.645454545454545,83.11818181818181,"19.6455, 83.1182",,,,,cyclone_tracks,,
2018279N11069,,Cyclone,Tropical Cyclone,13.632,59.328,"13.6320, 59.3280",,,,,cyclone_tracks,,
2018281N14088,,Cyclone,Tropical Cyclone,17.515,86.0,"17.5150, 86.0000",,,,,cyclone_tracks,,
2018314N12093,,Cyclone,Tropical Cyclone,11.761842105263158,80.6078947368421,"11.7618, 80.6079",,,,,cyclone_tracks,,
2018347N07089,,Cyclone,Tropical Cyclone,10.828205128205129,85.27692307692308,"10.8282, 85.2769",,,,,cyclone_tracks,,
2018365N08115,,Cyclone,Tropical Cyclone,9.120408163265306,101.24081632653062,"9.1204, 101.2408",,,,,cyclone_tracks,,
2019116N02090,,Cyclone,Tropical Cyclone,12.163380281690142,87.0718309859155,"12.1634, 87.0718",,,,,cyclone_tracks,,
2019160N11073,,Cyclone,Tropical Cyclone,18.23116883116883,68.98701298701299,"18.2312, 68.9870",,,,,cyclone_tracks,,
2019218N21088,,Cyclone,Tropical Cyclone,22.200000000000003,84.13846153846154,"22.2000, 84.1385",,,,,cyclone_tracks,,
2019264N19071,,Cyclone,Tropical Cyclone,19.653333333333332,62.61555555555555,"19.6533, 62.6156",,,,,cyclone_tracks,,
2019273N23070,,Cyclone,Tropical Cyclone,23.430769230769233,71.47692307692309,"23.4308, 71.4769",,,,,cyclone_tracks,,
2019296N15066,,Cyclone,Tropical Cyclone,16.410752688172042,64.05591397849462,"16.4108, 64.0559",,,,,cyclone_tracks,,
2019301N05081,,Cyclone,Tropical Cyclone,15.887387387387387,70.26666666666667,"15.8874, 70.2667",,,,,cyclone_tracks,,
2019302N11118,,Cyclone,Tropical Cyclone,15.40625,95.15625,"15.4062, 95.1562",,,,,cyclone_tracks,,
2019335N05058,,Cyclone,Tropical Cyclone,7.082456140350877,55.08421052631579,"7.0825, 55.0842",,,,,cyclone_tracks,,
2019337N11072,,Cyclone,Tropical Cyclone,14.290322580645162,68.54516129032258,"14.2903, 68.5452",,,,,cyclone_tracks,,
2019342N09062,,Cyclone,Tropical Cyclone,10.313333333333333,59.06666666666667,"10.3133, 59.0667",,,,,cyclone_tracks,,
2020136N10088,,Cyclone,Tropical Cyclone,15.401960784313726,87.13921568627451,"15.4020, 87.1392",,,,,cyclone_tracks,,
2020150N17054,,Cyclone,Tropical Cyclone,17.145,53.855,"17.1450, 53.8550",,,,,cyclone_tracks,,
2020153N13072,,Cyclone,Tropical Cyclone,16.541379310344826,72.56896551724138,"16.5414, 72.5690",,,,,cyclone_tracks,,
2020285N15087,,Cyclone,Tropical Cyclone,16.474074074074075,82.88888888888889,"16.4741, 82.8889",,,,,cyclone_tracks,,
2020291N18069,,Cyclone,Tropical Cyclone,17.8,66.37857142857142,"17.8000, 66.3786",,,,,cyclone_tracks,,
2020296N19087,,Cyclone,Tropical Cyclone,21.107142857142858,88.18571428571428,"21.1071, 88.1857",,,,,cyclone_tracks,,
2020326N11063,,Cyclone,Tropical Cyclone,10.996969696969696,52.92424242424242,"10.9970, 52.9242",,,,,cyclone_tracks,,
2020327N08086,,Cyclone,Tropical Cyclone,11.13720930232558,82.24418604651163,"11.1372, 82.2442",,,,,cyclone_tracks,,
2020335N06090,,Cyclone,Tropical Cyclone,8.406382978723405,83.04893617021277,"8.4064, 83.0489",,,,,cyclone_tracks,,
2020353N06129,,Cyclone,Tropical Cyclone,8.616216216216216,112.21621621621621,"8.6162, 112.2162",,,,,cyclone_tracks,,
2021092N11096,,Cyclone,Tropical Cyclone,11.97,96.91,"11.9700, 96.9100",,,,,cyclone_tracks,,
2021133N10071,,Cyclone,Tropical Cyclone,16.622448979591837,72.2530612244898,"16.6224, 72.2531",,,,,cyclone_tracks,,
2021143N15090,,Cyclone,Tropical Cyclone,19.42820512820513,87.8974358974359,"19.4282, 87.8974",,,,,cyclone_tracks,,
2021256N20087,,Cyclone,Tropical Cyclone,21.54736842105263,84.92631578947368,"21.5474, 84.9263",,,,,cyclone_tracks,,
2021264N13119,,Cyclone,Tropical Cyclone,14.092,110.11200000000001,"14.0920, 110.1120",,,,,cyclone_tracks,,
2021267N18094,,Cyclone,Tropical Cyclone,21.094117647058823,74.35411764705883,"21.0941, 74.3541",,,,,cyclone_tracks,,
2021280N14068,,Cyclone,Tropical Cyclone,14.464285714285714,66.56428571428572,"14.4643, 66.5643",,,,,cyclone_tracks,,
2021312N07090,,Cyclone,Tropical Cyclone,10.220689655172412,84.99310344827587,"10.2207, 84.9931",,,,,cyclone_tracks,,
2021322N11082,,Cyclone,Tropical Cyclone,11.911111111111111,80.8111111111111,"11.9111, 80.8111",,,,,cyclone_tracks,,
2021335N08096,,Cyclone,Tropical Cyclone,14.328888888888887,88.16888888888889,"14.3289, 88.1689",,,,,cyclone_tracks,,
2022062N06085,,Cyclone,Tropical Cyclone,9.893548387096773,82.90322580645162,"9.8935, 82.9032",,,,,cyclone_tracks,,
2022079N10093,,Cyclone,Tropical Cyclone,13.668,93.82,"13.6680, 93.8200",,,,,cyclone_tracks,,
2022126N07095,,Cyclone,Tropical Cyclone,12.742857142857142,86.22063492063492,"12.7429, 86.2206",,,,,cyclone_tracks,,
2022140N16097,,Cyclone,Tropical Cyclone,16.883333333333333,97.66666666666667,"16.8833, 97.6667",,,,,cyclone_tracks,,
2022197N22069,,Cyclone,Tropical Cyclone,22.692857142857143,68.16428571428571,"22.6929, 68.1643",,,,,cyclone_tracks,,
2022221N21086,,Cyclone,Tropical Cyclone,21.116666666666667,84.48333333333333,"21.1167, 84.4833",,,,,cyclone_tracks,,
2022224N22067,,Cyclone,Tropical Cyclone,22.105,65.44,"22.1050, 65.4400",,,,,cyclone_tracks,,
2022226N22088,,Cyclone,Tropical Cyclone,22.961111111111112,81.87222222222222,"22.9611, 81.8722",,,,,cyclone_tracks,,
2022230N18095,,Cyclone,Tropical Cyclone,22.297777777777778,85.06222222222223,"22.2978, 85.0622",,,,,cyclone_tracks,,
2022254N20085,,Cyclone,Tropical Cyclone,20.01111111111111,82.27777777777777,"20.0111, 82.2778",,,,,cyclone_tracks,,
2022295N13093,,Cyclone,Tropical Cyclone,17.055555555555557,90.02222222222223,"17.0556, 90.0222",,,,,cyclone_tracks,,
2022324N10086,,Cyclone,Tropical Cyclone,11.794117647058824,83.7,"11.7941, 83.7000",,,,,cyclone_tracks,,
2022338N05100,,Cyclone,Tropical Cyclone,9.173584905660377,87.49245283018868,"9.1736, 87.4925",,,,,cyclone_tracks,,
2022347N12074,,Cyclone,Tropical Cyclone,13.39056603773585,65.48113207547169,"13.3906, 65.4811",,,,,cyclone_tracks,,
2022356N09085,,Cyclone,Tropical Cyclone,9.899999999999999,83.96538461538461,"9.9000, 83.9654",,,,,cyclone_tracks,,
2023030N08087,,Cyclone,Tropical Cyclone,7.964285714285714,83.34642857142856,"7.9643, 83.3464",,,,,cyclone_tracks,,
2023129N08091,,Cyclone,Tropical Cyclone,13.650980392156864,89.97450980392156,"13.6510, 89.9745",,,,,cyclone_tracks,,
2023156N10067,,Cyclone,Tropical Cyclone,18.846017699115045,68.07256637168142,"18.8460, 68.0726",,,,,cyclone_tracks,,
2023160N20092,,Cyclone,Tropical Cyclone,20.186666666666667,91.63333333333334,"20.1867, 91.6333",,,,,cyclone_tracks,,
2023212N19090,,Cyclone,Tropical Cyclone,21.270967741935483,88.63225806451612,"21.2710, 88.6323",,,,,cyclone_tracks,,
2023273N16073,,Cyclone,Tropical Cyclone,16.6125,73.35,"16.6125, 73.3500",,,,,cyclone_tracks,,
2023292N11063,,Cyclone,Tropical Cyclone,12.29767441860465,56.77906976744186,"12.2977, 56.7791",,,,,cyclone_tracks,,
2023293N12089,,Cyclone,Tropical Cyclone,16.934146341463414,88.17073170731707,"16.9341, 88.1707",,,,,cyclone_tracks,,
2023317N10094,,Cyclone,Tropical Cyclone,16.464102564102564,89.05897435897437,"16.4641, 89.0590",,,,,cyclone_tracks,,
2023334N08088,,Cyclone,Tropical Cyclone,12.20204081632653,82.8530612244898,"12.2020, 82.8531",,,,,cyclone_tracks,,
2024145N14087,,Cyclone,Tropical Cyclone,19.64,89.35499999999999,"19.6400, 89.3550",,,,,cyclone_tracks,,
2024201N19086,,Cyclone,Tropical Cyclone,19.45,85.67999999999999,"19.4500, 85.6800",,,,,cyclone_tracks,,
2024216N24085,,Cyclone,Tropical Cyclone,25.55185185185185,79.82962962962964,"25.5519, 79.8296",,,,,cyclone_tracks,,
2024238N25077,,Cyclone,Tropical Cyclone,23.098666666666666,67.90666666666667,"23.0987, 67.9067",,,,,cyclone_tracks,,
2024244N18085,,Cyclone,Tropical Cyclone,18.663157894736845,82.3,"18.6632, 82.3000",,,,,cyclone_tracks,,
2024252N18087,,Cyclone,Tropical Cyclone,19.878947368421052,85.39999999999999,"19.8789, 85.4000",,,,,cyclone_tracks,,
2024255N24080,,Cyclone,Tropical Cyclone,26.45625,79.1,"26.4563, 79.1000",,,,,cyclone_tracks,,
2024258N22091,,Cyclone,Tropical Cyclone,22.97714285714286,86.58571428571429,"22.9771, 86.5857",,,,,cyclone_tracks,,
2024288N16065,,Cyclone,Tropical Cyclone,16.317647058823532,62.38823529411764,"16.3176, 62.3882",,,,,cyclone_tracks,,
2024290N11084,,Cyclone,Tropical Cyclone,12.336363636363636,82.89090909090909,"12.3364, 82.8909",,,,,cyclone_tracks,,
2024295N15092,,Cyclone,Tropical Cyclone,17.953846153846154,89.1076923076923,"17.9538, 89.1077",,,,,cyclone_tracks,,
2024329N04089,,Cyclone,Tropical Cyclone,9.597701149425287,80.65057471264369,"9.5977, 80.6506",,,,,cyclone_tracks,,
2024356N14084,,Cyclone,Tropical Cyclone,13.9,84.0,"13.9000, 84.0000",,,,,cyclone_tracks,,
2025144N17073,,Cyclone,Tropical Cyclone,17.142857142857142,73.94285714285715,"17.1429, 73.9429",,,,,cyclone_tracks,,
2025149N21088,,Cyclone,Tropical Cyclone,22.827272727272728,88.97272727272728,"22.8273, 88.9727",,,,,cyclone_tracks,,
2025195N23089,,Cyclone,Tropical Cyclone,23.442857142857143,88.02857142857144,"23.4429, 88.0286",,,,,cyclone_tracks,,
2025196N27075,,Cyclone,Tropical Cyclone,28.483333333333334,74.23333333333333,"28.4833, 74.2333",,,,,cyclone_tracks,,
2025198N25082,,Cyclone,Tropical Cyclone,26.569565217391304,77.48695652173913,"26.5696, 77.4870",,,,,cyclone_tracks,,
2025206N21090,,Cyclone,Tropical Cyclone,22.80666666666667,85.24666666666667,"22.8067, 85.2467",,,,,cyclone_tracks,,
2025231N19085,,Cyclone,Tropical Cyclone,19.3,84.55714285714285,"19.3000, 84.5571",,,,,cyclone_tracks,,
2025233N15126,,Cyclone,Tropical Cyclone,17.829166666666666,111.21666666666665,"17.8292, 111.2167",,,,,cyclone_tracks,,
2025250N25073,,Cyclone,Tropical Cyclone,24.96969696969697,68.78181818181818,"24.9697, 68.7818",,,,,cyclone_tracks,,
2025266N11137,,Cyclone,Tropical Cyclone,15.36176470588235,116.45,"15.3618, 116.4500",,,,,cyclone_tracks,,
2025270N19086,,Cyclone,Tropical Cyclone,19.63076923076923,82.63846153846154,"19.6308, 82.6385",,,,,cyclone_tracks,,
2025274N16087,,Cyclone,Tropical Cyclone,18.41764705882353,85.10588235294118,"18.4176, 85.1059",,,,,cyclone_tracks,,
2025275N22068,,Cyclone,Tropical Cyclone,20.79574468085106,63.95744680851064,"20.7957, 63.9574",,,,,cyclone_tracks,,
2025295N09068,,Cyclone,Tropical Cyclone,15.568354430379747,68.35949367088607,"15.5684, 68.3595",,,,,cyclone_tracks,,
2025298N11089,,Cyclone,Tropical Cyclone,13.756410256410257,84.5,"13.7564, 84.5000",,,,,cyclone_tracks,,
2025329N05100,,Cyclone,Tropical Cyclone,4.583333333333333,102.46666666666667,"4.5833, 102.4667",,,,,cyclone_tracks,,
2025331N06083,,Cyclone,Tropical Cyclone,10.248979591836735,81.00816326530612,"10.2490, 81.0082",,,,,cyclone_tracks,,
